customer_id,age,gender,item_purchased,category,purchase_amount,location,size,color,season,review_rating,subscription_status,shipping_type,discount_applied,promo_code_used,previous_purchases,payment_method,frequency_of_purchases,review_imputed,purchases_per_year,dataset_block,spend_x_frequency,high_value_flag,low_value_flag,high_repeat_flag,low_repeat_flag,promo_dependency_score,promo_flag,satisfaction_flag,high_satisfaction,low_satisfaction,age_band,loyalty_score_A,loyalty_score_B,loyalty_tier_A,loyalty_tier_B,premium_shipping,digital_payment,category_code,segment_code,segment_label
1,55,Male,Blouse,Clothing,53.0,Kentucky,L,Gray,Winter,3.1,1,Express,1,1,14,Venmo,Fortnightly,0,26,promo_block,1378.0,0,0,0,0,1.0,1,0,0,0,Senior (50-70),0.500140856342537,0.2467015306122449,High,Low,1,1,1,S2,Promo-Dependent Buyers
2,19,Male,Sweater,Clothing,64.0,Maine,L,Maroon,Winter,3.1,1,Express,1,1,2,Cash,Fortnightly,0,26,promo_block,1664.0,0,0,0,1,1.0,1,0,0,0,Teen (18-24),0.426671468587435,0.2336020408163265,Medium,Low,1,0,1,S0,General Buyers
3,50,Male,Jeans,Clothing,73.0,Massachusetts,S,Maroon,Spring,3.1,1,Free Shipping,1,1,23,Credit Card,Weekly,0,52,promo_block,3796.0,0,0,0,0,1.0,1,0,0,0,Senior (50-70),0.6826938775510205,0.3801198979591836,High,Low,0,1,1,S0,General Buyers
4,21,Male,Sandals,Footwear,90.0,Rhode Island,M,Maroon,Spring,3.5,1,Next Day Air,1,1,49,Paypal,Weekly,0,52,promo_block,4680.0,1,0,1,0,1.0,1,0,0,0,Teen (18-24),0.8738775510204082,0.6111479591836735,High,High,1,1,2,S4,Promo-Habituated Spenders
5,45,Male,Blouse,Clothing,49.0,Oregon,M,Turquoise,Spring,2.7,1,Free Shipping,1,1,31,Paypal,Annually,0,1,promo_block,49.0,0,0,0,0,1.0,1,0,0,1,Mid-Age (35-49),0.4496734693877551,0.2919362244897959,Medium,Low,0,1,1,S0,General Buyers
6,46,Male,Sneakers,Footwear,20.0,Wyoming,M,White,Summer,2.9,1,Standard,1,1,14,Venmo,Weekly,0,52,promo_block,1040.0,0,1,0,0,1.0,1,0,0,1,Mid-Age (35-49),0.611591836734694,0.0903265306122449,High,Low,0,1,2,S2,Promo-Dependent Buyers
7,63,Male,Shirt,Clothing,85.0,Montana,M,Gray,Fall,3.2,1,Free Shipping,1,1,49,Cash,Quarterly,0,4,promo_block,340.0,1,0,1,0,1.0,1,0,0,0,Senior (50-70),0.6145834333733493,0.5712729591836735,High,Medium,0,0,1,S4,Promo-Habituated Spenders
8,27,Male,Shorts,Clothing,34.0,Louisiana,L,Charcoal,Winter,3.2,1,Free Shipping,1,1,19,Credit Card,Weekly,0,52,promo_block,1768.0,0,1,0,0,1.0,1,0,0,0,Young Adult (25-34),0.6662040816326531,0.1950867346938775,High,Low,0,1,1,S2,Promo-Dependent Buyers
9,26,Male,Coat,Outerwear,97.0,West Virginia,L,Silver,Summer,2.6,1,Express,1,1,8,Venmo,Annually,0,1,promo_block,97.0,1,0,0,1,1.0,1,0,0,1,Young Adult (25-34),0.3008571428571429,0.3785892857142857,Low,Low,1,1,3,S4,Promo-Habituated Spenders
10,57,Male,Handbag,Accessories,31.0,Missouri,M,Pink,Spring,4.8,1,2-Day Shipping,1,1,4,Cash,Quarterly,0,4,promo_block,124.0,0,1,0,1,1.0,1,1,1,0,Senior (50-70),0.4670732292917167,0.2014311224489796,High,Low,1,0,0,S2,Promo-Dependent Buyers
11,53,Male,Shoes,Footwear,34.0,Arkansas,L,Purple,Fall,4.1,1,Store Pickup,1,1,26,Bank Transfer,Bi-Weekly,0,26,promo_block,884.0,0,1,0,0,1.0,1,1,0,0,Senior (50-70),0.653610244097639,0.2848010204081632,High,Low,0,0,2,S0,General Buyers
12,30,Male,Shorts,Clothing,68.0,Hawaii,S,Olive,Winter,4.9,1,Store Pickup,1,1,10,Bank Transfer,Fortnightly,0,26,promo_block,1768.0,0,0,0,1,1.0,1,1,1,0,Young Adult (25-34),0.6196510604241697,0.3999183673469388,High,Low,0,0,1,S0,General Buyers
13,61,Male,Coat,Outerwear,72.0,Delaware,M,Gold,Winter,4.5,1,Express,1,1,37,Venmo,Fortnightly,0,26,promo_block,1872.0,0,0,0,0,1.0,1,1,1,0,Senior (50-70),0.7529571828731493,0.5311734693877551,High,Medium,1,1,3,S0,General Buyers
14,65,Male,Dress,Clothing,51.0,New Hampshire,M,Violet,Spring,4.7,1,Express,1,1,31,Paypal,Weekly,0,52,promo_block,2652.0,0,0,0,0,1.0,1,1,1,0,Senior (50-70),0.8596734693877551,0.4206862244897959,High,Low,1,1,1,S0,General Buyers
15,64,Male,Coat,Outerwear,53.0,New York,L,Teal,Winter,4.7,1,Free Shipping,1,1,34,Debit Card,Weekly,0,52,promo_block,2756.0,0,0,0,0,1.0,1,1,1,0,Senior (50-70),0.8780408163265306,0.4447423469387754,High,Medium,0,1,3,S0,General Buyers
16,64,Male,Skirt,Clothing,81.0,Rhode Island,M,Teal,Winter,2.8,1,Store Pickup,1,1,8,Paypal,Monthly,0,12,promo_block,972.0,1,0,0,1,1.0,1,0,0,1,Senior (50-70),0.3707787114845938,0.3205892857142857,Medium,Low,0,1,1,S4,Promo-Habituated Spenders
17,25,Male,Sunglasses,Accessories,36.0,Alabama,S,Gray,Spring,4.1,1,Next Day Air,1,1,44,Debit Card,Bi-Weekly,0,26,promo_block,936.0,0,1,1,0,1.0,1,1,0,0,Young Adult (25-34),0.7638143257302922,0.3853877551020407,High,Low,1,1,0,S0,General Buyers
18,53,Male,Dress,Clothing,38.0,Mississippi,Xl,Lavender,Winter,4.7,1,2-Day Shipping,1,1,36,Venmo,Quarterly,0,4,promo_block,152.0,0,1,0,0,1.0,1,1,1,0,Senior (50-70),0.6549915966386555,0.3893214285714286,High,Low,1,1,1,S0,General Buyers
19,52,Male,Sweater,Clothing,48.0,Montana,S,Black,Summer,4.6,1,Free Shipping,1,1,17,Cash,Weekly,0,52,promo_block,2496.0,0,0,0,0,1.0,1,1,1,0,Senior (50-70),0.7659591836734694,0.3301326530612244,High,Low,0,0,1,S2,Promo-Dependent Buyers
20,66,Male,Pants,Clothing,90.0,Rhode Island,M,Green,Summer,3.3,1,Standard,1,1,46,Debit Card,Bi-Weekly,0,26,promo_block,2340.0,1,0,1,0,1.0,1,0,0,0,Senior (50-70),0.7120592236894757,0.5838418367346939,High,Medium,0,1,1,S4,Promo-Habituated Spenders
21,21,Male,Pants,Clothing,51.0,Louisiana,M,Black,Winter,2.8,1,Express,1,1,50,Cash,Every 3 Months,0,4,promo_block,204.0,0,0,1,0,1.0,1,0,0,1,Teen (18-24),0.5887058823529412,0.403625,High,Low,1,0,1,S0,General Buyers
22,31,Male,Pants,Clothing,62.0,North Carolina,M,Charcoal,Winter,4.1,1,Store Pickup,1,1,22,Debit Card,Quarterly,0,4,promo_block,248.0,0,0,0,0,1.0,1,1,0,0,Young Adult (25-34),0.5212773109243697,0.3868928571428571,High,Low,0,1,1,S0,General Buyers
23,56,Male,Pants,Clothing,37.0,California,M,Peach,Summer,3.2,1,Store Pickup,1,1,32,Debit Card,Annually,0,1,promo_block,37.0,0,1,0,0,1.0,1,0,0,0,Senior (50-70),0.4957959183673469,0.2745382653061224,High,Low,0,1,1,S0,General Buyers
24,31,Male,Pants,Clothing,88.0,Oklahoma,Xl,White,Winter,4.4,1,Express,1,1,40,Credit Card,Weekly,0,52,promo_block,4576.0,1,0,1,0,1.0,1,1,0,0,Young Adult (25-34),0.8907755102040816,0.6104795918367347,High,High,1,1,1,S4,Promo-Habituated Spenders
25,18,Male,Jacket,Outerwear,22.0,Florida,M,Green,Fall,2.9,1,Store Pickup,1,1,16,Debit Card,Weekly,0,52,promo_block,1144.0,0,1,0,0,1.0,1,0,0,1,Teen (18-24),0.6238367346938776,0.1092806122448979,High,Low,0,1,3,S2,Promo-Dependent Buyers
26,18,Male,Hoodie,Clothing,25.0,Texas,M,Silver,Summer,3.6,1,Express,1,1,14,Paypal,Annually,0,1,promo_block,25.0,0,1,0,0,1.0,1,0,0,0,Teen (18-24),0.4175918367346939,0.1542015306122449,Medium,Low,1,1,1,S2,Promo-Dependent Buyers
27,38,Male,Jewelry,Accessories,20.0,Nevada,M,Red,Spring,3.6,1,Next Day Air,1,1,13,Credit Card,Annually,0,1,promo_block,20.0,0,1,0,1,1.0,1,0,0,0,Mid-Age (35-49),0.411469387755102,0.1272244897959183,Medium,Low,1,1,0,S2,Promo-Dependent Buyers
28,56,Male,Shorts,Clothing,56.0,Kentucky,L,Cyan,Summer,5.0,1,Next Day Air,1,1,7,Bank Transfer,Every 3 Months,0,4,promo_block,224.0,0,0,0,1,1.0,1,1,1,0,Senior (50-70),0.5014405762304922,0.3381122448979592,High,Low,1,0,1,S2,Promo-Dependent Buyers
29,54,Male,Handbag,Accessories,94.0,North Carolina,M,Gray,Fall,4.4,1,Free Shipping,1,1,41,Paypal,Every 3 Months,0,4,promo_block,376.0,1,0,1,0,1.0,1,1,0,0,Senior (50-70),0.6616038415366147,0.6418316326530612,High,High,0,1,0,S4,Promo-Habituated Spenders
30,31,Male,Dress,Clothing,48.0,Wyoming,S,Black,Fall,4.1,1,Store Pickup,1,1,14,Credit Card,Weekly,0,52,promo_block,2496.0,0,0,0,0,1.0,1,1,0,0,Young Adult (25-34),0.707591836734694,0.2848265306122449,High,Low,0,1,1,S2,Promo-Dependent Buyers
31,57,Male,Jewelry,Accessories,31.0,North Carolina,L,Black,Winter,4.7,1,Standard,1,1,16,Credit Card,Monthly,0,12,promo_block,372.0,0,1,0,0,1.0,1,1,1,0,Senior (50-70),0.5717583033213286,0.2566556122448979,High,Low,0,1,0,S2,Promo-Dependent Buyers
32,33,Male,Dress,Clothing,79.0,West Virginia,L,Brown,Winter,4.7,1,Store Pickup,1,1,45,Venmo,Monthly,0,12,promo_block,948.0,0,0,1,0,1.0,1,1,1,0,Young Adult (25-34),0.7493093237294919,0.6146147959183673,High,High,0,1,1,S0,General Buyers
33,36,Male,Jacket,Outerwear,67.0,Kansas,M,Silver,Summer,4.9,1,Free Shipping,1,1,37,Venmo,Annually,0,1,promo_block,67.0,0,0,0,0,1.0,1,1,1,0,Mid-Age (35-49),0.6624081632653062,0.5332984693877552,High,Medium,0,1,3,S0,General Buyers
34,54,Male,Pants,Clothing,38.0,Colorado,L,Green,Summer,3.3,1,Store Pickup,1,1,45,Cash,Quarterly,0,4,promo_block,152.0,0,1,1,0,1.0,1,0,0,0,Senior (50-70),0.5980936374549819,0.3512397959183673,High,Low,0,0,1,S0,General Buyers
35,36,Male,T-Shirt,Clothing,91.0,North Dakota,L,Violet,Spring,4.6,1,2-Day Shipping,1,1,38,Paypal,Quarterly,0,4,promo_block,364.0,1,0,1,0,1.0,1,1,1,0,Mid-Age (35-49),0.6592364945978391,0.6254005102040816,High,High,1,1,1,S4,Promo-Habituated Spenders
36,54,Male,Blouse,Clothing,33.0,Massachusetts,M,Cyan,Summer,4.0,1,2-Day Shipping,1,1,48,Credit Card,Bi-Weekly,0,26,promo_block,858.0,0,1,1,0,1.0,1,1,0,0,Senior (50-70),0.7803041216486594,0.3866709183673469,High,Low,1,1,1,S0,General Buyers
37,35,Male,T-Shirt,Clothing,69.0,Illinois,M,Maroon,Winter,4.6,1,Free Shipping,1,1,44,Paypal,Fortnightly,0,26,promo_block,1794.0,0,0,1,0,1.0,1,1,1,0,Mid-Age (35-49),0.8038143257302921,0.5597627551020408,High,Medium,0,1,1,S0,General Buyers
38,35,Male,Jeans,Clothing,45.0,Indiana,S,Cyan,Summer,2.8,1,Store Pickup,1,1,10,Paypal,Weekly,0,52,promo_block,2340.0,0,0,0,1,1.0,1,0,0,1,Mid-Age (35-49),0.5791020408163265,0.1732933673469387,High,Low,0,1,1,S2,Promo-Dependent Buyers
39,29,Male,Dress,Clothing,37.0,Florida,M,Red,Winter,3.8,1,2-Day Shipping,1,1,44,Venmo,Every 3 Months,1,4,promo_block,148.0,0,1,1,0,1.0,1,0,0,0,Young Adult (25-34),0.6319711884753901,0.3717627551020408,High,Low,1,1,1,S0,General Buyers
40,70,Male,Pants,Clothing,60.0,Arizona,S,Turquoise,Summer,4.2,1,Express,1,1,18,Credit Card,Monthly,0,12,promo_block,720.0,0,0,0,0,1.0,1,1,0,0,Senior (50-70),0.5440032012805123,0.363734693877551,High,Low,1,1,1,S0,General Buyers
41,69,Male,Handbag,Accessories,76.0,Louisiana,L,Beige,Winter,4.6,1,Next Day Air,1,1,31,Debit Card,Quarterly,0,4,promo_block,304.0,0,0,0,0,1.0,1,1,1,0,Senior (50-70),0.6163793517406962,0.5240612244897959,High,Medium,1,1,0,S0,General Buyers
42,67,Male,Scarf,Accessories,39.0,Alaska,M,Orange,Spring,4.5,1,Standard,1,1,40,Venmo,Annually,0,1,promo_block,39.0,0,1,1,0,1.0,1,1,1,0,Senior (50-70),0.6487755102040816,0.4021045918367347,High,Low,0,1,0,S0,General Buyers
43,20,Male,Coat,Outerwear,100.0,Tennessee,M,Beige,Spring,4.1,1,Free Shipping,1,1,15,Paypal,Annually,0,1,promo_block,100.0,1,0,0,0,1.0,1,1,0,0,Teen (18-24),0.4637142857142856,0.5174285714285713,High,Medium,0,1,3,S4,Promo-Habituated Spenders
44,25,Male,Scarf,Accessories,69.0,Ohio,L,Lavender,Fall,3.7,1,Store Pickup,1,1,19,Paypal,Fortnightly,0,26,promo_block,1794.0,0,0,0,0,1.0,1,0,0,0,Young Adult (25-34),0.5787531012404963,0.3782117346938776,High,Low,0,1,0,S0,General Buyers
45,39,Male,Hat,Accessories,53.0,Kentucky,S,Silver,Summer,4.6,1,Free Shipping,1,1,45,Paypal,Weekly,0,52,promo_block,2756.0,0,0,1,0,1.0,1,1,1,0,Mid-Age (35-49),0.9373877551020408,0.4948647959183673,High,Medium,0,1,0,S0,General Buyers
46,50,Male,Socks,Clothing,21.0,Tennessee,Xl,Indigo,Fall,2.9,1,2-Day Shipping,1,1,25,Paypal,Annually,0,1,promo_block,21.0,0,1,0,0,1.0,1,0,0,1,Senior (50-70),0.428938775510204,0.1508239795918367,Medium,Low,1,1,1,S0,General Buyers
47,57,Male,Shirt,Clothing,43.0,California,L,White,Summer,2.9,1,Store Pickup,1,1,45,Cash,Quarterly,0,4,promo_block,172.0,0,0,1,0,1.0,1,0,0,1,Senior (50-70),0.566093637454982,0.3491147959183673,High,Low,0,0,1,S0,General Buyers
48,55,Male,Jewelry,Accessories,54.0,Montana,M,Charcoal,Winter,4.5,1,Free Shipping,1,1,36,Cash,Weekly,0,52,promo_block,2808.0,0,0,0,0,1.0,1,1,1,0,Senior (50-70),0.8742857142857143,0.4473214285714285,High,Medium,0,0,0,S0,General Buyers
49,42,Male,Shirt,Clothing,55.0,Nevada,M,Orange,Summer,2.7,1,Store Pickup,1,1,38,Cash,Monthly,0,12,promo_block,660.0,0,0,1,0,1.0,1,0,0,1,Mid-Age (35-49),0.5464521808723489,0.3539005102040816,High,Low,0,0,1,S0,General Buyers
50,68,Male,Hoodie,Clothing,30.0,New Jersey,S,Indigo,Spring,4.6,1,Next Day Air,1,1,34,Debit Card,Bi-Weekly,0,26,promo_block,780.0,0,1,0,0,1.0,1,1,1,0,Senior (50-70),0.7425898359343737,0.3381173469387755,High,Low,1,1,1,S0,General Buyers
51,49,Male,Blouse,Clothing,28.0,Maryland,M,Red,Spring,3.8,1,Store Pickup,1,1,39,Debit Card,Bi-Weekly,1,26,promo_block,728.0,0,1,1,0,1.0,1,0,0,0,Mid-Age (35-49),0.7092020808323329,0.3068775510204081,High,Low,0,1,1,S0,General Buyers
52,59,Male,Skirt,Clothing,59.0,Vermont,Xl,Gray,Winter,4.7,1,2-Day Shipping,1,1,7,Credit Card,Quarterly,0,4,promo_block,236.0,0,0,0,1,1.0,1,1,1,0,Senior (50-70),0.4774405762304922,0.3332372448979592,High,Low,1,1,1,S2,Promo-Dependent Buyers
53,42,Male,T-Shirt,Clothing,20.0,Alaska,M,Green,Summer,2.6,1,Free Shipping,1,1,26,Credit Card,Weekly,0,52,promo_block,1040.0,0,1,0,0,1.0,1,0,0,1,Mid-Age (35-49),0.661061224489796,0.1335510204081632,High,Low,0,1,1,S0,General Buyers
54,29,Male,Skirt,Clothing,24.0,Mississippi,S,Peach,Winter,3.9,1,Next Day Air,1,1,35,Credit Card,Weekly,0,52,promo_block,1248.0,0,1,0,0,1.0,1,0,0,0,Young Adult (25-34),0.8201632653061225,0.274969387755102,High,Low,1,1,1,S0,General Buyers
55,47,Male,Coat,Outerwear,94.0,New Mexico,M,Brown,Summer,4.2,1,Next Day Air,1,1,35,Debit Card,Bi-Weekly,0,26,promo_block,2444.0,1,0,0,0,1.0,1,1,0,0,Mid-Age (35-49),0.7167122849139655,0.599219387755102,High,High,1,1,3,S4,Promo-Habituated Spenders
56,40,Male,Jacket,Outerwear,28.0,South Carolina,M,Lavender,Winter,3.0,1,2-Day Shipping,1,1,49,Credit Card,Annually,0,1,promo_block,28.0,0,1,1,0,1.0,1,0,0,0,Mid-Age (35-49),0.5838775510204082,0.3098979591836734,High,Low,1,1,3,S0,General Buyers
57,41,Male,Backpack,Accessories,73.0,Mississippi,Xl,Brown,Summer,4.7,1,Store Pickup,1,1,46,Credit Card,Weekly,0,52,promo_block,3796.0,0,0,1,0,1.0,1,1,1,0,Mid-Age (35-49),0.9515102040816328,0.5934668367346938,High,Medium,0,1,0,S0,General Buyers
58,21,Male,Coat,Outerwear,64.0,West Virginia,M,White,Summer,4.4,1,Store Pickup,1,1,17,Debit Card,Fortnightly,0,26,promo_block,1664.0,0,0,0,0,1.0,1,1,0,0,Teen (18-24),0.6225082032813125,0.3881326530612244,High,Low,0,1,3,S0,General Buyers
59,69,Male,Hoodie,Clothing,54.0,Missouri,M,Charcoal,Summer,4.2,1,Free Shipping,1,1,29,Venmo,Monthly,0,12,promo_block,648.0,0,0,0,0,1.0,1,1,0,0,Senior (50-70),0.6113501400560224,0.3936071428571428,High,Low,0,1,1,S0,General Buyers
60,63,Male,Belt,Accessories,79.0,Louisiana,L,Yellow,Spring,4.6,1,Standard,1,1,4,Debit Card,Weekly,0,52,promo_block,4108.0,0,0,0,1,1.0,1,1,1,0,Senior (50-70),0.6863673469387754,0.3994311224489796,High,Low,0,1,0,S0,General Buyers
61,50,Male,Sweater,Clothing,37.0,Idaho,L,Brown,Summer,4.0,1,Express,1,1,17,Cash,Weekly,0,52,promo_block,1924.0,0,1,0,0,1.0,1,1,0,0,Senior (50-70),0.7179591836734694,0.2460076530612245,High,Low,1,0,1,S2,Promo-Dependent Buyers
62,55,Male,Scarf,Accessories,68.0,Texas,M,Orange,Winter,4.7,1,Store Pickup,1,1,21,Credit Card,Every 3 Months,0,4,promo_block,272.0,0,0,0,0,1.0,1,1,1,0,Senior (50-70),0.5631548619447779,0.4440408163265306,High,Medium,0,1,0,S0,General Buyers
63,30,Male,Sneakers,Footwear,21.0,Mississippi,S,Magenta,Spring,3.8,1,Free Shipping,1,1,31,Credit Card,Fortnightly,0,26,promo_block,546.0,0,1,0,0,1.0,1,0,0,0,Young Adult (25-34),0.6602224889955982,0.2354362244897959,High,Low,0,1,2,S0,General Buyers
64,33,Male,Sunglasses,Accessories,79.0,Arizona,L,Lavender,Winter,2.7,1,2-Day Shipping,1,1,43,Credit Card,Weekly,0,52,promo_block,4108.0,0,0,1,0,1.0,1,0,0,1,Young Adult (25-34),0.7731428571428571,0.4844107142857142,High,Medium,1,1,0,S0,General Buyers
65,65,Male,Boots,Footwear,83.0,Alabama,S,Green,Fall,4.8,1,Standard,1,1,18,Debit Card,Fortnightly,0,26,promo_block,2158.0,1,0,0,0,1.0,1,1,1,0,Senior (50-70),0.6606306522609044,0.500359693877551,High,Medium,0,1,2,S4,Promo-Habituated Spenders
66,65,Male,Backpack,Accessories,36.0,New Jersey,M,Purple,Spring,4.8,1,2-Day Shipping,1,1,44,Venmo,Every 3 Months,0,4,promo_block,144.0,0,1,1,0,1.0,1,1,1,0,Senior (50-70),0.7119711884753901,0.4273877551020407,High,Low,1,1,0,S0,General Buyers
67,31,Male,Blouse,Clothing,94.0,Pennsylvania,S,Magenta,Winter,4.7,1,2-Day Shipping,1,1,3,Venmo,Every 3 Months,0,4,promo_block,376.0,1,0,0,1,1.0,1,1,1,0,Young Adult (25-34),0.4529507803121249,0.465954081632653,Medium,Medium,1,1,1,S4,Promo-Habituated Spenders
68,45,Male,Coat,Outerwear,33.0,Connecticut,L,Gray,Winter,4.4,1,Store Pickup,1,1,49,Debit Card,Monthly,0,12,promo_block,396.0,0,1,1,0,1.0,1,1,0,0,Mid-Age (35-49),0.7497991196478592,0.4157729591836735,High,Low,0,1,3,S0,General Buyers
69,57,Male,Handbag,Accessories,46.0,Utah,L,Silver,Summer,3.9,1,Next Day Air,1,1,21,Cash,Every 3 Months,0,4,promo_block,184.0,0,0,0,0,1.0,1,0,0,0,Senior (50-70),0.4991548619447779,0.2997908163265306,High,Low,1,0,0,S2,Promo-Dependent Buyers
70,48,Male,Belt,Accessories,70.0,Tennessee,S,Cyan,Summer,4.4,1,Express,1,1,5,Cash,Weekly,0,52,promo_block,3640.0,0,0,0,1,1.0,1,1,0,0,Mid-Age (35-49),0.6764897959183674,0.3531581632653061,High,Low,1,0,0,S0,General Buyers
71,22,Male,Belt,Accessories,29.0,Alabama,M,Magenta,Fall,4.2,1,Express,1,1,32,Debit Card,Every 3 Months,0,4,promo_block,116.0,0,1,0,0,1.0,1,1,0,0,Teen (18-24),0.5905018007202881,0.2995382653061225,High,Low,1,1,0,S0,General Buyers
72,36,Male,Dress,Clothing,48.0,Virginia,L,Gold,Summer,2.9,1,Express,1,1,34,Bank Transfer,Annually,0,1,promo_block,48.0,0,0,0,0,1.0,1,0,0,1,Mid-Age (35-49),0.4840408163265305,0.3148673469387755,High,Low,1,0,1,S0,General Buyers
73,18,Male,Dress,Clothing,26.0,Georgia,M,Olive,Winter,2.9,1,Store Pickup,1,1,21,Bank Transfer,Every 3 Months,0,4,promo_block,104.0,0,1,0,0,1.0,1,0,0,1,Teen (18-24),0.4191548619447779,0.1522908163265306,Medium,Low,0,0,1,S2,Promo-Dependent Buyers
74,48,Male,Pants,Clothing,85.0,Hawaii,M,Teal,Spring,2.7,1,Free Shipping,1,1,43,Bank Transfer,Bi-Weekly,0,26,promo_block,2210.0,1,0,1,0,1.0,1,0,0,1,Mid-Age (35-49),0.6456918767507003,0.5106607142857142,High,Medium,0,0,1,S4,Promo-Habituated Spenders
75,49,Male,Gloves,Accessories,58.0,Indiana,L,Violet,Spring,4.5,1,Express,1,1,3,Cash,Monthly,0,12,promo_block,696.0,0,0,0,1,1.0,1,1,1,0,Mid-Age (35-49),0.4761664665866346,0.2964540816326531,High,Low,1,0,0,S2,Promo-Dependent Buyers
76,64,Male,Scarf,Accessories,85.0,Utah,M,Blue,Summer,2.7,1,Free Shipping,1,1,21,Credit Card,Annually,0,1,promo_block,85.0,1,0,0,0,1.0,1,0,0,1,Senior (50-70),0.3884489795918368,0.3984158163265306,Medium,Low,0,1,0,S4,Promo-Habituated Spenders
77,50,Male,Hat,Accessories,43.0,Delaware,S,Teal,Summer,4.2,1,Free Shipping,1,1,32,Venmo,Monthly,0,12,promo_block,516.0,0,0,0,0,1.0,1,1,0,0,Senior (50-70),0.6297174869947979,0.3607882653061224,High,Low,0,1,0,S0,General Buyers
78,22,Male,Dress,Clothing,53.0,Delaware,L,Gold,Summer,3.3,1,Next Day Air,1,1,36,Debit Card,Fortnightly,0,26,promo_block,1378.0,0,0,0,0,1.0,1,0,0,0,Teen (18-24),0.6508347338935574,0.3709464285714285,High,Low,1,1,1,S0,General Buyers
79,50,Male,Skirt,Clothing,91.0,Nebraska,M,Maroon,Spring,4.7,1,Free Shipping,1,1,50,Venmo,Fortnightly,0,26,promo_block,2366.0,1,0,1,0,1.0,1,1,1,0,Senior (50-70),0.8485490196078432,0.6926249999999999,High,High,0,1,1,S4,Promo-Habituated Spenders
80,38,Male,Jacket,Outerwear,96.0,Iowa,M,Olive,Winter,2.6,1,2-Day Shipping,1,1,43,Bank Transfer,Every 3 Months,0,4,promo_block,384.0,1,0,1,0,1.0,1,0,0,1,Mid-Age (35-49),0.5298487394957982,0.5527857142857142,High,Medium,1,0,3,S4,Promo-Habituated Spenders
81,19,Male,Sandals,Footwear,72.0,New York,Xl,Blue,Summer,3.8,1,Store Pickup,1,1,24,Credit Card,Every 3 Months,1,4,promo_block,288.0,0,0,0,0,1.0,1,0,0,0,Teen (18-24),0.5095222088835534,0.4228469387755101,High,Low,0,1,2,S0,General Buyers
82,67,Male,Shoes,Footwear,96.0,Virginia,L,Maroon,Summer,2.6,1,Express,1,1,36,Credit Card,Every 3 Months,0,4,promo_block,384.0,1,0,0,0,1.0,1,0,0,1,Senior (50-70),0.4869915966386555,0.5170714285714285,High,Medium,1,1,2,S4,Promo-Habituated Spenders
83,19,Male,Pants,Clothing,28.0,Georgia,S,Olive,Spring,4.0,1,2-Day Shipping,1,1,21,Credit Card,Every 3 Months,0,4,promo_block,112.0,0,1,0,0,1.0,1,1,0,0,Teen (18-24),0.5071548619447779,0.2270408163265306,High,Low,1,1,1,S2,Promo-Dependent Buyers
84,36,Male,Dress,Clothing,40.0,Texas,M,Turquoise,Summer,4.1,1,Standard,1,1,34,Bank Transfer,Weekly,0,52,promo_block,2080.0,0,0,0,0,1.0,1,1,0,0,Mid-Age (35-49),0.8300408163265306,0.3518673469387754,High,Low,0,0,1,S0,General Buyers
85,52,Male,Coat,Outerwear,32.0,Arizona,S,Peach,Spring,4.4,1,Standard,1,1,42,Bank Transfer,Every 3 Months,0,4,promo_block,128.0,0,1,1,0,1.0,1,1,0,0,Senior (50-70),0.6677262905162065,0.3756836734693878,High,Low,0,0,3,S0,General Buyers
86,53,Male,Sunglasses,Accessories,95.0,New Mexico,M,Charcoal,Winter,4.5,1,Next Day Air,1,1,2,Debit Card,Bi-Weekly,0,26,promo_block,2470.0,1,0,0,1,1.0,1,1,1,0,Senior (50-70),0.538671468587435,0.4532270408163265,High,Medium,1,1,0,S4,Promo-Habituated Spenders
87,24,Male,Hoodie,Clothing,41.0,Nevada,L,Pink,Spring,3.7,1,2-Day Shipping,1,1,47,Cash,Bi-Weekly,0,26,promo_block,1066.0,0,0,1,0,1.0,1,0,0,0,Teen (18-24),0.7501816726690678,0.3985688775510204,High,Low,1,0,1,S0,General Buyers
88,52,Male,Shoes,Footwear,53.0,Ohio,M,Green,Fall,3.7,1,2-Day Shipping,1,1,44,Debit Card,Fortnightly,0,26,promo_block,1378.0,0,0,1,0,1.0,1,0,0,0,Senior (50-70),0.7318143257302923,0.4357627551020408,High,Medium,1,1,2,S0,General Buyers
89,33,Male,T-Shirt,Clothing,47.0,Wyoming,M,Orange,Fall,3.5,1,Free Shipping,1,1,35,Credit Card,Monthly,0,12,promo_block,564.0,0,0,0,0,1.0,1,0,0,0,Young Adult (25-34),0.5920848339335734,0.351594387755102,High,Low,0,1,1,S0,General Buyers
90,47,Male,Jacket,Outerwear,83.0,California,Xl,Pink,Fall,3.6,1,Next Day Air,1,1,15,Cash,Quarterly,0,4,promo_block,332.0,1,0,0,0,1.0,1,0,0,0,Mid-Age (35-49),0.4384201680672269,0.4130535714285714,Medium,Low,1,0,3,S4,Promo-Habituated Spenders
91,25,Male,Hat,Accessories,48.0,South Carolina,L,Violet,Summer,2.9,1,Express,1,1,29,Credit Card,Monthly,0,12,promo_block,576.0,0,0,0,0,1.0,1,0,0,1,Young Adult (25-34),0.5073501400560224,0.2893571428571428,High,Low,1,1,0,S0,General Buyers
92,44,Male,Scarf,Accessories,99.0,South Carolina,S,Green,Winter,4.6,1,Standard,1,1,18,Credit Card,Every 3 Months,0,4,promo_block,396.0,1,0,0,0,1.0,1,1,1,0,Mid-Age (35-49),0.5367875150060024,0.558359693877551,High,Medium,0,1,0,S4,Promo-Habituated Spenders
93,61,Male,Jacket,Outerwear,87.0,Texas,M,Olive,Winter,4.4,1,2-Day Shipping,1,1,13,Venmo,Every 3 Months,0,4,promo_block,348.0,1,0,0,1,1.0,1,1,0,0,Senior (50-70),0.4901752701080432,0.4683494897959184,High,Medium,1,1,3,S4,Promo-Habituated Spenders
94,37,Male,Sweater,Clothing,62.0,Florida,M,Purple,Fall,4.5,1,Standard,1,1,46,Credit Card,Weekly,0,52,promo_block,3224.0,0,0,1,0,1.0,1,1,1,0,Mid-Age (35-49),0.9355102040816328,0.5333418367346938,High,Medium,0,1,1,S0,General Buyers
95,58,Male,Skirt,Clothing,76.0,Nevada,S,Silver,Spring,4.6,1,Free Shipping,1,1,28,Credit Card,Weekly,0,52,promo_block,3952.0,0,0,0,0,1.0,1,1,1,0,Senior (50-70),0.8333061224489795,0.5087551020408163,High,Medium,0,1,1,S0,General Buyers
96,37,Male,Sneakers,Footwear,100.0,Missouri,L,Pink,Fall,3.8,1,Free Shipping,1,1,48,Paypal,Monthly,0,12,promo_block,1200.0,1,0,1,0,1.0,1,0,0,0,Mid-Age (35-49),0.6956766706682672,0.6677959183673469,High,High,0,1,2,S4,Promo-Habituated Spenders
97,32,Male,Gloves,Accessories,73.0,Delaware,S,Gold,Spring,3.8,1,Express,1,1,43,Venmo,Every 3 Months,1,4,promo_block,292.0,0,0,1,0,1.0,1,0,0,0,Young Adult (25-34),0.6258487394957982,0.5241607142857142,High,Medium,1,1,0,S0,General Buyers
98,21,Male,Shoes,Footwear,92.0,Virginia,M,Teal,Winter,4.8,1,Store Pickup,1,1,37,Cash,Annually,0,1,promo_block,92.0,1,0,0,0,1.0,1,1,1,0,Teen (18-24),0.654408163265306,0.6366734693877552,High,High,0,0,2,S4,Promo-Habituated Spenders
99,20,Male,Jeans,Clothing,67.0,New York,Xl,Teal,Spring,2.6,1,Next Day Air,1,1,20,Bank Transfer,Annually,0,1,promo_block,67.0,0,0,0,0,1.0,1,0,0,1,Teen (18-24),0.3743265306122449,0.3085637755102041,Medium,Low,1,0,1,S0,General Buyers
100,26,Male,Hoodie,Clothing,40.0,Missouri,Xl,Indigo,Summer,3.7,1,Express,1,1,33,Debit Card,Quarterly,0,4,promo_block,160.0,0,0,0,0,1.0,1,0,0,0,Young Adult (25-34),0.55662424969988,0.3227653061224489,High,Low,1,1,1,S0,General Buyers
101,62,Male,Sunglasses,Accessories,98.0,South Dakota,M,Maroon,Fall,2.7,1,Express,1,1,31,Cash,Fortnightly,0,26,promo_block,2548.0,1,0,0,0,1.0,1,0,0,1,Senior (50-70),0.5722224889955982,0.5063112244897959,High,Medium,1,0,0,S4,Promo-Habituated Spenders
102,27,Male,Coat,Outerwear,85.0,North Dakota,Xl,White,Spring,4.6,1,Express,1,1,50,Credit Card,Bi-Weekly,0,26,promo_block,2210.0,1,0,1,0,1.0,1,1,1,0,Young Adult (25-34),0.8405490196078431,0.660375,High,High,1,1,3,S4,Promo-Habituated Spenders
103,51,Male,Socks,Clothing,67.0,Oklahoma,L,Violet,Winter,4.8,1,Next Day Air,1,1,35,Credit Card,Quarterly,0,4,promo_block,268.0,0,0,0,0,1.0,1,1,1,0,Senior (50-70),0.6568691476590636,0.5170943877551021,High,Medium,1,1,1,S0,General Buyers
104,54,Male,Boots,Footwear,89.0,West Virginia,L,Red,Winter,4.0,1,Next Day Air,1,1,22,Venmo,Bi-Weekly,0,26,promo_block,2314.0,1,0,0,0,1.0,1,1,0,0,Senior (50-70),0.6211204481792717,0.4990178571428572,High,Medium,1,1,2,S4,Promo-Habituated Spenders
105,55,Male,Sunglasses,Accessories,24.0,New Hampshire,L,Pink,Spring,4.4,1,2-Day Shipping,1,1,1,Paypal,Monthly,0,12,promo_block,288.0,0,1,0,1,1.0,1,1,0,0,Senior (50-70),0.455921568627451,0.1315,Medium,Low,1,1,0,S2,Promo-Dependent Buyers
106,69,Male,Backpack,Accessories,96.0,New York,M,Charcoal,Fall,3.6,1,Next Day Air,1,1,4,Bank Transfer,Annually,0,1,promo_block,96.0,1,0,0,1,1.0,1,0,0,0,Senior (50-70),0.3563673469387755,0.4138061224489796,Medium,Low,1,0,0,S4,Promo-Habituated Spenders
107,64,Male,Jacket,Outerwear,35.0,Minnesota,L,White,Summer,3.7,1,Standard,1,1,31,Credit Card,Monthly,0,12,promo_block,420.0,0,1,0,0,1.0,1,0,0,0,Senior (50-70),0.5835950380152062,0.2906862244897959,High,Low,0,1,3,S0,General Buyers
108,28,Male,Sneakers,Footwear,67.0,Maryland,L,Olive,Winter,3.1,1,Next Day Air,1,1,46,Paypal,Fortnightly,0,26,promo_block,1742.0,0,0,1,0,1.0,1,0,0,0,Young Adult (25-34),0.6960592236894758,0.4712168367346939,High,Medium,1,1,2,S0,General Buyers
109,70,Male,Socks,Clothing,79.0,Montana,L,Purple,Spring,3.4,1,Next Day Air,1,1,32,Bank Transfer,Bi-Weekly,0,26,promo_block,2054.0,0,0,0,0,1.0,1,0,0,0,Senior (50-70),0.63434493797519,0.4702882653061224,High,Medium,1,0,1,S0,General Buyers
110,58,Male,T-Shirt,Clothing,85.0,Alabama,M,Violet,Spring,2.6,1,Next Day Air,1,1,43,Bank Transfer,Fortnightly,0,26,promo_block,2210.0,1,0,1,0,1.0,1,0,0,1,Senior (50-70),0.6376918767507003,0.5046607142857142,High,Medium,1,0,1,S4,Promo-Habituated Spenders
111,56,Male,Backpack,Accessories,26.0,New York,M,Black,Summer,4.0,1,Standard,1,1,26,Venmo,Fortnightly,0,26,promo_block,676.0,0,1,0,0,1.0,1,1,0,0,Senior (50-70),0.645610244097639,0.2438010204081632,High,Low,0,1,0,S0,General Buyers
112,26,Male,Belt,Accessories,75.0,Massachusetts,L,Purple,Summer,5.0,1,Free Shipping,1,1,9,Credit Card,Annually,0,1,promo_block,75.0,0,0,0,1,1.0,1,1,1,0,Young Adult (25-34),0.4989795918367347,0.4314413265306122,High,Medium,0,1,0,S0,General Buyers
113,37,Male,Gloves,Accessories,65.0,Florida,M,Red,Spring,4.3,1,Free Shipping,1,1,28,Paypal,Bi-Weekly,0,26,promo_block,1690.0,0,0,0,0,1.0,1,1,0,0,Mid-Age (35-49),0.6818551420568227,0.4426301020408163,High,Medium,0,1,0,S0,General Buyers
114,44,Male,Hat,Accessories,54.0,New Jersey,L,Maroon,Winter,3.1,1,Next Day Air,1,1,20,Paypal,Quarterly,0,4,promo_block,216.0,0,0,0,0,1.0,1,0,0,0,Mid-Age (35-49),0.4290324129651861,0.2816887755102041,Medium,Low,1,1,0,S2,Promo-Dependent Buyers
115,70,Male,Coat,Outerwear,95.0,Massachusetts,S,Blue,Summer,3.7,1,Store Pickup,1,1,9,Cash,Weekly,0,52,promo_block,4940.0,1,0,0,1,1.0,1,0,0,0,Senior (50-70),0.6449795918367347,0.4409413265306122,High,Medium,0,0,3,S4,Promo-Habituated Spenders
116,53,Male,Skirt,Clothing,94.0,Wyoming,M,Gray,Spring,3.8,1,Standard,1,1,48,Debit Card,Every 3 Months,0,4,promo_block,376.0,1,0,1,0,1.0,1,0,0,0,Senior (50-70),0.6564609843937573,0.6415459183673469,High,High,0,1,1,S4,Promo-Habituated Spenders
117,55,Male,Shoes,Footwear,86.0,Virginia,S,Blue,Spring,3.4,1,Free Shipping,1,1,12,Venmo,Annually,0,1,promo_block,86.0,1,0,0,1,1.0,1,0,0,0,Senior (50-70),0.3893469387755102,0.3988724489795918,Medium,Low,0,1,2,S4,Promo-Habituated Spenders
118,50,Male,Sandals,Footwear,32.0,South Dakota,L,Yellow,Summer,4.6,1,Express,1,1,29,Cash,Fortnightly,0,26,promo_block,832.0,0,1,0,0,1.0,1,1,1,0,Senior (50-70),0.7119775910364146,0.3213571428571428,High,Low,1,0,2,S0,General Buyers
119,50,Male,Sweater,Clothing,45.0,Kentucky,L,Orange,Fall,4.8,1,2-Day Shipping,1,1,27,Cash,Bi-Weekly,0,26,promo_block,1170.0,0,0,0,0,1.0,1,1,1,0,Senior (50-70),0.715732693077231,0.3800280612244898,High,Low,1,0,1,S0,General Buyers
120,38,Male,Coat,Outerwear,76.0,Wyoming,M,Orange,Fall,4.3,1,Express,1,1,44,Cash,Annually,0,1,promo_block,76.0,0,0,1,0,1.0,1,1,0,0,Mid-Age (35-49),0.657265306122449,0.5723877551020408,High,Medium,1,0,3,S0,General Buyers
121,64,Male,Hat,Accessories,84.0,West Virginia,L,Red,Summer,4.0,1,Express,1,1,32,Bank Transfer,Annually,0,1,promo_block,84.0,1,0,0,0,1.0,1,1,0,0,Senior (50-70),0.5597959183673469,0.5281632653061225,High,Medium,1,0,0,S4,Promo-Habituated Spenders
122,19,Male,Shorts,Clothing,72.0,Virginia,M,Olive,Winter,4.2,1,Standard,1,1,11,Cash,Fortnightly,0,26,promo_block,1872.0,0,0,0,1,1.0,1,1,0,0,Teen (18-24),0.5697735094037615,0.3805204081632652,High,Low,0,0,1,S0,General Buyers
123,40,Male,Backpack,Accessories,40.0,Washington,L,Brown,Spring,4.8,1,2-Day Shipping,1,1,44,Cash,Fortnightly,0,26,promo_block,1040.0,0,0,1,0,1.0,1,1,1,0,Mid-Age (35-49),0.8198143257302921,0.4448877551020408,High,Medium,1,0,0,S0,General Buyers
124,57,Male,Sweater,Clothing,89.0,Louisiana,L,Brown,Fall,3.1,1,Free Shipping,1,1,46,Cash,Weekly,0,52,promo_block,4628.0,1,0,1,0,1.0,1,0,0,0,Senior (50-70),0.8235102040816327,0.5674668367346939,High,Medium,0,0,1,S4,Promo-Habituated Spenders
125,44,Male,Sweater,Clothing,86.0,Nevada,M,Gray,Spring,3.1,1,Next Day Air,1,1,50,Paypal,Annually,0,1,promo_block,86.0,1,0,1,0,1.0,1,0,0,0,Mid-Age (35-49),0.5980000000000001,0.57475,High,Medium,1,1,1,S4,Promo-Habituated Spenders
126,49,Male,Shorts,Clothing,54.0,California,M,Indigo,Winter,3.6,1,Next Day Air,1,1,45,Venmo,Every 3 Months,0,4,promo_block,216.0,0,0,1,0,1.0,1,0,0,0,Mid-Age (35-49),0.6220936374549819,0.4392397959183673,High,Medium,1,1,1,S0,General Buyers
127,43,Male,Shorts,Clothing,36.0,Mississippi,L,Pink,Spring,3.9,1,Store Pickup,1,1,48,Cash,Every 3 Months,0,4,promo_block,144.0,0,1,1,0,1.0,1,0,0,0,Mid-Age (35-49),0.6644609843937573,0.3937959183673469,High,Low,0,0,1,S0,General Buyers
128,24,Male,Sweater,Clothing,89.0,Mississippi,M,Gray,Winter,4.8,1,Next Day Air,1,1,26,Credit Card,Weekly,0,52,promo_block,4628.0,1,0,0,0,1.0,1,1,1,0,Teen (18-24),0.8370612244897959,0.5674260204081633,High,Medium,1,1,1,S4,Promo-Habituated Spenders
129,20,Male,Scarf,Accessories,32.0,California,M,Gold,Spring,4.7,1,Standard,1,1,21,Credit Card,Fortnightly,0,26,promo_block,832.0,0,1,0,0,1.0,1,1,1,0,Teen (18-24),0.67099799919968,0.2865408163265306,High,Low,0,1,0,S2,Promo-Dependent Buyers
130,24,Male,Dress,Clothing,67.0,Pennsylvania,Xl,Olive,Summer,4.2,1,2-Day Shipping,1,1,49,Paypal,Bi-Weekly,0,26,promo_block,1742.0,0,0,1,0,1.0,1,1,0,0,Teen (18-24),0.8024265706282513,0.5525229591836734,High,Medium,1,1,1,S0,General Buyers
131,44,Male,Scarf,Accessories,39.0,Kentucky,L,Violet,Fall,3.7,1,Next Day Air,1,1,13,Paypal,Fortnightly,0,26,promo_block,1014.0,0,1,0,1,1.0,1,0,0,0,Mid-Age (35-49),0.5420184073629453,0.2163494897959183,High,Low,1,1,0,S2,Promo-Dependent Buyers
132,28,Male,Skirt,Clothing,29.0,Maine,L,Indigo,Summer,3.9,1,Standard,1,1,46,Credit Card,Weekly,0,52,promo_block,1508.0,0,1,1,0,1.0,1,0,0,0,Young Adult (25-34),0.8875102040816326,0.3529668367346938,High,Low,0,1,1,S0,General Buyers
133,30,Male,Backpack,Accessories,58.0,New Mexico,M,Orange,Fall,4.7,1,2-Day Shipping,1,1,42,Paypal,Weekly,0,52,promo_block,3016.0,0,0,1,0,1.0,1,1,1,0,Young Adult (25-34),0.9270204081632654,0.5074336734693877,High,Medium,1,1,0,S0,General Buyers
134,52,Male,Sweater,Clothing,65.0,Montana,M,Violet,Winter,2.5,1,Next Day Air,1,1,25,Venmo,Annually,0,1,promo_block,65.0,0,0,0,0,1.0,1,0,0,1,Senior (50-70),0.396938775510204,0.3193239795918367,Medium,Low,1,1,1,S0,General Buyers
135,43,Male,Hat,Accessories,94.0,Texas,L,Gray,Fall,4.9,1,Store Pickup,1,1,25,Cash,Monthly,0,12,promo_block,1128.0,1,0,0,0,1.0,1,1,1,0,Mid-Age (35-49),0.6428603441376551,0.5901989795918368,High,Medium,0,0,0,S4,Promo-Habituated Spenders
136,43,Male,Sandals,Footwear,81.0,Kansas,M,Purple,Fall,4.1,1,Express,1,1,12,Paypal,Quarterly,0,4,promo_block,324.0,1,0,0,1,1.0,1,1,0,0,Mid-Age (35-49),0.4600528211284513,0.4189974489795918,High,Low,1,1,2,S4,Promo-Habituated Spenders
137,39,Male,Blouse,Clothing,86.0,South Carolina,M,White,Winter,3.3,1,Free Shipping,1,1,4,Debit Card,Quarterly,0,4,promo_block,344.0,1,0,0,1,1.0,1,0,0,0,Mid-Age (35-49),0.3470732292917167,0.3520561224489795,Medium,Low,0,1,1,S4,Promo-Habituated Spenders
138,68,Male,Sneakers,Footwear,43.0,Colorado,M,Turquoise,Spring,4.7,1,Free Shipping,1,1,38,Paypal,Weekly,0,52,promo_block,2236.0,0,0,1,0,1.0,1,1,1,0,Senior (50-70),0.902530612244898,0.4214005102040816,High,Low,0,1,2,S0,General Buyers
139,68,Male,Skirt,Clothing,29.0,Georgia,M,Maroon,Winter,4.4,1,Store Pickup,1,1,42,Bank Transfer,Weekly,0,52,promo_block,1508.0,0,1,1,0,1.0,1,1,0,0,Senior (50-70),0.9030204081632652,0.3625586734693877,High,Low,0,0,1,S0,General Buyers
140,49,Male,Coat,Outerwear,95.0,Florida,M,White,Fall,3.8,1,Store Pickup,1,1,30,Venmo,Annually,0,1,promo_block,95.0,1,0,0,0,1.0,1,0,0,0,Mid-Age (35-49),0.5315510204081633,0.5540841836734693,High,Medium,0,1,3,S4,Promo-Habituated Spenders
141,63,Male,Shirt,Clothing,28.0,North Carolina,L,Yellow,Fall,3.9,1,2-Day Shipping,1,1,50,Credit Card,Weekly,0,52,promo_block,1456.0,0,1,1,0,1.0,1,0,0,0,Senior (50-70),0.912,0.369,High,Low,1,1,1,S0,General Buyers
142,56,Male,Gloves,Accessories,46.0,Virginia,M,Turquoise,Fall,4.9,1,Free Shipping,1,1,45,Paypal,Weekly,0,52,promo_block,2392.0,0,0,1,0,1.0,1,1,1,0,Senior (50-70),0.9613877551020408,0.4822397959183673,High,Medium,0,1,0,S0,General Buyers
143,37,Male,Jacket,Outerwear,58.0,Nebraska,L,Violet,Fall,3.1,1,Free Shipping,1,1,33,Credit Card,Fortnightly,0,26,promo_block,1508.0,0,0,0,0,1.0,1,0,0,0,Mid-Age (35-49),0.616467386954782,0.365515306122449,High,Low,0,1,3,S0,General Buyers
144,30,Male,Coat,Outerwear,48.0,Missouri,M,Beige,Fall,2.7,1,Store Pickup,1,1,25,Paypal,Quarterly,0,4,promo_block,192.0,0,0,0,0,1.0,1,0,0,1,Young Adult (25-34),0.4276446578631452,0.2569489795918367,Medium,Low,0,1,3,S0,General Buyers
145,19,Male,Shoes,Footwear,43.0,New Jersey,M,Silver,Fall,3.2,1,Express,1,1,25,Cash,Monthly,0,12,promo_block,516.0,0,0,0,0,1.0,1,0,0,0,Teen (18-24),0.5068603441376551,0.2650739795918367,High,Low,1,0,2,S0,General Buyers
146,24,Male,Jewelry,Accessories,95.0,Missouri,M,Teal,Fall,4.5,1,Standard,1,1,44,Debit Card,Quarterly,0,4,promo_block,380.0,1,0,1,0,1.0,1,1,1,0,Teen (18-24),0.6879711884753902,0.6675127551020408,High,High,0,1,0,S4,Promo-Habituated Spenders
147,52,Male,Skirt,Clothing,30.0,Colorado,S,Black,Fall,4.0,1,Standard,1,1,21,Venmo,Fortnightly,0,26,promo_block,780.0,0,1,0,0,1.0,1,1,0,0,Senior (50-70),0.6149979991996799,0.2357908163265306,High,Low,0,1,1,S2,Promo-Dependent Buyers
148,63,Male,Shoes,Footwear,64.0,Idaho,M,Purple,Summer,3.5,1,2-Day Shipping,1,1,31,Bank Transfer,Fortnightly,0,26,promo_block,1664.0,0,0,0,0,1.0,1,0,0,0,Senior (50-70),0.6362224889955983,0.4055612244897959,High,Low,1,0,2,S0,General Buyers
149,37,Male,Gloves,Accessories,90.0,Wyoming,M,Gray,Fall,2.6,1,Store Pickup,1,1,47,Debit Card,Annually,0,1,promo_block,90.0,1,0,1,0,1.0,1,0,0,1,Mid-Age (35-49),0.5396326530612245,0.5469438775510204,High,Medium,0,1,0,S4,Promo-Habituated Spenders
150,38,Male,Pants,Clothing,76.0,Delaware,M,White,Summer,3.2,1,Free Shipping,1,1,14,Paypal,Monthly,0,12,promo_block,912.0,0,0,0,0,1.0,1,0,0,0,Mid-Age (35-49),0.4395134053621449,0.3533265306122448,Medium,Low,0,1,1,S0,General Buyers
151,35,Male,Boots,Footwear,96.0,California,L,Cyan,Fall,4.9,1,Standard,1,1,17,Debit Card,Every 3 Months,0,4,promo_block,384.0,1,0,0,0,1.0,1,1,1,0,Mid-Age (35-49),0.5546650660264106,0.5581326530612245,High,Medium,0,1,2,S4,Promo-Habituated Spenders
152,28,Male,Sunglasses,Accessories,47.0,North Dakota,L,Turquoise,Fall,4.5,1,Next Day Air,1,1,3,Venmo,Annually,0,1,promo_block,47.0,0,0,0,1,1.0,1,1,1,0,Young Adult (25-34),0.4222448979591837,0.248329081632653,Medium,Low,1,1,0,S2,Promo-Dependent Buyers
153,30,Male,Shirt,Clothing,85.0,South Carolina,S,Brown,Summer,4.3,1,Express,1,1,42,Venmo,Annually,0,1,promo_block,85.0,1,0,1,0,1.0,1,1,0,0,Young Adult (25-34),0.6450204081632653,0.6015586734693877,High,High,1,1,1,S4,Promo-Habituated Spenders
154,69,Male,Hoodie,Clothing,55.0,North Carolina,M,Maroon,Winter,3.2,1,Standard,1,1,22,Debit Card,Annually,0,1,promo_block,55.0,0,0,0,0,1.0,1,0,0,0,Senior (50-70),0.4345714285714286,0.3022678571428571,Medium,Low,0,1,1,S2,Promo-Dependent Buyers
155,41,Male,Dress,Clothing,98.0,Oklahoma,M,Charcoal,Fall,3.6,1,Next Day Air,1,1,21,Venmo,Quarterly,0,4,promo_block,392.0,1,0,0,0,1.0,1,0,0,0,Mid-Age (35-49),0.4751548619447779,0.5092908163265306,High,Medium,1,1,1,S4,Promo-Habituated Spenders
156,63,Male,Socks,Clothing,77.0,Maine,S,Olive,Spring,4.3,1,Free Shipping,1,1,21,Bank Transfer,Quarterly,0,4,promo_block,308.0,0,0,0,0,1.0,1,1,0,0,Senior (50-70),0.5311548619447779,0.4594158163265306,High,Medium,0,0,1,S0,General Buyers
157,35,Male,Shorts,Clothing,26.0,Missouri,M,Lavender,Fall,4.0,1,Standard,1,1,40,Debit Card,Annually,0,1,promo_block,26.0,0,1,1,0,1.0,1,1,0,0,Mid-Age (35-49),0.6087755102040816,0.3152295918367347,High,Low,0,1,1,S0,General Buyers
158,36,Male,Hat,Accessories,68.0,Vermont,S,Yellow,Fall,3.0,1,Next Day Air,1,1,1,Bank Transfer,Fortnightly,0,26,promo_block,1768.0,0,0,0,1,1.0,1,0,0,0,Mid-Age (35-49),0.4125490196078432,0.24,Medium,Low,1,0,0,S0,General Buyers
159,25,Male,Shirt,Clothing,73.0,Connecticut,Xl,Teal,Fall,4.1,1,Standard,1,1,50,Bank Transfer,Monthly,0,12,promo_block,876.0,0,0,1,0,1.0,1,1,0,0,Young Adult (25-34),0.7319215686274511,0.5778749999999999,High,Medium,0,0,1,S0,General Buyers
160,58,Male,Gloves,Accessories,27.0,New Hampshire,M,Charcoal,Fall,3.8,1,Store Pickup,1,1,39,Bank Transfer,Every 3 Months,0,4,promo_block,108.0,0,1,1,0,1.0,1,0,0,0,Senior (50-70),0.6013589435774309,0.3025025510204081,High,Low,0,0,0,S0,General Buyers
161,27,Male,Gloves,Accessories,23.0,Texas,M,Orange,Summer,4.6,1,Free Shipping,1,1,34,Venmo,Monthly,0,12,promo_block,276.0,0,1,0,0,1.0,1,1,1,0,Young Adult (25-34),0.6739623849539815,0.3074923469387755,High,Low,0,1,0,S0,General Buyers
162,65,Male,Backpack,Accessories,49.0,North Dakota,M,Olive,Fall,3.0,1,Express,1,1,29,Venmo,Fortnightly,0,26,promo_block,1274.0,0,0,0,0,1.0,1,0,0,0,Senior (50-70),0.5839775910364146,0.2997321428571429,High,Low,1,1,0,S0,General Buyers
163,54,Male,Sunglasses,Accessories,74.0,California,M,Turquoise,Summer,3.0,1,Store Pickup,1,1,31,Paypal,Bi-Weekly,0,26,promo_block,1924.0,0,0,0,0,1.0,1,0,0,0,Senior (50-70),0.5962224889955983,0.4193112244897959,High,Low,0,1,0,S0,General Buyers
164,54,Male,Skirt,Clothing,67.0,Virginia,M,Purple,Summer,3.4,1,Standard,1,1,8,Debit Card,Weekly,0,52,promo_block,3484.0,0,0,0,1,1.0,1,0,0,0,Senior (50-70),0.6148571428571429,0.2953392857142857,High,Low,0,1,1,S0,General Buyers
165,59,Male,Handbag,Accessories,65.0,Delaware,S,Purple,Spring,2.6,1,Free Shipping,1,1,5,Credit Card,Fortnightly,0,26,promo_block,1690.0,0,0,0,1,1.0,1,0,0,1,Senior (50-70),0.4050388155262105,0.2232831632653061,Medium,Low,0,1,0,S0,General Buyers
166,42,Male,Handbag,Accessories,60.0,Kentucky,S,Yellow,Winter,2.8,1,Store Pickup,1,1,7,Cash,Monthly,0,12,promo_block,720.0,0,0,0,1,1.0,1,0,0,1,Mid-Age (35-49),0.364656262505002,0.2236122448979591,Medium,Low,0,0,0,S0,General Buyers
167,46,Male,Sneakers,Footwear,31.0,Delaware,Xl,Indigo,Fall,4.0,1,Store Pickup,1,1,30,Cash,Monthly,0,12,promo_block,372.0,0,1,0,0,1.0,1,1,0,0,Mid-Age (35-49),0.6014725890356143,0.2860841836734694,High,Low,0,0,2,S0,General Buyers
168,33,Male,Gloves,Accessories,27.0,Arkansas,M,Green,Fall,4.0,1,Express,1,1,14,Credit Card,Every 3 Months,0,4,promo_block,108.0,0,1,0,0,1.0,1,1,0,0,Young Adult (25-34),0.464297719087635,0.1869515306122449,High,Low,1,1,0,S2,Promo-Dependent Buyers
169,34,Male,Shoes,Footwear,80.0,Louisiana,M,Magenta,Summer,3.0,1,Express,1,1,5,Cash,Fortnightly,0,26,promo_block,2080.0,0,0,0,1,1.0,1,0,0,0,Young Adult (25-34),0.4370388155262105,0.3129081632653061,Medium,Low,1,0,2,S0,General Buyers
170,27,Male,Jacket,Outerwear,30.0,Nevada,S,Gold,Summer,3.3,1,Standard,1,1,3,Paypal,Every 3 Months,0,4,promo_block,120.0,0,1,0,1,1.0,1,0,0,0,Young Adult (25-34),0.3409507803121248,0.101954081632653,Medium,Low,0,1,3,S2,Promo-Dependent Buyers
171,52,Male,Shirt,Clothing,25.0,Wyoming,M,Maroon,Fall,2.6,1,Store Pickup,1,1,46,Venmo,Bi-Weekly,0,26,promo_block,650.0,0,1,1,0,1.0,1,0,0,1,Senior (50-70),0.6560592236894758,0.2574668367346939,High,Low,0,1,1,S0,General Buyers
172,29,Male,Shorts,Clothing,35.0,Virginia,M,Blue,Summer,3.6,1,Store Pickup,1,1,4,Credit Card,Weekly,0,52,promo_block,1820.0,0,1,0,1,1.0,1,0,0,0,Young Adult (25-34),0.6063673469387756,0.1469311224489796,High,Low,0,1,1,S2,Promo-Dependent Buyers
173,54,Male,Jewelry,Accessories,67.0,Nebraska,M,Violet,Summer,3.9,1,Next Day Air,1,1,42,Credit Card,Bi-Weekly,0,26,promo_block,1742.0,0,0,1,0,1.0,1,0,0,0,Senior (50-70),0.7355694277711085,0.4988086734693877,High,Medium,1,1,0,S0,General Buyers
174,25,Male,Hat,Accessories,46.0,Hawaii,M,Turquoise,Fall,3.4,1,Standard,1,1,30,Cash,Annually,0,1,promo_block,46.0,0,0,0,0,1.0,1,0,0,0,Young Adult (25-34),0.4995510204081633,0.3157091836734694,High,Low,0,0,0,S0,General Buyers
175,41,Male,Shoes,Footwear,35.0,Vermont,L,Brown,Winter,3.5,1,Express,1,1,37,Venmo,Annually,0,1,promo_block,35.0,0,1,0,0,1.0,1,0,0,0,Mid-Age (35-49),0.5504081632653062,0.309298469387755,High,Low,1,1,2,S0,General Buyers
176,53,Male,Coat,Outerwear,86.0,Oklahoma,L,Violet,Fall,2.8,1,Next Day Air,1,1,2,Bank Transfer,Annually,0,1,promo_block,86.0,1,0,0,1,1.0,1,0,0,1,Senior (50-70),0.2801224489795918,0.3118520408163264,Low,Low,1,0,3,S4,Promo-Habituated Spenders
177,53,Male,Backpack,Accessories,81.0,New Hampshire,L,Black,Spring,2.7,1,Next Day Air,1,1,30,Credit Card,Quarterly,0,4,promo_block,324.0,1,0,0,0,1.0,1,0,0,1,Senior (50-70),0.4582569027611045,0.4268341836734693,High,Low,1,1,0,S4,Promo-Habituated Spenders
178,21,Male,Hoodie,Clothing,42.0,Kansas,L,Magenta,Fall,3.7,1,Next Day Air,1,1,47,Bank Transfer,Monthly,0,12,promo_block,504.0,0,0,1,0,1.0,1,0,0,0,Teen (18-24),0.6815542216886756,0.4029438775510204,High,Low,1,0,1,S0,General Buyers
179,61,Male,Skirt,Clothing,43.0,Idaho,L,Lavender,Fall,4.3,1,2-Day Shipping,1,1,21,Paypal,Quarterly,0,4,promo_block,172.0,0,0,0,0,1.0,1,1,0,0,Senior (50-70),0.5311548619447779,0.3106658163265306,High,Low,1,1,1,S2,Promo-Dependent Buyers
180,64,Male,Boots,Footwear,31.0,Illinois,M,Violet,Fall,4.9,1,Store Pickup,1,1,9,Bank Transfer,Fortnightly,0,26,promo_block,806.0,0,1,0,1,1.0,1,1,1,0,Senior (50-70),0.6135286114445779,0.2329413265306122,High,Low,0,0,2,S2,Promo-Dependent Buyers
181,51,Male,Sandals,Footwear,81.0,South Dakota,L,Green,Fall,3.3,1,Store Pickup,1,1,12,Debit Card,Fortnightly,0,26,promo_block,2106.0,1,0,0,1,1.0,1,0,0,0,Senior (50-70),0.5038959583833533,0.3709974489795918,High,Low,0,1,2,S4,Promo-Habituated Spenders
182,32,Male,Pants,Clothing,61.0,Massachusetts,M,Beige,Summer,4.7,1,Next Day Air,1,1,4,Bank Transfer,Weekly,0,52,promo_block,3172.0,0,0,0,1,1.0,1,1,1,0,Young Adult (25-34),0.6943673469387756,0.3266811224489795,High,Low,1,0,1,S0,General Buyers
183,38,Male,Gloves,Accessories,96.0,Alabama,Xl,Purple,Summer,2.8,1,Store Pickup,1,1,10,Debit Card,Annually,0,1,promo_block,96.0,1,0,0,1,1.0,1,0,0,1,Mid-Age (35-49),0.3291020408163265,0.3964183673469387,Medium,Low,0,1,0,S4,Promo-Habituated Spenders
184,58,Male,Skirt,Clothing,29.0,Ohio,Xl,Beige,Spring,3.6,1,2-Day Shipping,1,1,26,Credit Card,Weekly,0,52,promo_block,1508.0,0,1,0,0,1.0,1,0,0,0,Senior (50-70),0.741061224489796,0.2329260204081632,High,Low,1,1,1,S0,General Buyers
185,32,Male,Sneakers,Footwear,33.0,Hawaii,L,Cyan,Spring,3.0,1,Express,1,1,40,Cash,Fortnightly,0,26,promo_block,858.0,0,1,1,0,1.0,1,0,0,0,Young Adult (25-34),0.6513245298119248,0.2858545918367347,High,Low,1,0,2,S0,General Buyers
186,46,Male,T-Shirt,Clothing,32.0,Wisconsin,Xl,Silver,Summer,4.5,1,Store Pickup,1,1,34,Bank Transfer,Fortnightly,0,26,promo_block,832.0,0,1,0,0,1.0,1,1,1,0,Mid-Age (35-49),0.7345898359343738,0.3408673469387755,High,Low,0,0,1,S0,General Buyers
187,39,Male,Backpack,Accessories,56.0,Minnesota,S,Lavender,Summer,2.9,1,Standard,1,1,31,Debit Card,Annually,0,1,promo_block,56.0,0,0,0,0,1.0,1,0,0,1,Mid-Age (35-49),0.465673469387755,0.3345612244897959,High,Low,0,1,0,S0,General Buyers
188,19,Male,Shoes,Footwear,94.0,Georgia,S,Purple,Spring,3.3,1,Store Pickup,1,1,1,Bank Transfer,Bi-Weekly,0,26,promo_block,2444.0,1,0,0,1,1.0,1,0,0,0,Teen (18-24),0.4365490196078431,0.3717499999999999,Medium,Low,0,0,2,S4,Promo-Habituated Spenders
189,50,Male,Hoodie,Clothing,53.0,Arkansas,M,Pink,Spring,3.1,1,Express,1,1,5,Bank Transfer,Bi-Weekly,0,26,promo_block,1378.0,0,0,0,1,1.0,1,0,0,0,Senior (50-70),0.4450388155262105,0.2007831632653061,Medium,Low,1,0,1,S2,Promo-Dependent Buyers
190,36,Male,Blouse,Clothing,82.0,West Virginia,M,Maroon,Fall,4.4,1,Next Day Air,1,1,4,Credit Card,Weekly,0,52,promo_block,4264.0,1,0,0,1,1.0,1,1,0,0,Mid-Age (35-49),0.6703673469387755,0.4005561224489796,High,Low,1,1,1,S4,Promo-Habituated Spenders
191,65,Male,Coat,Outerwear,70.0,Indiana,Xl,Beige,Fall,3.0,1,Free Shipping,1,1,48,Venmo,Quarterly,0,4,promo_block,280.0,0,0,1,0,1.0,1,0,0,0,Senior (50-70),0.5924609843937574,0.4885459183673469,High,Medium,0,1,3,S0,General Buyers
192,64,Male,Hat,Accessories,76.0,Utah,M,Gray,Fall,3.9,1,Free Shipping,1,1,29,Cash,Every 3 Months,0,4,promo_block,304.0,0,0,0,0,1.0,1,0,0,0,Senior (50-70),0.5481344537815125,0.4718571428571427,High,Medium,0,0,0,S0,General Buyers
193,46,Male,Shoes,Footwear,29.0,Nebraska,L,Turquoise,Summer,2.9,1,Express,1,1,12,Paypal,Bi-Weekly,0,26,promo_block,754.0,0,1,0,1,1.0,1,0,0,1,Mid-Age (35-49),0.4718959583833533,0.1194974489795918,High,Low,1,1,2,S2,Promo-Dependent Buyers
194,36,Male,Belt,Accessories,100.0,North Dakota,S,Silver,Fall,3.0,1,Standard,1,1,29,Venmo,Annually,0,1,promo_block,100.0,1,0,0,0,1.0,1,0,0,0,Mid-Age (35-49),0.4614285714285714,0.5228571428571428,High,Medium,0,1,0,S4,Promo-Habituated Spenders
195,51,Male,Backpack,Accessories,94.0,Missouri,M,Olive,Spring,3.1,1,Express,1,1,15,Debit Card,Quarterly,0,4,promo_block,376.0,1,0,0,0,1.0,1,0,0,0,Senior (50-70),0.3984201680672269,0.4311785714285714,Medium,Medium,1,1,0,S4,Promo-Habituated Spenders
196,51,Male,Jacket,Outerwear,25.0,New York,M,Magenta,Fall,4.3,1,Free Shipping,1,1,34,Credit Card,Monthly,0,12,promo_block,300.0,0,1,0,0,1.0,1,1,0,0,Senior (50-70),0.6499623849539816,0.2982423469387755,High,Low,0,1,3,S0,General Buyers
197,38,Male,Boots,Footwear,88.0,Washington,M,Lavender,Summer,3.9,1,Next Day Air,1,1,41,Credit Card,Fortnightly,0,26,promo_block,2288.0,1,0,1,0,1.0,1,0,0,0,Mid-Age (35-49),0.7294469787915165,0.5855816326530612,High,Medium,1,1,2,S4,Promo-Habituated Spenders
198,59,Male,Scarf,Accessories,78.0,South Carolina,M,Black,Fall,3.2,1,2-Day Shipping,1,1,41,Credit Card,Monthly,0,12,promo_block,936.0,0,0,1,0,1.0,1,0,0,0,Senior (50-70),0.6048195278111245,0.4998316326530612,High,Medium,1,1,0,S0,General Buyers
199,57,Male,Jewelry,Accessories,45.0,Utah,M,Turquoise,Winter,4.8,1,Standard,1,1,39,Credit Card,Fortnightly,0,26,promo_block,1170.0,0,0,1,0,1.0,1,1,1,0,Senior (50-70),0.789202080832333,0.4412525510204081,High,Medium,0,1,0,S0,General Buyers
200,54,Male,Hat,Accessories,73.0,Idaho,Xl,Green,Summer,3.8,1,Express,1,1,32,Cash,Weekly,0,52,promo_block,3796.0,0,0,0,0,1.0,1,0,0,0,Senior (50-70),0.793795918367347,0.4680382653061223,High,Medium,1,0,0,S0,General Buyers
201,25,Male,Dress,Clothing,61.0,Pennsylvania,S,Teal,Summer,3.3,1,Next Day Air,1,1,29,Venmo,Monthly,0,12,promo_block,732.0,0,0,0,0,1.0,1,0,0,0,Young Adult (25-34),0.5393501400560223,0.3702321428571428,High,Low,1,1,1,S0,General Buyers
202,69,Male,Blouse,Clothing,22.0,Missouri,S,Beige,Fall,4.3,1,Free Shipping,1,1,15,Bank Transfer,Annually,0,1,promo_block,22.0,0,1,0,0,1.0,1,1,0,0,Senior (50-70),0.4797142857142856,0.1881785714285714,High,Low,0,0,1,S2,Promo-Dependent Buyers
203,57,Male,Hat,Accessories,38.0,Nebraska,L,Magenta,Spring,2.7,1,Express,1,1,33,Venmo,Annually,0,1,promo_block,38.0,0,1,0,0,1.0,1,0,0,1,Senior (50-70),0.4619183673469388,0.254015306122449,High,Low,1,1,0,S0,General Buyers
204,70,Male,Scarf,Accessories,38.0,Indiana,S,Yellow,Fall,3.2,1,Next Day Air,1,1,18,Bank Transfer,Weekly,0,52,promo_block,1976.0,0,1,0,0,1.0,1,0,0,0,Senior (50-70),0.6600816326530613,0.207484693877551,High,Low,1,0,0,S2,Promo-Dependent Buyers
205,24,Male,Sneakers,Footwear,100.0,Arizona,M,Yellow,Fall,4.0,1,Store Pickup,1,1,35,Cash,Bi-Weekly,0,26,promo_block,2600.0,1,0,0,0,1.0,1,1,0,0,Teen (18-24),0.7007122849139655,0.613469387755102,High,High,0,0,2,S4,Promo-Habituated Spenders
206,67,Male,Shirt,Clothing,64.0,Hawaii,M,Silver,Winter,3.0,1,Standard,1,1,25,Paypal,Weekly,0,52,promo_block,3328.0,0,0,0,0,1.0,1,0,0,0,Senior (50-70),0.6869387755102041,0.3449489795918368,High,Low,0,1,1,S0,General Buyers
207,24,Male,T-Shirt,Clothing,55.0,Wisconsin,L,Silver,Summer,4.2,1,Free Shipping,1,1,6,Venmo,Fortnightly,0,26,promo_block,1430.0,0,0,0,1,1.0,1,1,0,0,Teen (18-24),0.5391612645058024,0.2806352040816326,High,Low,0,1,1,S2,Promo-Dependent Buyers
208,62,Male,Gloves,Accessories,91.0,Rhode Island,M,Silver,Summer,2.9,1,Express,1,1,17,Bank Transfer,Bi-Weekly,0,26,promo_block,2366.0,1,0,0,0,1.0,1,0,0,1,Senior (50-70),0.5025082032813125,0.4162576530612245,High,Low,1,0,0,S4,Promo-Habituated Spenders
209,57,Male,Skirt,Clothing,38.0,Wisconsin,M,Gold,Spring,4.1,1,Store Pickup,1,1,17,Credit Card,Monthly,0,12,promo_block,456.0,0,1,0,0,1.0,1,1,0,0,Senior (50-70),0.5298807523009204,0.2563826530612245,High,Low,0,1,1,S2,Promo-Dependent Buyers
210,55,Male,Sandals,Footwear,97.0,Minnesota,S,Olive,Winter,3.2,1,Store Pickup,1,1,44,Cash,Every 3 Months,0,4,promo_block,388.0,1,0,1,0,1.0,1,0,0,0,Senior (50-70),0.5839711884753902,0.5982627551020409,High,Medium,0,0,2,S4,Promo-Habituated Spenders
211,45,Male,Jacket,Outerwear,22.0,Vermont,L,Teal,Fall,3.0,1,2-Day Shipping,1,1,6,Paypal,Fortnightly,0,26,promo_block,572.0,0,1,0,1,1.0,1,0,0,0,Mid-Age (35-49),0.4431612645058023,0.0642602040816326,Medium,Low,1,1,3,S2,Promo-Dependent Buyers
212,69,Male,Skirt,Clothing,92.0,South Dakota,L,Maroon,Fall,4.2,1,2-Day Shipping,1,1,45,Debit Card,Fortnightly,0,26,promo_block,2392.0,1,0,1,0,1.0,1,1,0,0,Senior (50-70),0.777936774709884,0.6414897959183673,High,High,1,1,1,S4,Promo-Habituated Spenders
213,67,Male,Handbag,Accessories,84.0,Virginia,L,Blue,Fall,4.2,1,Express,1,1,7,Debit Card,Annually,0,1,promo_block,84.0,1,0,0,1,1.0,1,1,0,0,Senior (50-70),0.422734693877551,0.4126122448979591,Medium,Low,1,1,0,S4,Promo-Habituated Spenders
214,30,Male,Handbag,Accessories,93.0,Nevada,L,Peach,Fall,4.4,1,Store Pickup,1,1,11,Debit Card,Every 3 Months,0,4,promo_block,372.0,1,0,0,1,1.0,1,1,0,0,Young Adult (25-34),0.4779303721488596,0.4843954081632653,High,Medium,0,1,0,S4,Promo-Habituated Spenders
215,24,Male,Jacket,Outerwear,50.0,Hawaii,L,Blue,Summer,4.2,1,Next Day Air,1,1,41,Cash,Every 3 Months,0,4,promo_block,200.0,0,0,1,0,1.0,1,1,0,0,Teen (18-24),0.6456038415366147,0.4373316326530612,High,Medium,1,0,3,S0,General Buyers
216,62,Male,Scarf,Accessories,64.0,New Jersey,S,Orange,Spring,2.8,1,2-Day Shipping,1,1,24,Paypal,Bi-Weekly,0,26,promo_block,1664.0,0,0,0,0,1.0,1,0,0,1,Senior (50-70),0.5373653461384554,0.3278469387755102,High,Low,1,1,0,S0,General Buyers
217,43,Male,Shorts,Clothing,61.0,Massachusetts,L,Yellow,Spring,3.7,1,Free Shipping,1,1,21,Venmo,Weekly,0,52,promo_block,3172.0,0,0,0,0,1.0,1,0,0,0,Mid-Age (35-49),0.7184489795918367,0.3534158163265306,High,Low,0,1,1,S0,General Buyers
218,35,Male,Sunglasses,Accessories,48.0,Oklahoma,M,Purple,Winter,3.5,1,Next Day Air,1,1,24,Bank Transfer,Annually,0,1,promo_block,48.0,0,0,0,0,1.0,1,0,0,0,Mid-Age (35-49),0.4708163265306123,0.2998469387755101,High,Low,1,0,0,S2,Promo-Dependent Buyers
219,28,Male,T-Shirt,Clothing,45.0,California,S,Magenta,Spring,2.9,1,Store Pickup,1,1,8,Credit Card,Quarterly,0,4,promo_block,180.0,0,0,0,1,1.0,1,0,0,1,Young Adult (25-34),0.339563025210084,0.1690892857142857,Medium,Low,0,1,1,S2,Promo-Dependent Buyers
220,32,Male,Belt,Accessories,88.0,Nevada,M,Cyan,Spring,3.0,1,Free Shipping,1,1,12,Cash,Fortnightly,0,26,promo_block,2288.0,1,0,0,1,1.0,1,0,0,0,Young Adult (25-34),0.4798959583833534,0.3836224489795918,High,Low,0,0,0,S4,Promo-Habituated Spenders
221,39,Male,Sneakers,Footwear,57.0,Arizona,S,Indigo,Spring,3.7,1,Express,1,1,48,Debit Card,Fortnightly,0,26,promo_block,1482.0,0,0,1,0,1.0,1,0,0,0,Mid-Age (35-49),0.7563041216486595,0.4736709183673469,High,Medium,1,1,2,S0,General Buyers
222,28,Male,Hat,Accessories,68.0,North Carolina,Xl,Magenta,Summer,4.4,1,Store Pickup,1,1,6,Bank Transfer,Quarterly,0,4,promo_block,272.0,0,0,0,1,1.0,1,1,0,0,Young Adult (25-34),0.4473181272509003,0.3495102040816327,Medium,Low,0,0,0,S0,General Buyers
223,47,Male,Gloves,Accessories,94.0,New York,Xl,Gray,Spring,4.5,1,2-Day Shipping,1,1,14,Paypal,Fortnightly,0,26,promo_block,2444.0,1,0,0,0,1.0,1,1,1,0,Mid-Age (35-49),0.612140856342537,0.5100765306122449,High,Medium,1,1,0,S4,Promo-Habituated Spenders
224,20,Male,Pants,Clothing,41.0,Wyoming,M,Turquoise,Spring,4.8,1,Free Shipping,1,1,34,Paypal,Annually,0,1,promo_block,41.0,0,0,0,0,1.0,1,1,1,0,Teen (18-24),0.6360408163265305,0.3982423469387754,High,Low,0,1,1,S0,General Buyers
225,63,Male,Socks,Clothing,83.0,South Dakota,S,Beige,Summer,2.9,1,Free Shipping,1,1,12,Cash,Every 3 Months,0,4,promo_block,332.0,1,0,0,1,1.0,1,0,0,1,Senior (50-70),0.3640528211284514,0.3557474489795918,Medium,Low,0,0,1,S4,Promo-Habituated Spenders
226,25,Male,Jacket,Outerwear,22.0,Arkansas,M,Olive,Spring,3.2,1,Next Day Air,1,1,11,Bank Transfer,Annually,0,1,promo_block,22.0,0,1,0,1,1.0,1,0,0,0,Young Adult (25-34),0.3672244897959184,0.1017704081632653,Medium,Low,1,0,3,S2,Promo-Dependent Buyers
227,29,Male,Shoes,Footwear,74.0,Texas,L,Violet,Spring,3.3,1,Free Shipping,1,1,5,Paypal,Monthly,0,12,promo_block,888.0,0,0,0,1,1.0,1,0,0,0,Young Adult (25-34),0.3924113645458183,0.3046581632653061,Medium,Low,0,1,2,S0,General Buyers
228,50,Male,Jeans,Clothing,90.0,Rhode Island,M,Turquoise,Winter,4.2,1,Standard,1,1,25,Venmo,Fortnightly,0,26,promo_block,2340.0,1,0,0,0,1.0,1,1,0,0,Senior (50-70),0.6554877951180472,0.5306989795918367,High,Medium,0,1,1,S4,Promo-Habituated Spenders
229,18,Male,Socks,Clothing,79.0,New Hampshire,M,White,Spring,2.9,1,Store Pickup,1,1,11,Credit Card,Annually,0,1,promo_block,79.0,0,0,0,1,1.0,1,0,0,1,Teen (18-24),0.3432244897959183,0.3331454081632653,Medium,Low,0,1,1,S0,General Buyers
230,70,Male,Sandals,Footwear,28.0,Ohio,S,Silver,Spring,4.6,1,Next Day Air,1,1,27,Paypal,Every 3 Months,0,4,promo_block,112.0,0,1,0,0,1.0,1,1,1,0,Senior (50-70),0.5918895558223289,0.2936530612244897,High,Low,1,1,2,S0,General Buyers
231,66,Male,Scarf,Accessories,88.0,Utah,L,Olive,Fall,4.1,1,Standard,1,1,43,Credit Card,Annually,0,1,promo_block,88.0,1,0,1,0,1.0,1,1,0,0,Senior (50-70),0.6351428571428571,0.6077857142857143,High,High,0,1,0,S4,Promo-Habituated Spenders
232,28,Male,Blouse,Clothing,26.0,Tennessee,M,Blue,Spring,3.1,1,2-Day Shipping,1,1,18,Debit Card,Every 3 Months,0,4,promo_block,104.0,0,1,0,0,1.0,1,0,0,0,Young Adult (25-34),0.4167875150060024,0.148984693877551,Medium,Low,1,1,1,S2,Promo-Dependent Buyers
233,54,Male,Jewelry,Accessories,27.0,Hawaii,L,Purple,Winter,4.2,1,Express,1,1,32,Bank Transfer,Bi-Weekly,0,26,promo_block,702.0,0,1,0,0,1.0,1,1,0,0,Senior (50-70),0.69834493797519,0.2907882653061224,High,Low,1,0,0,S0,General Buyers
234,19,Male,Sweater,Clothing,83.0,Arizona,Xl,Yellow,Fall,4.5,1,Next Day Air,1,1,27,Bank Transfer,Every 3 Months,0,4,promo_block,332.0,1,0,0,0,1.0,1,1,1,0,Teen (18-24),0.5838895558223289,0.5282780612244897,High,Medium,1,0,1,S4,Promo-Habituated Spenders
235,20,Male,Gloves,Accessories,39.0,South Dakota,S,Silver,Summer,3.7,1,Next Day Air,1,1,24,Credit Card,Weekly,0,52,promo_block,2028.0,0,1,0,0,1.0,1,0,0,0,Teen (18-24),0.7368163265306122,0.2724719387755102,High,Low,1,1,0,S2,Promo-Dependent Buyers
236,43,Male,Sunglasses,Accessories,89.0,New Jersey,M,Cyan,Winter,3.7,1,Free Shipping,1,1,31,Debit Card,Quarterly,0,4,promo_block,356.0,1,0,0,0,1.0,1,0,0,0,Mid-Age (35-49),0.5443793517406963,0.5269362244897959,High,Medium,0,1,0,S4,Promo-Habituated Spenders
237,38,Male,Coat,Outerwear,68.0,North Dakota,L,Green,Winter,3.4,1,Next Day Air,1,1,39,Paypal,Fortnightly,0,26,promo_block,1768.0,0,0,1,0,1.0,1,0,0,0,Mid-Age (35-49),0.6772020808323329,0.4578775510204081,High,Medium,1,1,3,S0,General Buyers
238,50,Male,Dress,Clothing,90.0,Iowa,M,Beige,Summer,3.0,1,Store Pickup,1,1,36,Debit Card,Fortnightly,0,26,promo_block,2340.0,1,0,0,0,1.0,1,0,0,0,Senior (50-70),0.6268347338935575,0.5148214285714285,High,Medium,0,1,1,S4,Promo-Habituated Spenders
239,64,Male,Skirt,Clothing,34.0,Ohio,M,Peach,Fall,4.2,1,Free Shipping,1,1,5,Cash,Annually,0,1,promo_block,34.0,0,1,0,1,1.0,1,1,0,0,Senior (50-70),0.4104897959183674,0.1836581632653061,Medium,Low,0,0,1,S2,Promo-Dependent Buyers
240,49,Male,Pants,Clothing,51.0,Vermont,L,Yellow,Summer,2.9,1,Express,1,1,47,Credit Card,Bi-Weekly,0,26,promo_block,1326.0,0,0,1,0,1.0,1,0,0,1,Mid-Age (35-49),0.6861816726690677,0.3943188775510204,High,Low,1,1,1,S0,General Buyers
241,47,Male,Sweater,Clothing,45.0,Montana,Xl,Turquoise,Winter,3.5,1,Free Shipping,1,1,29,Bank Transfer,Fortnightly,0,26,promo_block,1170.0,0,0,0,0,1.0,1,0,0,0,Mid-Age (35-49),0.6239775910364145,0.3122321428571428,High,Low,0,0,1,S0,General Buyers
242,36,Male,Hoodie,Clothing,88.0,Delaware,M,Peach,Winter,4.1,1,Free Shipping,1,1,43,Venmo,Bi-Weekly,0,26,promo_block,2288.0,1,0,1,0,1.0,1,1,0,0,Mid-Age (35-49),0.7576918767507003,0.6077857142857143,High,High,0,1,1,S4,Promo-Habituated Spenders
243,55,Male,Coat,Outerwear,85.0,New York,L,Gray,Summer,4.3,1,Store Pickup,1,1,40,Debit Card,Every 3 Months,0,4,promo_block,340.0,1,0,1,0,1.0,1,1,0,0,Senior (50-70),0.6474813925570228,0.5913545918367347,High,Medium,0,1,3,S4,Promo-Habituated Spenders
244,25,Male,Jewelry,Accessories,100.0,Kentucky,M,Olive,Winter,2.8,1,2-Day Shipping,1,1,4,Debit Card,Monthly,0,12,promo_block,1200.0,1,0,0,1,1.0,1,0,0,1,Young Adult (25-34),0.3462889155662265,0.3833061224489795,Medium,Low,1,1,0,S4,Promo-Habituated Spenders
245,53,Male,Belt,Accessories,42.0,Oregon,S,Indigo,Spring,4.9,1,2-Day Shipping,1,1,39,Paypal,Weekly,0,52,promo_block,2184.0,0,0,1,0,1.0,1,1,1,0,Senior (50-70),0.92465306122449,0.4341275510204082,High,Medium,1,1,0,S0,General Buyers
246,49,Male,Sandals,Footwear,53.0,Rhode Island,L,Charcoal,Summer,3.3,1,Next Day Air,1,1,45,Venmo,Fortnightly,0,26,promo_block,1378.0,0,0,1,0,1.0,1,0,0,0,Mid-Age (35-49),0.7059367747098839,0.4168647959183673,High,Low,1,1,2,S0,General Buyers
247,35,Male,Sunglasses,Accessories,86.0,Nevada,Xl,Beige,Spring,3.2,1,Express,1,1,20,Venmo,Bi-Weekly,0,26,promo_block,2236.0,1,0,0,0,1.0,1,0,0,0,Mid-Age (35-49),0.544875550220088,0.427688775510204,High,Medium,1,1,0,S4,Promo-Habituated Spenders
248,29,Male,Sweater,Clothing,66.0,Montana,Xl,Brown,Spring,4.4,1,Standard,1,1,14,Debit Card,Weekly,0,52,promo_block,3432.0,0,0,0,0,1.0,1,1,0,0,Young Adult (25-34),0.731591836734694,0.3815765306122449,High,Low,0,1,1,S0,General Buyers
249,47,Male,Belt,Accessories,100.0,Pennsylvania,M,Blue,Winter,4.8,1,Express,1,1,33,Paypal,Weekly,0,52,promo_block,5200.0,1,0,0,0,1.0,1,1,1,0,Mid-Age (35-49),0.8799183673469388,0.6512653061224489,High,High,1,1,0,S4,Promo-Habituated Spenders
250,53,Male,Handbag,Accessories,47.0,Alaska,S,Teal,Fall,4.2,1,Standard,1,1,18,Credit Card,Annually,0,1,promo_block,47.0,0,0,0,0,1.0,1,1,0,0,Senior (50-70),0.4900816326530612,0.306859693877551,High,Low,0,1,0,S2,Promo-Dependent Buyers
251,33,Male,Skirt,Clothing,25.0,Mississippi,L,Black,Fall,4.0,1,Express,1,1,9,Bank Transfer,Weekly,0,52,promo_block,1300.0,0,1,0,1,1.0,1,1,0,0,Young Adult (25-34),0.6689795918367346,0.1526913265306122,High,Low,1,0,1,S2,Promo-Dependent Buyers
252,21,Male,Handbag,Accessories,51.0,Wyoming,Xl,Gold,Winter,2.5,1,Standard,1,1,34,Paypal,Annually,0,1,promo_block,51.0,0,0,0,0,1.0,1,0,0,1,Teen (18-24),0.4520408163265306,0.3039923469387755,Medium,Low,0,1,0,S0,General Buyers
253,32,Male,Shorts,Clothing,41.0,Delaware,M,Violet,Summer,3.9,1,Free Shipping,1,1,33,Venmo,Fortnightly,0,26,promo_block,1066.0,0,0,0,0,1.0,1,0,0,0,Young Adult (25-34),0.6804673869547819,0.3391403061224489,High,Low,0,1,1,S0,General Buyers
254,52,Male,Boots,Footwear,73.0,Oklahoma,L,Cyan,Winter,4.9,1,2-Day Shipping,1,1,15,Bank Transfer,Bi-Weekly,0,26,promo_block,1898.0,0,0,0,0,1.0,1,1,1,0,Senior (50-70),0.650263305322129,0.4473035714285714,High,Medium,1,0,2,S0,General Buyers
255,67,Male,Sunglasses,Accessories,42.0,Indiana,M,White,Winter,3.5,1,Store Pickup,1,1,4,Paypal,Bi-Weekly,0,26,promo_block,1092.0,0,0,0,1,1.0,1,0,0,0,Senior (50-70),0.4709163665466186,0.1715561224489796,High,Low,0,1,0,S2,Promo-Dependent Buyers
256,43,Male,Scarf,Accessories,20.0,Maryland,M,Charcoal,Spring,4.2,1,Free Shipping,1,1,25,Debit Card,Annually,0,1,promo_block,20.0,0,1,0,0,1.0,1,1,0,0,Mid-Age (35-49),0.5329387755102041,0.2244489795918367,High,Low,0,1,0,S0,General Buyers
257,58,Male,Jewelry,Accessories,30.0,South Dakota,Xl,Violet,Spring,4.7,1,Express,1,1,20,Credit Card,Every 3 Months,0,4,promo_block,120.0,0,1,0,0,1.0,1,1,1,0,Senior (50-70),0.5570324129651861,0.2726887755102041,High,Low,1,1,0,S2,Promo-Dependent Buyers
258,20,Male,Handbag,Accessories,53.0,West Virginia,M,Red,Summer,4.5,1,Express,1,1,5,Credit Card,Quarterly,0,4,promo_block,212.0,0,0,0,1,1.0,1,1,1,0,Teen (18-24),0.4491956782713086,0.284783163265306,Medium,Low,1,1,0,S2,Promo-Dependent Buyers
259,61,Male,Gloves,Accessories,74.0,Alabama,S,Lavender,Spring,2.8,1,Express,1,1,16,Cash,Quarterly,0,4,promo_block,296.0,0,0,0,0,1.0,1,0,0,1,Senior (50-70),0.3805426170468187,0.3307806122448979,Medium,Low,1,0,0,S0,General Buyers
260,32,Male,Jeans,Clothing,57.0,Louisiana,M,Gold,Fall,2.9,1,Standard,1,1,13,Debit Card,Annually,0,1,promo_block,57.0,0,0,0,1,1.0,1,0,0,1,Young Adult (25-34),0.355469387755102,0.2470994897959183,Medium,Low,0,1,1,S2,Promo-Dependent Buyers
261,38,Male,Hat,Accessories,57.0,Montana,S,Red,Winter,3.2,1,2-Day Shipping,1,1,11,Credit Card,Every 3 Months,0,4,promo_block,228.0,0,0,0,1,1.0,1,0,0,0,Mid-Age (35-49),0.3819303721488596,0.2548954081632653,Medium,Low,1,1,0,S2,Promo-Dependent Buyers
262,21,Male,Jeans,Clothing,77.0,California,L,Magenta,Winter,4.9,1,Standard,1,1,21,Credit Card,Annually,0,1,promo_block,77.0,0,0,0,0,1.0,1,1,1,0,Teen (18-24),0.5644489795918368,0.4954158163265306,High,Medium,0,1,1,S0,General Buyers
263,37,Male,Pants,Clothing,40.0,Hawaii,M,Teal,Summer,3.8,1,Next Day Air,1,1,6,Debit Card,Annually,1,1,promo_block,40.0,0,0,0,1,1.0,1,0,0,0,Mid-Age (35-49),0.3846122448979591,0.1910102040816326,Medium,Low,1,1,1,S2,Promo-Dependent Buyers
264,27,Male,Shorts,Clothing,46.0,Iowa,M,Purple,Summer,4.3,1,Store Pickup,1,1,29,Venmo,Monthly,0,12,promo_block,552.0,0,0,0,0,1.0,1,1,0,0,Young Adult (25-34),0.6193501400560224,0.3646071428571428,High,Low,0,1,1,S0,General Buyers
265,36,Male,Pants,Clothing,78.0,Colorado,S,Charcoal,Fall,3.9,1,Store Pickup,1,1,15,Cash,Annually,0,1,promo_block,78.0,0,0,0,0,1.0,1,0,0,0,Mid-Age (35-49),0.4477142857142857,0.4091785714285714,Medium,Low,0,0,1,S0,General Buyers
266,32,Male,Backpack,Accessories,59.0,Michigan,M,Gray,Spring,3.2,1,2-Day Shipping,1,1,17,Bank Transfer,Bi-Weekly,0,26,promo_block,1534.0,0,0,0,0,1.0,1,0,0,0,Young Adult (25-34),0.5265082032813125,0.2942576530612245,High,Low,1,0,0,S2,Promo-Dependent Buyers
267,51,Male,Jewelry,Accessories,75.0,Louisiana,L,White,Summer,3.1,1,Express,1,1,32,Credit Card,Weekly,0,52,promo_block,3900.0,0,0,0,0,1.0,1,0,0,0,Senior (50-70),0.737795918367347,0.4347882653061224,High,Medium,1,1,0,S0,General Buyers
268,64,Male,Sweater,Clothing,54.0,Maryland,M,Olive,Spring,3.9,1,2-Day Shipping,1,1,42,Venmo,Annually,0,1,promo_block,54.0,0,0,1,0,1.0,1,0,0,0,Senior (50-70),0.6130204081632653,0.4419336734693877,High,Medium,1,1,1,S0,General Buyers
269,68,Male,Shoes,Footwear,42.0,Georgia,M,Charcoal,Spring,2.6,1,Store Pickup,1,1,21,Cash,Monthly,0,12,promo_block,504.0,0,0,0,0,1.0,1,0,0,1,Senior (50-70),0.4343705482192878,0.2042908163265306,Medium,Low,0,0,2,S2,Promo-Dependent Buyers
270,68,Male,Blouse,Clothing,44.0,Georgia,M,Charcoal,Winter,3.3,1,Next Day Air,1,1,9,Cash,Bi-Weekly,0,26,promo_block,1144.0,0,0,0,1,1.0,1,0,0,0,Senior (50-70),0.4855286114445778,0.1938163265306122,High,Low,1,0,1,S2,Promo-Dependent Buyers
271,33,Male,Jeans,Clothing,52.0,North Dakota,Xl,Orange,Fall,4.6,1,Free Shipping,1,1,16,Bank Transfer,Annually,0,1,promo_block,52.0,0,0,0,0,1.0,1,1,1,0,Young Adult (25-34),0.5098367346938775,0.3425306122448979,High,Low,0,0,1,S2,Promo-Dependent Buyers
272,65,Male,Sunglasses,Accessories,69.0,Maryland,Xl,Yellow,Summer,4.6,1,Express,1,1,42,Credit Card,Fortnightly,0,26,promo_block,1794.0,0,0,1,0,1.0,1,1,1,0,Senior (50-70),0.7915694277711085,0.5495586734693878,High,Medium,1,1,0,S0,General Buyers
273,48,Male,Jewelry,Accessories,26.0,Oregon,M,Beige,Summer,4.4,1,2-Day Shipping,1,1,37,Debit Card,Bi-Weekly,0,26,promo_block,676.0,0,1,0,0,1.0,1,1,0,0,Mid-Age (35-49),0.7449571828731493,0.3239234693877551,High,Low,1,1,0,S0,General Buyers
274,69,Male,Coat,Outerwear,33.0,North Dakota,S,Silver,Spring,4.2,1,Express,1,1,32,Debit Card,Quarterly,0,4,promo_block,132.0,0,1,0,0,1.0,1,1,0,0,Senior (50-70),0.5905018007202881,0.3170382653061224,High,Low,1,1,3,S0,General Buyers
275,59,Male,Jewelry,Accessories,32.0,Maryland,M,Indigo,Spring,3.0,1,Express,1,1,28,Cash,Bi-Weekly,0,26,promo_block,832.0,0,1,0,0,1.0,1,0,0,0,Senior (50-70),0.5778551420568228,0.2202551020408163,High,Low,1,0,0,S0,General Buyers
276,48,Male,Backpack,Accessories,85.0,Virginia,Xl,Lavender,Winter,4.0,1,Express,1,1,13,Credit Card,Weekly,0,52,promo_block,4420.0,1,0,0,1,1.0,1,1,0,0,Mid-Age (35-49),0.693469387755102,0.4355994897959183,High,Medium,1,1,0,S4,Promo-Habituated Spenders
277,25,Male,Skirt,Clothing,30.0,South Dakota,Xl,Turquoise,Fall,3.5,1,Express,1,1,11,Bank Transfer,Fortnightly,0,26,promo_block,780.0,0,1,0,1,1.0,1,0,0,0,Young Adult (25-34),0.5137735094037615,0.1547704081632653,High,Low,1,0,1,S2,Promo-Dependent Buyers
278,29,Male,Shirt,Clothing,29.0,Georgia,M,Green,Winter,3.0,1,Store Pickup,1,1,36,Bank Transfer,Bi-Weekly,0,26,promo_block,754.0,0,1,0,0,1.0,1,0,0,0,Young Adult (25-34),0.6268347338935575,0.2479464285714285,High,Low,0,0,1,S0,General Buyers
279,57,Male,Sweater,Clothing,95.0,Hawaii,M,Orange,Spring,3.7,1,Express,1,1,23,Debit Card,Annually,0,1,promo_block,95.0,1,0,0,0,1.0,1,0,0,0,Senior (50-70),0.4806938775510204,0.5123698979591838,High,Medium,1,1,1,S4,Promo-Habituated Spenders
280,23,Male,Sneakers,Footwear,69.0,Arkansas,L,Turquoise,Summer,4.0,1,Standard,1,1,37,Bank Transfer,Monthly,0,12,promo_block,828.0,0,0,0,0,1.0,1,1,0,0,Teen (18-24),0.6443297318927571,0.4880484693877551,High,Medium,0,0,2,S0,General Buyers
281,45,Male,Sandals,Footwear,69.0,Montana,S,Cyan,Fall,4.2,1,2-Day Shipping,1,1,21,Cash,Bi-Weekly,0,26,promo_block,1794.0,0,0,0,0,1.0,1,1,0,0,Mid-Age (35-49),0.6309979991996799,0.4184158163265306,High,Low,1,0,2,S0,General Buyers
282,38,Male,Belt,Accessories,61.0,Oklahoma,Xl,Charcoal,Spring,2.5,1,Standard,1,1,22,Debit Card,Bi-Weekly,0,26,promo_block,1586.0,0,0,0,0,1.0,1,0,0,1,Mid-Age (35-49),0.5011204481792717,0.2865178571428571,High,Low,0,1,0,S0,General Buyers
283,21,Male,Skirt,Clothing,94.0,Minnesota,M,Teal,Summer,3.0,1,2-Day Shipping,1,1,9,Cash,Monthly,0,12,promo_block,1128.0,1,0,0,1,1.0,1,0,0,0,Teen (18-24),0.3929011604641856,0.3945663265306122,Medium,Low,1,0,1,S4,Promo-Habituated Spenders
284,32,Male,Sweater,Clothing,30.0,Montana,S,Maroon,Fall,3.2,1,Next Day Air,1,1,16,Venmo,Annually,0,1,promo_block,30.0,0,1,0,0,1.0,1,0,0,0,Young Adult (25-34),0.3978367346938776,0.1622806122448979,Medium,Low,1,1,1,S2,Promo-Dependent Buyers
285,63,Male,Skirt,Clothing,45.0,Ohio,M,Red,Summer,3.5,1,Standard,1,1,4,Paypal,Quarterly,0,4,promo_block,180.0,0,0,0,1,1.0,1,0,0,0,Senior (50-70),0.3630732292917167,0.1846811224489796,Medium,Low,0,1,1,S2,Promo-Dependent Buyers
286,29,Male,Handbag,Accessories,39.0,Kentucky,Xl,Yellow,Summer,4.8,1,Express,1,1,3,Debit Card,Bi-Weekly,0,26,promo_block,1014.0,0,1,0,1,1.0,1,1,1,0,Young Adult (25-34),0.5687939175670268,0.231329081632653,High,Low,1,1,0,S2,Promo-Dependent Buyers
287,27,Male,Jewelry,Accessories,51.0,Nebraska,L,Gray,Summer,2.6,1,Store Pickup,1,1,6,Debit Card,Annually,0,1,promo_block,51.0,0,0,0,1,1.0,1,0,0,1,Young Adult (25-34),0.2886122448979591,0.1671352040816326,Low,Low,0,1,0,S2,Promo-Dependent Buyers
288,56,Male,Scarf,Accessories,37.0,Delaware,L,Blue,Spring,3.4,1,2-Day Shipping,1,1,18,Venmo,Fortnightly,0,26,promo_block,962.0,0,1,0,0,1.0,1,0,0,0,Senior (50-70),0.5486306522609044,0.215109693877551,High,Low,1,1,0,S2,Promo-Dependent Buyers
289,30,Male,T-Shirt,Clothing,62.0,North Carolina,M,Lavender,Winter,3.7,1,2-Day Shipping,1,1,34,Venmo,Bi-Weekly,0,26,promo_block,1612.0,0,0,0,0,1.0,1,0,0,0,Young Adult (25-34),0.6705898359343738,0.4241173469387755,High,Low,1,1,1,S0,General Buyers
290,49,Male,Coat,Outerwear,85.0,New York,M,Yellow,Fall,4.5,1,2-Day Shipping,1,1,26,Credit Card,Monthly,0,12,promo_block,1020.0,1,0,0,0,1.0,1,1,1,0,Mid-Age (35-49),0.6169827931172469,0.5319260204081633,High,Medium,1,1,3,S4,Promo-Habituated Spenders
291,58,Male,T-Shirt,Clothing,33.0,Colorado,M,Indigo,Winter,3.7,1,Standard,1,1,50,Paypal,Weekly,0,52,promo_block,1716.0,0,1,1,0,1.0,1,0,0,0,Senior (50-70),0.8960000000000001,0.378875,High,Low,0,1,1,S0,General Buyers
292,57,Male,Dress,Clothing,26.0,Delaware,Xl,Violet,Fall,3.3,1,Next Day Air,1,1,40,Bank Transfer,Monthly,0,12,promo_block,312.0,0,1,1,0,1.0,1,0,0,0,Senior (50-70),0.6066970788315326,0.2732295918367347,High,Low,1,0,1,S0,General Buyers
293,60,Male,Shoes,Footwear,99.0,Utah,M,Green,Spring,4.7,1,Free Shipping,1,1,24,Cash,Quarterly,0,4,promo_block,396.0,1,0,0,0,1.0,1,1,1,0,Senior (50-70),0.5815222088835534,0.5949719387755102,High,Medium,0,0,2,S4,Promo-Habituated Spenders
294,69,Male,Handbag,Accessories,39.0,Connecticut,M,White,Spring,2.7,1,Express,1,1,33,Paypal,Annually,0,1,promo_block,39.0,0,1,0,0,1.0,1,0,0,1,Senior (50-70),0.4619183673469388,0.2583903061224489,High,Low,1,1,0,S0,General Buyers
295,70,Male,Skirt,Clothing,20.0,New Jersey,M,Gold,Spring,4.6,1,Store Pickup,1,1,19,Credit Card,Every 3 Months,0,4,promo_block,80.0,0,1,0,0,1.0,1,1,1,0,Senior (50-70),0.5429099639855942,0.2178367346938775,High,Low,0,1,1,S2,Promo-Dependent Buyers
296,53,Male,Sunglasses,Accessories,42.0,West Virginia,M,Indigo,Winter,2.7,1,Store Pickup,1,1,24,Credit Card,Quarterly,0,4,promo_block,168.0,0,0,0,0,1.0,1,0,0,1,Senior (50-70),0.4215222088835534,0.2255969387755102,Medium,Low,0,1,0,S2,Promo-Dependent Buyers
297,25,Male,Sandals,Footwear,74.0,Indiana,S,Lavender,Spring,4.8,1,2-Day Shipping,1,1,19,Credit Card,Weekly,0,52,promo_block,3848.0,0,0,0,0,1.0,1,1,1,0,Young Adult (25-34),0.794204081632653,0.4660867346938775,High,Medium,1,1,2,S0,General Buyers
298,48,Male,Shoes,Footwear,26.0,Delaware,Xl,Purple,Summer,4.4,1,Standard,1,1,4,Credit Card,Bi-Weekly,0,26,promo_block,676.0,0,1,0,1,1.0,1,1,0,0,Mid-Age (35-49),0.5429163665466187,0.1555561224489796,High,Low,0,1,2,S2,Promo-Dependent Buyers
299,69,Male,T-Shirt,Clothing,53.0,Maryland,M,Lavender,Winter,4.0,1,Standard,1,1,11,Venmo,Every 3 Months,0,4,promo_block,212.0,0,0,0,1,1.0,1,1,0,0,Senior (50-70),0.4459303721488595,0.2853954081632652,Medium,Low,0,1,1,S2,Promo-Dependent Buyers
300,25,Male,Sneakers,Footwear,80.0,Pennsylvania,M,Maroon,Summer,3.2,1,Next Day Air,1,1,28,Paypal,Fortnightly,0,26,promo_block,2080.0,0,0,0,0,1.0,1,0,0,0,Young Adult (25-34),0.5938551420568228,0.4422551020408163,High,Medium,1,1,2,S0,General Buyers
301,29,Male,Hat,Accessories,98.0,Iowa,M,Teal,Spring,4.4,1,Store Pickup,1,1,24,Paypal,Weekly,0,52,promo_block,5096.0,1,0,0,0,1.0,1,1,0,0,Young Adult (25-34),0.7928163265306123,0.5725969387755102,High,Medium,0,1,0,S4,Promo-Habituated Spenders
302,46,Male,Skirt,Clothing,95.0,Pennsylvania,M,Green,Spring,3.8,1,Standard,1,1,25,Credit Card,Every 3 Months,0,4,promo_block,380.0,1,0,0,0,1.0,1,0,0,0,Mid-Age (35-49),0.5156446578631453,0.5285739795918367,High,Medium,0,1,1,S4,Promo-Habituated Spenders
303,37,Male,Sweater,Clothing,44.0,Delaware,L,Olive,Summer,3.6,1,Express,1,1,27,Bank Transfer,Every 3 Months,0,4,promo_block,176.0,0,0,0,0,1.0,1,0,0,0,Mid-Age (35-49),0.511889555822329,0.3036530612244898,High,Low,1,0,1,S0,General Buyers
304,20,Male,Sandals,Footwear,60.0,Oregon,M,Turquoise,Summer,3.3,1,Next Day Air,1,1,49,Venmo,Weekly,0,52,promo_block,3120.0,0,0,1,0,1.0,1,0,0,0,Teen (18-24),0.8578775510204081,0.4678979591836734,High,Medium,1,1,2,S0,General Buyers
305,40,Male,Dress,Clothing,84.0,Oregon,M,Green,Winter,3.4,1,Next Day Air,1,1,45,Credit Card,Bi-Weekly,0,26,promo_block,2184.0,1,0,1,0,1.0,1,0,0,0,Mid-Age (35-49),0.7139367747098839,0.5584897959183673,High,Medium,1,1,1,S4,Promo-Habituated Spenders
306,60,Male,Sweater,Clothing,59.0,Utah,M,Teal,Fall,3.5,1,2-Day Shipping,1,1,26,Paypal,Annually,0,1,promo_block,59.0,0,0,0,0,1.0,1,0,0,0,Senior (50-70),0.4830612244897959,0.3581760204081632,High,Low,1,1,1,S0,General Buyers
307,26,Male,Jacket,Outerwear,49.0,North Dakota,S,White,Summer,3.6,1,Express,1,1,4,Cash,Annually,0,1,promo_block,49.0,0,0,0,1,1.0,1,0,0,0,Young Adult (25-34),0.3563673469387755,0.2081811224489795,Medium,Low,1,0,3,S2,Promo-Dependent Buyers
308,29,Male,Gloves,Accessories,32.0,Florida,M,Orange,Winter,3.2,1,Free Shipping,1,1,3,Credit Card,Every 3 Months,0,4,promo_block,128.0,0,1,0,1,1.0,1,0,0,0,Young Adult (25-34),0.3329507803121249,0.104704081632653,Medium,Low,0,1,0,S2,Promo-Dependent Buyers
309,66,Male,Handbag,Accessories,29.0,Maryland,M,Beige,Fall,3.7,1,Standard,1,1,45,Venmo,Bi-Weekly,0,26,promo_block,754.0,0,1,1,0,1.0,1,0,0,0,Senior (50-70),0.737936774709884,0.3358647959183674,High,Low,0,1,0,S0,General Buyers
310,66,Male,Dress,Clothing,22.0,Minnesota,M,Yellow,Spring,4.5,1,Standard,1,1,21,Cash,Fortnightly,0,26,promo_block,572.0,0,1,0,0,1.0,1,1,1,0,Senior (50-70),0.6549979991996799,0.2307908163265306,High,Low,0,0,1,S2,Promo-Dependent Buyers
311,56,Male,Pants,Clothing,85.0,Montana,M,Charcoal,Winter,4.6,1,Standard,1,1,50,Cash,Fortnightly,0,26,promo_block,2210.0,1,0,1,0,1.0,1,1,1,0,Senior (50-70),0.8405490196078431,0.660375,High,High,0,0,1,S4,Promo-Habituated Spenders
312,69,Male,Jeans,Clothing,52.0,Rhode Island,L,Silver,Winter,4.1,1,Store Pickup,1,1,19,Bank Transfer,Monthly,0,12,promo_block,624.0,0,0,0,0,1.0,1,1,0,0,Senior (50-70),0.5421256502601041,0.3278367346938775,High,Low,0,0,1,S2,Promo-Dependent Buyers
313,38,Male,Pants,Clothing,89.0,Massachusetts,L,Green,Spring,3.4,1,Next Day Air,1,1,6,Paypal,Annually,0,1,promo_block,89.0,1,0,0,1,1.0,1,0,0,0,Mid-Age (35-49),0.3526122448979591,0.3813852040816326,Medium,Low,1,1,1,S4,Promo-Habituated Spenders
314,42,Male,Dress,Clothing,77.0,Vermont,M,Pink,Spring,3.7,1,Express,1,1,50,Credit Card,Every 3 Months,0,4,promo_block,308.0,0,0,1,0,1.0,1,0,0,0,Mid-Age (35-49),0.6607058823529413,0.571375,High,Medium,1,1,1,S0,General Buyers
315,30,Male,Pants,Clothing,24.0,New Jersey,M,Purple,Summer,3.3,1,Store Pickup,1,1,17,Debit Card,Every 3 Months,0,4,promo_block,96.0,0,1,0,0,1.0,1,0,0,0,Young Adult (25-34),0.4266650660264106,0.1471326530612244,Medium,Low,0,1,1,S2,Promo-Dependent Buyers
316,66,Male,Jewelry,Accessories,24.0,Wisconsin,Xl,Orange,Spring,4.5,1,Express,1,1,24,Debit Card,Annually,0,1,promo_block,24.0,0,1,0,0,1.0,1,1,1,0,Senior (50-70),0.5508163265306123,0.2548469387755102,High,Low,1,1,0,S2,Promo-Dependent Buyers
317,36,Male,Handbag,Accessories,22.0,California,M,Charcoal,Fall,3.3,1,Free Shipping,1,1,46,Venmo,Monthly,0,12,promo_block,264.0,0,1,1,0,1.0,1,0,0,0,Mid-Age (35-49),0.6434317727090836,0.2863418367346939,High,Low,0,1,0,S0,General Buyers
318,58,Male,Sweater,Clothing,82.0,West Virginia,L,Teal,Fall,4.3,1,Standard,1,1,42,Cash,Every 3 Months,0,4,promo_block,328.0,1,0,1,0,1.0,1,1,0,0,Senior (50-70),0.6597262905162065,0.5884336734693878,High,Medium,0,0,1,S4,Promo-Habituated Spenders
319,45,Male,Backpack,Accessories,67.0,South Dakota,M,Beige,Winter,2.5,1,Standard,1,1,10,Cash,Annually,0,1,promo_block,67.0,0,0,0,1,1.0,1,0,0,1,Mid-Age (35-49),0.3051020408163265,0.2515433673469388,Medium,Low,0,0,0,S0,General Buyers
320,47,Male,Shorts,Clothing,74.0,Maine,Xl,White,Spring,2.6,1,Standard,1,1,1,Cash,Every 3 Months,0,4,promo_block,296.0,0,0,0,1,1.0,1,0,0,1,Mid-Age (35-49),0.2727058823529412,0.24225,Low,Low,0,0,1,S0,General Buyers
321,66,Male,Jewelry,Accessories,72.0,Kansas,L,White,Summer,4.9,1,Standard,1,1,28,Debit Card,Quarterly,0,4,promo_block,288.0,0,0,0,0,1.0,1,1,1,0,Senior (50-70),0.6220120048019209,0.5092551020408163,High,Medium,0,1,0,S0,General Buyers
322,41,Male,Sneakers,Footwear,36.0,Vermont,L,Orange,Summer,4.7,1,Free Shipping,1,1,48,Debit Card,Quarterly,0,4,promo_block,144.0,0,1,1,0,1.0,1,1,1,0,Mid-Age (35-49),0.7284609843937574,0.4417959183673469,High,Medium,0,1,2,S0,General Buyers
323,41,Male,Belt,Accessories,95.0,Tennessee,S,Cyan,Winter,3.0,1,Standard,1,1,47,Credit Card,Monthly,0,12,promo_block,1140.0,1,0,1,0,1.0,1,0,0,0,Mid-Age (35-49),0.6255542216886756,0.5928188775510205,High,Medium,0,1,0,S4,Promo-Habituated Spenders
324,66,Male,Hoodie,Clothing,78.0,Tennessee,M,Orange,Winter,3.5,1,Next Day Air,1,1,29,Paypal,Bi-Weekly,0,26,promo_block,2028.0,0,0,0,0,1.0,1,0,0,0,Senior (50-70),0.6239775910364145,0.4566071428571428,High,Medium,1,1,1,S0,General Buyers
325,37,Male,Shirt,Clothing,82.0,Wyoming,M,Olive,Summer,4.8,1,Standard,1,1,37,Venmo,Quarterly,0,4,promo_block,328.0,1,0,0,0,1.0,1,1,1,0,Mid-Age (35-49),0.6691140456182473,0.5929234693877551,High,Medium,0,1,1,S4,Promo-Habituated Spenders
326,70,Male,Pants,Clothing,70.0,Vermont,M,Charcoal,Winter,4.3,1,Free Shipping,1,1,38,Debit Card,Annually,0,1,promo_block,70.0,0,0,1,0,1.0,1,1,0,0,Senior (50-70),0.6205306122448979,0.5155255102040817,High,Medium,0,1,1,S0,General Buyers
327,62,Male,Scarf,Accessories,41.0,New Jersey,M,White,Fall,3.2,1,Store Pickup,1,1,48,Bank Transfer,Weekly,0,52,promo_block,2132.0,0,0,1,0,1.0,1,0,0,0,Senior (50-70),0.8437551020408163,0.3736709183673469,High,Low,0,0,0,S0,General Buyers
328,61,Male,Coat,Outerwear,42.0,Iowa,M,Teal,Summer,3.1,1,Free Shipping,1,1,36,Paypal,Weekly,0,52,promo_block,2184.0,0,0,0,0,1.0,1,0,0,0,Senior (50-70),0.7622857142857143,0.3108214285714286,High,Low,0,1,3,S0,General Buyers
329,48,Male,Coat,Outerwear,50.0,Florida,M,Yellow,Fall,2.8,1,Free Shipping,1,1,9,Credit Card,Weekly,0,52,promo_block,2600.0,0,0,0,1,1.0,1,0,0,1,Mid-Age (35-49),0.5729795918367346,0.1900663265306122,High,Low,0,1,3,S2,Promo-Dependent Buyers
330,70,Male,Socks,Clothing,31.0,Nevada,S,White,Summer,2.9,1,2-Day Shipping,1,1,34,Bank Transfer,Monthly,0,12,promo_block,372.0,0,1,0,0,1.0,1,0,0,1,Senior (50-70),0.5379623849539816,0.2404923469387755,High,Low,1,0,1,S0,General Buyers
331,46,Male,Sweater,Clothing,51.0,North Dakota,M,Beige,Winter,3.8,1,Express,1,1,43,Venmo,Bi-Weekly,1,26,promo_block,1326.0,0,0,1,0,1.0,1,0,0,0,Mid-Age (35-49),0.7336918767507002,0.4279107142857142,High,Medium,1,1,1,S0,General Buyers
332,31,Male,Shirt,Clothing,98.0,Florida,L,Beige,Fall,3.3,1,Store Pickup,1,1,46,Paypal,Quarterly,0,4,promo_block,392.0,1,0,1,0,1.0,1,0,0,0,Young Adult (25-34),0.6042160864345737,0.618841836734694,High,High,0,1,1,S4,Promo-Habituated Spenders
333,19,Male,Shirt,Clothing,86.0,New York,M,Maroon,Winter,2.8,1,2-Day Shipping,1,1,5,Credit Card,Monthly,0,12,promo_block,1032.0,1,0,0,1,1.0,1,0,0,1,Teen (18-24),0.3524113645458183,0.3271581632653061,Medium,Low,1,1,1,S4,Promo-Habituated Spenders
334,39,Male,Sweater,Clothing,64.0,Alaska,M,Teal,Winter,4.5,1,Standard,1,1,15,Bank Transfer,Bi-Weekly,0,26,promo_block,1664.0,0,0,0,0,1.0,1,1,1,0,Mid-Age (35-49),0.6182633053221289,0.3839285714285714,High,Low,0,0,1,S0,General Buyers
335,41,Male,Blouse,Clothing,46.0,Kansas,M,Lavender,Fall,2.6,1,Next Day Air,1,1,30,Credit Card,Annually,0,1,promo_block,46.0,0,0,0,0,1.0,1,0,0,1,Mid-Age (35-49),0.4355510204081633,0.2677091836734694,Medium,Low,1,1,1,S0,General Buyers
336,20,Male,Sweater,Clothing,85.0,Oregon,L,Maroon,Spring,3.7,1,Standard,1,1,44,Venmo,Every 3 Months,0,4,promo_block,340.0,1,0,1,0,1.0,1,0,0,0,Teen (18-24),0.6239711884753902,0.5757627551020408,High,Medium,0,1,1,S4,Promo-Habituated Spenders
337,36,Male,Hat,Accessories,81.0,Rhode Island,S,Orange,Fall,4.4,1,Express,1,1,16,Paypal,Annually,0,1,promo_block,81.0,1,0,0,0,1.0,1,1,0,0,Mid-Age (35-49),0.4938367346938775,0.4574056122448979,High,Medium,1,1,0,S4,Promo-Habituated Spenders
338,32,Male,Sweater,Clothing,59.0,New Mexico,M,Cyan,Winter,4.3,1,2-Day Shipping,1,1,16,Bank Transfer,Annually,0,1,promo_block,59.0,0,0,0,0,1.0,1,1,0,0,Young Adult (25-34),0.4858367346938775,0.3551556122448979,High,Low,1,0,1,S2,Promo-Dependent Buyers
339,69,Male,Hoodie,Clothing,79.0,Massachusetts,M,Silver,Winter,3.5,1,Express,1,1,16,Cash,Weekly,0,52,promo_block,4108.0,0,0,0,0,1.0,1,0,0,0,Senior (50-70),0.6718367346938776,0.3946556122448979,High,Low,1,0,1,S0,General Buyers
340,40,Male,Shorts,Clothing,33.0,Pennsylvania,M,Teal,Spring,3.8,1,2-Day Shipping,1,1,21,Credit Card,Every 3 Months,0,4,promo_block,132.0,0,1,0,0,1.0,1,0,0,0,Mid-Age (35-49),0.4911548619447779,0.2369158163265306,High,Low,1,1,1,S2,Promo-Dependent Buyers
341,40,Male,Shorts,Clothing,47.0,New Jersey,L,Blue,Summer,3.5,1,Express,1,1,39,Venmo,Every 3 Months,0,4,promo_block,188.0,0,0,1,0,1.0,1,0,0,0,Mid-Age (35-49),0.577358943577431,0.3720025510204081,High,Low,1,1,1,S0,General Buyers
342,20,Male,Hat,Accessories,20.0,Utah,S,Blue,Summer,4.6,1,Store Pickup,1,1,40,Debit Card,Bi-Weekly,0,26,promo_block,520.0,0,1,1,0,1.0,1,1,1,0,Teen (18-24),0.7793245298119247,0.3249795918367346,High,Low,0,1,0,S0,General Buyers
343,64,Male,Coat,Outerwear,36.0,Kentucky,M,Olive,Spring,2.6,1,Next Day Air,1,1,48,Credit Card,Every 3 Months,0,4,promo_block,144.0,0,1,1,0,1.0,1,0,0,1,Senior (50-70),0.5604609843937574,0.3157959183673469,High,Low,1,1,3,S0,General Buyers
344,27,Male,Sandals,Footwear,39.0,Nebraska,M,Purple,Summer,4.4,1,Next Day Air,1,1,26,Venmo,Monthly,0,12,promo_block,468.0,0,1,0,0,1.0,1,1,0,0,Young Adult (25-34),0.6089827931172469,0.3246760204081632,High,Low,1,1,2,S0,General Buyers
345,24,Male,Skirt,Clothing,71.0,Virginia,M,Charcoal,Winter,4.0,1,Standard,1,1,46,Debit Card,Monthly,0,12,promo_block,852.0,0,0,1,0,1.0,1,1,0,0,Teen (18-24),0.6994317727090836,0.5427168367346938,High,Medium,0,1,1,S0,General Buyers
346,48,Male,Shoes,Footwear,59.0,Wyoming,S,Olive,Winter,4.4,1,Next Day Air,1,1,27,Bank Transfer,Annually,0,1,promo_block,59.0,0,0,0,0,1.0,1,1,0,0,Mid-Age (35-49),0.5611836734693878,0.4172780612244898,High,Low,1,0,2,S0,General Buyers
347,49,Male,Jeans,Clothing,50.0,New Mexico,L,Violet,Spring,4.7,1,Next Day Air,1,1,5,Cash,Weekly,0,52,promo_block,2600.0,0,0,0,1,1.0,1,1,1,0,Mid-Age (35-49),0.7004897959183675,0.2836581632653061,High,Low,1,0,1,S2,Promo-Dependent Buyers
348,36,Male,Sandals,Footwear,41.0,Oregon,L,Red,Fall,3.9,1,Store Pickup,1,1,43,Paypal,Fortnightly,0,26,promo_block,1066.0,0,0,1,0,1.0,1,0,0,0,Mid-Age (35-49),0.7416918767507003,0.3901607142857143,High,Low,0,1,2,S0,General Buyers
349,56,Male,Blouse,Clothing,59.0,South Carolina,M,Beige,Fall,2.7,1,Free Shipping,1,1,17,Paypal,Fortnightly,0,26,promo_block,1534.0,0,0,0,0,1.0,1,0,0,1,Senior (50-70),0.4865082032813125,0.2642576530612245,High,Low,0,1,1,S2,Promo-Dependent Buyers
350,37,Male,Hat,Accessories,87.0,Arizona,M,Green,Winter,3.7,1,2-Day Shipping,1,1,3,Bank Transfer,Bi-Weekly,0,26,promo_block,2262.0,1,0,0,1,1.0,1,0,0,0,Mid-Age (35-49),0.4807939175670268,0.375329081632653,High,Low,1,0,0,S4,Promo-Habituated Spenders
351,42,Male,Sweater,Clothing,68.0,Kentucky,M,Violet,Spring,2.6,1,2-Day Shipping,1,1,47,Bank Transfer,Fortnightly,0,26,promo_block,1768.0,0,0,1,0,1.0,1,0,0,1,Mid-Age (35-49),0.6621816726690677,0.4506938775510204,High,Medium,1,0,1,S0,General Buyers
352,28,Male,Skirt,Clothing,90.0,New York,M,Teal,Winter,3.9,1,Standard,1,1,24,Debit Card,Bi-Weekly,0,26,promo_block,2340.0,1,0,0,0,1.0,1,0,0,0,Young Adult (25-34),0.6253653461384554,0.5075969387755102,High,Medium,0,1,1,S4,Promo-Habituated Spenders
353,27,Male,Jeans,Clothing,71.0,Texas,Xl,Yellow,Fall,4.9,1,Next Day Air,1,1,12,Cash,Every 3 Months,0,4,promo_block,284.0,0,0,0,1,1.0,1,1,1,0,Young Adult (25-34),0.5240528211284514,0.4232474489795918,High,Low,1,0,1,S0,General Buyers
354,63,Male,Sneakers,Footwear,64.0,Missouri,L,Yellow,Fall,4.1,1,Store Pickup,1,1,35,Debit Card,Monthly,0,12,promo_block,768.0,0,0,0,0,1.0,1,1,0,0,Senior (50-70),0.6400848339335734,0.461969387755102,High,Medium,0,1,2,S0,General Buyers
355,58,Male,Jewelry,Accessories,76.0,Pennsylvania,S,Olive,Fall,3.0,1,Free Shipping,1,1,42,Venmo,Weekly,0,52,promo_block,3952.0,0,0,1,0,1.0,1,0,0,0,Senior (50-70),0.7910204081632654,0.4841836734693877,High,Medium,0,1,0,S0,General Buyers
356,37,Male,Jewelry,Accessories,42.0,Oregon,Xl,Magenta,Fall,4.1,1,2-Day Shipping,1,1,1,Paypal,Every 3 Months,0,4,promo_block,168.0,0,0,0,1,1.0,1,1,0,0,Mid-Age (35-49),0.3927058823529411,0.1922499999999999,Medium,Low,1,1,0,S2,Promo-Dependent Buyers
357,56,Male,Pants,Clothing,80.0,Nevada,L,Black,Spring,3.8,1,Standard,1,1,27,Cash,Weekly,1,52,promo_block,4160.0,0,0,0,0,1.0,1,0,0,0,Senior (50-70),0.7631836734693878,0.4731530612244897,High,Medium,0,0,1,S0,General Buyers
358,18,Male,Belt,Accessories,56.0,Arkansas,M,Olive,Spring,4.0,1,Standard,1,1,16,Credit Card,Bi-Weekly,0,26,promo_block,1456.0,0,0,0,0,1.0,1,1,0,0,Teen (18-24),0.5843857543017207,0.3240306122448979,High,Low,0,1,0,S2,Promo-Dependent Buyers
359,48,Male,Hat,Accessories,25.0,Minnesota,Xl,Magenta,Summer,3.6,1,Express,1,1,36,Credit Card,Every 3 Months,0,4,promo_block,100.0,0,1,0,0,1.0,1,0,0,0,Mid-Age (35-49),0.5669915966386555,0.2664464285714286,High,Low,1,1,0,S0,General Buyers
360,31,Male,Sneakers,Footwear,74.0,Georgia,M,Olive,Winter,3.0,1,Store Pickup,1,1,30,Credit Card,Every 3 Months,0,4,promo_block,296.0,0,0,0,0,1.0,1,0,0,0,Young Adult (25-34),0.4822569027611044,0.4142091836734693,High,Low,0,1,2,S0,General Buyers
361,51,Male,Pants,Clothing,30.0,Rhode Island,M,Teal,Summer,3.0,1,Standard,1,1,18,Debit Card,Fortnightly,0,26,promo_block,780.0,0,1,0,0,1.0,1,0,0,0,Senior (50-70),0.5166306522609044,0.160484693877551,High,Low,0,1,1,S2,Promo-Dependent Buyers
362,65,Male,T-Shirt,Clothing,96.0,Nevada,M,White,Spring,2.6,1,Free Shipping,1,1,45,Cash,Annually,0,1,promo_block,96.0,1,0,1,0,1.0,1,0,0,1,Senior (50-70),0.5273877551020408,0.5629897959183673,High,Medium,0,0,1,S4,Promo-Habituated Spenders
363,53,Male,Sneakers,Footwear,64.0,Texas,M,Charcoal,Fall,3.4,1,Free Shipping,1,1,1,Venmo,Fortnightly,0,26,promo_block,1664.0,0,0,0,1,1.0,1,0,0,0,Senior (50-70),0.4445490196078431,0.2465,Medium,Low,0,1,2,S0,General Buyers
364,55,Male,Shorts,Clothing,88.0,Florida,L,Yellow,Winter,3.1,1,Free Shipping,1,1,42,Bank Transfer,Fortnightly,0,26,promo_block,2288.0,1,0,1,0,1.0,1,0,0,0,Senior (50-70),0.6715694277711085,0.5426836734693878,High,Medium,0,0,1,S4,Promo-Habituated Spenders
365,62,Male,Shoes,Footwear,88.0,North Dakota,L,Charcoal,Summer,3.0,1,Free Shipping,1,1,7,Venmo,Every 3 Months,0,4,promo_block,352.0,1,0,0,1,1.0,1,0,0,0,Senior (50-70),0.3414405762304922,0.3581122448979591,Medium,Low,0,1,2,S4,Promo-Habituated Spenders
366,55,Male,Gloves,Accessories,88.0,West Virginia,Xl,Gray,Summer,3.7,1,Standard,1,1,50,Paypal,Quarterly,0,4,promo_block,352.0,1,0,1,0,1.0,1,0,0,0,Senior (50-70),0.6607058823529413,0.6194999999999999,High,High,0,1,0,S4,Promo-Habituated Spenders
367,64,Male,Socks,Clothing,36.0,Nebraska,M,Turquoise,Spring,3.5,1,Store Pickup,1,1,37,Venmo,Fortnightly,0,26,promo_block,936.0,0,1,0,0,1.0,1,0,0,0,Senior (50-70),0.6729571828731493,0.3136734693877551,High,Low,0,1,1,S0,General Buyers
368,52,Male,Dress,Clothing,40.0,Tennessee,Xl,Cyan,Spring,2.8,1,Store Pickup,1,1,18,Bank Transfer,Monthly,0,12,promo_block,480.0,0,0,0,0,1.0,1,0,0,1,Senior (50-70),0.4320032012805122,0.192234693877551,Medium,Low,0,0,1,S2,Promo-Dependent Buyers
369,24,Male,Handbag,Accessories,39.0,Oklahoma,M,Charcoal,Spring,4.5,1,Standard,1,1,29,Cash,Monthly,0,12,promo_block,468.0,0,1,0,0,1.0,1,1,1,0,Teen (18-24),0.6353501400560224,0.3459821428571428,High,Low,0,0,0,S0,General Buyers
370,38,Male,Belt,Accessories,40.0,Wisconsin,M,Silver,Summer,3.3,1,Store Pickup,1,1,45,Paypal,Quarterly,0,4,promo_block,160.0,0,0,1,0,1.0,1,0,0,0,Mid-Age (35-49),0.5980936374549819,0.3599897959183673,High,Low,0,1,0,S0,General Buyers
371,59,Male,Scarf,Accessories,34.0,Oregon,M,Olive,Winter,3.4,1,Express,1,1,13,Paypal,Weekly,0,52,promo_block,1768.0,0,1,0,1,1.0,1,0,0,0,Senior (50-70),0.645469387755102,0.1764744897959183,High,Low,1,1,0,S2,Promo-Dependent Buyers
372,27,Male,Sneakers,Footwear,83.0,North Carolina,S,Pink,Winter,3.2,1,2-Day Shipping,1,1,47,Paypal,Monthly,0,12,promo_block,996.0,1,0,1,0,1.0,1,0,0,0,Young Adult (25-34),0.6415542216886756,0.5523188775510204,High,Medium,1,1,2,S4,Promo-Habituated Spenders
373,24,Male,Sweater,Clothing,85.0,Pennsylvania,L,Orange,Summer,3.7,1,Standard,1,1,7,Debit Card,Weekly,0,52,promo_block,4420.0,1,0,0,1,1.0,1,0,0,0,Teen (18-24),0.6327346938775511,0.3869872448979591,High,Low,0,1,1,S4,Promo-Habituated Spenders
374,23,Male,Coat,Outerwear,27.0,North Dakota,L,White,Summer,4.6,1,Express,1,1,11,Venmo,Bi-Weekly,0,26,promo_block,702.0,0,1,0,1,1.0,1,1,1,0,Teen (18-24),0.6017735094037615,0.2076454081632652,High,Low,1,1,3,S2,Promo-Dependent Buyers
375,69,Male,Jewelry,Accessories,78.0,Ohio,S,Purple,Spring,5.0,1,Store Pickup,1,1,39,Bank Transfer,Monthly,0,12,promo_block,936.0,0,0,1,0,1.0,1,1,1,0,Senior (50-70),0.7365746298519409,0.5976275510204081,High,Medium,0,0,0,S0,General Buyers
376,59,Male,Sunglasses,Accessories,32.0,Oklahoma,M,Olive,Summer,4.4,1,Standard,1,1,6,Debit Card,Quarterly,0,4,promo_block,128.0,0,1,0,1,1.0,1,1,0,0,Senior (50-70),0.4473181272509003,0.1920102040816326,Medium,Low,0,1,0,S2,Promo-Dependent Buyers
377,51,Male,Shoes,Footwear,51.0,South Carolina,S,Gray,Fall,4.9,1,Express,1,1,2,Venmo,Bi-Weekly,0,26,promo_block,1326.0,0,0,0,1,1.0,1,1,1,0,Senior (50-70),0.570671468587435,0.2847270408163265,High,Low,1,1,2,S2,Promo-Dependent Buyers
378,63,Male,Scarf,Accessories,32.0,Maine,M,Silver,Spring,4.1,1,Standard,1,1,39,Credit Card,Every 3 Months,0,4,promo_block,128.0,0,1,1,0,1.0,1,1,0,0,Senior (50-70),0.6253589435774309,0.3423775510204081,High,Low,0,1,0,S0,General Buyers
379,54,Male,Dress,Clothing,62.0,Nevada,L,Orange,Winter,4.9,1,Next Day Air,1,1,23,Credit Card,Monthly,0,12,promo_block,744.0,0,0,0,0,1.0,1,1,1,0,Senior (50-70),0.6306154461784714,0.4399948979591837,High,Medium,1,1,1,S0,General Buyers
380,32,Male,T-Shirt,Clothing,29.0,Montana,S,Magenta,Fall,4.7,1,2-Day Shipping,1,1,46,Debit Card,Bi-Weekly,0,26,promo_block,754.0,0,1,1,0,1.0,1,1,1,0,Young Adult (25-34),0.8240592236894758,0.4009668367346939,High,Low,1,1,1,S0,General Buyers
381,39,Male,Backpack,Accessories,69.0,New Hampshire,Xl,Beige,Fall,3.0,1,Store Pickup,1,1,19,Bank Transfer,Weekly,0,52,promo_block,3588.0,0,0,0,0,1.0,1,0,0,0,Mid-Age (35-49),0.6502040816326531,0.3362117346938775,High,Low,0,0,0,S0,General Buyers
382,66,Male,Jewelry,Accessories,25.0,Maine,L,Lavender,Winter,3.4,1,Store Pickup,1,1,3,Credit Card,Every 3 Months,0,4,promo_block,100.0,0,1,0,1,1.0,1,0,0,0,Senior (50-70),0.3489507803121248,0.086079081632653,Medium,Low,0,1,0,S2,Promo-Dependent Buyers
383,28,Male,Jeans,Clothing,76.0,California,M,Peach,Winter,3.2,1,Store Pickup,1,1,47,Paypal,Quarterly,0,4,promo_block,304.0,0,0,1,0,1.0,1,0,0,0,Young Adult (25-34),0.6023385354141657,0.5216938775510204,High,Medium,0,1,1,S0,General Buyers
384,50,Male,Sunglasses,Accessories,77.0,West Virginia,S,Magenta,Fall,3.8,1,Standard,1,1,6,Paypal,Quarterly,1,4,promo_block,308.0,0,0,0,1,1.0,1,0,0,0,Senior (50-70),0.3993181272509003,0.3528852040816326,Medium,Low,0,1,0,S0,General Buyers
385,70,Male,Sweater,Clothing,33.0,California,M,Beige,Fall,4.5,1,2-Day Shipping,1,1,6,Venmo,Annually,0,1,promo_block,33.0,0,1,0,1,1.0,1,1,1,0,Senior (50-70),0.4406122448979592,0.2023852040816326,Medium,Low,1,1,1,S2,Promo-Dependent Buyers
386,67,Male,Shorts,Clothing,93.0,West Virginia,S,Yellow,Fall,2.7,1,Next Day Air,1,1,12,Credit Card,Bi-Weekly,0,26,promo_block,2418.0,1,0,0,1,1.0,1,0,0,1,Senior (50-70),0.4558959583833534,0.3874974489795918,Medium,Low,1,1,1,S4,Promo-Habituated Spenders
387,64,Male,Jewelry,Accessories,39.0,Louisiana,L,Brown,Spring,3.4,1,Express,1,1,40,Paypal,Quarterly,0,4,promo_block,156.0,0,1,1,0,1.0,1,0,0,0,Senior (50-70),0.5754813925570227,0.3361045918367347,High,Low,1,1,0,S0,General Buyers
388,45,Male,Coat,Outerwear,93.0,Georgia,L,Silver,Summer,4.6,1,Store Pickup,1,1,38,Paypal,Fortnightly,0,26,promo_block,2418.0,1,0,1,0,1.0,1,1,1,0,Mid-Age (35-49),0.7670796318527411,0.6341505102040815,High,High,0,1,3,S4,Promo-Habituated Spenders
389,22,Male,Handbag,Accessories,82.0,Washington,M,Orange,Summer,2.7,1,Store Pickup,1,1,10,Paypal,Quarterly,0,4,promo_block,328.0,1,0,0,1,1.0,1,0,0,1,Teen (18-24),0.3358079231692677,0.3291683673469388,Medium,Low,0,1,0,S4,Promo-Habituated Spenders
390,27,Male,Boots,Footwear,42.0,Virginia,L,Purple,Spring,4.2,1,Standard,1,1,28,Bank Transfer,Monthly,0,12,promo_block,504.0,0,0,0,0,1.0,1,1,0,0,Young Adult (25-34),0.6052276910764306,0.3360051020408163,High,Low,0,0,2,S0,General Buyers
391,25,Male,Gloves,Accessories,71.0,Indiana,M,Indigo,Winter,3.2,1,2-Day Shipping,1,1,19,Paypal,Annually,0,1,promo_block,71.0,0,0,0,0,1.0,1,0,0,0,Young Adult (25-34),0.4162040816326531,0.3569617346938775,Medium,Low,1,1,0,S0,General Buyers
392,37,Male,Sweater,Clothing,86.0,Minnesota,L,Gray,Spring,4.8,1,Standard,1,1,25,Cash,Fortnightly,0,26,promo_block,2236.0,1,0,0,0,1.0,1,1,1,0,Mid-Age (35-49),0.7034877951180472,0.5491989795918367,High,Medium,0,0,1,S4,Promo-Habituated Spenders
393,26,Male,T-Shirt,Clothing,82.0,Idaho,Xl,Black,Spring,3.3,1,Next Day Air,1,1,38,Credit Card,Annually,0,1,promo_block,82.0,1,0,1,0,1.0,1,0,0,0,Young Adult (25-34),0.5405306122448978,0.5080255102040816,High,Medium,1,1,1,S4,Promo-Habituated Spenders
394,33,Male,Shoes,Footwear,65.0,Vermont,L,Maroon,Fall,4.2,1,Standard,1,1,6,Paypal,Fortnightly,0,26,promo_block,1690.0,0,0,0,1,1.0,1,1,0,0,Young Adult (25-34),0.5391612645058024,0.3243852040816326,High,Low,0,1,2,S0,General Buyers
395,43,Male,Scarf,Accessories,29.0,North Dakota,M,Beige,Spring,4.8,1,Store Pickup,1,1,7,Debit Card,Bi-Weekly,0,26,promo_block,754.0,0,1,0,1,1.0,1,1,1,0,Mid-Age (35-49),0.5932837134853941,0.2079872448979591,High,Low,0,1,0,S2,Promo-Dependent Buyers
396,37,Male,Sneakers,Footwear,65.0,Rhode Island,L,Brown,Winter,4.9,1,Store Pickup,1,1,2,Paypal,Annually,0,1,promo_block,65.0,0,0,0,1,1.0,1,1,1,0,Mid-Age (35-49),0.4481224489795919,0.3459770408163265,Medium,Low,0,1,2,S0,General Buyers
397,46,Male,Dress,Clothing,88.0,South Carolina,S,Black,Fall,3.9,1,Standard,1,1,24,Bank Transfer,Annually,0,1,promo_block,88.0,1,0,0,0,1.0,1,0,0,0,Mid-Age (35-49),0.5028163265306123,0.4988469387755102,High,Medium,0,0,1,S4,Promo-Habituated Spenders
398,22,Male,Belt,Accessories,46.0,Mississippi,M,Indigo,Fall,3.0,1,Free Shipping,1,1,26,Cash,Annually,0,1,promo_block,46.0,0,0,0,0,1.0,1,0,0,0,Teen (18-24),0.4430612244897959,0.2713010204081633,Medium,Low,0,0,0,S0,General Buyers
399,20,Male,Boots,Footwear,67.0,Montana,S,Silver,Winter,4.6,1,Free Shipping,1,1,25,Debit Card,Every 3 Months,0,4,promo_block,268.0,0,0,0,0,1.0,1,1,1,0,Teen (18-24),0.5796446578631452,0.4540739795918367,High,Medium,0,1,2,S0,General Buyers
400,60,Male,Scarf,Accessories,35.0,Idaho,L,Blue,Fall,3.5,1,2-Day Shipping,1,1,10,Debit Card,Monthly,0,12,promo_block,420.0,0,1,0,1,1.0,1,0,0,0,Senior (50-70),0.4390236094437775,0.1715433673469387,Medium,Low,1,1,0,S2,Promo-Dependent Buyers
401,39,Male,Boots,Footwear,66.0,Utah,M,Green,Winter,4.8,1,Free Shipping,1,1,14,Paypal,Fortnightly,0,26,promo_block,1716.0,0,0,0,0,1.0,1,1,1,0,Mid-Age (35-49),0.636140856342537,0.4055765306122448,High,Low,0,1,2,S0,General Buyers
402,43,Male,T-Shirt,Clothing,91.0,Oklahoma,L,Orange,Fall,4.8,1,Standard,1,1,21,Cash,Quarterly,0,4,promo_block,364.0,1,0,0,0,1.0,1,1,1,0,Mid-Age (35-49),0.5711548619447779,0.5506658163265306,High,Medium,0,0,1,S4,Promo-Habituated Spenders
403,31,Male,Backpack,Accessories,78.0,California,L,Cyan,Fall,3.0,1,Express,1,1,26,Paypal,Monthly,0,12,promo_block,936.0,0,0,0,0,1.0,1,0,0,0,Young Adult (25-34),0.4969827931172469,0.4113010204081633,High,Low,1,1,0,S0,General Buyers
404,19,Male,Sneakers,Footwear,45.0,Nevada,M,Orange,Winter,4.5,1,Next Day Air,1,1,12,Bank Transfer,Annually,0,1,promo_block,45.0,0,0,0,1,1.0,1,1,1,0,Teen (18-24),0.4773469387755102,0.2854974489795918,High,Low,1,0,2,S2,Promo-Dependent Buyers
405,35,Male,T-Shirt,Clothing,93.0,Delaware,M,Indigo,Spring,4.8,1,Store Pickup,1,1,11,Credit Card,Monthly,0,12,promo_block,1116.0,1,0,0,1,1.0,1,1,1,0,Mid-Age (35-49),0.5491460584233694,0.5083954081632652,High,Medium,0,1,1,S4,Promo-Habituated Spenders
406,41,Male,Jeans,Clothing,74.0,South Carolina,S,Silver,Summer,3.8,1,Standard,1,1,15,Cash,Annually,0,1,promo_block,74.0,0,0,0,0,1.0,1,0,0,0,Mid-Age (35-49),0.4397142857142856,0.3856785714285714,Medium,Low,0,0,1,S0,General Buyers
407,52,Male,Gloves,Accessories,55.0,Maryland,M,Peach,Spring,4.6,1,Express,1,1,13,Cash,Monthly,0,12,promo_block,660.0,0,0,0,1,1.0,1,1,1,0,Senior (50-70),0.545390956382553,0.3403494897959183,High,Low,1,0,0,S2,Promo-Dependent Buyers
408,45,Male,Hoodie,Clothing,76.0,North Carolina,Xl,Teal,Spring,3.1,1,Next Day Air,1,1,5,Credit Card,Bi-Weekly,0,26,promo_block,1976.0,0,0,0,1,1.0,1,0,0,0,Mid-Age (35-49),0.4450388155262105,0.301408163265306,Medium,Low,1,1,1,S0,General Buyers
409,34,Male,Sneakers,Footwear,66.0,Alabama,L,White,Spring,3.4,1,Express,1,1,36,Cash,Fortnightly,0,26,promo_block,1716.0,0,0,0,0,1.0,1,0,0,0,Young Adult (25-34),0.6588347338935574,0.4338214285714285,High,Medium,1,0,2,S0,General Buyers
410,35,Male,Shorts,Clothing,51.0,Minnesota,M,Brown,Winter,3.3,1,2-Day Shipping,1,1,32,Bank Transfer,Monthly,0,12,promo_block,612.0,0,0,0,0,1.0,1,0,0,0,Mid-Age (35-49),0.5577174869947978,0.3417882653061224,High,Low,1,0,1,S0,General Buyers
411,29,Male,Sweater,Clothing,26.0,Virginia,L,Lavender,Spring,4.8,1,2-Day Shipping,1,1,1,Credit Card,Quarterly,0,4,promo_block,104.0,0,1,0,1,1.0,1,1,1,0,Young Adult (25-34),0.4487058823529412,0.1642499999999999,Medium,Low,1,1,1,S2,Promo-Dependent Buyers
412,59,Male,Jeans,Clothing,29.0,Michigan,M,Indigo,Summer,2.8,1,Express,1,1,15,Paypal,Annually,0,1,promo_block,29.0,0,1,0,0,1.0,1,0,0,1,Senior (50-70),0.3597142857142856,0.1288035714285714,Medium,Low,1,1,1,S2,Promo-Dependent Buyers
413,24,Male,Jacket,Outerwear,74.0,Maine,M,Yellow,Summer,3.1,1,Store Pickup,1,1,3,Bank Transfer,Weekly,0,52,promo_block,3848.0,0,0,0,1,1.0,1,0,0,0,Teen (18-24),0.5602448979591836,0.282454081632653,High,Low,0,0,3,S0,General Buyers
414,70,Male,Jewelry,Accessories,99.0,Nevada,S,White,Summer,4.6,1,Free Shipping,1,1,48,Cash,Monthly,0,12,promo_block,1188.0,1,0,1,0,1.0,1,1,1,0,Senior (50-70),0.7596766706682672,0.7114209183673469,High,High,0,0,0,S4,Promo-Habituated Spenders
415,29,Male,Backpack,Accessories,88.0,Wyoming,L,Violet,Winter,2.6,1,Store Pickup,1,1,30,Debit Card,Weekly,0,52,promo_block,4576.0,1,0,0,0,1.0,1,0,0,1,Young Adult (25-34),0.6855510204081633,0.4514591836734694,High,Medium,0,1,0,S4,Promo-Habituated Spenders
416,67,Male,Coat,Outerwear,31.0,Connecticut,M,Lavender,Winter,2.6,1,Express,1,1,40,Bank Transfer,Monthly,0,12,promo_block,372.0,0,1,1,0,1.0,1,0,0,1,Senior (50-70),0.5506970788315326,0.2531045918367347,High,Low,1,0,3,S0,General Buyers
417,36,Male,Belt,Accessories,55.0,Oregon,L,Olive,Spring,3.8,1,Free Shipping,1,1,24,Bank Transfer,Fortnightly,0,26,promo_block,1430.0,0,0,0,0,1.0,1,0,0,0,Mid-Age (35-49),0.6173653461384554,0.3484719387755102,High,Low,0,0,0,S2,Promo-Dependent Buyers
418,23,Male,Sandals,Footwear,81.0,Mississippi,L,Beige,Fall,4.5,1,Free Shipping,1,1,48,Debit Card,Quarterly,0,4,promo_block,324.0,1,0,1,0,1.0,1,1,1,0,Teen (18-24),0.7124609843937574,0.6266709183673469,High,High,0,1,2,S4,Promo-Habituated Spenders
419,18,Male,Sweater,Clothing,73.0,Illinois,L,Purple,Spring,3.0,1,Standard,1,1,27,Venmo,Bi-Weekly,0,26,promo_block,1898.0,0,0,0,0,1.0,1,0,0,0,Teen (18-24),0.571732693077231,0.3945280612244898,High,Low,0,1,1,S0,General Buyers
420,53,Male,Shorts,Clothing,91.0,Utah,S,Teal,Winter,3.8,1,Free Shipping,1,1,14,Credit Card,Every 3 Months,1,4,promo_block,364.0,1,0,0,0,1.0,1,0,0,0,Senior (50-70),0.448297719087635,0.4549515306122449,Medium,Medium,0,1,1,S4,Promo-Habituated Spenders
421,32,Male,Socks,Clothing,54.0,North Carolina,S,Peach,Spring,3.8,1,Free Shipping,1,1,18,Debit Card,Bi-Weekly,0,26,promo_block,1404.0,0,0,0,0,1.0,1,0,0,0,Young Adult (25-34),0.5806306522609044,0.3134846938775509,High,Low,0,1,1,S2,Promo-Dependent Buyers
422,38,Male,Shirt,Clothing,40.0,Kentucky,M,Violet,Winter,3.5,1,Standard,1,1,48,Cash,Bi-Weekly,0,26,promo_block,1040.0,0,0,1,0,1.0,1,0,0,0,Mid-Age (35-49),0.7403041216486594,0.3872959183673469,High,Low,0,0,1,S0,General Buyers
423,47,Male,Pants,Clothing,59.0,Minnesota,M,Purple,Fall,3.1,1,Store Pickup,1,1,32,Debit Card,Annually,0,1,promo_block,59.0,0,0,0,0,1.0,1,0,0,0,Mid-Age (35-49),0.4877959183673469,0.3647882653061225,High,Low,0,1,1,S0,General Buyers
424,46,Male,Scarf,Accessories,26.0,New York,L,Teal,Spring,3.0,1,Store Pickup,1,1,21,Credit Card,Bi-Weekly,0,26,promo_block,676.0,0,1,0,0,1.0,1,0,0,0,Mid-Age (35-49),0.5349979991996799,0.1582908163265306,High,Low,0,1,0,S2,Promo-Dependent Buyers
425,66,Male,Sweater,Clothing,23.0,Illinois,M,Gold,Winter,4.3,1,Standard,1,1,42,Paypal,Fortnightly,0,26,promo_block,598.0,0,1,1,0,1.0,1,1,0,0,Senior (50-70),0.7675694277711085,0.3303086734693877,High,Low,0,1,1,S0,General Buyers
426,40,Male,Jeans,Clothing,87.0,North Dakota,S,Teal,Winter,3.3,1,Store Pickup,1,1,4,Credit Card,Quarterly,0,4,promo_block,348.0,1,0,0,1,1.0,1,0,0,0,Mid-Age (35-49),0.3470732292917167,0.3564311224489795,Medium,Low,0,1,1,S4,Promo-Habituated Spenders
427,43,Male,Pants,Clothing,71.0,Louisiana,M,Violet,Winter,4.7,1,Express,1,1,19,Credit Card,Quarterly,0,4,promo_block,284.0,0,0,0,0,1.0,1,1,1,0,Mid-Age (35-49),0.5509099639855943,0.4469617346938775,High,Medium,1,1,1,S0,General Buyers
428,58,Male,Backpack,Accessories,91.0,Illinois,L,Black,Winter,4.5,1,Store Pickup,1,1,6,Credit Card,Quarterly,0,4,promo_block,364.0,1,0,0,1,1.0,1,1,1,0,Senior (50-70),0.4553181272509004,0.4561352040816326,Medium,Medium,0,1,0,S4,Promo-Habituated Spenders
429,21,Male,Coat,Outerwear,64.0,Wyoming,Xl,Gold,Winter,2.9,1,Free Shipping,1,1,2,Debit Card,Fortnightly,0,26,promo_block,1664.0,0,0,0,1,1.0,1,0,0,1,Teen (18-24),0.410671468587435,0.2216020408163265,Medium,Low,0,1,3,S0,General Buyers
430,42,Male,Sandals,Footwear,94.0,Washington,M,Gold,Winter,4.1,1,2-Day Shipping,1,1,21,Cash,Fortnightly,0,26,promo_block,2444.0,1,0,0,0,1.0,1,1,0,0,Mid-Age (35-49),0.6229979991996799,0.5217908163265306,High,Medium,1,0,2,S4,Promo-Habituated Spenders
431,24,Male,Shirt,Clothing,40.0,Texas,M,Brown,Summer,3.5,1,Store Pickup,1,1,40,Debit Card,Annually,0,1,promo_block,40.0,0,0,1,0,1.0,1,0,0,0,Teen (18-24),0.5687755102040817,0.3464795918367346,High,Low,0,1,1,S0,General Buyers
432,43,Male,Hat,Accessories,76.0,New Hampshire,L,Cyan,Winter,3.4,1,Store Pickup,1,1,33,Cash,Fortnightly,0,26,promo_block,1976.0,0,0,0,0,1.0,1,0,0,0,Mid-Age (35-49),0.6404673869547819,0.4622653061224489,High,Medium,0,0,0,S0,General Buyers
433,47,Male,Shirt,Clothing,86.0,Indiana,S,Indigo,Fall,3.3,1,Free Shipping,1,1,26,Venmo,Weekly,0,52,promo_block,4472.0,1,0,0,0,1.0,1,0,0,0,Mid-Age (35-49),0.7170612244897959,0.4643010204081632,High,Medium,0,1,1,S4,Promo-Habituated Spenders
434,49,Male,Skirt,Clothing,92.0,Alabama,M,Orange,Fall,3.2,1,Store Pickup,1,1,23,Credit Card,Fortnightly,0,26,promo_block,2392.0,1,0,0,0,1.0,1,0,0,0,Mid-Age (35-49),0.5632428971588636,0.4692448979591836,High,Medium,0,1,1,S4,Promo-Habituated Spenders
435,50,Male,Shoes,Footwear,52.0,Oklahoma,L,Pink,Spring,4.0,1,Store Pickup,1,1,39,Paypal,Every 3 Months,0,4,promo_block,208.0,0,0,1,0,1.0,1,1,0,0,Senior (50-70),0.6173589435774309,0.4238775510204081,High,Low,0,1,2,S0,General Buyers
436,51,Male,Coat,Outerwear,28.0,Montana,Xl,Olive,Winter,3.6,1,Next Day Air,1,1,42,Bank Transfer,Monthly,0,12,promo_block,336.0,0,1,1,0,1.0,1,0,0,0,Senior (50-70),0.6429419767907163,0.3101836734693878,High,Low,1,0,3,S0,General Buyers
437,40,Male,Pants,Clothing,46.0,Tennessee,L,Cyan,Summer,4.6,1,Free Shipping,1,1,41,Bank Transfer,Weekly,0,52,promo_block,2392.0,0,0,1,0,1.0,1,1,1,0,Mid-Age (35-49),0.9128979591836734,0.4438316326530612,High,Medium,0,0,1,S0,General Buyers
438,45,Male,Jewelry,Accessories,50.0,New Mexico,M,Peach,Summer,2.6,1,Next Day Air,1,1,41,Paypal,Annually,0,1,promo_block,50.0,0,0,1,0,1.0,1,0,0,1,Mid-Age (35-49),0.5028979591836735,0.3413316326530612,High,Low,1,1,0,S0,General Buyers
439,52,Male,Belt,Accessories,23.0,Iowa,M,Turquoise,Winter,4.3,1,Express,1,1,12,Credit Card,Fortnightly,0,26,promo_block,598.0,0,1,0,1,1.0,1,1,0,0,Senior (50-70),0.5838959583833534,0.1772474489795918,High,Low,1,1,0,S2,Promo-Dependent Buyers
440,62,Male,Jacket,Outerwear,50.0,Idaho,M,Turquoise,Summer,3.4,1,Free Shipping,1,1,31,Cash,Monthly,0,12,promo_block,600.0,0,0,0,0,1.0,1,0,0,0,Senior (50-70),0.559595038015206,0.3383112244897959,High,Low,0,0,3,S0,General Buyers
441,20,Male,Shirt,Clothing,89.0,Oklahoma,Xl,Maroon,Winter,3.5,1,Store Pickup,1,1,34,Debit Card,Fortnightly,0,26,promo_block,2314.0,1,0,0,0,1.0,1,0,0,0,Teen (18-24),0.6545898359343738,0.5302423469387756,High,Medium,0,1,1,S4,Promo-Habituated Spenders
442,43,Male,Hoodie,Clothing,81.0,Florida,M,Maroon,Winter,4.2,1,Standard,1,1,32,Credit Card,Annually,0,1,promo_block,81.0,1,0,0,0,1.0,1,1,0,0,Mid-Age (35-49),0.5757959183673469,0.5270382653061224,High,Medium,0,1,1,S4,Promo-Habituated Spenders
443,29,Male,Sunglasses,Accessories,69.0,Michigan,M,Olive,Fall,3.8,1,Store Pickup,1,1,31,Credit Card,Quarterly,1,4,promo_block,276.0,0,0,0,0,1.0,1,0,0,0,Young Adult (25-34),0.5523793517406963,0.4454362244897959,High,Medium,0,1,0,S0,General Buyers
444,22,Male,Sunglasses,Accessories,67.0,Hawaii,M,Magenta,Summer,3.6,1,Free Shipping,1,1,24,Paypal,Annually,0,1,promo_block,67.0,0,0,0,0,1.0,1,0,0,0,Teen (18-24),0.4788163265306123,0.3889719387755102,High,Low,0,1,0,S0,General Buyers
445,48,Male,Dress,Clothing,20.0,California,M,Red,Summer,4.3,1,Store Pickup,1,1,31,Debit Card,Annually,0,1,promo_block,20.0,0,1,0,0,1.0,1,1,0,0,Mid-Age (35-49),0.5776734693877551,0.2610612244897959,High,Low,0,1,1,S0,General Buyers
446,42,Male,Boots,Footwear,29.0,Iowa,M,Olive,Fall,4.9,1,Standard,1,1,18,Venmo,Annually,0,1,promo_block,29.0,0,1,0,0,1.0,1,1,1,0,Mid-Age (35-49),0.5460816326530613,0.270109693877551,High,Low,0,1,2,S2,Promo-Dependent Buyers
447,19,Male,Shirt,Clothing,74.0,West Virginia,M,Silver,Summer,4.1,1,Store Pickup,1,1,15,Venmo,Monthly,0,12,promo_block,888.0,0,0,0,0,1.0,1,1,0,0,Teen (18-24),0.5176358543417366,0.4036785714285714,High,Low,0,1,1,S0,General Buyers
448,60,Male,Shorts,Clothing,82.0,Washington,S,Turquoise,Spring,3.6,1,Standard,1,1,7,Bank Transfer,Every 3 Months,0,4,promo_block,328.0,1,0,0,1,1.0,1,0,0,0,Senior (50-70),0.3894405762304922,0.3678622448979591,Medium,Low,0,0,1,S4,Promo-Habituated Spenders
449,32,Male,Gloves,Accessories,23.0,Missouri,M,Yellow,Summer,3.4,1,Next Day Air,1,1,35,Bank Transfer,Fortnightly,0,26,promo_block,598.0,0,1,0,0,1.0,1,0,0,0,Young Adult (25-34),0.6527122849139655,0.240594387755102,High,Low,1,0,0,S0,General Buyers
450,26,Male,Jewelry,Accessories,45.0,New York,L,Peach,Summer,2.9,1,2-Day Shipping,1,1,35,Bank Transfer,Monthly,0,12,promo_block,540.0,0,0,0,0,1.0,1,0,0,1,Young Adult (25-34),0.5440848339335734,0.306844387755102,High,Low,1,0,0,S0,General Buyers
451,25,Male,Boots,Footwear,21.0,Connecticut,L,Beige,Summer,2.7,1,Store Pickup,1,1,19,Credit Card,Monthly,0,12,promo_block,252.0,0,1,0,0,1.0,1,0,0,1,Young Adult (25-34),0.4301256502601041,0.1082117346938775,Medium,Low,0,1,2,S2,Promo-Dependent Buyers
452,66,Male,Jewelry,Accessories,31.0,Virginia,M,Pink,Summer,4.3,1,Express,1,1,26,Credit Card,Fortnightly,0,26,promo_block,806.0,0,1,0,0,1.0,1,1,0,0,Senior (50-70),0.669610244097639,0.2836760204081632,High,Low,1,1,0,S0,General Buyers
453,45,Male,Pants,Clothing,45.0,Missouri,M,Violet,Summer,3.8,1,Express,1,1,39,Paypal,Fortnightly,1,26,promo_block,1170.0,0,0,1,0,1.0,1,0,0,0,Mid-Age (35-49),0.7092020808323329,0.3812525510204081,High,Low,1,1,1,S0,General Buyers
454,54,Male,Jewelry,Accessories,56.0,Nebraska,Xl,Peach,Winter,2.8,1,Next Day Air,1,1,22,Credit Card,Weekly,0,52,promo_block,2912.0,0,0,0,0,1.0,1,0,0,1,Senior (50-70),0.6525714285714286,0.2826428571428571,High,Low,1,1,0,S2,Promo-Dependent Buyers
455,37,Male,Jacket,Outerwear,97.0,New Jersey,S,Gold,Summer,3.2,1,Next Day Air,1,1,14,Cash,Bi-Weekly,0,26,promo_block,2522.0,1,0,0,0,1.0,1,0,0,0,Mid-Age (35-49),0.508140856342537,0.4452015306122449,High,Medium,1,0,3,S4,Promo-Habituated Spenders
456,54,Male,Blouse,Clothing,100.0,Utah,Xl,Gold,Fall,3.6,1,Store Pickup,1,1,50,Debit Card,Fortnightly,0,26,promo_block,2600.0,1,0,1,0,1.0,1,0,0,0,Senior (50-70),0.7605490196078433,0.6659999999999999,High,High,0,1,1,S4,Promo-Habituated Spenders
457,50,Male,Blouse,Clothing,96.0,North Carolina,S,Indigo,Fall,4.0,1,2-Day Shipping,1,1,33,Credit Card,Quarterly,0,4,promo_block,384.0,1,0,0,0,1.0,1,1,0,0,Senior (50-70),0.5806242496998799,0.5857653061224489,High,Medium,1,1,1,S4,Promo-Habituated Spenders
458,25,Male,Gloves,Accessories,99.0,Rhode Island,M,Blue,Spring,4.9,1,Next Day Air,1,1,48,Debit Card,Every 3 Months,0,4,promo_block,396.0,1,0,1,0,1.0,1,1,1,0,Young Adult (25-34),0.7444609843937574,0.7294209183673469,High,High,1,1,0,S4,Promo-Habituated Spenders
459,47,Male,Shorts,Clothing,91.0,Arkansas,L,Black,Winter,4.0,1,2-Day Shipping,1,1,48,Paypal,Monthly,0,12,promo_block,1092.0,1,0,1,0,1.0,1,1,0,0,Mid-Age (35-49),0.7116766706682672,0.6404209183673469,High,High,1,1,1,S4,Promo-Habituated Spenders
460,63,Male,Hat,Accessories,30.0,Maryland,L,Black,Winter,3.8,1,Standard,1,1,27,Paypal,Fortnightly,0,26,promo_block,780.0,0,1,0,0,1.0,1,0,0,0,Senior (50-70),0.6357326930772309,0.2544030612244897,High,Low,0,1,0,S0,General Buyers
461,64,Male,Shoes,Footwear,65.0,South Carolina,L,Teal,Summer,3.8,1,Store Pickup,1,1,27,Bank Transfer,Weekly,1,52,promo_block,3380.0,0,0,0,0,1.0,1,0,0,0,Senior (50-70),0.7631836734693878,0.4075280612244898,High,Low,0,0,2,S0,General Buyers
462,18,Male,Boots,Footwear,93.0,Ohio,M,Yellow,Winter,3.9,1,Express,1,1,20,Venmo,Weekly,0,52,promo_block,4836.0,1,0,0,0,1.0,1,0,0,0,Teen (18-24),0.728326530612245,0.5003137755102041,High,Medium,1,1,2,S4,Promo-Habituated Spenders
463,59,Male,Jacket,Outerwear,81.0,Illinois,M,White,Fall,3.3,1,Express,1,1,48,Venmo,Every 3 Months,0,4,promo_block,324.0,1,0,1,0,1.0,1,0,0,0,Senior (50-70),0.6164609843937573,0.5546709183673469,High,Medium,1,1,3,S4,Promo-Habituated Spenders
464,37,Male,Jewelry,Accessories,81.0,Georgia,S,Orange,Summer,2.7,1,Standard,1,1,29,Venmo,Weekly,0,52,promo_block,4212.0,1,0,0,0,1.0,1,0,0,1,Mid-Age (35-49),0.6874285714285714,0.4217321428571428,High,Low,0,1,0,S4,Promo-Habituated Spenders
465,23,Male,Sunglasses,Accessories,52.0,Alabama,M,Silver,Winter,4.7,1,Next Day Air,1,1,45,Paypal,Monthly,0,12,promo_block,624.0,0,0,1,0,1.0,1,1,1,0,Teen (18-24),0.7493093237294919,0.4964897959183673,High,Medium,1,1,0,S0,General Buyers
466,54,Male,Skirt,Clothing,88.0,Oklahoma,M,Pink,Summer,2.8,1,Next Day Air,1,1,25,Cash,Quarterly,0,4,promo_block,352.0,1,0,0,0,1.0,1,0,0,1,Senior (50-70),0.4356446578631452,0.4379489795918367,Medium,Medium,1,0,1,S4,Promo-Habituated Spenders
467,38,Male,Jeans,Clothing,24.0,Vermont,L,Turquoise,Winter,4.6,1,Free Shipping,1,1,25,Paypal,Weekly,0,52,promo_block,1248.0,0,1,0,0,1.0,1,1,1,0,Mid-Age (35-49),0.814938775510204,0.2659489795918367,High,Low,0,1,1,S0,General Buyers
468,19,Male,Backpack,Accessories,51.0,Nebraska,S,Orange,Spring,4.5,1,2-Day Shipping,1,1,37,Debit Card,Every 3 Months,0,4,promo_block,204.0,0,0,0,0,1.0,1,1,1,0,Teen (18-24),0.6451140456182474,0.4392984693877551,High,Medium,1,1,0,S0,General Buyers
469,34,Male,Backpack,Accessories,38.0,Georgia,S,Peach,Fall,5.0,1,Free Shipping,1,1,16,Cash,Quarterly,0,4,promo_block,152.0,0,1,0,0,1.0,1,1,1,0,Young Adult (25-34),0.5565426170468187,0.305280612244898,High,Low,0,0,0,S2,Promo-Dependent Buyers
470,21,Male,Shorts,Clothing,46.0,Alabama,L,Pink,Fall,4.1,1,2-Day Shipping,1,1,30,Debit Card,Bi-Weekly,0,26,promo_block,1196.0,0,0,0,0,1.0,1,1,0,0,Teen (18-24),0.6781000400160064,0.3577091836734694,High,Low,1,1,1,S0,General Buyers
471,50,Male,Dress,Clothing,63.0,Minnesota,L,Teal,Summer,4.6,1,Express,1,1,6,Cash,Every 3 Months,0,4,promo_block,252.0,0,0,0,1,1.0,1,1,1,0,Senior (50-70),0.4633181272509003,0.3396352040816326,High,Low,1,0,1,S0,General Buyers
472,55,Male,Scarf,Accessories,72.0,Missouri,Xl,White,Winter,4.9,1,2-Day Shipping,1,1,36,Bank Transfer,Quarterly,0,4,promo_block,288.0,0,0,0,0,1.0,1,1,1,0,Senior (50-70),0.6709915966386555,0.5500714285714285,High,Medium,1,0,0,S0,General Buyers
473,20,Male,Jeans,Clothing,39.0,Georgia,L,Gray,Winter,3.9,1,Free Shipping,1,1,3,Bank Transfer,Quarterly,0,4,promo_block,156.0,0,1,0,1,1.0,1,0,0,0,Teen (18-24),0.3889507803121248,0.177329081632653,Medium,Low,0,0,1,S2,Promo-Dependent Buyers
474,34,Male,Coat,Outerwear,42.0,West Virginia,L,Olive,Spring,3.9,1,Store Pickup,1,1,29,Paypal,Every 3 Months,0,4,promo_block,168.0,0,0,0,0,1.0,1,0,0,0,Young Adult (25-34),0.5481344537815125,0.3231071428571428,High,Low,0,1,3,S0,General Buyers
475,62,Male,Sweater,Clothing,76.0,Arkansas,Xl,Maroon,Summer,2.6,1,2-Day Shipping,1,1,15,Cash,Quarterly,0,4,promo_block,304.0,0,0,0,0,1.0,1,0,0,1,Senior (50-70),0.3584201680672269,0.3224285714285714,Medium,Low,1,0,1,S0,General Buyers
476,21,Male,Sneakers,Footwear,66.0,Ohio,L,Magenta,Summer,2.7,1,Free Shipping,1,1,18,Debit Card,Annually,0,1,promo_block,66.0,0,0,0,0,1.0,1,0,0,1,Teen (18-24),0.3700816326530612,0.299984693877551,Medium,Low,0,1,2,S0,General Buyers
477,21,Male,Scarf,Accessories,90.0,Connecticut,M,Magenta,Spring,3.5,1,Free Shipping,1,1,2,Debit Card,Fortnightly,0,26,promo_block,2340.0,1,0,0,1,1.0,1,0,0,0,Teen (18-24),0.458671468587435,0.3713520408163265,High,Low,0,1,0,S4,Promo-Habituated Spenders
478,42,Male,Sweater,Clothing,56.0,North Dakota,M,Green,Summer,3.7,1,Free Shipping,1,1,49,Debit Card,Weekly,0,52,promo_block,2912.0,0,0,1,0,1.0,1,0,0,0,Mid-Age (35-49),0.8898775510204082,0.4743979591836735,High,Medium,0,1,1,S0,General Buyers
479,35,Male,Jewelry,Accessories,43.0,Kansas,Xl,Turquoise,Winter,3.2,1,Free Shipping,1,1,48,Venmo,Annually,0,1,promo_block,43.0,0,0,1,0,1.0,1,0,0,0,Mid-Age (35-49),0.5937551020408163,0.3824209183673469,High,Low,0,1,0,S0,General Buyers
480,39,Male,Handbag,Accessories,84.0,Iowa,L,Yellow,Winter,3.3,1,Store Pickup,1,1,43,Venmo,Monthly,0,12,promo_block,1008.0,1,0,1,0,1.0,1,0,0,0,Mid-Age (35-49),0.6250644257703081,0.5422857142857143,High,Medium,0,1,0,S4,Promo-Habituated Spenders
481,68,Male,Hoodie,Clothing,88.0,Vermont,M,Gray,Summer,4.8,1,Standard,1,1,30,Debit Card,Bi-Weekly,0,26,promo_block,2288.0,1,0,0,0,1.0,1,1,1,0,Senior (50-70),0.7341000400160065,0.5834591836734694,High,Medium,0,1,1,S4,Promo-Habituated Spenders
482,46,Male,Hat,Accessories,88.0,Wisconsin,L,Peach,Fall,3.2,1,2-Day Shipping,1,1,10,Paypal,Fortnightly,0,26,promo_block,2288.0,1,0,0,1,1.0,1,0,0,0,Mid-Age (35-49),0.4836510604241697,0.3854183673469388,High,Low,1,1,0,S4,Promo-Habituated Spenders
483,41,Male,Belt,Accessories,42.0,Connecticut,M,Yellow,Winter,2.5,1,2-Day Shipping,1,1,11,Venmo,Annually,0,1,promo_block,42.0,0,0,0,1,1.0,1,0,0,1,Mid-Age (35-49),0.3112244897959184,0.1472704081632653,Medium,Low,1,1,0,S2,Promo-Dependent Buyers
484,23,Male,Hoodie,Clothing,73.0,Oklahoma,M,White,Fall,3.9,1,Store Pickup,1,1,12,Debit Card,Weekly,0,52,promo_block,3796.0,0,0,0,1,1.0,1,0,0,0,Teen (18-24),0.6793469387755102,0.3719974489795917,High,Low,0,1,1,S0,General Buyers
485,68,Male,Hat,Accessories,73.0,Missouri,L,Lavender,Summer,4.7,1,Free Shipping,1,1,28,Bank Transfer,Quarterly,0,4,promo_block,292.0,0,0,0,0,1.0,1,1,1,0,Senior (50-70),0.6060120048019209,0.5016301020408163,High,Medium,0,0,0,S0,General Buyers
486,48,Male,Shoes,Footwear,44.0,Tennessee,S,Blue,Spring,2.6,1,Next Day Air,1,1,36,Debit Card,Fortnightly,0,26,promo_block,1144.0,0,0,0,0,1.0,1,0,0,1,Mid-Age (35-49),0.5948347338935575,0.2895714285714286,High,Low,1,1,2,S0,General Buyers
487,38,Male,Sandals,Footwear,63.0,New Mexico,M,Charcoal,Fall,2.8,1,Store Pickup,1,1,37,Venmo,Every 3 Months,0,4,promo_block,252.0,0,0,0,0,1.0,1,0,0,1,Mid-Age (35-49),0.5091140456182472,0.3897984693877551,High,Low,0,1,2,S0,General Buyers
488,41,Male,Jacket,Outerwear,68.0,Iowa,L,Red,Winter,4.4,1,Store Pickup,1,1,22,Credit Card,Quarterly,0,4,promo_block,272.0,0,0,0,0,1.0,1,1,0,0,Mid-Age (35-49),0.5452773109243698,0.4311428571428571,High,Medium,0,1,3,S0,General Buyers
489,58,Male,Sweater,Clothing,29.0,Maine,L,Olive,Spring,4.6,1,Standard,1,1,32,Venmo,Weekly,0,52,promo_block,1508.0,0,1,0,0,1.0,1,1,1,0,Senior (50-70),0.8577959183673469,0.3235382653061224,High,Low,0,1,1,S0,General Buyers
490,49,Male,Socks,Clothing,85.0,South Dakota,M,Green,Summer,3.2,1,Standard,1,1,40,Paypal,Annually,0,1,promo_block,85.0,1,0,1,0,1.0,1,0,0,0,Mid-Age (35-49),0.5447755102040817,0.5253545918367347,High,Medium,0,1,1,S4,Promo-Habituated Spenders
491,57,Male,Sneakers,Footwear,42.0,Colorado,M,Silver,Winter,4.2,1,2-Day Shipping,1,1,47,Cash,Monthly,0,12,promo_block,504.0,0,0,1,0,1.0,1,1,0,0,Senior (50-70),0.7215542216886756,0.4329438775510204,High,Medium,1,0,2,S0,General Buyers
492,49,Male,Coat,Outerwear,69.0,Vermont,M,Silver,Summer,3.8,1,2-Day Shipping,1,1,24,Credit Card,Bi-Weekly,1,26,promo_block,1794.0,0,0,0,0,1.0,1,0,0,0,Mid-Age (35-49),0.6173653461384554,0.4097219387755102,High,Low,1,1,3,S0,General Buyers
493,50,Male,Shirt,Clothing,62.0,Michigan,M,Black,Fall,3.9,1,Standard,1,1,11,Debit Card,Weekly,0,52,promo_block,3224.0,0,0,0,1,1.0,1,0,0,0,Senior (50-70),0.6732244897959184,0.3187704081632653,High,Low,0,1,1,S0,General Buyers
494,28,Male,Backpack,Accessories,48.0,Nevada,Xl,Red,Summer,4.7,1,Store Pickup,1,1,19,Cash,Bi-Weekly,0,26,promo_block,1248.0,0,0,0,0,1.0,1,1,1,0,Young Adult (25-34),0.6587531012404962,0.3463367346938775,High,Low,0,0,0,S2,Promo-Dependent Buyers
495,38,Male,Boots,Footwear,68.0,Indiana,M,Indigo,Winter,4.5,1,Express,1,1,42,Debit Card,Weekly,0,52,promo_block,3536.0,0,0,1,0,1.0,1,1,1,0,Mid-Age (35-49),0.9110204081632652,0.5391836734693878,High,Medium,1,1,2,S0,General Buyers
496,33,Male,Handbag,Accessories,36.0,Michigan,Xl,Cyan,Fall,3.3,1,Free Shipping,1,1,6,Debit Card,Fortnightly,0,26,promo_block,936.0,0,1,0,1,1.0,1,0,0,0,Young Adult (25-34),0.4671612645058023,0.1435102040816326,High,Low,0,1,0,S2,Promo-Dependent Buyers
497,30,Male,Dress,Clothing,63.0,California,S,Maroon,Fall,3.3,1,Express,1,1,31,Venmo,Fortnightly,0,26,promo_block,1638.0,0,0,0,0,1.0,1,0,0,0,Young Adult (25-34),0.6202224889955982,0.3891862244897959,High,Low,1,1,1,S0,General Buyers
498,43,Male,Sneakers,Footwear,39.0,Oklahoma,S,Silver,Winter,4.6,1,Free Shipping,1,1,31,Cash,Weekly,0,52,promo_block,2028.0,0,1,0,0,1.0,1,1,1,0,Mid-Age (35-49),0.851673469387755,0.3621862244897958,High,Low,0,0,2,S0,General Buyers
499,43,Male,Boots,Footwear,78.0,Iowa,M,Lavender,Spring,3.6,1,Free Shipping,1,1,27,Bank Transfer,Monthly,0,12,promo_block,936.0,0,0,0,0,1.0,1,0,0,0,Mid-Age (35-49),0.5511052420968388,0.4524030612244897,High,Medium,0,0,2,S0,General Buyers
500,36,Male,Shoes,Footwear,99.0,Rhode Island,L,Silver,Winter,4.8,1,Express,1,1,24,Paypal,Monthly,0,12,promo_block,1188.0,1,0,0,0,1.0,1,1,1,0,Mid-Age (35-49),0.6287378951580633,0.6009719387755103,High,High,1,1,2,S4,Promo-Habituated Spenders
501,36,Male,T-Shirt,Clothing,31.0,Washington,L,Purple,Fall,4.8,1,Next Day Air,1,1,35,Venmo,Every 3 Months,0,4,promo_block,124.0,0,1,0,0,1.0,1,1,1,0,Mid-Age (35-49),0.6568691476590636,0.359594387755102,High,Low,1,1,1,S0,General Buyers
502,64,Male,Boots,Footwear,45.0,Florida,M,Cyan,Spring,2.9,1,Next Day Air,1,1,21,Venmo,Annually,0,1,promo_block,45.0,0,0,0,0,1.0,1,0,0,1,Senior (50-70),0.4044489795918367,0.2354158163265306,Medium,Low,1,1,2,S2,Promo-Dependent Buyers
503,59,Male,Pants,Clothing,30.0,South Carolina,S,Cyan,Fall,2.8,1,Express,1,1,8,Paypal,Fortnightly,0,26,promo_block,780.0,0,1,0,1,1.0,1,0,0,1,Senior (50-70),0.439406162464986,0.0974642857142857,Medium,Low,1,1,1,S2,Promo-Dependent Buyers
504,55,Male,Shoes,Footwear,24.0,West Virginia,M,Lavender,Summer,3.2,1,Next Day Air,1,1,26,Bank Transfer,Quarterly,0,4,promo_block,96.0,0,1,0,0,1.0,1,0,0,0,Senior (50-70),0.4737671068427371,0.1870510204081632,High,Low,1,0,2,S0,General Buyers
505,42,Male,Shoes,Footwear,22.0,Missouri,M,Maroon,Winter,3.9,1,Free Shipping,1,1,26,Paypal,Annually,0,1,promo_block,22.0,0,1,0,0,1.0,1,0,0,0,Mid-Age (35-49),0.5150612244897959,0.2203010204081632,High,Low,0,1,2,S0,General Buyers
506,61,Male,T-Shirt,Clothing,63.0,Maine,L,Gray,Spring,4.3,1,Express,1,1,9,Cash,Bi-Weekly,0,26,promo_block,1638.0,0,0,0,1,1.0,1,1,0,0,Senior (50-70),0.5655286114445778,0.3369413265306122,High,Low,1,0,1,S0,General Buyers
507,28,Male,Scarf,Accessories,40.0,Georgia,M,Olive,Fall,2.7,1,2-Day Shipping,1,1,48,Debit Card,Annually,0,1,promo_block,40.0,0,0,1,0,1.0,1,0,0,1,Young Adult (25-34),0.5537551020408162,0.3392959183673469,High,Low,1,1,0,S0,General Buyers
508,65,Male,Shorts,Clothing,20.0,Maine,M,Magenta,Spring,5.0,1,Store Pickup,1,1,33,Debit Card,Fortnightly,0,26,promo_block,520.0,0,1,0,0,1.0,1,1,1,0,Senior (50-70),0.768467386954782,0.3132653061224489,High,Low,0,1,1,S0,General Buyers
509,27,Male,Jewelry,Accessories,20.0,Illinois,S,Yellow,Winter,3.7,1,Store Pickup,1,1,31,Paypal,Quarterly,0,4,promo_block,80.0,0,1,0,0,1.0,1,0,0,0,Young Adult (25-34),0.5443793517406963,0.2250612244897959,High,Low,0,1,0,S0,General Buyers
510,41,Male,T-Shirt,Clothing,80.0,Delaware,L,Cyan,Summer,3.9,1,Free Shipping,1,1,17,Debit Card,Weekly,0,52,promo_block,4160.0,0,0,0,0,1.0,1,0,0,0,Mid-Age (35-49),0.7099591836734694,0.4281326530612244,High,Medium,0,1,1,S0,General Buyers
511,21,Male,Shirt,Clothing,87.0,West Virginia,M,Teal,Fall,3.9,1,2-Day Shipping,1,1,22,Venmo,Annually,0,1,promo_block,87.0,1,0,0,0,1.0,1,0,0,0,Teen (18-24),0.4905714285714285,0.4842678571428571,High,Medium,1,1,1,S4,Promo-Habituated Spenders
512,61,Male,Shirt,Clothing,46.0,Hawaii,L,Yellow,Fall,3.1,1,Free Shipping,1,1,8,Paypal,Annually,0,1,promo_block,46.0,0,0,0,1,1.0,1,0,0,0,Senior (50-70),0.3408571428571428,0.1854642857142857,Medium,Low,0,1,1,S2,Promo-Dependent Buyers
513,19,Male,Gloves,Accessories,49.0,New York,L,Peach,Winter,3.8,1,Next Day Air,1,1,2,Bank Transfer,Monthly,1,12,promo_block,588.0,0,0,0,1,1.0,1,0,0,0,Teen (18-24),0.4140440176070428,0.2099770408163265,Medium,Low,1,0,0,S2,Promo-Dependent Buyers
514,22,Male,Scarf,Accessories,65.0,New Mexico,M,Peach,Fall,3.6,1,Store Pickup,1,1,45,Venmo,Annually,0,1,promo_block,65.0,0,0,1,0,1.0,1,0,0,0,Teen (18-24),0.6073877551020408,0.4873647959183673,High,Medium,0,1,0,S0,General Buyers
515,64,Male,Skirt,Clothing,62.0,Indiana,S,Olive,Winter,4.3,1,Standard,1,1,47,Paypal,Quarterly,0,4,promo_block,248.0,0,0,1,0,1.0,1,1,0,0,Senior (50-70),0.6903385354141657,0.5264438775510204,High,Medium,0,1,1,S0,General Buyers
516,28,Male,Hat,Accessories,67.0,Kentucky,L,Charcoal,Spring,4.5,1,Next Day Air,1,1,7,Cash,Monthly,0,12,promo_block,804.0,0,0,0,1,1.0,1,1,1,0,Young Adult (25-34),0.5006562625050021,0.3562372448979591,High,Low,1,0,0,S0,General Buyers
517,34,Male,Hoodie,Clothing,41.0,West Virginia,L,Indigo,Fall,2.8,1,2-Day Shipping,1,1,19,Debit Card,Bi-Weekly,0,26,promo_block,1066.0,0,0,0,0,1.0,1,0,0,1,Young Adult (25-34),0.5067531012404962,0.2017117346938775,High,Low,1,1,1,S2,Promo-Dependent Buyers
518,61,Male,Boots,Footwear,49.0,North Dakota,L,Silver,Fall,2.7,1,Free Shipping,1,1,44,Cash,Every 3 Months,0,4,promo_block,196.0,0,0,1,0,1.0,1,0,0,1,Senior (50-70),0.5439711884753902,0.3582627551020408,High,Low,0,0,2,S0,General Buyers
519,24,Male,Blouse,Clothing,100.0,Oregon,M,Beige,Fall,2.9,1,Next Day Air,1,1,16,Venmo,Every 3 Months,0,4,promo_block,400.0,1,0,0,0,1.0,1,0,0,1,Teen (18-24),0.3885426170468187,0.450530612244898,Medium,Medium,1,1,1,S4,Promo-Habituated Spenders
520,19,Male,Belt,Accessories,54.0,Minnesota,L,Blue,Summer,4.4,1,2-Day Shipping,1,1,17,Bank Transfer,Quarterly,0,4,promo_block,216.0,0,0,0,0,1.0,1,1,0,0,Teen (18-24),0.5146650660264106,0.3443826530612245,High,Low,1,0,0,S2,Promo-Dependent Buyers
521,51,Male,Sunglasses,Accessories,84.0,South Carolina,M,White,Spring,3.9,1,Free Shipping,1,1,20,Debit Card,Quarterly,0,4,promo_block,336.0,1,0,0,0,1.0,1,0,0,0,Senior (50-70),0.4930324129651861,0.460938775510204,High,Medium,0,1,0,S4,Promo-Habituated Spenders
522,36,Male,Shorts,Clothing,41.0,Vermont,L,Gold,Winter,3.5,1,Standard,1,1,50,Bank Transfer,Annually,0,1,promo_block,41.0,0,0,1,0,1.0,1,0,0,0,Mid-Age (35-49),0.6300000000000001,0.401875,High,Low,0,0,1,S0,General Buyers
523,65,Male,Gloves,Accessories,88.0,Minnesota,M,Blue,Spring,2.5,1,Store Pickup,1,1,37,Cash,Quarterly,0,4,promo_block,352.0,1,0,0,0,1.0,1,0,0,1,Senior (50-70),0.4851140456182473,0.481173469387755,High,Medium,0,0,0,S4,Promo-Habituated Spenders
524,46,Male,Sandals,Footwear,40.0,Delaware,M,Orange,Spring,4.9,1,Express,1,1,5,Paypal,Quarterly,0,4,promo_block,160.0,0,0,0,1,1.0,1,1,1,0,Mid-Age (35-49),0.4811956782713086,0.2519081632653061,High,Low,1,1,2,S2,Promo-Dependent Buyers
525,59,Male,Shirt,Clothing,39.0,Pennsylvania,M,Gold,Summer,4.8,1,Free Shipping,1,1,44,Paypal,Annually,0,1,promo_block,39.0,0,1,1,0,1.0,1,1,1,0,Senior (50-70),0.697265306122449,0.4405127551020408,High,Medium,0,1,1,S0,General Buyers
526,51,Male,Coat,Outerwear,37.0,Iowa,M,Cyan,Spring,3.2,1,Next Day Air,1,1,41,Debit Card,Monthly,0,12,promo_block,444.0,0,1,1,0,1.0,1,0,0,0,Senior (50-70),0.6048195278111245,0.3204566326530612,High,Low,1,1,3,S0,General Buyers
527,51,Male,Pants,Clothing,52.0,New Jersey,S,Red,Winter,4.9,1,Standard,1,1,19,Cash,Monthly,0,12,promo_block,624.0,0,0,0,0,1.0,1,1,1,0,Senior (50-70),0.6061256502601041,0.3758367346938775,High,Low,0,0,1,S2,Promo-Dependent Buyers
528,21,Male,T-Shirt,Clothing,23.0,South Carolina,L,Yellow,Winter,4.3,1,Next Day Air,1,1,47,Bank Transfer,Every 3 Months,0,4,promo_block,92.0,0,1,1,0,1.0,1,1,0,0,Teen (18-24),0.6903385354141657,0.3558188775510204,High,Low,1,0,1,S0,General Buyers
529,34,Male,Sneakers,Footwear,88.0,Maryland,S,Beige,Winter,3.2,1,Express,1,1,40,Cash,Annually,0,1,promo_block,88.0,1,0,1,0,1.0,1,0,0,0,Young Adult (25-34),0.5447755102040817,0.5384795918367347,High,Medium,1,0,2,S4,Promo-Habituated Spenders
530,32,Male,Shorts,Clothing,84.0,California,M,Orange,Fall,3.7,1,Standard,1,1,6,Credit Card,Monthly,0,12,promo_block,1008.0,1,0,0,1,1.0,1,0,0,0,Young Adult (25-34),0.4305338135254101,0.3775102040816326,Medium,Low,0,1,1,S4,Promo-Habituated Spenders
531,48,Male,Coat,Outerwear,37.0,Montana,Xl,Magenta,Winter,3.2,1,Store Pickup,1,1,25,Credit Card,Bi-Weekly,0,26,promo_block,962.0,0,1,0,0,1.0,1,0,0,0,Mid-Age (35-49),0.5754877951180473,0.2388239795918367,High,Low,0,1,3,S0,General Buyers
532,50,Male,Sandals,Footwear,51.0,Vermont,L,Purple,Fall,3.4,1,Next Day Air,1,1,42,Cash,Weekly,0,52,promo_block,2652.0,0,0,1,0,1.0,1,0,0,0,Senior (50-70),0.8230204081632653,0.3988086734693877,High,Low,1,0,2,S0,General Buyers
533,26,Male,Pants,Clothing,76.0,Texas,L,Black,Winter,4.1,1,Express,1,1,35,Bank Transfer,Every 3 Months,0,4,promo_block,304.0,0,0,0,0,1.0,1,1,0,0,Young Adult (25-34),0.6008691476590636,0.514469387755102,High,Medium,1,0,1,S0,General Buyers
534,57,Male,Sandals,Footwear,60.0,North Carolina,L,Pink,Spring,4.5,1,Next Day Air,1,1,17,Debit Card,Weekly,0,52,promo_block,3120.0,0,0,0,0,1.0,1,1,1,0,Senior (50-70),0.7579591836734695,0.3766326530612244,High,Low,1,1,2,S0,General Buyers
535,65,Male,Gloves,Accessories,72.0,Florida,L,Pink,Fall,4.5,1,Next Day Air,1,1,4,Paypal,Quarterly,0,4,promo_block,288.0,0,0,0,1,1.0,1,1,1,0,Senior (50-70),0.4430732292917167,0.3628061224489796,Medium,Low,1,1,0,S0,General Buyers
536,56,Male,T-Shirt,Clothing,45.0,West Virginia,L,Maroon,Spring,3.2,1,Free Shipping,1,1,24,Bank Transfer,Weekly,0,52,promo_block,2340.0,0,0,0,0,1.0,1,0,0,0,Senior (50-70),0.6968163265306123,0.2687219387755102,High,Low,0,0,1,S2,Promo-Dependent Buyers
537,44,Male,Jacket,Outerwear,84.0,Illinois,S,Maroon,Fall,4.4,1,Store Pickup,1,1,16,Debit Card,Every 3 Months,0,4,promo_block,336.0,1,0,0,0,1.0,1,1,0,0,Mid-Age (35-49),0.5085426170468188,0.4705306122448979,High,Medium,0,1,3,S4,Promo-Habituated Spenders
538,50,Male,Blouse,Clothing,49.0,Virginia,S,Turquoise,Summer,3.0,1,Store Pickup,1,1,14,Debit Card,Annually,0,1,promo_block,49.0,0,0,0,0,1.0,1,0,0,0,Senior (50-70),0.3695918367346938,0.2232015306122448,Medium,Low,0,1,1,S2,Promo-Dependent Buyers
539,27,Male,Socks,Clothing,22.0,Virginia,Xl,Green,Spring,3.2,1,Free Shipping,1,1,43,Cash,Weekly,0,52,promo_block,1144.0,0,1,1,0,1.0,1,0,0,0,Young Adult (25-34),0.8131428571428572,0.2650357142857142,High,Low,0,0,1,S0,General Buyers
540,49,Male,Coat,Outerwear,48.0,Wyoming,M,Violet,Winter,4.0,1,Store Pickup,1,1,49,Debit Card,Weekly,0,52,promo_block,2496.0,0,0,1,0,1.0,1,1,0,0,Mid-Age (35-49),0.913877551020408,0.4573979591836734,High,Medium,0,1,3,S0,General Buyers
541,49,Male,Dress,Clothing,37.0,South Carolina,M,Lavender,Spring,3.1,1,Next Day Air,1,1,33,Cash,Every 3 Months,0,4,promo_block,148.0,0,1,0,0,1.0,1,0,0,0,Mid-Age (35-49),0.50862424969988,0.2736403061224489,High,Low,1,0,1,S0,General Buyers
542,52,Male,Jacket,Outerwear,27.0,Connecticut,L,Gray,Fall,2.8,1,Next Day Air,1,1,45,Cash,Bi-Weekly,0,26,promo_block,702.0,0,1,1,0,1.0,1,0,0,1,Senior (50-70),0.665936774709884,0.2731147959183673,High,Low,1,0,3,S0,General Buyers
543,27,Male,Boots,Footwear,79.0,Illinois,Xl,Teal,Spring,4.6,1,Next Day Air,1,1,35,Cash,Bi-Weekly,0,26,promo_block,2054.0,0,0,0,0,1.0,1,1,1,0,Young Adult (25-34),0.7487122849139656,0.5575943877551021,High,Medium,1,0,2,S0,General Buyers
544,53,Male,Skirt,Clothing,98.0,Alabama,S,Red,Spring,4.3,1,Express,1,1,11,Credit Card,Monthly,0,12,promo_block,1176.0,1,0,0,1,1.0,1,1,0,0,Senior (50-70),0.5091460584233694,0.5002704081632653,High,Medium,1,1,1,S4,Promo-Habituated Spenders
545,34,Male,Sandals,Footwear,64.0,Washington,S,Yellow,Summer,3.3,1,Standard,1,1,30,Bank Transfer,Every 3 Months,0,4,promo_block,256.0,0,0,0,0,1.0,1,0,0,0,Young Adult (25-34),0.5062569027611045,0.3884591836734694,High,Low,0,0,2,S0,General Buyers
546,33,Male,Coat,Outerwear,32.0,Alabama,L,Magenta,Summer,3.5,1,2-Day Shipping,1,1,48,Debit Card,Annually,0,1,promo_block,32.0,0,1,1,0,1.0,1,0,0,0,Young Adult (25-34),0.6177551020408163,0.3522959183673469,High,Low,1,1,3,S0,General Buyers
547,62,Male,Hoodie,Clothing,74.0,New Mexico,M,Brown,Winter,3.4,1,Free Shipping,1,1,45,Venmo,Bi-Weekly,0,26,promo_block,1924.0,0,0,1,0,1.0,1,0,0,0,Senior (50-70),0.7139367747098839,0.5147397959183674,High,Medium,0,1,1,S0,General Buyers
548,38,Male,Jacket,Outerwear,50.0,Nevada,M,Blue,Winter,2.8,1,Free Shipping,1,1,26,Venmo,Weekly,0,52,promo_block,2600.0,0,0,0,0,1.0,1,0,0,1,Mid-Age (35-49),0.677061224489796,0.2768010204081632,High,Low,0,1,3,S0,General Buyers
549,36,Male,Backpack,Accessories,64.0,Nebraska,M,Black,Winter,4.6,1,Store Pickup,1,1,41,Debit Card,Every 3 Months,0,4,promo_block,256.0,0,0,1,0,1.0,1,1,1,0,Mid-Age (35-49),0.6776038415366146,0.5225816326530612,High,Medium,0,1,0,S0,General Buyers
550,31,Male,Backpack,Accessories,29.0,Arizona,S,Olive,Fall,3.6,1,Express,1,1,37,Venmo,Bi-Weekly,0,26,promo_block,754.0,0,1,0,0,1.0,1,0,0,0,Young Adult (25-34),0.6809571828731493,0.2890484693877551,High,Low,1,1,0,S0,General Buyers
551,62,Male,Belt,Accessories,62.0,Georgia,M,Olive,Summer,3.3,1,Store Pickup,1,1,12,Paypal,Weekly,0,52,promo_block,3224.0,0,0,0,1,1.0,1,0,0,0,Senior (50-70),0.6313469387755102,0.2878724489795918,High,Low,0,1,0,S0,General Buyers
552,29,Male,Coat,Outerwear,78.0,Idaho,Xl,Green,Fall,3.1,1,2-Day Shipping,1,1,27,Cash,Bi-Weekly,0,26,promo_block,2028.0,0,0,0,0,1.0,1,0,0,0,Young Adult (25-34),0.579732693077231,0.4224030612244898,High,Low,1,0,3,S0,General Buyers
553,24,Male,T-Shirt,Clothing,94.0,Missouri,M,Peach,Fall,3.5,1,Express,1,1,18,Bank Transfer,Weekly,0,52,promo_block,4888.0,1,0,0,0,1.0,1,0,0,0,Teen (18-24),0.6840816326530612,0.470484693877551,High,Medium,1,0,1,S4,Promo-Habituated Spenders
554,63,Male,Sunglasses,Accessories,59.0,Florida,M,White,Winter,3.2,1,Express,1,1,15,Credit Card,Quarterly,0,4,promo_block,236.0,0,0,0,0,1.0,1,0,0,0,Senior (50-70),0.4064201680672269,0.2840535714285714,Medium,Low,1,1,0,S2,Promo-Dependent Buyers
555,56,Male,Sneakers,Footwear,47.0,Minnesota,M,Red,Summer,3.0,1,Express,1,1,34,Bank Transfer,Weekly,0,52,promo_block,2444.0,0,0,0,0,1.0,1,0,0,0,Senior (50-70),0.7420408163265306,0.3164923469387755,High,Low,1,0,2,S0,General Buyers
556,63,Male,Gloves,Accessories,57.0,Maine,M,White,Fall,4.8,1,Express,1,1,37,Venmo,Annually,0,1,promo_block,57.0,0,0,0,0,1.0,1,1,1,0,Senior (50-70),0.654408163265306,0.4835484693877551,High,Medium,1,1,0,S0,General Buyers
557,40,Male,Coat,Outerwear,90.0,Montana,L,Indigo,Winter,5.0,1,Store Pickup,1,1,21,Cash,Fortnightly,0,26,promo_block,2340.0,1,0,0,0,1.0,1,1,1,0,Mid-Age (35-49),0.69499799919968,0.5582908163265305,High,Medium,0,0,3,S4,Promo-Habituated Spenders
558,18,Male,Shirt,Clothing,60.0,Alaska,M,White,Spring,2.9,1,Free Shipping,1,1,31,Debit Card,Weekly,0,52,promo_block,3120.0,0,0,0,0,1.0,1,0,0,1,Teen (18-24),0.7156734693877551,0.3520612244897959,High,Low,0,1,1,S0,General Buyers
559,50,Male,Sneakers,Footwear,77.0,Iowa,L,Teal,Fall,3.2,1,Express,1,1,43,Debit Card,Every 3 Months,0,4,promo_block,308.0,0,0,1,0,1.0,1,0,0,0,Senior (50-70),0.5778487394957983,0.5056607142857142,High,Medium,1,1,2,S0,General Buyers
560,66,Male,Scarf,Accessories,41.0,Arizona,M,Indigo,Fall,2.9,1,Store Pickup,1,1,22,Bank Transfer,Monthly,0,12,promo_block,492.0,0,0,0,0,1.0,1,0,0,1,Senior (50-70),0.4644929971988795,0.2230178571428571,High,Low,0,0,0,S2,Promo-Dependent Buyers
561,25,Male,Jewelry,Accessories,48.0,Louisiana,L,Red,Fall,3.8,1,Free Shipping,1,1,12,Debit Card,Annually,1,1,promo_block,48.0,0,0,0,1,1.0,1,0,0,0,Young Adult (25-34),0.4213469387755102,0.2566224489795918,Medium,Low,0,1,0,S2,Promo-Dependent Buyers
562,65,Male,Jacket,Outerwear,65.0,Alabama,M,Blue,Fall,2.6,1,Next Day Air,1,1,25,Paypal,Fortnightly,0,26,promo_block,1690.0,0,0,0,0,1.0,1,0,0,1,Senior (50-70),0.5274877951180472,0.3253239795918367,High,Low,1,1,3,S0,General Buyers
563,53,Male,Jeans,Clothing,62.0,Missouri,M,Blue,Summer,3.5,1,Standard,1,1,40,Debit Card,Annually,0,1,promo_block,62.0,0,0,1,0,1.0,1,0,0,0,Senior (50-70),0.5687755102040817,0.4427295918367347,High,Medium,0,1,1,S0,General Buyers
564,61,Male,Shoes,Footwear,99.0,Idaho,M,Black,Fall,4.4,1,Standard,1,1,16,Debit Card,Quarterly,0,4,promo_block,396.0,1,0,0,0,1.0,1,1,0,0,Senior (50-70),0.5085426170468188,0.5361556122448979,High,Medium,0,1,2,S4,Promo-Habituated Spenders
565,67,Male,Hoodie,Clothing,58.0,Florida,M,Olive,Winter,3.4,1,Next Day Air,1,1,30,Bank Transfer,Weekly,0,52,promo_block,3016.0,0,0,0,0,1.0,1,0,0,0,Senior (50-70),0.7495510204081632,0.3682091836734694,High,Low,1,0,1,S0,General Buyers
566,59,Male,Backpack,Accessories,43.0,Idaho,L,Lavender,Fall,4.2,1,Store Pickup,1,1,10,Venmo,Weekly,0,52,promo_block,2236.0,0,0,0,1,1.0,1,1,0,0,Senior (50-70),0.6911020408163265,0.2485433673469387,High,Low,0,1,0,S2,Promo-Dependent Buyers
567,55,Male,Sneakers,Footwear,93.0,Alabama,M,Indigo,Spring,3.6,1,Store Pickup,1,1,1,Debit Card,Fortnightly,0,26,promo_block,2418.0,1,0,0,1,1.0,1,0,0,0,Senior (50-70),0.4605490196078431,0.3853749999999999,High,Low,0,1,2,S4,Promo-Habituated Spenders
568,21,Male,Blouse,Clothing,50.0,New Hampshire,S,Red,Winter,3.0,1,Next Day Air,1,1,24,Venmo,Fortnightly,0,26,promo_block,1300.0,0,0,0,0,1.0,1,0,0,0,Teen (18-24),0.5533653461384554,0.2785969387755102,High,Low,1,1,1,S2,Promo-Dependent Buyers
569,44,Male,Pants,Clothing,88.0,Utah,L,Red,Summer,4.0,1,Free Shipping,1,1,36,Paypal,Monthly,0,12,promo_block,1056.0,1,0,0,0,1.0,1,1,0,0,Mid-Age (35-49),0.6382072829131653,0.5660714285714286,High,Medium,0,1,1,S4,Promo-Habituated Spenders
570,65,Male,Skirt,Clothing,33.0,Alabama,M,Pink,Fall,4.4,1,Express,1,1,46,Credit Card,Every 3 Months,0,4,promo_block,132.0,0,1,1,0,1.0,1,1,0,0,Senior (50-70),0.6922160864345738,0.4004668367346938,High,Low,1,1,1,S0,General Buyers
571,65,Male,T-Shirt,Clothing,99.0,Iowa,Xl,Purple,Fall,4.1,1,Standard,1,1,20,Cash,Annually,0,1,promo_block,99.0,1,0,0,0,1.0,1,1,0,0,Senior (50-70),0.4943265306122448,0.5385637755102041,High,Medium,0,0,1,S4,Promo-Habituated Spenders
572,54,Male,Jacket,Outerwear,76.0,Kentucky,Xl,Cyan,Spring,3.6,1,Free Shipping,1,1,37,Venmo,Weekly,0,52,promo_block,3952.0,0,0,0,0,1.0,1,0,0,0,Senior (50-70),0.8084081632653062,0.4946734693877551,High,Medium,0,1,3,S0,General Buyers
573,56,Male,Scarf,Accessories,97.0,South Carolina,Xl,Cyan,Summer,4.6,1,Next Day Air,1,1,26,Bank Transfer,Annually,0,1,promo_block,97.0,1,0,0,0,1.0,1,1,1,0,Senior (50-70),0.5710612244897959,0.5904260204081633,High,Medium,1,0,0,S4,Promo-Habituated Spenders
574,58,Male,Pants,Clothing,68.0,California,M,Charcoal,Summer,3.2,1,2-Day Shipping,1,1,23,Credit Card,Bi-Weekly,0,26,promo_block,1768.0,0,0,0,0,1.0,1,0,0,0,Senior (50-70),0.5632428971588636,0.3642448979591837,High,Low,1,1,1,S0,General Buyers
575,54,Male,Sneakers,Footwear,79.0,Maine,L,Red,Fall,4.8,1,Free Shipping,1,1,20,Bank Transfer,Bi-Weekly,0,26,promo_block,2054.0,0,0,0,0,1.0,1,1,1,0,Senior (50-70),0.672875550220088,0.4930637755102041,High,Medium,0,0,2,S0,General Buyers
576,58,Male,Jeans,Clothing,86.0,Nebraska,M,Peach,Fall,4.8,1,Express,1,1,38,Paypal,Monthly,0,12,promo_block,1032.0,1,0,1,0,1.0,1,1,1,0,Senior (50-70),0.714452180872349,0.6155255102040815,High,High,1,1,1,S4,Promo-Habituated Spenders
577,48,Male,Hat,Accessories,68.0,Washington,M,Black,Winter,5.0,1,2-Day Shipping,1,1,5,Credit Card,Every 3 Months,0,4,promo_block,272.0,0,0,0,1,1.0,1,1,1,0,Mid-Age (35-49),0.4891956782713085,0.3804081632653061,High,Low,1,1,0,S0,General Buyers
578,19,Male,Skirt,Clothing,52.0,Alabama,M,Black,Fall,3.7,1,Store Pickup,1,1,41,Venmo,Annually,0,1,promo_block,52.0,0,0,1,0,1.0,1,0,0,0,Teen (18-24),0.5908979591836735,0.4160816326530612,High,Low,0,1,1,S0,General Buyers
579,69,Male,Sandals,Footwear,90.0,Maine,M,Purple,Fall,4.6,1,Next Day Air,1,1,22,Credit Card,Fortnightly,0,26,promo_block,2340.0,1,0,0,0,1.0,1,1,1,0,Senior (50-70),0.6691204481792716,0.5393928571428571,High,Medium,1,1,2,S4,Promo-Habituated Spenders
580,58,Male,Sandals,Footwear,41.0,California,M,Violet,Winter,3.7,1,Free Shipping,1,1,48,Credit Card,Annually,0,1,promo_block,41.0,0,0,1,0,1.0,1,0,0,0,Senior (50-70),0.6337551020408163,0.4036709183673469,High,Low,0,1,2,S0,General Buyers
581,49,Male,Sweater,Clothing,80.0,Iowa,M,Orange,Spring,4.1,1,Free Shipping,1,1,10,Paypal,Weekly,0,52,promo_block,4160.0,0,0,0,1,1.0,1,1,0,0,Mid-Age (35-49),0.6831020408163265,0.4044183673469387,High,Low,0,1,1,S0,General Buyers
582,32,Male,Sweater,Clothing,100.0,Iowa,Xl,Charcoal,Winter,2.7,1,Store Pickup,1,1,12,Bank Transfer,Every 3 Months,0,4,promo_block,400.0,1,0,0,1,1.0,1,0,0,1,Young Adult (25-34),0.3480528211284514,0.4181224489795918,Medium,Low,0,0,1,S4,Promo-Habituated Spenders
583,40,Male,Jacket,Outerwear,77.0,Colorado,L,Turquoise,Spring,4.9,1,Store Pickup,1,1,2,Bank Transfer,Quarterly,0,4,promo_block,308.0,0,0,0,1,1.0,1,1,1,0,Mid-Age (35-49),0.4628283313325331,0.3984770408163265,High,Low,0,0,3,S0,General Buyers
584,25,Male,Shorts,Clothing,78.0,California,L,Yellow,Spring,4.0,1,Store Pickup,1,1,38,Paypal,Monthly,0,12,promo_block,936.0,0,0,1,0,1.0,1,1,0,0,Young Adult (25-34),0.6504521808723489,0.5325255102040816,High,Medium,0,1,1,S0,General Buyers
585,70,Male,Socks,Clothing,94.0,Indiana,M,White,Spring,4.7,1,Free Shipping,1,1,20,Debit Card,Monthly,0,12,promo_block,1128.0,1,0,0,0,1.0,1,1,1,0,Senior (50-70),0.5962480992396959,0.5526887755102041,High,Medium,0,1,1,S4,Promo-Habituated Spenders
586,69,Male,Socks,Clothing,23.0,South Carolina,M,Gray,Fall,2.8,1,Next Day Air,1,1,5,Cash,Every 3 Months,0,4,promo_block,92.0,0,1,0,1,1.0,1,0,0,1,Senior (50-70),0.3131956782713085,0.0515331632653061,Medium,Low,1,0,1,S2,Promo-Dependent Buyers
587,45,Male,Hoodie,Clothing,20.0,Wisconsin,S,Blue,Winter,4.9,1,2-Day Shipping,1,1,9,Venmo,Annually,0,1,promo_block,20.0,0,1,0,1,1.0,1,1,1,0,Mid-Age (35-49),0.4909795918367347,0.1848163265306122,High,Low,1,1,1,S2,Promo-Dependent Buyers
588,29,Male,Socks,Clothing,86.0,Washington,S,Maroon,Fall,4.2,1,Express,1,1,48,Debit Card,Every 3 Months,0,4,promo_block,344.0,1,0,1,0,1.0,1,1,0,0,Young Adult (25-34),0.6884609843937574,0.6305459183673469,High,High,1,1,1,S4,Promo-Habituated Spenders
589,47,Male,Boots,Footwear,60.0,South Dakota,M,Violet,Fall,3.0,1,Standard,1,1,9,Debit Card,Quarterly,0,4,promo_block,240.0,0,0,0,1,1.0,1,0,0,0,Mid-Age (35-49),0.3536854741896759,0.2458163265306122,Medium,Low,0,1,2,S0,General Buyers
590,28,Male,Shirt,Clothing,70.0,Minnesota,M,Orange,Fall,3.4,1,2-Day Shipping,1,1,40,Paypal,Annually,0,1,promo_block,70.0,0,0,1,0,1.0,1,0,0,0,Young Adult (25-34),0.5607755102040816,0.4717295918367347,High,Medium,1,1,1,S0,General Buyers
591,64,Male,Belt,Accessories,39.0,Alaska,S,Turquoise,Fall,4.6,1,Standard,1,1,30,Venmo,Fortnightly,0,26,promo_block,1014.0,0,1,0,0,1.0,1,1,1,0,Senior (50-70),0.7181000400160065,0.3570841836734694,High,Low,0,1,0,S0,General Buyers
592,47,Male,Backpack,Accessories,37.0,Kentucky,L,Olive,Fall,4.2,1,Store Pickup,1,1,6,Debit Card,Bi-Weekly,0,26,promo_block,962.0,0,1,0,1,1.0,1,1,0,0,Mid-Age (35-49),0.5391612645058024,0.2018852040816326,High,Low,0,1,0,S2,Promo-Dependent Buyers
593,60,Male,Boots,Footwear,29.0,North Dakota,M,Brown,Fall,3.2,1,Free Shipping,1,1,42,Venmo,Every 3 Months,0,4,promo_block,116.0,0,1,1,0,1.0,1,0,0,0,Senior (50-70),0.5717262905162065,0.2905586734693878,High,Low,0,1,2,S0,General Buyers
594,67,Male,Coat,Outerwear,35.0,Alaska,S,Green,Winter,4.4,1,Store Pickup,1,1,9,Paypal,Every 3 Months,0,4,promo_block,140.0,0,1,0,1,1.0,1,1,0,0,Senior (50-70),0.4656854741896759,0.2204413265306122,High,Low,0,1,3,S2,Promo-Dependent Buyers
595,35,Male,Hoodie,Clothing,83.0,Oklahoma,S,Brown,Winter,2.5,1,Next Day Air,1,1,6,Debit Card,Monthly,0,12,promo_block,996.0,1,0,0,1,1.0,1,0,0,1,Mid-Age (35-49),0.3345338135254101,0.3011352040816326,Medium,Low,1,1,1,S4,Promo-Habituated Spenders
596,30,Male,Shoes,Footwear,77.0,Delaware,M,Silver,Summer,3.6,1,Next Day Air,1,1,47,Paypal,Quarterly,0,4,promo_block,308.0,0,0,1,0,1.0,1,0,0,0,Young Adult (25-34),0.6343385354141657,0.5500688775510204,High,Medium,1,1,2,S0,General Buyers
597,23,Male,Shoes,Footwear,37.0,Montana,Xl,White,Summer,4.5,1,Store Pickup,1,1,36,Venmo,Annually,0,1,promo_block,37.0,0,1,0,0,1.0,1,1,1,0,Teen (18-24),0.6242857142857143,0.3729464285714285,High,Low,0,1,2,S0,General Buyers
598,70,Male,Jewelry,Accessories,69.0,Alaska,L,Gold,Summer,3.4,1,Standard,1,1,19,Bank Transfer,Fortnightly,0,26,promo_block,1794.0,0,0,0,0,1.0,1,0,0,0,Senior (50-70),0.5547531012404961,0.3602117346938775,High,Low,0,0,0,S0,General Buyers
599,21,Male,Dress,Clothing,66.0,California,L,Green,Winter,3.2,1,2-Day Shipping,1,1,30,Cash,Every 3 Months,0,4,promo_block,264.0,0,0,0,0,1.0,1,0,0,0,Teen (18-24),0.4982569027611044,0.3912091836734693,High,Low,1,0,1,S0,General Buyers
600,51,Male,Boots,Footwear,26.0,Massachusetts,L,Teal,Spring,4.2,1,Standard,1,1,27,Debit Card,Every 3 Months,0,4,promo_block,104.0,0,1,0,0,1.0,1,1,0,0,Senior (50-70),0.5598895558223289,0.2609030612244898,High,Low,0,1,2,S0,General Buyers
601,22,Male,Hat,Accessories,63.0,South Carolina,M,Charcoal,Spring,5.0,1,2-Day Shipping,1,1,25,Venmo,Monthly,0,12,promo_block,756.0,0,0,0,0,1.0,1,1,1,0,Teen (18-24),0.650860344137655,0.4605739795918367,High,Medium,1,1,0,S0,General Buyers
602,32,Male,Backpack,Accessories,38.0,West Virginia,M,Maroon,Summer,4.7,1,Store Pickup,1,1,5,Cash,Fortnightly,0,26,promo_block,988.0,0,1,0,1,1.0,1,1,1,0,Young Adult (25-34),0.5730388155262105,0.2311581632653061,High,Low,0,0,0,S2,Promo-Dependent Buyers
603,37,Male,Shoes,Footwear,58.0,Oregon,L,Lavender,Summer,4.2,1,Next Day Air,1,1,10,Cash,Every 3 Months,0,4,promo_block,232.0,0,0,0,1,1.0,1,1,0,0,Mid-Age (35-49),0.4558079231692677,0.3141683673469387,Medium,Low,1,0,2,S2,Promo-Dependent Buyers
604,31,Male,Handbag,Accessories,46.0,Massachusetts,L,Green,Winter,3.4,1,2-Day Shipping,1,1,26,Paypal,Every 3 Months,0,4,promo_block,184.0,0,0,0,0,1.0,1,0,0,0,Young Adult (25-34),0.4897671068427371,0.2953010204081632,High,Low,1,1,0,S0,General Buyers
605,44,Male,Sunglasses,Accessories,92.0,West Virginia,S,Pink,Fall,4.4,1,Store Pickup,1,1,11,Credit Card,Every 3 Months,0,4,promo_block,368.0,1,0,0,1,1.0,1,1,0,0,Mid-Age (35-49),0.4779303721488596,0.4800204081632653,High,Medium,0,1,0,S4,Promo-Habituated Spenders
606,40,Male,Hat,Accessories,32.0,California,Xl,Charcoal,Winter,4.2,1,Standard,1,1,17,Bank Transfer,Weekly,0,52,promo_block,1664.0,0,1,0,0,1.0,1,1,0,0,Mid-Age (35-49),0.7339591836734695,0.2361326530612245,High,Low,0,0,0,S2,Promo-Dependent Buyers
607,27,Male,Scarf,Accessories,90.0,Colorado,M,Blue,Spring,4.5,1,Standard,1,1,44,Paypal,Monthly,0,12,promo_block,1080.0,1,0,1,0,1.0,1,1,1,0,Young Adult (25-34),0.7271868747499001,0.6456377551020408,High,High,0,1,0,S4,Promo-Habituated Spenders
608,47,Male,Hoodie,Clothing,23.0,Indiana,L,Purple,Fall,2.8,1,Next Day Air,1,1,44,Cash,Monthly,0,12,promo_block,276.0,0,1,1,0,1.0,1,0,0,1,Mid-Age (35-49),0.5911868747499001,0.2505127551020408,High,Low,1,0,1,S0,General Buyers
609,41,Male,Backpack,Accessories,25.0,Delaware,S,Gold,Fall,3.3,1,Next Day Air,1,1,21,Venmo,Every 3 Months,0,4,promo_block,100.0,0,1,0,0,1.0,1,0,0,0,Mid-Age (35-49),0.4511548619447779,0.1719158163265306,Medium,Low,1,1,0,S2,Promo-Dependent Buyers
610,51,Male,Sweater,Clothing,54.0,Ohio,L,Purple,Fall,4.6,1,Next Day Air,1,1,49,Credit Card,Fortnightly,0,26,promo_block,1404.0,0,0,1,0,1.0,1,1,1,0,Senior (50-70),0.8344265706282512,0.5196479591836735,High,Medium,1,1,1,S0,General Buyers
611,53,Male,Shorts,Clothing,72.0,Oklahoma,M,Charcoal,Summer,2.5,1,Free Shipping,1,1,27,Bank Transfer,Every 3 Months,0,4,promo_block,288.0,0,0,0,0,1.0,1,0,0,1,Senior (50-70),0.4238895558223289,0.3601530612244897,Medium,Low,0,0,1,S0,General Buyers
612,43,Male,Scarf,Accessories,33.0,California,M,Black,Winter,4.7,1,Store Pickup,1,1,19,Cash,Monthly,0,12,promo_block,396.0,0,1,0,0,1.0,1,1,1,0,Mid-Age (35-49),0.5901256502601041,0.2807117346938775,High,Low,0,0,0,S2,Promo-Dependent Buyers
613,67,Male,Hat,Accessories,43.0,New Hampshire,L,Lavender,Fall,4.6,1,Express,1,1,33,Credit Card,Quarterly,0,4,promo_block,172.0,0,0,0,0,1.0,1,1,1,0,Senior (50-70),0.62862424969988,0.3898903061224489,High,Low,1,1,0,S0,General Buyers
614,61,Male,Coat,Outerwear,51.0,Pennsylvania,L,Lavender,Fall,2.6,1,Standard,1,1,46,Cash,Bi-Weekly,0,26,promo_block,1326.0,0,0,1,0,1.0,1,0,0,1,Senior (50-70),0.6560592236894758,0.3712168367346938,High,Low,0,0,3,S0,General Buyers
615,68,Male,Jewelry,Accessories,85.0,Idaho,M,Lavender,Winter,4.0,1,Standard,1,1,21,Credit Card,Bi-Weekly,0,26,promo_block,2210.0,1,0,0,0,1.0,1,1,0,0,Senior (50-70),0.6149979991996799,0.4764158163265306,High,Medium,0,1,0,S4,Promo-Habituated Spenders
616,67,Male,Sandals,Footwear,100.0,Maryland,L,Olive,Summer,2.6,1,Next Day Air,1,1,23,Venmo,Annually,0,1,promo_block,100.0,1,0,0,0,1.0,1,0,0,1,Senior (50-70),0.3926938775510204,0.4682448979591836,Medium,Medium,1,1,2,S4,Promo-Habituated Spenders
617,29,Male,Gloves,Accessories,72.0,Pennsylvania,L,Teal,Spring,4.6,1,Free Shipping,1,1,38,Credit Card,Every 3 Months,0,4,promo_block,288.0,0,0,1,0,1.0,1,1,1,0,Young Adult (25-34),0.6592364945978391,0.5422755102040816,High,Medium,0,1,0,S0,General Buyers
618,50,Male,Backpack,Accessories,57.0,Colorado,M,Maroon,Fall,2.6,1,Standard,1,1,2,Bank Transfer,Quarterly,0,4,promo_block,228.0,0,0,0,1,1.0,1,0,0,1,Senior (50-70),0.278828331332533,0.1729770408163265,Low,Low,0,0,0,S2,Promo-Dependent Buyers
619,61,Male,Jacket,Outerwear,94.0,Indiana,L,Cyan,Spring,4.0,1,Express,1,1,21,Debit Card,Bi-Weekly,0,26,promo_block,2444.0,1,0,0,0,1.0,1,1,0,0,Senior (50-70),0.6149979991996799,0.5157908163265306,High,Medium,1,1,3,S4,Promo-Habituated Spenders
620,19,Male,Backpack,Accessories,34.0,Nebraska,M,Charcoal,Summer,4.6,1,Store Pickup,1,1,1,Debit Card,Every 3 Months,0,4,promo_block,136.0,0,1,0,1,1.0,1,1,1,0,Teen (18-24),0.4327058823529411,0.1872499999999999,Medium,Low,0,1,0,S2,Promo-Dependent Buyers
621,33,Male,Backpack,Accessories,89.0,Rhode Island,M,Black,Fall,3.7,1,2-Day Shipping,1,1,10,Venmo,Every 3 Months,0,4,promo_block,356.0,1,0,0,1,1.0,1,0,0,0,Young Adult (25-34),0.4158079231692677,0.4197933673469388,Medium,Low,1,1,0,S4,Promo-Habituated Spenders
622,51,Male,Sunglasses,Accessories,27.0,Kansas,S,Red,Fall,4.4,1,Store Pickup,1,1,45,Credit Card,Weekly,0,52,promo_block,1404.0,0,1,1,0,1.0,1,1,0,0,Senior (50-70),0.9213877551020409,0.3691147959183674,High,Low,0,1,0,S0,General Buyers
623,69,Male,Socks,Clothing,63.0,Georgia,S,Peach,Spring,4.0,1,Next Day Air,1,1,44,Bank Transfer,Fortnightly,0,26,promo_block,1638.0,0,0,1,0,1.0,1,1,0,0,Senior (50-70),0.7558143257302922,0.4975127551020407,High,Medium,1,0,1,S0,General Buyers
624,19,Male,Shoes,Footwear,70.0,Nevada,M,White,Fall,4.7,1,Standard,1,1,48,Paypal,Bi-Weekly,0,26,promo_block,1820.0,0,0,1,0,1.0,1,1,1,0,Teen (18-24),0.8363041216486594,0.5905459183673469,High,Medium,0,1,2,S0,General Buyers
625,55,Male,Pants,Clothing,87.0,South Carolina,Xl,Pink,Fall,3.4,1,Express,1,1,21,Paypal,Annually,0,1,promo_block,87.0,1,0,0,0,1.0,1,0,0,0,Senior (50-70),0.4444489795918367,0.4491658163265306,Medium,Medium,1,1,1,S4,Promo-Habituated Spenders
626,49,Male,Jewelry,Accessories,79.0,Delaware,M,Red,Fall,4.0,1,Next Day Air,1,1,1,Venmo,Weekly,0,52,promo_block,4108.0,0,0,0,1,1.0,1,1,0,0,Mid-Age (35-49),0.62,0.348125,High,Low,1,1,0,S0,General Buyers
627,31,Male,Sunglasses,Accessories,79.0,New Hampshire,M,Indigo,Spring,3.9,1,Standard,1,1,10,Venmo,Annually,0,1,promo_block,79.0,0,0,0,1,1.0,1,0,0,0,Young Adult (25-34),0.4171020408163265,0.3880433673469388,Medium,Low,0,1,0,S0,General Buyers
628,42,Male,Sandals,Footwear,44.0,Oregon,L,Black,Winter,4.1,1,Express,1,1,24,Paypal,Monthly,0,12,promo_block,528.0,0,0,0,0,1.0,1,1,0,0,Mid-Age (35-49),0.5727378951580633,0.3183469387755102,High,Low,1,1,2,S2,Promo-Dependent Buyers
629,69,Male,Sweater,Clothing,85.0,Massachusetts,M,White,Fall,3.8,1,2-Day Shipping,1,1,29,Credit Card,Monthly,1,12,promo_block,1020.0,1,0,0,0,1.0,1,0,0,0,Senior (50-70),0.5793501400560224,0.5052321428571428,High,Medium,1,1,1,S4,Promo-Habituated Spenders
630,26,Male,Shoes,Footwear,90.0,Vermont,L,Beige,Spring,4.7,1,Standard,1,1,11,Debit Card,Annually,0,1,promo_block,90.0,1,0,0,1,1.0,1,1,1,0,Young Adult (25-34),0.4872244897959184,0.4892704081632653,High,Medium,0,1,2,S4,Promo-Habituated Spenders
631,41,Male,Jewelry,Accessories,94.0,Mississippi,S,Silver,Fall,4.3,1,2-Day Shipping,1,1,33,Debit Card,Annually,0,1,promo_block,94.0,1,0,0,0,1.0,1,1,0,0,Mid-Age (35-49),0.5899183673469388,0.5950153061224489,High,Medium,1,1,0,S4,Promo-Habituated Spenders
632,55,Male,Boots,Footwear,68.0,Washington,S,Violet,Summer,4.1,1,Store Pickup,1,1,27,Cash,Fortnightly,0,26,promo_block,1768.0,0,0,0,0,1.0,1,1,0,0,Senior (50-70),0.6597326930772309,0.4386530612244897,High,Medium,0,0,2,S0,General Buyers
633,35,Male,Backpack,Accessories,51.0,Wyoming,M,Red,Winter,3.9,1,Next Day Air,1,1,19,Venmo,Fortnightly,0,26,promo_block,1326.0,0,0,0,0,1.0,1,0,0,0,Mid-Age (35-49),0.5947531012404962,0.3114617346938775,High,Low,1,1,0,S2,Promo-Dependent Buyers
634,66,Male,Sandals,Footwear,33.0,Minnesota,M,Orange,Spring,2.9,1,Express,1,1,50,Debit Card,Quarterly,0,4,promo_block,132.0,0,1,1,0,1.0,1,0,0,1,Senior (50-70),0.5967058823529412,0.330875,High,Low,1,1,2,S0,General Buyers
635,36,Male,Sneakers,Footwear,60.0,Ohio,M,Teal,Summer,3.9,1,Standard,1,1,46,Paypal,Weekly,0,52,promo_block,3120.0,0,0,1,0,1.0,1,0,0,0,Mid-Age (35-49),0.8875102040816326,0.4885918367346938,High,Medium,0,1,2,S0,General Buyers
636,27,Male,Hoodie,Clothing,59.0,South Carolina,M,Brown,Fall,4.3,1,2-Day Shipping,1,1,28,Cash,Quarterly,0,4,promo_block,236.0,0,0,0,0,1.0,1,1,0,0,Young Adult (25-34),0.5740120048019207,0.4163801020408163,High,Low,1,0,1,S0,General Buyers
637,41,Male,Handbag,Accessories,30.0,Wisconsin,M,Indigo,Summer,2.8,1,Store Pickup,1,1,14,Bank Transfer,Every 3 Months,0,4,promo_block,120.0,0,1,0,0,1.0,1,0,0,1,Mid-Age (35-49),0.368297719087635,0.1280765306122449,Medium,Low,0,0,0,S2,Promo-Dependent Buyers
638,21,Male,Sweater,Clothing,20.0,Tennessee,M,Cyan,Winter,3.4,1,2-Day Shipping,1,1,46,Cash,Fortnightly,0,26,promo_block,520.0,0,1,1,0,1.0,1,0,0,0,Teen (18-24),0.7200592236894757,0.2835918367346939,High,Low,1,0,1,S0,General Buyers
639,53,Male,Sandals,Footwear,20.0,Maryland,S,Blue,Summer,2.7,1,Express,1,1,41,Paypal,Monthly,0,12,promo_block,240.0,0,1,1,0,1.0,1,0,0,1,Senior (50-70),0.5648195278111244,0.2160816326530612,High,Low,1,1,2,S0,General Buyers
640,54,Male,Dress,Clothing,24.0,Mississippi,L,Olive,Spring,4.0,1,2-Day Shipping,1,1,50,Credit Card,Annually,0,1,promo_block,24.0,0,1,1,0,1.0,1,1,0,0,Senior (50-70),0.67,0.3575,High,Low,1,1,1,S0,General Buyers
641,53,Male,Skirt,Clothing,88.0,Minnesota,M,Gray,Summer,4.4,1,Store Pickup,1,1,28,Debit Card,Fortnightly,0,26,promo_block,2288.0,1,0,0,0,1.0,1,1,0,0,Senior (50-70),0.6898551420568227,0.5492551020408163,High,Medium,0,1,1,S4,Promo-Habituated Spenders
642,47,Male,Blouse,Clothing,78.0,Alaska,M,Red,Winter,3.9,1,2-Day Shipping,1,1,23,Credit Card,Every 3 Months,0,4,promo_block,312.0,0,0,0,0,1.0,1,0,0,0,Mid-Age (35-49),0.5113997599039616,0.4499948979591837,High,Medium,1,1,1,S0,General Buyers
643,64,Male,Skirt,Clothing,25.0,Arkansas,L,Red,Spring,2.8,1,2-Day Shipping,1,1,14,Debit Card,Bi-Weekly,0,26,promo_block,650.0,0,1,0,0,1.0,1,0,0,1,Senior (50-70),0.476140856342537,0.1062015306122448,High,Low,1,1,1,S2,Promo-Dependent Buyers
644,18,Male,Sweater,Clothing,57.0,Oregon,Xl,Green,Winter,3.2,1,Next Day Air,1,1,10,Bank Transfer,Every 3 Months,0,4,promo_block,228.0,0,0,0,1,1.0,1,0,0,0,Teen (18-24),0.3758079231692677,0.2497933673469387,Medium,Low,1,0,1,S2,Promo-Dependent Buyers
645,68,Male,Backpack,Accessories,93.0,Louisiana,S,Blue,Summer,4.3,1,Next Day Air,1,1,37,Cash,Weekly,0,52,promo_block,4836.0,1,0,0,0,1.0,1,1,0,0,Senior (50-70),0.8644081632653061,0.611048469387755,High,High,1,0,0,S4,Promo-Habituated Spenders
646,62,Male,Hoodie,Clothing,42.0,Oklahoma,S,Purple,Summer,4.2,1,Express,1,1,15,Venmo,Bi-Weekly,0,26,promo_block,1092.0,0,0,0,0,1.0,1,1,0,0,Senior (50-70),0.5942633053221289,0.2696785714285714,High,Low,1,1,1,S2,Promo-Dependent Buyers
647,51,Male,Boots,Footwear,54.0,Indiana,Xl,Pink,Spring,4.9,1,Standard,1,1,19,Venmo,Bi-Weekly,0,26,promo_block,1404.0,0,0,0,0,1.0,1,1,1,0,Senior (50-70),0.6747531012404963,0.3845867346938775,High,Low,0,1,2,S2,Promo-Dependent Buyers
648,54,Male,Blouse,Clothing,70.0,Mississippi,Xl,Charcoal,Summer,3.7,1,Express,1,1,23,Credit Card,Fortnightly,0,26,promo_block,1820.0,0,0,0,0,1.0,1,0,0,0,Senior (50-70),0.6032428971588635,0.4029948979591837,High,Low,1,1,1,S0,General Buyers
649,22,Male,Hoodie,Clothing,31.0,Michigan,M,Brown,Winter,4.1,1,Store Pickup,1,1,35,Credit Card,Weekly,0,52,promo_block,1612.0,0,1,0,0,1.0,1,1,0,0,Teen (18-24),0.8361632653061225,0.317594387755102,High,Low,0,1,1,S0,General Buyers
650,53,Male,Pants,Clothing,93.0,Delaware,L,Orange,Spring,4.2,1,Store Pickup,1,1,33,Paypal,Every 3 Months,0,4,promo_block,372.0,1,0,0,0,1.0,1,1,0,0,Senior (50-70),0.5966242496998799,0.5846403061224489,High,Medium,0,1,1,S4,Promo-Habituated Spenders
651,34,Male,Gloves,Accessories,40.0,Florida,M,Magenta,Spring,3.9,1,Next Day Air,1,1,12,Bank Transfer,Annually,0,1,promo_block,40.0,0,0,0,1,1.0,1,0,0,0,Young Adult (25-34),0.4293469387755102,0.2276224489795918,Medium,Low,1,0,0,S2,Promo-Dependent Buyers
652,32,Male,Hat,Accessories,32.0,Arkansas,L,Yellow,Summer,2.9,1,Next Day Air,1,1,41,Venmo,Fortnightly,0,26,promo_block,832.0,0,1,1,0,1.0,1,0,0,1,Young Adult (25-34),0.6494469787915166,0.2805816326530612,High,Low,1,1,0,S0,General Buyers
653,64,Male,Sunglasses,Accessories,27.0,Minnesota,M,Beige,Winter,3.1,1,Free Shipping,1,1,27,Venmo,Weekly,0,52,promo_block,1404.0,0,1,0,0,1.0,1,0,0,0,Senior (50-70),0.7071836734693878,0.1992780612244898,High,Low,0,1,0,S0,General Buyers
654,20,Male,Scarf,Accessories,68.0,North Dakota,M,Olive,Winter,3.6,1,2-Day Shipping,1,1,45,Cash,Fortnightly,0,26,promo_block,1768.0,0,0,1,0,1.0,1,0,0,0,Teen (18-24),0.7299367747098839,0.5004897959183674,High,Medium,1,0,0,S0,General Buyers
655,24,Male,Handbag,Accessories,59.0,California,L,Gray,Summer,4.4,1,2-Day Shipping,1,1,23,Venmo,Annually,0,1,promo_block,59.0,0,0,0,0,1.0,1,1,0,0,Teen (18-24),0.5366938775510204,0.3968698979591837,High,Low,1,1,0,S2,Promo-Dependent Buyers
656,20,Male,Handbag,Accessories,36.0,Mississippi,S,Purple,Fall,3.1,1,Free Shipping,1,1,19,Venmo,Monthly,0,12,promo_block,432.0,0,1,0,0,1.0,1,0,0,0,Teen (18-24),0.4621256502601041,0.1978367346938775,High,Low,0,1,0,S2,Promo-Dependent Buyers
657,42,Male,Jeans,Clothing,23.0,Pennsylvania,M,Beige,Summer,3.9,1,Standard,1,1,6,Paypal,Quarterly,0,4,promo_block,92.0,0,1,0,1,1.0,1,0,0,0,Mid-Age (35-49),0.4073181272509003,0.1226352040816326,Medium,Low,0,1,1,S2,Promo-Dependent Buyers
658,48,Male,Jacket,Outerwear,80.0,Arizona,M,White,Winter,4.3,1,Free Shipping,1,1,6,Paypal,Quarterly,0,4,promo_block,320.0,0,0,0,1,1.0,1,1,0,0,Mid-Age (35-49),0.4393181272509003,0.3960102040816325,Medium,Low,0,1,3,S0,General Buyers
659,62,Male,Backpack,Accessories,37.0,Louisiana,S,White,Fall,4.9,1,Store Pickup,1,1,20,Venmo,Weekly,0,52,promo_block,1924.0,0,1,0,0,1.0,1,1,1,0,Senior (50-70),0.808326530612245,0.3153137755102041,High,Low,0,1,0,S2,Promo-Dependent Buyers
660,62,Male,Shorts,Clothing,52.0,Virginia,S,Gold,Spring,3.6,1,2-Day Shipping,1,1,8,Cash,Weekly,0,52,promo_block,2704.0,0,0,0,1,1.0,1,0,0,0,Senior (50-70),0.630857142857143,0.2417142857142857,High,Low,1,0,1,S2,Promo-Dependent Buyers
661,50,Male,Coat,Outerwear,79.0,Montana,M,Olive,Fall,5.0,1,2-Day Shipping,1,1,39,Credit Card,Quarterly,0,4,promo_block,316.0,0,0,1,0,1.0,1,1,1,0,Senior (50-70),0.697358943577431,0.6020025510204081,High,High,1,1,3,S0,General Buyers
662,57,Male,Shirt,Clothing,68.0,Iowa,Xl,Green,Fall,4.1,1,Store Pickup,1,1,39,Credit Card,Quarterly,0,4,promo_block,272.0,0,0,1,0,1.0,1,1,0,0,Senior (50-70),0.6253589435774309,0.4998775510204081,High,Medium,0,1,1,S0,General Buyers
663,24,Male,Gloves,Accessories,98.0,Illinois,L,Magenta,Fall,2.8,1,Express,1,1,39,Venmo,Bi-Weekly,0,26,promo_block,2548.0,1,0,1,0,1.0,1,0,0,1,Teen (18-24),0.629202080832333,0.5531275510204081,High,Medium,1,1,0,S4,Promo-Habituated Spenders
664,59,Male,Dress,Clothing,83.0,Alaska,M,Charcoal,Fall,4.7,1,Express,1,1,23,Credit Card,Monthly,0,12,promo_block,996.0,1,0,0,0,1.0,1,1,1,0,Senior (50-70),0.6146154461784714,0.5198698979591836,High,Medium,1,1,1,S4,Promo-Habituated Spenders
665,63,Male,Pants,Clothing,83.0,Colorado,M,Indigo,Winter,4.4,1,Express,1,1,41,Paypal,Bi-Weekly,0,26,promo_block,2158.0,1,0,1,0,1.0,1,1,0,0,Senior (50-70),0.7694469787915166,0.5937066326530612,High,Medium,1,1,1,S4,Promo-Habituated Spenders
666,41,Male,Pants,Clothing,55.0,New Mexico,M,Peach,Spring,4.9,1,2-Day Shipping,1,1,50,Credit Card,Annually,0,1,promo_block,55.0,0,0,1,0,1.0,1,1,1,0,Mid-Age (35-49),0.7420000000000001,0.547125,High,Medium,1,1,1,S0,General Buyers
667,35,Male,Hoodie,Clothing,26.0,Colorado,L,Turquoise,Winter,3.1,1,Free Shipping,1,1,30,Debit Card,Quarterly,0,4,promo_block,104.0,0,1,0,0,1.0,1,0,0,0,Mid-Age (35-49),0.4902569027611044,0.2102091836734693,High,Low,0,1,1,S0,General Buyers
668,34,Male,Sunglasses,Accessories,76.0,Arizona,S,Blue,Winter,2.6,1,Standard,1,1,32,Bank Transfer,Quarterly,0,4,promo_block,304.0,0,0,0,0,1.0,1,0,0,1,Young Adult (25-34),0.4625018007202881,0.4091632653061224,High,Low,0,0,0,S0,General Buyers
669,49,Male,T-Shirt,Clothing,85.0,Hawaii,S,Turquoise,Fall,2.9,1,Express,1,1,35,Bank Transfer,Monthly,0,12,promo_block,1020.0,1,0,0,0,1.0,1,0,0,1,Mid-Age (35-49),0.5440848339335734,0.4818443877551021,High,Medium,1,0,1,S4,Promo-Habituated Spenders
670,43,Male,Jacket,Outerwear,89.0,Illinois,M,Gray,Spring,3.3,1,Free Shipping,1,1,45,Venmo,Bi-Weekly,0,26,promo_block,2314.0,1,0,1,0,1.0,1,0,0,0,Mid-Age (35-49),0.7059367747098839,0.5743647959183674,High,Medium,0,1,3,S4,Promo-Habituated Spenders
671,63,Male,Sweater,Clothing,41.0,Louisiana,Xl,Purple,Spring,4.8,1,Next Day Air,1,1,37,Cash,Bi-Weekly,0,26,promo_block,1066.0,0,0,0,0,1.0,1,1,1,0,Senior (50-70),0.7769571828731492,0.4135484693877551,High,Low,1,0,1,S0,General Buyers
672,38,Male,Jacket,Outerwear,30.0,Iowa,L,Black,Winter,4.7,1,Express,1,1,45,Cash,Weekly,0,52,promo_block,1560.0,0,1,1,0,1.0,1,1,1,0,Mid-Age (35-49),0.9453877551020408,0.4002397959183673,High,Low,1,0,3,S0,General Buyers
673,59,Male,Socks,Clothing,53.0,Washington,M,Peach,Winter,3.3,1,2-Day Shipping,1,1,29,Cash,Quarterly,0,4,promo_block,212.0,0,0,0,0,1.0,1,0,0,0,Senior (50-70),0.5001344537815126,0.3352321428571428,High,Low,1,0,1,S0,General Buyers
674,35,Male,Shirt,Clothing,66.0,Oklahoma,M,Indigo,Spring,4.2,1,Free Shipping,1,1,27,Venmo,Bi-Weekly,0,26,promo_block,1716.0,0,0,0,0,1.0,1,1,0,0,Mid-Age (35-49),0.6677326930772309,0.4359030612244897,High,Medium,0,1,1,S0,General Buyers
675,48,Male,Jewelry,Accessories,33.0,Washington,Xl,Beige,Winter,4.7,1,Store Pickup,1,1,36,Bank Transfer,Annually,0,1,promo_block,33.0,0,1,0,0,1.0,1,1,1,0,Mid-Age (35-49),0.6402857142857143,0.3674464285714285,High,Low,0,0,0,S0,General Buyers
676,64,Male,Sunglasses,Accessories,86.0,Arkansas,M,Yellow,Spring,2.6,1,2-Day Shipping,1,1,9,Cash,Annually,0,1,promo_block,86.0,1,0,0,1,1.0,1,0,0,1,Senior (50-70),0.3069795918367347,0.3355663265306122,Medium,Low,1,0,0,S4,Promo-Habituated Spenders
677,28,Male,Pants,Clothing,60.0,Connecticut,M,Peach,Winter,2.9,1,2-Day Shipping,1,1,38,Venmo,Bi-Weekly,0,26,promo_block,1560.0,0,0,1,0,1.0,1,0,0,1,Young Adult (25-34),0.6310796318527411,0.3877755102040816,High,Low,1,1,1,S0,General Buyers
678,60,Male,Socks,Clothing,62.0,Washington,S,Turquoise,Summer,2.7,1,Express,1,1,41,Paypal,Annually,0,1,promo_block,62.0,0,0,1,0,1.0,1,0,0,1,Senior (50-70),0.5108979591836735,0.3998316326530612,High,Low,1,1,1,S0,General Buyers
679,27,Male,Blouse,Clothing,74.0,Maine,M,Teal,Fall,3.3,1,Store Pickup,1,1,25,Debit Card,Every 3 Months,0,4,promo_block,296.0,0,0,0,0,1.0,1,0,0,0,Young Adult (25-34),0.4756446578631452,0.4066989795918367,High,Low,0,1,1,S0,General Buyers
680,56,Male,Sandals,Footwear,95.0,Michigan,M,Turquoise,Fall,3.4,1,Express,1,1,37,Venmo,Fortnightly,0,26,promo_block,2470.0,1,0,0,0,1.0,1,0,0,0,Senior (50-70),0.6649571828731492,0.5657984693877551,High,Medium,1,1,2,S4,Promo-Habituated Spenders
681,58,Male,Sneakers,Footwear,25.0,Tennessee,M,Magenta,Spring,4.2,1,Express,1,1,3,Paypal,Annually,0,1,promo_block,25.0,0,1,0,1,1.0,1,1,0,0,Senior (50-70),0.3982448979591836,0.134079081632653,Medium,Low,1,1,2,S2,Promo-Dependent Buyers
682,30,Male,Shirt,Clothing,59.0,Louisiana,Xl,Purple,Winter,3.8,1,2-Day Shipping,1,1,24,Credit Card,Every 3 Months,0,4,promo_block,236.0,0,0,0,0,1.0,1,0,0,0,Young Adult (25-34),0.5095222088835534,0.3659719387755101,High,Low,1,1,1,S2,Promo-Dependent Buyers
683,23,Male,Jacket,Outerwear,29.0,Missouri,M,Brown,Summer,4.0,1,Standard,1,1,49,Credit Card,Bi-Weekly,0,26,promo_block,754.0,0,1,1,0,1.0,1,1,0,0,Teen (18-24),0.7864265706282513,0.3742729591836734,High,Low,0,1,3,S0,General Buyers
684,33,Male,Sandals,Footwear,36.0,Michigan,S,Violet,Winter,2.7,1,Free Shipping,1,1,3,Bank Transfer,Monthly,0,12,promo_block,432.0,0,1,0,1,1.0,1,0,0,1,Young Adult (25-34),0.3321664665866346,0.092204081632653,Medium,Low,0,0,2,S2,Promo-Dependent Buyers
685,63,Male,Hat,Accessories,82.0,Alabama,M,Yellow,Summer,4.7,1,Express,1,1,42,Debit Card,Monthly,0,12,promo_block,984.0,1,0,1,0,1.0,1,1,1,0,Senior (50-70),0.7309419767907164,0.6124336734693878,High,High,1,1,0,S4,Promo-Habituated Spenders
686,70,Male,Blouse,Clothing,71.0,Massachusetts,Xl,Magenta,Winter,3.5,1,Standard,1,1,32,Cash,Fortnightly,0,26,promo_block,1846.0,0,0,0,0,1.0,1,0,0,0,Senior (50-70),0.64234493797519,0.4412882653061224,High,Medium,0,0,1,S0,General Buyers
687,70,Male,Sweater,Clothing,35.0,Indiana,L,Beige,Fall,3.0,1,2-Day Shipping,1,1,33,Venmo,Fortnightly,0,26,promo_block,910.0,0,1,0,0,1.0,1,0,0,0,Senior (50-70),0.608467386954782,0.2588903061224489,High,Low,1,1,1,S0,General Buyers
688,19,Male,Gloves,Accessories,38.0,West Virginia,Xl,Turquoise,Winter,3.3,1,Free Shipping,1,1,46,Bank Transfer,Quarterly,0,4,promo_block,152.0,0,1,1,0,1.0,1,0,0,0,Teen (18-24),0.6042160864345737,0.3563418367346939,High,Low,0,0,0,S0,General Buyers
689,25,Male,Scarf,Accessories,59.0,Michigan,S,Peach,Summer,4.7,1,Store Pickup,1,1,44,Venmo,Monthly,0,12,promo_block,708.0,0,0,1,0,1.0,1,1,1,0,Young Adult (25-34),0.7431868747499001,0.5220127551020408,High,Medium,0,1,0,S0,General Buyers
690,19,Male,Hoodie,Clothing,91.0,Pennsylvania,M,Orange,Summer,4.7,1,Express,1,1,35,Credit Card,Every 3 Months,0,4,promo_block,364.0,1,0,0,0,1.0,1,1,1,0,Teen (18-24),0.6488691476590637,0.6160943877551021,High,High,1,1,1,S4,Promo-Habituated Spenders
691,25,Male,Shorts,Clothing,68.0,Alaska,Xl,Red,Spring,4.8,1,Standard,1,1,45,Bank Transfer,Weekly,0,52,promo_block,3536.0,0,0,1,0,1.0,1,1,1,0,Young Adult (25-34),0.9533877551020408,0.5724897959183674,High,Medium,0,0,1,S0,General Buyers
692,60,Male,Backpack,Accessories,21.0,Massachusetts,L,Silver,Summer,2.9,1,Standard,1,1,37,Paypal,Bi-Weekly,0,26,promo_block,546.0,0,1,0,0,1.0,1,0,0,1,Senior (50-70),0.6249571828731493,0.2120484693877551,High,Low,0,1,0,S0,General Buyers
693,35,Male,Sunglasses,Accessories,95.0,North Dakota,M,Cyan,Spring,4.0,1,2-Day Shipping,1,1,40,Debit Card,Every 3 Months,0,4,promo_block,380.0,1,0,1,0,1.0,1,1,0,0,Mid-Age (35-49),0.6234813925570227,0.6171045918367347,High,High,1,1,0,S4,Promo-Habituated Spenders
694,46,Male,Shorts,Clothing,52.0,Vermont,L,Turquoise,Spring,3.1,1,Free Shipping,1,1,30,Cash,Every 3 Months,0,4,promo_block,208.0,0,0,0,0,1.0,1,0,0,0,Mid-Age (35-49),0.4902569027611044,0.3239591836734694,High,Low,0,0,1,S0,General Buyers
695,41,Male,Dress,Clothing,21.0,Kentucky,S,Charcoal,Fall,3.5,1,2-Day Shipping,1,1,38,Venmo,Every 3 Months,0,4,promo_block,84.0,0,1,1,0,1.0,1,0,0,0,Mid-Age (35-49),0.5712364945978391,0.2531505102040816,High,Low,1,1,1,S0,General Buyers
696,30,Male,Shorts,Clothing,67.0,Nevada,Xl,Peach,Summer,3.7,1,Next Day Air,1,1,15,Debit Card,Every 3 Months,0,4,promo_block,268.0,0,0,0,0,1.0,1,0,0,0,Young Adult (25-34),0.4464201680672269,0.3490535714285714,Medium,Low,1,1,1,S0,General Buyers
697,44,Male,Belt,Accessories,42.0,Utah,L,Green,Fall,2.8,1,Standard,1,1,49,Cash,Monthly,0,12,promo_block,504.0,0,0,1,0,1.0,1,0,0,1,Mid-Age (35-49),0.6217991196478592,0.3591479591836735,High,Low,0,0,0,S0,General Buyers
698,61,Male,Scarf,Accessories,63.0,North Dakota,Xl,Brown,Summer,4.6,1,Free Shipping,1,1,40,Debit Card,Quarterly,0,4,promo_block,252.0,0,0,1,0,1.0,1,1,1,0,Senior (50-70),0.6714813925570227,0.5131045918367346,High,Medium,0,1,0,S0,General Buyers
699,55,Male,Boots,Footwear,41.0,Iowa,M,Yellow,Winter,3.8,1,Standard,1,1,40,Debit Card,Weekly,0,52,promo_block,2132.0,0,0,1,0,1.0,1,0,0,0,Senior (50-70),0.8427755102040816,0.3688545918367346,High,Low,0,1,2,S0,General Buyers
700,50,Male,Handbag,Accessories,46.0,Connecticut,M,Charcoal,Fall,2.6,1,2-Day Shipping,1,1,5,Paypal,Weekly,0,52,promo_block,2392.0,0,0,0,1,1.0,1,0,0,1,Senior (50-70),0.5324897959183674,0.1401581632653061,High,Low,1,1,0,S2,Promo-Dependent Buyers
701,57,Male,Pants,Clothing,79.0,Wisconsin,L,Olive,Winter,4.1,1,Standard,1,1,5,Paypal,Monthly,0,12,promo_block,948.0,0,0,0,1,1.0,1,1,0,0,Senior (50-70),0.4564113645458183,0.3745331632653061,Medium,Low,0,1,1,S0,General Buyers
702,51,Male,Boots,Footwear,90.0,Idaho,L,Red,Fall,3.3,1,Next Day Air,1,1,5,Debit Card,Every 3 Months,0,4,promo_block,360.0,1,0,0,1,1.0,1,0,0,0,Senior (50-70),0.3531956782713085,0.3746581632653061,Medium,Low,1,1,2,S4,Promo-Habituated Spenders
703,18,Male,Shirt,Clothing,71.0,Montana,M,White,Winter,3.4,1,Store Pickup,1,1,1,Cash,Weekly,0,52,promo_block,3692.0,0,0,0,1,1.0,1,0,0,0,Teen (18-24),0.572,0.2771249999999999,High,Low,0,0,1,S0,General Buyers
704,63,Male,Dress,Clothing,87.0,Connecticut,L,Pink,Summer,3.0,1,Standard,1,1,21,Venmo,Weekly,0,52,promo_block,4524.0,1,0,0,0,1.0,1,0,0,0,Senior (50-70),0.6624489795918368,0.4251658163265306,High,Low,0,1,1,S4,Promo-Habituated Spenders
705,34,Male,Hoodie,Clothing,66.0,Idaho,S,Black,Spring,3.2,1,Express,1,1,18,Paypal,Annually,0,1,promo_block,66.0,0,0,0,0,1.0,1,0,0,0,Young Adult (25-34),0.4100816326530613,0.329984693877551,Medium,Low,1,1,1,S0,General Buyers
706,25,Male,Pants,Clothing,90.0,Arkansas,Xl,Indigo,Summer,4.5,1,Free Shipping,1,1,49,Cash,Quarterly,0,4,promo_block,360.0,1,0,1,0,1.0,1,1,1,0,Young Adult (25-34),0.7185834333733493,0.6711479591836734,High,High,0,0,1,S4,Promo-Habituated Spenders
707,46,Male,Jeans,Clothing,47.0,Iowa,L,Turquoise,Summer,4.8,1,Express,1,1,27,Debit Card,Weekly,0,52,promo_block,2444.0,0,0,0,0,1.0,1,1,1,0,Mid-Age (35-49),0.8431836734693878,0.3887780612244897,High,Low,1,1,1,S0,General Buyers
708,59,Male,Shirt,Clothing,38.0,Louisiana,L,Purple,Spring,3.7,1,Next Day Air,1,1,21,Venmo,Annually,0,1,promo_block,38.0,0,1,0,0,1.0,1,0,0,0,Senior (50-70),0.4684489795918368,0.2527908163265306,High,Low,1,1,1,S2,Promo-Dependent Buyers
709,37,Male,Backpack,Accessories,50.0,Kentucky,L,Beige,Summer,3.4,1,Store Pickup,1,1,19,Cash,Fortnightly,0,26,promo_block,1300.0,0,0,0,0,1.0,1,0,0,0,Mid-Age (35-49),0.5547531012404961,0.2770867346938775,High,Low,0,0,0,S2,Promo-Dependent Buyers
710,49,Male,Jacket,Outerwear,79.0,Massachusetts,L,Charcoal,Summer,4.6,1,Standard,1,1,23,Debit Card,Monthly,0,12,promo_block,948.0,0,0,0,0,1.0,1,1,1,0,Mid-Age (35-49),0.6066154461784714,0.4963698979591836,High,Medium,0,1,3,S0,General Buyers
711,22,Male,Scarf,Accessories,91.0,Virginia,L,Turquoise,Spring,4.1,1,Standard,1,1,26,Paypal,Fortnightly,0,26,promo_block,2366.0,1,0,0,0,1.0,1,1,0,0,Teen (18-24),0.653610244097639,0.5341760204081633,High,Medium,0,1,0,S4,Promo-Habituated Spenders
712,64,Male,Boots,Footwear,60.0,New Hampshire,M,Maroon,Spring,3.5,1,2-Day Shipping,1,1,13,Bank Transfer,Bi-Weekly,0,26,promo_block,1560.0,0,0,0,1,1.0,1,0,0,0,Senior (50-70),0.5260184073629453,0.2962244897959183,High,Low,1,0,2,S0,General Buyers
713,42,Male,Blouse,Clothing,81.0,New Hampshire,Xl,Black,Summer,3.8,1,Next Day Air,1,1,36,Bank Transfer,Quarterly,0,4,promo_block,324.0,1,0,0,0,1.0,1,0,0,0,Mid-Age (35-49),0.5829915966386554,0.5234464285714285,High,Medium,1,0,1,S4,Promo-Habituated Spenders
714,37,Male,Hoodie,Clothing,90.0,Oregon,M,Lavender,Summer,2.6,1,Express,1,1,39,Bank Transfer,Bi-Weekly,0,26,promo_block,2340.0,1,0,1,0,1.0,1,0,0,1,Mid-Age (35-49),0.613202080832333,0.5061275510204082,High,Medium,1,0,1,S4,Promo-Habituated Spenders
715,26,Male,Jacket,Outerwear,70.0,South Dakota,M,Magenta,Fall,4.4,1,Store Pickup,1,1,40,Debit Card,Fortnightly,0,26,promo_block,1820.0,0,0,1,0,1.0,1,1,0,0,Young Adult (25-34),0.7633245298119248,0.5317295918367347,High,Medium,0,1,3,S0,General Buyers
716,33,Male,Jeans,Clothing,63.0,Delaware,L,Green,Spring,2.6,1,Express,1,1,37,Debit Card,Quarterly,0,4,promo_block,252.0,0,0,0,0,1.0,1,0,0,1,Young Adult (25-34),0.4931140456182473,0.3777984693877551,High,Low,1,1,1,S0,General Buyers
717,30,Male,Jewelry,Accessories,29.0,Missouri,M,Olive,Spring,3.6,1,Express,1,1,9,Venmo,Bi-Weekly,0,26,promo_block,754.0,0,1,0,1,1.0,1,0,0,0,Young Adult (25-34),0.5095286114445778,0.1461913265306122,High,Low,1,1,0,S2,Promo-Dependent Buyers
718,21,Male,Socks,Clothing,90.0,Alaska,L,Green,Spring,4.2,1,Express,1,1,7,Venmo,Every 3 Months,0,4,promo_block,360.0,1,0,0,1,1.0,1,1,0,0,Teen (18-24),0.4374405762304922,0.4388622448979591,Medium,Medium,1,1,1,S4,Promo-Habituated Spenders
719,22,Male,Shirt,Clothing,22.0,Florida,M,Peach,Summer,4.6,1,Standard,1,1,25,Bank Transfer,Annually,0,1,promo_block,22.0,0,1,0,0,1.0,1,1,1,0,Teen (18-24),0.564938775510204,0.2571989795918367,High,Low,0,0,1,S0,General Buyers
720,63,Male,Shorts,Clothing,22.0,Mississippi,L,Turquoise,Summer,3.3,1,Next Day Air,1,1,42,Venmo,Bi-Weekly,0,26,promo_block,572.0,0,1,1,0,1.0,1,0,0,0,Senior (50-70),0.6875694277711084,0.2659336734693878,High,Low,1,1,1,S0,General Buyers
721,33,Male,Jewelry,Accessories,62.0,New Mexico,L,Orange,Fall,3.4,1,Free Shipping,1,1,19,Debit Card,Weekly,0,52,promo_block,3224.0,0,0,0,0,1.0,1,0,0,0,Young Adult (25-34),0.682204081632653,0.3295867346938775,High,Low,0,1,0,S0,General Buyers
722,43,Male,Blouse,Clothing,57.0,California,L,Silver,Summer,4.4,1,Next Day Air,1,1,41,Debit Card,Every 3 Months,0,4,promo_block,228.0,0,0,1,0,1.0,1,1,0,0,Mid-Age (35-49),0.6616038415366147,0.4799566326530612,High,Medium,1,1,1,S0,General Buyers
723,27,Male,Sweater,Clothing,32.0,Wyoming,S,Blue,Summer,4.3,1,Store Pickup,1,1,50,Cash,Bi-Weekly,0,26,promo_block,832.0,0,1,1,0,1.0,1,1,0,0,Young Adult (25-34),0.8165490196078432,0.4105,High,Low,0,0,1,S0,General Buyers
724,35,Male,Jewelry,Accessories,53.0,Missouri,L,Cyan,Fall,3.5,1,Express,1,1,43,Paypal,Monthly,0,12,promo_block,636.0,0,0,1,0,1.0,1,0,0,0,Mid-Age (35-49),0.6410644257703082,0.4186607142857142,High,Low,1,1,0,S0,General Buyers
725,37,Male,T-Shirt,Clothing,79.0,New Hampshire,Xl,Green,Fall,4.7,1,Store Pickup,1,1,36,Venmo,Every 3 Months,0,4,promo_block,316.0,0,0,0,0,1.0,1,1,1,0,Mid-Age (35-49),0.6549915966386555,0.5686964285714285,High,Medium,0,1,1,S0,General Buyers
726,61,Male,Hat,Accessories,61.0,Texas,L,Silver,Winter,3.1,1,Standard,1,1,33,Debit Card,Fortnightly,0,26,promo_block,1586.0,0,0,0,0,1.0,1,0,0,0,Senior (50-70),0.616467386954782,0.3786403061224489,High,Low,0,1,0,S0,General Buyers
727,32,Male,Shorts,Clothing,78.0,North Dakota,L,Yellow,Summer,3.6,1,Next Day Air,1,1,20,Bank Transfer,Every 3 Months,0,4,promo_block,312.0,0,0,0,0,1.0,1,0,0,0,Young Adult (25-34),0.4690324129651861,0.416688775510204,High,Low,1,0,1,S0,General Buyers
728,62,Male,Sweater,Clothing,97.0,Arkansas,S,Gray,Winter,4.8,1,Next Day Air,1,1,37,Venmo,Every 3 Months,0,4,promo_block,388.0,1,0,0,0,1.0,1,1,1,0,Senior (50-70),0.6691140456182473,0.6585484693877551,High,High,1,1,1,S4,Promo-Habituated Spenders
729,29,Male,Jeans,Clothing,78.0,Nebraska,M,Pink,Winter,3.7,1,Next Day Air,1,1,12,Paypal,Every 3 Months,0,4,promo_block,312.0,0,0,0,1,1.0,1,0,0,0,Young Adult (25-34),0.4280528211284514,0.3818724489795918,Medium,Low,1,1,1,S0,General Buyers
730,41,Male,Sunglasses,Accessories,56.0,Minnesota,L,Beige,Summer,3.2,1,Express,1,1,46,Paypal,Every 3 Months,0,4,promo_block,224.0,0,0,1,0,1.0,1,0,0,0,Mid-Age (35-49),0.5962160864345738,0.4290918367346938,High,Medium,1,1,0,S0,General Buyers
731,48,Male,Boots,Footwear,25.0,Massachusetts,M,Indigo,Summer,3.9,1,Standard,1,1,28,Venmo,Fortnightly,0,26,promo_block,650.0,0,1,0,0,1.0,1,0,0,0,Mid-Age (35-49),0.6498551420568227,0.2436301020408163,High,Low,0,1,2,S0,General Buyers
732,43,Male,Coat,Outerwear,28.0,Arkansas,M,Red,Spring,3.5,1,Free Shipping,1,1,30,Paypal,Fortnightly,0,26,promo_block,728.0,0,1,0,0,1.0,1,0,0,0,Mid-Age (35-49),0.6301000400160064,0.2429591836734694,High,Low,0,1,3,S0,General Buyers
733,34,Male,Shirt,Clothing,57.0,New Hampshire,L,Blue,Spring,2.8,1,Express,1,1,28,Cash,Bi-Weekly,0,26,promo_block,1482.0,0,0,0,0,1.0,1,0,0,1,Young Adult (25-34),0.5618551420568227,0.3176301020408163,High,Low,1,0,1,S0,General Buyers
734,45,Male,Dress,Clothing,36.0,Rhode Island,L,Cyan,Fall,2.7,1,2-Day Shipping,1,1,20,Debit Card,Bi-Weekly,0,26,promo_block,936.0,0,1,0,0,1.0,1,0,0,1,Mid-Age (35-49),0.5048755502200881,0.1789387755102041,High,Low,1,1,1,S2,Promo-Dependent Buyers
735,65,Male,Shirt,Clothing,69.0,New Jersey,S,Violet,Winter,3.1,1,Express,1,1,39,Bank Transfer,Every 3 Months,0,4,promo_block,276.0,0,0,1,0,1.0,1,0,0,0,Senior (50-70),0.545358943577431,0.4442525510204081,High,Medium,1,0,1,S0,General Buyers
736,61,Male,Sunglasses,Accessories,48.0,Montana,M,Orange,Fall,3.6,1,2-Day Shipping,1,1,48,Cash,Bi-Weekly,0,26,promo_block,1248.0,0,0,1,0,1.0,1,0,0,0,Senior (50-70),0.7483041216486594,0.4282959183673469,High,Medium,1,0,0,S0,General Buyers
737,18,Male,Dress,Clothing,58.0,Colorado,L,Maroon,Spring,2.9,1,2-Day Shipping,1,1,32,Credit Card,Every 3 Months,0,4,promo_block,232.0,0,0,0,0,1.0,1,0,0,1,Teen (18-24),0.4865018007202881,0.3484132653061225,High,Low,1,1,1,S0,General Buyers
738,47,Male,Sunglasses,Accessories,24.0,Nebraska,M,Teal,Spring,3.6,1,Store Pickup,1,1,28,Paypal,Annually,0,1,promo_block,24.0,0,1,0,0,1.0,1,0,0,0,Mid-Age (35-49),0.5033061224489797,0.2212551020408163,High,Low,0,1,0,S0,General Buyers
739,56,Male,Sunglasses,Accessories,31.0,Minnesota,L,Orange,Winter,3.5,1,2-Day Shipping,1,1,27,Venmo,Quarterly,0,4,promo_block,124.0,0,1,0,0,1.0,1,0,0,0,Senior (50-70),0.503889555822329,0.2407780612244898,High,Low,1,1,0,S0,General Buyers
740,64,Male,Shorts,Clothing,29.0,Minnesota,S,Purple,Summer,3.5,1,Free Shipping,1,1,26,Venmo,Bi-Weekly,0,26,promo_block,754.0,0,1,0,0,1.0,1,0,0,0,Senior (50-70),0.605610244097639,0.2269260204081632,High,Low,0,1,1,S0,General Buyers
741,26,Male,Jeans,Clothing,69.0,South Dakota,M,Orange,Summer,2.8,1,Next Day Air,1,1,22,Credit Card,Fortnightly,0,26,promo_block,1794.0,0,0,0,0,1.0,1,0,0,1,Young Adult (25-34),0.5251204481792717,0.3395178571428571,High,Low,1,1,1,S0,General Buyers
742,22,Male,T-Shirt,Clothing,79.0,West Virginia,Xl,Yellow,Summer,4.7,1,Free Shipping,1,1,23,Bank Transfer,Every 3 Months,0,4,promo_block,316.0,0,0,0,0,1.0,1,1,1,0,Teen (18-24),0.5753997599039616,0.5023698979591837,High,Medium,0,0,1,S0,General Buyers
743,64,Male,Pants,Clothing,39.0,Nevada,M,Charcoal,Summer,3.1,1,Express,1,1,21,Debit Card,Quarterly,0,4,promo_block,156.0,0,1,0,0,1.0,1,0,0,0,Senior (50-70),0.4351548619447779,0.2211658163265306,Medium,Low,1,1,1,S2,Promo-Dependent Buyers
744,21,Male,Sunglasses,Accessories,84.0,North Carolina,L,Gray,Fall,4.9,1,Free Shipping,1,1,36,Cash,Weekly,0,52,promo_block,4368.0,1,0,0,0,1.0,1,1,1,0,Teen (18-24),0.9062857142857144,0.6025714285714285,High,High,0,0,0,S4,Promo-Habituated Spenders
745,67,Male,Boots,Footwear,66.0,Illinois,S,Charcoal,Spring,4.1,1,Next Day Air,1,1,42,Debit Card,Bi-Weekly,0,26,promo_block,1716.0,0,0,1,0,1.0,1,1,0,0,Senior (50-70),0.7515694277711085,0.5064336734693877,High,Medium,1,1,2,S0,General Buyers
746,46,Male,T-Shirt,Clothing,92.0,Michigan,L,Orange,Fall,4.7,1,Standard,1,1,4,Venmo,Monthly,0,12,promo_block,1104.0,1,0,0,1,1.0,1,1,1,0,Mid-Age (35-49),0.4982889155662265,0.4623061224489796,High,Medium,0,1,1,S4,Promo-Habituated Spenders
747,40,Male,Sandals,Footwear,45.0,Michigan,M,Red,Winter,2.5,1,Free Shipping,1,1,47,Credit Card,Annually,0,1,promo_block,45.0,0,0,1,0,1.0,1,0,0,1,Mid-Age (35-49),0.5316326530612245,0.3440688775510204,High,Low,0,1,2,S0,General Buyers
748,51,Male,Shorts,Clothing,74.0,Oklahoma,L,Gold,Spring,4.4,1,Next Day Air,1,1,13,Bank Transfer,Weekly,0,52,promo_block,3848.0,0,0,0,1,1.0,1,1,0,0,Senior (50-70),0.7254693877551021,0.4114744897959184,High,Low,1,0,1,S0,General Buyers
749,35,Male,Hat,Accessories,39.0,South Dakota,L,Brown,Fall,3.9,1,Free Shipping,1,1,8,Bank Transfer,Quarterly,0,4,promo_block,156.0,0,1,0,1,1.0,1,0,0,0,Mid-Age (35-49),0.419563025210084,0.2028392857142857,Medium,Low,0,0,0,S2,Promo-Dependent Buyers
750,56,Male,Scarf,Accessories,71.0,Oklahoma,M,Olive,Winter,3.7,1,Standard,1,1,11,Debit Card,Quarterly,0,4,promo_block,284.0,0,0,0,1,1.0,1,0,0,0,Senior (50-70),0.4219303721488596,0.3461454081632653,Medium,Low,0,1,0,S0,General Buyers
751,25,Male,T-Shirt,Clothing,95.0,Maryland,L,Violet,Fall,3.4,1,Free Shipping,1,1,5,Venmo,Annually,0,1,promo_block,95.0,1,0,0,1,1.0,1,0,0,0,Young Adult (25-34),0.3464897959183673,0.4025331632653061,Medium,Low,0,1,1,S4,Promo-Habituated Spenders
752,65,Male,Gloves,Accessories,72.0,Ohio,L,Indigo,Fall,4.8,1,Free Shipping,1,1,1,Credit Card,Monthly,0,12,promo_block,864.0,0,0,0,1,1.0,1,1,1,0,Senior (50-70),0.487921568627451,0.3654999999999999,High,Low,0,1,0,S0,General Buyers
753,39,Male,Scarf,Accessories,85.0,Ohio,L,Yellow,Fall,4.2,1,2-Day Shipping,1,1,17,Paypal,Every 3 Months,0,4,promo_block,340.0,1,0,0,0,1.0,1,1,0,0,Mid-Age (35-49),0.4986650660264106,0.4680076530612245,High,Medium,1,1,0,S4,Promo-Habituated Spenders
754,47,Male,Boots,Footwear,54.0,Massachusetts,M,Teal,Fall,3.4,1,Store Pickup,1,1,27,Venmo,Quarterly,0,4,promo_block,216.0,0,0,0,0,1.0,1,0,0,0,Mid-Age (35-49),0.4958895558223289,0.3354030612244897,High,Low,0,1,2,S0,General Buyers
755,36,Male,Gloves,Accessories,41.0,North Carolina,L,Pink,Spring,2.9,1,Store Pickup,1,1,3,Debit Card,Quarterly,0,4,promo_block,164.0,0,0,0,1,1.0,1,0,0,1,Mid-Age (35-49),0.3089507803121248,0.126079081632653,Medium,Low,0,1,0,S2,Promo-Dependent Buyers
756,66,Male,Coat,Outerwear,24.0,Florida,M,Violet,Spring,3.3,1,Free Shipping,1,1,22,Paypal,Weekly,0,52,promo_block,1248.0,0,1,0,0,1.0,1,0,0,0,Senior (50-70),0.6925714285714285,0.1726428571428571,High,Low,0,1,3,S2,Promo-Dependent Buyers
757,62,Male,Belt,Accessories,99.0,Montana,S,Orange,Summer,4.8,1,Standard,1,1,24,Cash,Fortnightly,0,26,promo_block,2574.0,1,0,0,0,1.0,1,1,1,0,Senior (50-70),0.6973653461384555,0.6009719387755103,High,High,0,0,0,S4,Promo-Habituated Spenders
758,41,Male,Hoodie,Clothing,32.0,Minnesota,M,Red,Fall,3.8,1,Store Pickup,1,1,18,Debit Card,Quarterly,0,4,promo_block,128.0,0,1,0,0,1.0,1,0,0,0,Mid-Age (35-49),0.4727875150060024,0.217234693877551,High,Low,0,1,1,S2,Promo-Dependent Buyers
759,66,Male,Shoes,Footwear,71.0,Massachusetts,L,Peach,Summer,4.6,1,2-Day Shipping,1,1,39,Bank Transfer,Every 3 Months,0,4,promo_block,284.0,0,0,1,0,1.0,1,1,1,0,Senior (50-70),0.665358943577431,0.5430025510204081,High,Medium,1,0,2,S0,General Buyers
760,51,Male,Dress,Clothing,49.0,Rhode Island,Xl,Green,Winter,2.6,1,Next Day Air,1,1,25,Credit Card,Fortnightly,0,26,promo_block,1274.0,0,0,0,0,1.0,1,0,0,1,Senior (50-70),0.5274877951180472,0.2553239795918367,High,Low,1,1,1,S0,General Buyers
761,33,Male,Gloves,Accessories,50.0,Minnesota,Xl,Violet,Fall,3.4,1,Free Shipping,1,1,6,Cash,Annually,0,1,promo_block,50.0,0,0,0,1,1.0,1,0,0,0,Young Adult (25-34),0.3526122448979591,0.2107602040816326,Medium,Low,0,0,0,S2,Promo-Dependent Buyers
762,57,Male,Jewelry,Accessories,91.0,Nevada,L,Yellow,Fall,4.2,1,Express,1,1,26,Bank Transfer,Weekly,0,52,promo_block,4732.0,1,0,0,0,1.0,1,1,0,0,Senior (50-70),0.789061224489796,0.5401760204081633,High,Medium,1,0,0,S4,Promo-Habituated Spenders
763,45,Male,Belt,Accessories,46.0,New Mexico,M,Pink,Fall,3.9,1,Standard,1,1,43,Debit Card,Fortnightly,0,26,promo_block,1196.0,0,0,1,0,1.0,1,0,0,0,Mid-Age (35-49),0.7416918767507003,0.4120357142857143,High,Low,0,1,0,S0,General Buyers
764,61,Male,Sweater,Clothing,50.0,North Carolina,M,Brown,Spring,2.9,1,2-Day Shipping,1,1,6,Credit Card,Monthly,0,12,promo_block,600.0,0,0,0,1,1.0,1,0,0,1,Senior (50-70),0.3665338135254101,0.1807602040816326,Medium,Low,1,1,1,S2,Promo-Dependent Buyers
765,55,Male,Skirt,Clothing,39.0,Virginia,Xl,Silver,Fall,4.2,1,Free Shipping,1,1,6,Debit Card,Quarterly,0,4,promo_block,156.0,0,1,0,1,1.0,1,1,0,0,Senior (50-70),0.4313181272509003,0.2106352040816326,Medium,Low,0,1,1,S2,Promo-Dependent Buyers
766,54,Male,Sneakers,Footwear,99.0,Alaska,M,Pink,Summer,3.0,1,Store Pickup,1,1,13,Cash,Quarterly,0,4,promo_block,396.0,1,0,0,1,1.0,1,0,0,0,Senior (50-70),0.3781752701080432,0.4368494897959184,Medium,Medium,0,0,2,S4,Promo-Habituated Spenders
767,57,Male,Gloves,Accessories,48.0,Nevada,M,Cyan,Winter,3.6,1,Next Day Air,1,1,13,Paypal,Monthly,0,12,promo_block,576.0,0,0,0,1,1.0,1,0,0,0,Senior (50-70),0.465390956382553,0.2497244897959183,High,Low,1,1,0,S2,Promo-Dependent Buyers
768,27,Male,Coat,Outerwear,77.0,Pennsylvania,M,Brown,Fall,2.5,1,Next Day Air,1,1,11,Cash,Annually,0,1,promo_block,77.0,0,0,0,1,1.0,1,0,0,1,Young Adult (25-34),0.3112244897959184,0.3003954081632652,Medium,Low,1,0,3,S0,General Buyers
769,64,Male,Backpack,Accessories,95.0,Illinois,Xl,Red,Spring,2.6,1,Express,1,1,45,Venmo,Weekly,0,52,promo_block,4940.0,1,0,1,0,1.0,1,0,0,1,Senior (50-70),0.7773877551020408,0.5586147959183674,High,Medium,1,1,0,S4,Promo-Habituated Spenders
770,52,Male,Socks,Clothing,100.0,Delaware,M,Silver,Spring,4.3,1,Store Pickup,1,1,8,Paypal,Monthly,0,12,promo_block,1200.0,1,0,0,1,1.0,1,1,0,0,Senior (50-70),0.4907787114845938,0.4937142857142856,High,Medium,0,1,1,S4,Promo-Habituated Spenders
771,19,Male,Sneakers,Footwear,54.0,Vermont,M,Gray,Spring,3.3,1,Express,1,1,8,Credit Card,Annually,0,1,promo_block,54.0,0,0,0,1,1.0,1,0,0,0,Teen (18-24),0.3568571428571429,0.2324642857142856,Medium,Low,1,1,2,S2,Promo-Dependent Buyers
772,22,Male,Sweater,Clothing,68.0,Hawaii,L,Cyan,Fall,2.6,1,Next Day Air,1,1,34,Bank Transfer,Fortnightly,0,26,promo_block,1768.0,0,0,0,0,1.0,1,0,0,1,Teen (18-24),0.5825898359343737,0.3843673469387755,High,Low,1,0,1,S0,General Buyers
773,18,Male,Jeans,Clothing,22.0,Illinois,L,Teal,Fall,3.6,1,Free Shipping,1,1,40,Debit Card,Bi-Weekly,0,26,promo_block,572.0,0,1,1,0,1.0,1,0,0,0,Teen (18-24),0.6993245298119248,0.2737295918367347,High,Low,0,1,1,S0,General Buyers
774,29,Male,Hat,Accessories,84.0,California,L,Indigo,Winter,2.6,1,Express,1,1,14,Debit Card,Bi-Weekly,0,26,promo_block,2184.0,1,0,0,0,1.0,1,0,0,1,Young Adult (25-34),0.460140856342537,0.3523265306122449,High,Low,1,1,0,S4,Promo-Habituated Spenders
775,42,Male,Hat,Accessories,46.0,Nevada,M,Yellow,Summer,3.5,1,Standard,1,1,11,Credit Card,Quarterly,0,4,promo_block,184.0,0,0,0,1,1.0,1,0,0,0,Mid-Age (35-49),0.4059303721488596,0.2247704081632653,Medium,Low,0,1,0,S2,Promo-Dependent Buyers
776,49,Male,Handbag,Accessories,53.0,Kentucky,S,Gold,Winter,3.0,1,Store Pickup,1,1,8,Paypal,Monthly,0,12,promo_block,636.0,0,0,0,1,1.0,1,0,0,0,Mid-Age (35-49),0.3867787114845938,0.2100892857142856,Medium,Low,0,1,0,S2,Promo-Dependent Buyers
777,49,Male,Shirt,Clothing,60.0,Alabama,M,Maroon,Spring,5.0,1,Standard,1,1,8,Venmo,Every 3 Months,0,4,promo_block,240.0,0,0,0,1,1.0,1,1,1,0,Mid-Age (35-49),0.507563025210084,0.3607142857142856,High,Low,0,1,1,S0,General Buyers
778,55,Male,Socks,Clothing,32.0,Wyoming,Xl,Silver,Spring,2.5,1,Express,1,1,37,Venmo,Weekly,0,52,promo_block,1664.0,0,1,0,0,1.0,1,0,0,1,Senior (50-70),0.7204081632653061,0.2361734693877551,High,Low,1,1,1,S0,General Buyers
779,29,Male,Socks,Clothing,50.0,Massachusetts,M,Yellow,Summer,2.9,1,Store Pickup,1,1,23,Debit Card,Annually,0,1,promo_block,50.0,0,0,0,0,1.0,1,0,0,1,Young Adult (25-34),0.4166938775510204,0.2674948979591837,Medium,Low,0,1,1,S2,Promo-Dependent Buyers
780,60,Male,Dress,Clothing,94.0,Utah,M,Blue,Spring,4.6,1,Express,1,1,38,Cash,Annually,0,1,promo_block,94.0,1,0,1,0,1.0,1,1,1,0,Senior (50-70),0.6445306122448979,0.6385255102040815,High,High,1,0,1,S4,Promo-Habituated Spenders
781,34,Male,Shoes,Footwear,26.0,New York,M,Turquoise,Spring,3.6,1,Free Shipping,1,1,38,Cash,Quarterly,0,4,promo_block,104.0,0,1,1,0,1.0,1,0,0,0,Young Adult (25-34),0.5792364945978391,0.2810255102040816,High,Low,0,0,2,S0,General Buyers
782,30,Male,Scarf,Accessories,44.0,Vermont,L,Indigo,Winter,3.0,1,Store Pickup,1,1,12,Credit Card,Fortnightly,0,26,promo_block,1144.0,0,0,0,1,1.0,1,0,0,0,Young Adult (25-34),0.4798959583833534,0.1911224489795918,High,Low,0,1,0,S2,Promo-Dependent Buyers
783,28,Male,Hoodie,Clothing,57.0,Hawaii,M,Green,Summer,4.5,1,Standard,1,1,15,Cash,Weekly,0,52,promo_block,2964.0,0,0,0,0,1.0,1,1,1,0,Young Adult (25-34),0.7457142857142857,0.3533035714285714,High,Low,0,0,1,S2,Promo-Dependent Buyers
784,63,Male,T-Shirt,Clothing,65.0,Louisiana,L,Purple,Winter,4.5,1,Next Day Air,1,1,38,Paypal,Fortnightly,0,26,promo_block,1690.0,0,0,1,0,1.0,1,1,1,0,Senior (50-70),0.7590796318527411,0.5056505102040816,High,Medium,1,1,1,S0,General Buyers
785,31,Male,Jeans,Clothing,72.0,Alabama,M,Peach,Winter,3.2,1,Store Pickup,1,1,41,Bank Transfer,Every 3 Months,0,4,promo_block,288.0,0,0,1,0,1.0,1,0,0,0,Young Adult (25-34),0.5656038415366147,0.4735816326530612,High,Medium,0,0,1,S0,General Buyers
786,46,Male,Shorts,Clothing,62.0,Louisiana,S,Purple,Spring,4.0,1,Next Day Air,1,1,37,Paypal,Fortnightly,0,26,promo_block,1612.0,0,0,0,0,1.0,1,1,0,0,Mid-Age (35-49),0.7129571828731492,0.4574234693877551,High,Medium,1,1,1,S0,General Buyers
787,70,Male,Hat,Accessories,21.0,Indiana,S,Teal,Winter,4.8,1,Express,1,1,16,Bank Transfer,Every 3 Months,0,4,promo_block,84.0,0,1,0,0,1.0,1,1,1,0,Senior (50-70),0.5405426170468187,0.2189056122448979,High,Low,1,0,0,S2,Promo-Dependent Buyers
788,53,Male,Handbag,Accessories,85.0,Michigan,S,Green,Spring,3.7,1,Free Shipping,1,1,25,Venmo,Weekly,0,52,promo_block,4420.0,1,0,0,0,1.0,1,0,0,0,Senior (50-70),0.7429387755102042,0.4788239795918367,High,Medium,0,1,0,S4,Promo-Habituated Spenders
789,50,Male,Pants,Clothing,51.0,Rhode Island,Xl,Yellow,Summer,3.8,1,Store Pickup,1,1,18,Bank Transfer,Quarterly,0,4,promo_block,204.0,0,0,0,0,1.0,1,0,0,0,Senior (50-70),0.4727875150060024,0.300359693877551,High,Low,0,0,1,S2,Promo-Dependent Buyers
790,33,Male,Handbag,Accessories,84.0,Idaho,S,Purple,Fall,2.7,1,Standard,1,1,4,Credit Card,Bi-Weekly,0,26,promo_block,2184.0,1,0,0,1,1.0,1,0,0,1,Young Adult (25-34),0.4069163665466186,0.3073061224489796,Medium,Low,0,1,0,S4,Promo-Habituated Spenders
791,22,Male,Sweater,Clothing,37.0,Louisiana,M,Indigo,Summer,4.9,1,Store Pickup,1,1,12,Bank Transfer,Quarterly,0,4,promo_block,148.0,0,1,0,1,1.0,1,1,1,0,Teen (18-24),0.5240528211284514,0.2744974489795918,High,Low,0,0,1,S2,Promo-Dependent Buyers
792,50,Male,Scarf,Accessories,44.0,North Carolina,S,Magenta,Summer,3.1,1,2-Day Shipping,1,1,35,Paypal,Fortnightly,0,26,promo_block,1144.0,0,0,0,0,1.0,1,0,0,0,Senior (50-70),0.6287122849139656,0.314469387755102,High,Low,1,1,0,S0,General Buyers
793,34,Male,Sneakers,Footwear,45.0,New Jersey,M,Violet,Spring,4.2,1,Next Day Air,1,1,45,Venmo,Weekly,0,52,promo_block,2340.0,0,0,1,0,1.0,1,1,0,0,Young Adult (25-34),0.9053877551020408,0.4358647959183673,High,Medium,1,1,2,S0,General Buyers
794,24,Male,Pants,Clothing,35.0,Alabama,L,Maroon,Summer,3.8,1,Free Shipping,1,1,16,Credit Card,Monthly,0,12,promo_block,420.0,0,1,0,0,1.0,1,0,0,0,Teen (18-24),0.4997583033213285,0.2201556122448979,High,Low,0,1,1,S2,Promo-Dependent Buyers
795,69,Male,Backpack,Accessories,50.0,Kentucky,Xl,Yellow,Winter,4.2,1,Store Pickup,1,1,10,Debit Card,Fortnightly,0,26,promo_block,1300.0,0,0,0,1,1.0,1,1,0,0,Senior (50-70),0.5636510604241697,0.2791683673469387,High,Low,0,1,0,S2,Promo-Dependent Buyers
796,39,Male,Sandals,Footwear,26.0,New York,M,Beige,Summer,4.6,1,Store Pickup,1,1,34,Venmo,Annually,0,1,promo_block,26.0,0,1,0,0,1.0,1,1,1,0,Mid-Age (35-49),0.6200408163265305,0.3206173469387754,High,Low,0,1,2,S0,General Buyers
797,42,Male,Socks,Clothing,78.0,Arizona,Xl,Black,Fall,4.0,1,2-Day Shipping,1,1,43,Credit Card,Annually,0,1,promo_block,78.0,0,0,1,0,1.0,1,1,0,0,Mid-Age (35-49),0.6271428571428571,0.5580357142857142,High,Medium,1,1,1,S0,General Buyers
798,42,Male,Coat,Outerwear,82.0,Maryland,M,Violet,Fall,4.0,1,2-Day Shipping,1,1,38,Debit Card,Weekly,0,52,promo_block,4264.0,1,0,1,0,1.0,1,1,0,0,Mid-Age (35-49),0.8465306122448979,0.5500255102040816,High,Medium,1,1,3,S4,Promo-Habituated Spenders
799,29,Male,Socks,Clothing,39.0,Alaska,M,Violet,Spring,3.8,1,2-Day Shipping,1,1,48,Paypal,Every 3 Months,0,4,promo_block,156.0,0,1,1,0,1.0,1,0,0,0,Young Adult (25-34),0.6564609843937573,0.4009209183673469,High,Low,1,1,1,S0,General Buyers
800,55,Male,Belt,Accessories,55.0,Nevada,L,Brown,Summer,3.8,1,Free Shipping,1,1,31,Paypal,Annually,1,1,promo_block,55.0,0,0,0,0,1.0,1,0,0,0,Senior (50-70),0.5376734693877551,0.3841862244897959,High,Low,0,1,0,S0,General Buyers
801,32,Male,Socks,Clothing,20.0,Utah,S,Gold,Summer,2.6,1,Free Shipping,1,1,20,Cash,Every 3 Months,0,4,promo_block,80.0,0,1,0,0,1.0,1,0,0,1,Young Adult (25-34),0.3890324129651861,0.102938775510204,Medium,Low,0,0,1,S2,Promo-Dependent Buyers
802,25,Male,Belt,Accessories,29.0,New Mexico,L,Blue,Fall,4.9,1,Express,1,1,12,Credit Card,Fortnightly,0,26,promo_block,754.0,0,1,0,1,1.0,1,1,1,0,Young Adult (25-34),0.6318959583833534,0.2394974489795918,High,Low,1,1,0,S2,Promo-Dependent Buyers
803,38,Male,Pants,Clothing,41.0,Delaware,M,Teal,Winter,3.5,1,Next Day Air,1,1,2,Bank Transfer,Weekly,0,52,promo_block,2132.0,0,0,0,1,1.0,1,0,0,0,Mid-Age (35-49),0.586122448979592,0.1569770408163265,High,Low,1,0,1,S2,Promo-Dependent Buyers
804,32,Male,Shorts,Clothing,38.0,Connecticut,L,Silver,Winter,2.8,1,Express,1,1,30,Venmo,Every 3 Months,0,4,promo_block,152.0,0,1,0,0,1.0,1,0,0,1,Young Adult (25-34),0.4662569027611044,0.2447091836734693,High,Low,1,1,1,S0,General Buyers
805,43,Male,Boots,Footwear,47.0,Mississippi,M,Maroon,Summer,2.6,1,Store Pickup,1,1,28,Venmo,Quarterly,0,4,promo_block,188.0,0,0,0,0,1.0,1,0,0,1,Mid-Age (35-49),0.4380120048019207,0.2618801020408163,Medium,Low,0,1,2,S0,General Buyers
806,41,Male,Dress,Clothing,30.0,Connecticut,L,White,Summer,3.7,1,Next Day Air,1,1,40,Debit Card,Monthly,0,12,promo_block,360.0,0,1,1,0,1.0,1,0,0,0,Mid-Age (35-49),0.6386970788315327,0.3147295918367347,High,Low,1,1,1,S0,General Buyers
807,56,Male,Jeans,Clothing,56.0,Florida,L,Charcoal,Summer,2.7,1,Standard,1,1,46,Paypal,Quarterly,0,4,promo_block,224.0,0,0,1,0,1.0,1,0,0,1,Senior (50-70),0.5562160864345738,0.3990918367346939,High,Low,0,1,1,S0,General Buyers
808,27,Male,T-Shirt,Clothing,89.0,New York,S,Brown,Winter,3.3,1,Express,1,1,15,Credit Card,Weekly,0,52,promo_block,4628.0,1,0,0,0,1.0,1,0,0,0,Young Adult (25-34),0.6497142857142856,0.4213035714285714,High,Low,1,1,1,S4,Promo-Habituated Spenders
809,46,Male,Shoes,Footwear,96.0,Wisconsin,L,Lavender,Fall,4.6,1,Next Day Air,1,1,38,Cash,Every 3 Months,0,4,promo_block,384.0,1,0,1,0,1.0,1,1,1,0,Mid-Age (35-49),0.6592364945978391,0.6472755102040816,High,High,1,0,2,S4,Promo-Habituated Spenders
810,48,Male,Boots,Footwear,81.0,South Carolina,M,Violet,Fall,4.9,1,Next Day Air,1,1,30,Paypal,Bi-Weekly,0,26,promo_block,2106.0,1,0,0,0,1.0,1,1,1,0,Mid-Age (35-49),0.7421000400160065,0.5588341836734694,High,Medium,1,1,2,S4,Promo-Habituated Spenders
811,52,Male,Scarf,Accessories,83.0,South Dakota,S,Lavender,Fall,4.9,1,Store Pickup,1,1,32,Debit Card,Bi-Weekly,0,26,promo_block,2158.0,1,0,0,0,1.0,1,1,1,0,Senior (50-70),0.7543449379751901,0.5777882653061224,High,Medium,0,1,0,S4,Promo-Habituated Spenders
812,18,Male,Sneakers,Footwear,35.0,Illinois,M,Green,Winter,2.7,1,Free Shipping,1,1,36,Venmo,Quarterly,0,4,promo_block,140.0,0,1,0,0,1.0,1,0,0,1,Teen (18-24),0.4949915966386555,0.2561964285714285,High,Low,0,1,2,S0,General Buyers
813,64,Male,Boots,Footwear,56.0,Alaska,M,Olive,Summer,3.2,1,Standard,1,1,32,Credit Card,Weekly,0,52,promo_block,2912.0,0,0,0,0,1.0,1,0,0,0,Senior (50-70),0.745795918367347,0.3576632653061224,High,Low,0,1,2,S0,General Buyers
814,54,Male,Handbag,Accessories,45.0,Montana,S,Olive,Summer,2.9,1,Store Pickup,1,1,14,Debit Card,Annually,0,1,promo_block,45.0,0,0,0,0,1.0,1,0,0,1,Senior (50-70),0.3615918367346938,0.1997015306122449,Medium,Low,0,1,0,S2,Promo-Dependent Buyers
815,31,Male,Shirt,Clothing,62.0,Minnesota,M,Pink,Winter,3.8,1,Express,1,1,8,Paypal,Monthly,0,12,promo_block,744.0,0,0,0,1,1.0,1,0,0,0,Young Adult (25-34),0.4507787114845938,0.2974642857142857,Medium,Low,1,1,1,S0,General Buyers
816,30,Male,Hat,Accessories,84.0,West Virginia,L,Teal,Spring,3.0,1,Next Day Air,1,1,27,Venmo,Bi-Weekly,0,26,promo_block,2184.0,1,0,0,0,1.0,1,0,0,0,Young Adult (25-34),0.571732693077231,0.4426530612244898,High,Medium,1,1,0,S4,Promo-Habituated Spenders
817,26,Male,Sweater,Clothing,24.0,Illinois,L,Cyan,Summer,3.9,1,Store Pickup,1,1,24,Debit Card,Monthly,0,12,promo_block,288.0,0,1,0,0,1.0,1,0,0,0,Young Adult (25-34),0.5567378951580633,0.2188469387755102,High,Low,0,1,1,S2,Promo-Dependent Buyers
818,25,Male,Handbag,Accessories,21.0,Nevada,S,Gray,Spring,4.7,1,Store Pickup,1,1,30,Paypal,Fortnightly,0,26,promo_block,546.0,0,1,0,0,1.0,1,1,1,0,Young Adult (25-34),0.7261000400160065,0.2843341836734694,High,Low,0,1,0,S0,General Buyers
819,59,Male,Shirt,Clothing,91.0,Idaho,M,Peach,Winter,4.9,1,Store Pickup,1,1,34,Debit Card,Monthly,0,12,promo_block,1092.0,1,0,0,0,1.0,1,1,1,0,Senior (50-70),0.6979623849539817,0.6229923469387755,High,High,0,1,1,S4,Promo-Habituated Spenders
820,55,Male,Sunglasses,Accessories,36.0,Colorado,S,Teal,Winter,4.8,1,Next Day Air,1,1,28,Debit Card,Quarterly,0,4,promo_block,144.0,0,1,0,0,1.0,1,1,1,0,Senior (50-70),0.6140120048019208,0.3457551020408163,High,Low,1,1,0,S0,General Buyers
821,56,Male,Sneakers,Footwear,39.0,Louisiana,M,Turquoise,Spring,2.5,1,2-Day Shipping,1,1,27,Debit Card,Monthly,0,12,promo_block,468.0,0,1,0,0,1.0,1,0,0,1,Senior (50-70),0.4631052420968388,0.2157780612244897,High,Low,1,1,2,S0,General Buyers
822,62,Male,Hoodie,Clothing,39.0,Vermont,M,Green,Spring,3.9,1,Standard,1,1,31,Credit Card,Bi-Weekly,0,26,promo_block,1014.0,0,1,0,0,1.0,1,0,0,0,Senior (50-70),0.6682224889955982,0.3201862244897959,High,Low,0,1,1,S0,General Buyers
823,35,Male,Shirt,Clothing,59.0,Mississippi,L,Magenta,Winter,3.4,1,Standard,1,1,23,Bank Transfer,Annually,0,1,promo_block,59.0,0,0,0,0,1.0,1,0,0,0,Mid-Age (35-49),0.4566938775510204,0.3368698979591836,Medium,Low,0,0,1,S2,Promo-Dependent Buyers
824,51,Male,Sunglasses,Accessories,27.0,Georgia,M,Green,Winter,2.5,1,Free Shipping,1,1,11,Credit Card,Quarterly,0,4,promo_block,108.0,0,1,0,1,1.0,1,0,0,1,Senior (50-70),0.3259303721488595,0.0816454081632653,Medium,Low,0,1,0,S2,Promo-Dependent Buyers
825,61,Male,Blouse,Clothing,94.0,Georgia,M,White,Spring,3.0,1,Store Pickup,1,1,48,Cash,Quarterly,0,4,promo_block,376.0,1,0,1,0,1.0,1,0,0,0,Senior (50-70),0.5924609843937574,0.5935459183673469,High,Medium,0,0,1,S4,Promo-Habituated Spenders
826,27,Male,Belt,Accessories,94.0,Nebraska,Xl,Brown,Fall,3.6,1,Next Day Air,1,1,17,Cash,Monthly,0,12,promo_block,1128.0,1,0,0,0,1.0,1,0,0,0,Young Adult (25-34),0.4898807523009204,0.4713826530612244,High,Medium,1,0,0,S4,Promo-Habituated Spenders
827,54,Male,Dress,Clothing,94.0,Massachusetts,M,Purple,Winter,3.6,1,Standard,1,1,36,Paypal,Weekly,0,52,promo_block,4888.0,1,0,0,0,1.0,1,0,0,0,Senior (50-70),0.8022857142857143,0.5683214285714286,High,Medium,0,1,1,S4,Promo-Habituated Spenders
828,31,Male,Shoes,Footwear,51.0,Colorado,S,Green,Fall,4.1,1,Free Shipping,1,1,33,Bank Transfer,Fortnightly,0,26,promo_block,1326.0,0,0,0,0,1.0,1,1,0,0,Young Adult (25-34),0.6964673869547819,0.3948903061224489,High,Low,0,0,2,S0,General Buyers
829,24,Male,Socks,Clothing,62.0,Nevada,M,Peach,Fall,3.7,1,2-Day Shipping,1,1,27,Paypal,Bi-Weekly,0,26,promo_block,1612.0,0,0,0,0,1.0,1,0,0,0,Teen (18-24),0.6277326930772309,0.3884030612244898,High,Low,1,1,1,S0,General Buyers
830,42,Male,Socks,Clothing,57.0,Idaho,S,Silver,Spring,3.8,1,2-Day Shipping,1,1,14,Credit Card,Fortnightly,1,26,promo_block,1482.0,0,0,0,0,1.0,1,0,0,0,Mid-Age (35-49),0.556140856342537,0.3062015306122448,High,Low,1,1,1,S2,Promo-Dependent Buyers
831,41,Male,Shorts,Clothing,76.0,Wyoming,M,Maroon,Fall,4.2,1,Express,1,1,5,Credit Card,Annually,0,1,promo_block,76.0,0,0,0,1,1.0,1,1,0,0,Mid-Age (35-49),0.4104897959183674,0.3674081632653061,Medium,Low,1,1,1,S0,General Buyers
832,66,Male,Gloves,Accessories,63.0,Washington,M,Red,Summer,4.3,1,Express,1,1,47,Cash,Every 3 Months,0,4,promo_block,252.0,0,0,1,0,1.0,1,1,0,0,Senior (50-70),0.6903385354141657,0.5308188775510204,High,Medium,1,0,0,S0,General Buyers
833,58,Male,Jacket,Outerwear,80.0,California,L,Blue,Fall,2.5,1,Express,1,1,28,Cash,Bi-Weekly,0,26,promo_block,2080.0,0,0,0,0,1.0,1,0,0,1,Senior (50-70),0.5378551420568227,0.4002551020408162,High,Low,1,0,3,S0,General Buyers
834,43,Male,Handbag,Accessories,68.0,Oklahoma,M,Purple,Fall,3.5,1,Standard,1,1,11,Credit Card,Annually,0,1,promo_block,68.0,0,0,0,1,1.0,1,0,0,0,Mid-Age (35-49),0.3912244897959184,0.3210204081632653,Medium,Low,0,1,0,S0,General Buyers
835,52,Male,Backpack,Accessories,89.0,Nevada,M,Indigo,Summer,3.1,1,Free Shipping,1,1,18,Credit Card,Weekly,0,52,promo_block,4628.0,1,0,0,0,1.0,1,0,0,0,Senior (50-70),0.6520816326530613,0.424609693877551,High,Low,0,1,0,S4,Promo-Habituated Spenders
836,35,Male,Boots,Footwear,26.0,Maryland,L,Indigo,Summer,2.5,1,Next Day Air,1,1,21,Debit Card,Weekly,0,52,promo_block,1352.0,0,1,0,0,1.0,1,0,0,1,Mid-Age (35-49),0.6224489795918368,0.1282908163265306,High,Low,1,1,2,S2,Promo-Dependent Buyers
837,23,Male,Gloves,Accessories,90.0,West Virginia,L,Violet,Winter,3.9,1,Store Pickup,1,1,22,Cash,Bi-Weekly,0,26,promo_block,2340.0,1,0,0,0,1.0,1,0,0,0,Teen (18-24),0.6131204481792717,0.4973928571428571,High,Medium,0,0,0,S4,Promo-Habituated Spenders
838,25,Male,Hoodie,Clothing,28.0,Illinois,L,Brown,Spring,4.9,1,Express,1,1,33,Cash,Every 3 Months,0,4,promo_block,112.0,0,1,0,0,1.0,1,1,1,0,Young Adult (25-34),0.65262424969988,0.342265306122449,High,Low,1,0,1,S0,General Buyers
839,33,Male,Coat,Outerwear,29.0,Kentucky,M,Gray,Spring,4.3,1,Express,1,1,49,Credit Card,Annually,0,1,promo_block,29.0,0,1,1,0,1.0,1,1,0,0,Young Adult (25-34),0.6878775510204082,0.3922729591836734,High,Low,1,1,3,S0,General Buyers
840,48,Male,Shirt,Clothing,31.0,Illinois,L,Teal,Spring,2.6,1,Free Shipping,1,1,10,Debit Card,Every 3 Months,0,4,promo_block,124.0,0,1,0,1,1.0,1,0,0,1,Mid-Age (35-49),0.3278079231692677,0.1000433673469387,Medium,Low,0,1,1,S2,Promo-Dependent Buyers
841,42,Male,Shirt,Clothing,24.0,Alabama,L,Teal,Summer,4.2,1,2-Day Shipping,1,1,18,Paypal,Weekly,0,52,promo_block,1248.0,0,1,0,0,1.0,1,1,0,0,Mid-Age (35-49),0.7400816326530613,0.206234693877551,High,Low,1,1,1,S2,Promo-Dependent Buyers
842,55,Male,Sweater,Clothing,88.0,Texas,M,Beige,Summer,2.6,1,Store Pickup,1,1,28,Paypal,Fortnightly,0,26,promo_block,2288.0,1,0,0,0,1.0,1,0,0,1,Senior (50-70),0.5458551420568227,0.4412551020408163,High,Medium,0,1,1,S4,Promo-Habituated Spenders
843,59,Male,Shirt,Clothing,87.0,Missouri,M,Violet,Spring,3.6,1,Express,1,1,25,Paypal,Weekly,0,52,promo_block,4524.0,1,0,0,0,1.0,1,0,0,0,Senior (50-70),0.7349387755102041,0.4815739795918367,High,Medium,1,1,1,S4,Promo-Habituated Spenders
844,65,Male,Hoodie,Clothing,80.0,Pennsylvania,S,Beige,Summer,3.2,1,Express,1,1,6,Paypal,Weekly,0,52,promo_block,4160.0,0,0,0,1,1.0,1,0,0,0,Senior (50-70),0.5866122448979592,0.3300102040816326,High,Low,1,1,1,S0,General Buyers
845,59,Male,Sandals,Footwear,48.0,Missouri,L,Purple,Winter,4.4,1,Express,1,1,44,Venmo,Bi-Weekly,0,26,promo_block,1248.0,0,0,1,0,1.0,1,1,0,0,Senior (50-70),0.7878143257302922,0.4558877551020408,High,Medium,1,1,2,S0,General Buyers
846,31,Male,Belt,Accessories,21.0,Michigan,Xl,Charcoal,Winter,3.7,1,Standard,1,1,30,Venmo,Monthly,0,12,promo_block,252.0,0,1,0,0,1.0,1,0,0,0,Young Adult (25-34),0.5774725890356143,0.2243341836734693,High,Low,0,1,0,S0,General Buyers
847,49,Male,Boots,Footwear,72.0,Kentucky,M,Pink,Spring,3.7,1,Express,1,1,42,Debit Card,Quarterly,0,4,promo_block,288.0,0,0,1,0,1.0,1,0,0,0,Mid-Age (35-49),0.6117262905162064,0.5086836734693878,High,Medium,1,1,2,S0,General Buyers
848,53,Male,Hoodie,Clothing,44.0,New Jersey,L,Blue,Fall,4.1,1,Standard,1,1,30,Paypal,Monthly,0,12,promo_block,528.0,0,0,0,0,1.0,1,1,0,0,Senior (50-70),0.6094725890356143,0.3489591836734693,High,Low,0,1,1,S0,General Buyers
849,48,Male,Sandals,Footwear,73.0,Delaware,M,Lavender,Fall,3.6,1,Store Pickup,1,1,33,Credit Card,Bi-Weekly,0,26,promo_block,1898.0,0,0,0,0,1.0,1,0,0,0,Mid-Age (35-49),0.6564673869547819,0.4611403061224489,High,Medium,0,1,2,S0,General Buyers
850,23,Male,Jeans,Clothing,61.0,Missouri,S,Charcoal,Spring,4.3,1,Express,1,1,24,Paypal,Quarterly,0,4,promo_block,244.0,0,0,0,0,1.0,1,1,0,0,Teen (18-24),0.5495222088835534,0.4047219387755101,High,Low,1,1,1,S0,General Buyers
851,68,Male,Shoes,Footwear,20.0,Connecticut,L,Turquoise,Winter,2.6,1,Store Pickup,1,1,13,Venmo,Monthly,0,12,promo_block,240.0,0,1,0,1,1.0,1,0,0,1,Senior (50-70),0.385390956382553,0.0672244897959183,Medium,Low,0,1,2,S2,Promo-Dependent Buyers
852,35,Male,Sandals,Footwear,86.0,Massachusetts,M,Red,Summer,2.9,1,Express,1,1,19,Debit Card,Monthly,0,12,promo_block,1032.0,1,0,0,0,1.0,1,0,0,1,Mid-Age (35-49),0.446125650260104,0.4045867346938775,Medium,Low,1,1,2,S4,Promo-Habituated Spenders
853,34,Male,Dress,Clothing,60.0,Florida,L,Yellow,Spring,4.2,1,Next Day Air,1,1,23,Debit Card,Every 3 Months,0,4,promo_block,240.0,0,0,0,0,1.0,1,1,0,0,Young Adult (25-34),0.5353997599039616,0.3892448979591837,High,Low,1,1,1,S0,General Buyers
854,62,Male,Hat,Accessories,43.0,Delaware,L,Orange,Winter,4.0,1,Free Shipping,1,1,35,Cash,Monthly,0,12,promo_block,516.0,0,0,0,0,1.0,1,1,0,0,Senior (50-70),0.6320848339335734,0.364094387755102,High,Low,0,0,0,S0,General Buyers
855,21,Male,Pants,Clothing,44.0,California,L,Blue,Spring,4.3,1,Free Shipping,1,1,22,Venmo,Monthly,0,12,promo_block,528.0,0,0,0,0,1.0,1,1,0,0,Teen (18-24),0.5764929971988796,0.3201428571428571,High,Low,0,1,1,S2,Promo-Dependent Buyers
856,70,Male,Socks,Clothing,76.0,Oregon,L,Gold,Spring,3.0,1,2-Day Shipping,1,1,14,Credit Card,Quarterly,0,4,promo_block,304.0,0,0,0,0,1.0,1,0,0,0,Senior (50-70),0.3842977190876351,0.3413265306122448,Medium,Low,1,1,1,S0,General Buyers
857,55,Male,Shirt,Clothing,33.0,Alaska,M,Gold,Summer,3.5,1,Express,1,1,47,Debit Card,Fortnightly,0,26,promo_block,858.0,0,1,1,0,1.0,1,0,0,0,Senior (50-70),0.7341816726690678,0.3515688775510204,High,Low,1,1,1,S0,General Buyers
858,43,Male,Shorts,Clothing,60.0,Missouri,L,Cyan,Fall,3.0,1,Standard,1,1,50,Debit Card,Every 3 Months,0,4,promo_block,240.0,0,0,1,0,1.0,1,0,0,0,Mid-Age (35-49),0.6047058823529412,0.4549999999999999,High,Medium,0,1,1,S0,General Buyers
859,19,Male,Jacket,Outerwear,26.0,Oklahoma,L,Olive,Fall,3.1,1,Free Shipping,1,1,33,Paypal,Weekly,0,52,promo_block,1352.0,0,1,0,0,1.0,1,0,0,0,Teen (18-24),0.7439183673469388,0.2255153061224489,High,Low,0,1,3,S0,General Buyers
860,47,Male,Hoodie,Clothing,73.0,Wisconsin,M,Teal,Winter,4.0,1,Next Day Air,1,1,7,Debit Card,Monthly,0,12,promo_block,876.0,0,0,0,1,1.0,1,1,0,0,Mid-Age (35-49),0.460656262505002,0.3524872448979591,High,Low,1,1,1,S0,General Buyers
861,26,Male,Shoes,Footwear,87.0,South Carolina,M,Maroon,Spring,4.1,1,Standard,1,1,3,Cash,Monthly,0,12,promo_block,1044.0,1,0,0,1,1.0,1,1,0,0,Young Adult (25-34),0.4441664665866346,0.399329081632653,Medium,Low,0,0,2,S4,Promo-Habituated Spenders
862,46,Male,Skirt,Clothing,100.0,Virginia,Xl,Green,Spring,3.8,1,2-Day Shipping,1,1,35,Credit Card,Every 3 Months,1,4,promo_block,400.0,1,0,0,0,1.0,1,0,0,0,Mid-Age (35-49),0.5768691476590636,0.601469387755102,High,High,1,1,1,S4,Promo-Habituated Spenders
863,19,Male,Coat,Outerwear,84.0,Arkansas,M,Charcoal,Winter,4.9,1,Standard,1,1,13,Paypal,Fortnightly,0,26,promo_block,2184.0,1,0,0,1,1.0,1,1,1,0,Teen (18-24),0.6380184073629452,0.4852244897959183,High,Medium,0,1,3,S4,Promo-Habituated Spenders
864,49,Male,Sneakers,Footwear,41.0,Vermont,M,Cyan,Summer,3.9,1,Standard,1,1,42,Paypal,Fortnightly,0,26,promo_block,1066.0,0,0,1,0,1.0,1,0,0,0,Mid-Age (35-49),0.7355694277711085,0.3850586734693877,High,Low,0,1,2,S0,General Buyers
865,51,Male,Jeans,Clothing,59.0,Kentucky,S,Charcoal,Winter,3.9,1,Next Day Air,1,1,5,Paypal,Annually,0,1,promo_block,59.0,0,0,0,1,1.0,1,0,0,0,Senior (50-70),0.3864897959183673,0.2750331632653061,Medium,Low,1,1,1,S2,Promo-Dependent Buyers
866,64,Male,Blouse,Clothing,26.0,Colorado,L,Charcoal,Winter,4.8,1,Store Pickup,1,1,23,Venmo,Annually,0,1,promo_block,26.0,0,1,0,0,1.0,1,1,1,0,Senior (50-70),0.5686938775510204,0.2764948979591837,High,Low,0,1,1,S2,Promo-Dependent Buyers
867,67,Male,Sunglasses,Accessories,69.0,New Mexico,M,Lavender,Summer,2.7,1,Free Shipping,1,1,11,Paypal,Bi-Weekly,0,26,promo_block,1794.0,0,0,0,1,1.0,1,0,0,1,Senior (50-70),0.4497735094037615,0.2773954081632653,Medium,Low,0,1,0,S0,General Buyers
868,37,Male,Jacket,Outerwear,20.0,Colorado,M,Turquoise,Spring,3.1,1,Free Shipping,1,1,23,Bank Transfer,Fortnightly,0,26,promo_block,520.0,0,1,0,0,1.0,1,0,0,0,Mid-Age (35-49),0.5552428971588635,0.1482448979591836,High,Low,0,0,3,S2,Promo-Dependent Buyers
869,40,Male,Dress,Clothing,83.0,North Carolina,M,Green,Summer,3.2,1,Next Day Air,1,1,2,Credit Card,Every 3 Months,0,4,promo_block,332.0,1,0,0,1,1.0,1,0,0,0,Mid-Age (35-49),0.3268283313325331,0.3227270408163265,Medium,Low,1,1,1,S4,Promo-Habituated Spenders
870,38,Male,Hat,Accessories,54.0,New Hampshire,M,Silver,Spring,2.7,1,2-Day Shipping,1,1,33,Paypal,Weekly,0,52,promo_block,2808.0,0,0,0,0,1.0,1,0,0,1,Mid-Age (35-49),0.7119183673469388,0.324015306122449,High,Low,1,1,0,S0,General Buyers
871,66,Male,Hoodie,Clothing,66.0,West Virginia,M,Blue,Fall,2.5,1,Standard,1,1,6,Bank Transfer,Bi-Weekly,0,26,promo_block,1716.0,0,0,0,1,1.0,1,0,0,1,Senior (50-70),0.4031612645058023,0.2267602040816326,Medium,Low,0,0,1,S0,General Buyers
872,47,Male,Handbag,Accessories,42.0,Hawaii,M,Charcoal,Spring,2.6,1,Next Day Air,1,1,45,Debit Card,Quarterly,0,4,promo_block,168.0,0,0,1,0,1.0,1,0,0,1,Mid-Age (35-49),0.542093637454982,0.3267397959183673,High,Low,1,1,0,S0,General Buyers
873,56,Male,Jeans,Clothing,33.0,North Dakota,M,Pink,Spring,2.9,1,Standard,1,1,25,Cash,Quarterly,0,4,promo_block,132.0,0,1,0,0,1.0,1,0,0,1,Senior (50-70),0.4436446578631452,0.2033239795918367,Medium,Low,0,0,1,S0,General Buyers
874,51,Male,Boots,Footwear,77.0,Mississippi,M,Pink,Summer,4.2,1,Free Shipping,1,1,24,Venmo,Quarterly,0,4,promo_block,308.0,0,0,0,0,1.0,1,1,0,0,Senior (50-70),0.5415222088835534,0.4687219387755101,High,Medium,0,1,2,S0,General Buyers
875,25,Male,Jacket,Outerwear,65.0,Maine,M,Magenta,Fall,4.4,1,Free Shipping,1,1,10,Venmo,Every 3 Months,0,4,promo_block,260.0,0,0,0,1,1.0,1,1,0,0,Young Adult (25-34),0.4718079231692677,0.3567933673469388,High,Low,0,1,3,S0,General Buyers
876,37,Male,Sandals,Footwear,39.0,North Dakota,L,Gray,Summer,4.1,1,Free Shipping,1,1,7,Bank Transfer,Every 3 Months,0,4,promo_block,156.0,0,1,0,1,1.0,1,1,0,0,Mid-Age (35-49),0.4294405762304921,0.2097372448979591,Medium,Low,0,0,2,S2,Promo-Dependent Buyers
877,41,Male,Belt,Accessories,51.0,Nebraska,L,Gray,Summer,3.8,1,2-Day Shipping,1,1,1,Debit Card,Weekly,0,52,promo_block,2652.0,0,0,0,1,1.0,1,0,0,0,Mid-Age (35-49),0.604,0.2136249999999999,High,Low,1,1,0,S2,Promo-Dependent Buyers
878,64,Male,Handbag,Accessories,65.0,Nebraska,M,Orange,Winter,4.9,1,Next Day Air,1,1,45,Venmo,Every 3 Months,0,4,promo_block,260.0,0,0,1,0,1.0,1,1,1,0,Senior (50-70),0.726093637454982,0.5653647959183674,High,Medium,1,1,0,S0,General Buyers
879,23,Male,Sunglasses,Accessories,89.0,Tennessee,S,Black,Summer,4.9,1,Express,1,1,37,Debit Card,Weekly,0,52,promo_block,4628.0,1,0,0,0,1.0,1,1,1,0,Teen (18-24),0.9124081632653062,0.6295484693877551,High,High,1,1,0,S4,Promo-Habituated Spenders
880,62,Male,Skirt,Clothing,76.0,Wyoming,S,Lavender,Spring,4.1,1,Free Shipping,1,1,14,Paypal,Quarterly,0,4,promo_block,304.0,0,0,0,0,1.0,1,1,0,0,Senior (50-70),0.472297719087635,0.4073265306122448,High,Low,0,1,1,S0,General Buyers
881,39,Male,Backpack,Accessories,75.0,Nevada,L,Red,Spring,3.1,1,Express,1,1,25,Debit Card,Monthly,0,12,promo_block,900.0,0,0,0,0,1.0,1,0,0,0,Mid-Age (35-49),0.4988603441376551,0.3990739795918367,High,Low,1,1,0,S0,General Buyers
882,52,Male,Sandals,Footwear,61.0,South Carolina,M,Silver,Summer,2.7,1,Next Day Air,1,1,18,Venmo,Annually,0,1,promo_block,61.0,0,0,0,0,1.0,1,0,0,1,Senior (50-70),0.3700816326530612,0.278109693877551,Medium,Low,1,1,2,S0,General Buyers
883,50,Male,Boots,Footwear,35.0,Virginia,M,Cyan,Fall,3.8,1,Next Day Air,1,1,37,Cash,Every 3 Months,0,4,promo_block,140.0,0,1,0,0,1.0,1,0,0,0,Senior (50-70),0.5891140456182473,0.3272984693877551,High,Low,1,0,2,S0,General Buyers
884,28,Male,Sneakers,Footwear,37.0,Pennsylvania,S,Gold,Fall,4.3,1,Free Shipping,1,1,30,Bank Transfer,Monthly,0,12,promo_block,444.0,0,1,0,0,1.0,1,1,0,0,Young Adult (25-34),0.6254725890356143,0.3303341836734694,High,Low,0,0,2,S0,General Buyers
885,67,Male,Skirt,Clothing,91.0,Hawaii,L,Yellow,Winter,4.1,1,Express,1,1,34,Bank Transfer,Weekly,0,52,promo_block,4732.0,1,0,0,0,1.0,1,1,0,0,Senior (50-70),0.8300408163265306,0.5749923469387754,High,Medium,1,0,1,S4,Promo-Habituated Spenders
886,41,Male,Dress,Clothing,99.0,Ohio,L,Purple,Fall,4.4,1,Free Shipping,1,1,49,Debit Card,Every 3 Months,0,4,promo_block,396.0,1,0,1,0,1.0,1,1,0,0,Mid-Age (35-49),0.7105834333733493,0.7045229591836735,High,High,0,1,1,S4,Promo-Habituated Spenders
887,19,Male,Shorts,Clothing,54.0,Utah,S,Brown,Summer,3.6,1,Express,1,1,48,Bank Transfer,Monthly,0,12,promo_block,648.0,0,0,1,0,1.0,1,0,0,0,Teen (18-24),0.6796766706682673,0.4545459183673469,High,Medium,1,0,1,S0,General Buyers
888,70,Male,Handbag,Accessories,47.0,Minnesota,L,Turquoise,Winter,3.3,1,2-Day Shipping,1,1,33,Paypal,Fortnightly,0,26,promo_block,1222.0,0,0,0,0,1.0,1,0,0,0,Senior (50-70),0.6324673869547819,0.3293903061224489,High,Low,1,1,0,S0,General Buyers
889,49,Male,Scarf,Accessories,77.0,New Hampshire,S,Gold,Spring,3.8,1,Express,1,1,44,Cash,Annually,1,1,promo_block,77.0,0,0,1,0,1.0,1,0,0,0,Mid-Age (35-49),0.617265306122449,0.5467627551020408,High,Medium,1,0,0,S0,General Buyers
890,59,Male,Belt,Accessories,84.0,Arizona,S,Olive,Fall,2.8,1,Free Shipping,1,1,50,Venmo,Weekly,0,52,promo_block,4368.0,1,0,1,0,1.0,1,0,0,1,Senior (50-70),0.8240000000000001,0.548,High,Medium,0,1,0,S4,Promo-Habituated Spenders
891,52,Male,Gloves,Accessories,51.0,New York,S,Purple,Spring,4.3,1,2-Day Shipping,1,1,47,Credit Card,Monthly,0,12,promo_block,612.0,0,0,1,0,1.0,1,1,0,0,Senior (50-70),0.7295542216886756,0.4783188775510204,High,Medium,1,1,0,S0,General Buyers
892,20,Male,Skirt,Clothing,26.0,Pennsylvania,S,Lavender,Summer,3.9,1,Store Pickup,1,1,24,Paypal,Every 3 Months,0,4,promo_block,104.0,0,1,0,0,1.0,1,0,0,0,Teen (18-24),0.5175222088835534,0.2275969387755102,High,Low,0,1,1,S2,Promo-Dependent Buyers
893,31,Male,Shorts,Clothing,64.0,New Mexico,L,Gray,Summer,2.7,1,Free Shipping,1,1,43,Debit Card,Monthly,0,12,promo_block,768.0,0,0,1,0,1.0,1,0,0,1,Young Adult (25-34),0.5770644257703081,0.4187857142857143,High,Low,0,1,1,S0,General Buyers
894,33,Male,Backpack,Accessories,51.0,Nebraska,M,Red,Spring,4.7,1,Express,1,1,14,Venmo,Monthly,0,12,promo_block,612.0,0,0,0,0,1.0,1,1,1,0,Young Adult (25-34),0.5595134053621449,0.3339515306122449,High,Low,1,1,0,S2,Promo-Dependent Buyers
895,44,Male,Hoodie,Clothing,60.0,Wyoming,L,Purple,Spring,3.8,1,Free Shipping,1,1,3,Debit Card,Quarterly,0,4,promo_block,240.0,0,0,0,1,1.0,1,0,0,0,Mid-Age (35-49),0.3809507803121248,0.2632040816326531,Medium,Low,0,1,1,S0,General Buyers
896,40,Male,Hat,Accessories,69.0,Mississippi,Xl,Olive,Spring,4.7,1,Next Day Air,1,1,33,Debit Card,Quarterly,0,4,promo_block,276.0,0,0,0,0,1.0,1,1,1,0,Mid-Age (35-49),0.63662424969988,0.509640306122449,High,Medium,1,1,0,S0,General Buyers
897,69,Male,Jewelry,Accessories,29.0,Arkansas,M,Lavender,Spring,4.7,1,Express,1,1,38,Cash,Fortnightly,0,26,promo_block,754.0,0,1,1,0,1.0,1,1,1,0,Senior (50-70),0.7750796318527411,0.3601505102040816,High,Low,1,0,0,S0,General Buyers
898,29,Male,Shirt,Clothing,91.0,Illinois,M,Gray,Spring,3.4,1,Express,1,1,46,Venmo,Weekly,0,52,promo_block,4732.0,1,0,1,0,1.0,1,0,0,0,Young Adult (25-34),0.8475102040816326,0.5942168367346939,High,Medium,1,1,1,S4,Promo-Habituated Spenders
899,54,Male,Belt,Accessories,70.0,Nevada,L,Red,Spring,3.5,1,2-Day Shipping,1,1,19,Bank Transfer,Every 3 Months,0,4,promo_block,280.0,0,0,0,0,1.0,1,0,0,0,Senior (50-70),0.4549099639855942,0.3705867346938775,Medium,Low,1,0,0,S0,General Buyers
900,65,Male,Sweater,Clothing,58.0,Rhode Island,M,Peach,Summer,4.0,1,Standard,1,1,20,Paypal,Annually,0,1,promo_block,58.0,0,0,0,0,1.0,1,1,0,0,Senior (50-70),0.4863265306122449,0.353188775510204,High,Low,0,1,1,S2,Promo-Dependent Buyers
901,54,Male,Hat,Accessories,98.0,West Virginia,L,Gray,Fall,3.3,1,Free Shipping,1,1,42,Bank Transfer,Quarterly,0,4,promo_block,392.0,1,0,1,0,1.0,1,0,0,0,Senior (50-70),0.5797262905162064,0.5984336734693878,High,Medium,0,0,0,S4,Promo-Habituated Spenders
902,60,Male,Scarf,Accessories,68.0,Missouri,L,Violet,Summer,4.7,1,2-Day Shipping,1,1,34,Cash,Monthly,0,12,promo_block,816.0,0,0,0,0,1.0,1,1,1,0,Senior (50-70),0.6819623849539816,0.5103673469387755,High,Medium,1,0,0,S0,General Buyers
903,43,Male,Hat,Accessories,44.0,Kentucky,M,Beige,Summer,2.8,1,Next Day Air,1,1,5,Cash,Monthly,0,12,promo_block,528.0,0,0,0,1,1.0,1,0,0,1,Mid-Age (35-49),0.3524113645458183,0.1434081632653061,Medium,Low,1,0,0,S2,Promo-Dependent Buyers
904,44,Male,Jacket,Outerwear,45.0,Washington,M,Blue,Winter,3.3,1,Express,1,1,3,Paypal,Quarterly,0,4,promo_block,180.0,0,0,0,1,1.0,1,0,0,0,Mid-Age (35-49),0.3409507803121248,0.167579081632653,Medium,Low,1,1,3,S2,Promo-Dependent Buyers
905,69,Male,T-Shirt,Clothing,99.0,Alaska,L,Magenta,Spring,2.9,1,Free Shipping,1,1,46,Paypal,Every 3 Months,0,4,promo_block,396.0,1,0,1,0,1.0,1,0,0,1,Senior (50-70),0.5722160864345738,0.599216836734694,High,High,0,1,1,S4,Promo-Habituated Spenders
906,46,Male,Dress,Clothing,68.0,Mississippi,S,Cyan,Spring,2.8,1,Standard,1,1,16,Venmo,Annually,0,1,promo_block,68.0,0,0,0,0,1.0,1,0,0,1,Mid-Age (35-49),0.3658367346938775,0.3045306122448979,Medium,Low,0,1,1,S0,General Buyers
907,41,Male,Pants,Clothing,56.0,South Carolina,M,Red,Spring,4.2,1,Standard,1,1,21,Debit Card,Bi-Weekly,0,26,promo_block,1456.0,0,0,0,0,1.0,1,1,0,0,Mid-Age (35-49),0.6309979991996799,0.3615408163265305,High,Low,0,1,1,S2,Promo-Dependent Buyers
908,32,Male,Sweater,Clothing,43.0,Missouri,L,Cyan,Winter,4.4,1,Express,1,1,34,Credit Card,Bi-Weekly,0,26,promo_block,1118.0,0,0,0,0,1.0,1,1,0,0,Young Adult (25-34),0.7265898359343738,0.3829923469387755,High,Low,1,1,1,S0,General Buyers
909,26,Male,Sunglasses,Accessories,99.0,New Jersey,M,Turquoise,Winter,3.6,1,Free Shipping,1,1,9,Paypal,Every 3 Months,0,4,promo_block,396.0,1,0,0,1,1.0,1,0,0,0,Young Adult (25-34),0.4016854741896759,0.4524413265306122,Medium,Medium,0,1,0,S4,Promo-Habituated Spenders
910,61,Male,Belt,Accessories,56.0,Louisiana,L,Silver,Fall,2.7,1,Express,1,1,36,Paypal,Weekly,0,52,promo_block,2912.0,0,0,0,0,1.0,1,0,0,1,Senior (50-70),0.7302857142857143,0.3480714285714286,High,Low,1,1,0,S0,General Buyers
911,49,Male,Hoodie,Clothing,25.0,South Carolina,S,Pink,Spring,3.4,1,Express,1,1,22,Credit Card,Monthly,0,12,promo_block,300.0,0,1,0,0,1.0,1,0,0,0,Mid-Age (35-49),0.5044929971988795,0.1830178571428571,High,Low,1,1,1,S2,Promo-Dependent Buyers
912,53,Male,Pants,Clothing,74.0,Vermont,M,Black,Winter,2.8,1,2-Day Shipping,1,1,2,Bank Transfer,Quarterly,0,4,promo_block,296.0,0,0,0,1,1.0,1,0,0,1,Senior (50-70),0.294828331332533,0.2593520408163265,Low,Low,1,0,1,S0,General Buyers
913,24,Male,Hoodie,Clothing,56.0,Arkansas,M,Green,Winter,3.4,1,Next Day Air,1,1,32,Bank Transfer,Monthly,0,12,promo_block,672.0,0,0,0,0,1.0,1,0,0,0,Teen (18-24),0.5657174869947978,0.3696632653061224,High,Low,1,0,1,S0,General Buyers
914,37,Male,Sneakers,Footwear,47.0,Utah,M,Yellow,Fall,2.6,1,Next Day Air,1,1,29,Cash,Every 3 Months,0,4,promo_block,188.0,0,0,0,0,1.0,1,0,0,1,Mid-Age (35-49),0.4441344537815125,0.2669821428571428,Medium,Low,1,0,2,S0,General Buyers
915,43,Male,Dress,Clothing,67.0,Washington,L,Purple,Summer,4.1,1,Standard,1,1,27,Venmo,Every 3 Months,0,4,promo_block,268.0,0,0,0,0,1.0,1,1,0,0,Mid-Age (35-49),0.5518895558223289,0.4342780612244897,High,Medium,0,1,1,S0,General Buyers
916,31,Male,Dress,Clothing,22.0,Rhode Island,L,Purple,Winter,2.9,1,Store Pickup,1,1,33,Credit Card,Fortnightly,0,26,promo_block,572.0,0,1,0,0,1.0,1,0,0,1,Young Adult (25-34),0.600467386954782,0.1960153061224489,High,Low,0,1,1,S0,General Buyers
917,49,Male,Jeans,Clothing,34.0,Illinois,S,Blue,Spring,2.7,1,Standard,1,1,16,Venmo,Monthly,0,12,promo_block,408.0,0,1,0,0,1.0,1,0,0,1,Mid-Age (35-49),0.4117583033213285,0.1497806122448979,Medium,Low,0,1,1,S2,Promo-Dependent Buyers
918,69,Male,Sweater,Clothing,64.0,Missouri,M,Maroon,Spring,3.7,1,Standard,1,1,11,Bank Transfer,Quarterly,0,4,promo_block,256.0,0,0,0,1,1.0,1,0,0,0,Senior (50-70),0.4219303721488596,0.3155204081632653,Medium,Low,0,0,1,S0,General Buyers
919,65,Male,Shorts,Clothing,42.0,North Carolina,M,Orange,Spring,4.3,1,2-Day Shipping,1,1,11,Cash,Fortnightly,0,26,promo_block,1092.0,0,0,0,1,1.0,1,1,0,0,Senior (50-70),0.5777735094037615,0.2552704081632653,High,Low,1,0,1,S2,Promo-Dependent Buyers
920,41,Male,Shirt,Clothing,82.0,Massachusetts,L,Green,Winter,2.6,1,2-Day Shipping,1,1,17,Debit Card,Bi-Weekly,0,26,promo_block,2132.0,1,0,0,0,1.0,1,0,0,1,Mid-Age (35-49),0.4785082032813125,0.3588826530612244,High,Low,1,1,1,S4,Promo-Habituated Spenders
921,37,Male,Belt,Accessories,81.0,Arkansas,Xl,Gold,Summer,4.3,1,Free Shipping,1,1,37,Cash,Weekly,0,52,promo_block,4212.0,1,0,0,0,1.0,1,1,0,0,Mid-Age (35-49),0.8644081632653061,0.558548469387755,High,Medium,0,0,0,S4,Promo-Habituated Spenders
922,70,Male,Coat,Outerwear,24.0,South Dakota,L,Silver,Summer,4.1,1,Express,1,1,18,Paypal,Weekly,0,52,promo_block,1248.0,0,1,0,0,1.0,1,1,0,0,Senior (50-70),0.7320816326530613,0.200234693877551,High,Low,1,1,3,S2,Promo-Dependent Buyers
923,63,Male,Sneakers,Footwear,60.0,Georgia,M,Cyan,Fall,4.2,1,Standard,1,1,13,Credit Card,Monthly,0,12,promo_block,720.0,0,0,0,1,1.0,1,1,0,0,Senior (50-70),0.513390956382553,0.3382244897959183,High,Low,0,1,2,S0,General Buyers
924,55,Male,Shirt,Clothing,24.0,Arkansas,M,Silver,Spring,4.2,1,2-Day Shipping,1,1,7,Paypal,Weekly,0,52,promo_block,1248.0,0,1,0,1,1.0,1,1,0,0,Senior (50-70),0.672734693877551,0.1501122448979591,High,Low,1,1,1,S2,Promo-Dependent Buyers
925,52,Male,Socks,Clothing,78.0,Kansas,Xl,Beige,Winter,3.1,1,Standard,1,1,37,Cash,Quarterly,0,4,promo_block,312.0,0,0,0,0,1.0,1,0,0,0,Senior (50-70),0.5331140456182473,0.4734234693877551,High,Medium,0,0,1,S0,General Buyers
926,22,Male,Jeans,Clothing,88.0,Arizona,L,Teal,Winter,4.9,1,Express,1,1,8,Cash,Monthly,0,12,promo_block,1056.0,1,0,0,1,1.0,1,1,1,0,Teen (18-24),0.5387787114845939,0.4772142857142857,High,Medium,1,0,1,S4,Promo-Habituated Spenders
927,54,Male,Jeans,Clothing,63.0,Massachusetts,Xl,Green,Spring,4.4,1,Express,1,1,11,Cash,Bi-Weekly,0,26,promo_block,1638.0,0,0,0,1,1.0,1,1,0,0,Senior (50-70),0.5857735094037615,0.3531454081632653,High,Low,1,0,1,S0,General Buyers
928,28,Male,Sneakers,Footwear,78.0,New Mexico,L,Black,Summer,4.4,1,Standard,1,1,8,Venmo,Bi-Weekly,0,26,promo_block,2028.0,0,0,0,1,1.0,1,1,0,0,Young Adult (25-34),0.567406162464986,0.4034642857142857,High,Low,0,1,2,S0,General Buyers
929,67,Male,Dress,Clothing,37.0,Arkansas,Xl,Yellow,Winter,3.4,1,Store Pickup,1,1,31,Cash,Every 3 Months,0,4,promo_block,148.0,0,1,0,0,1.0,1,0,0,0,Senior (50-70),0.5203793517406963,0.2814362244897959,High,Low,0,0,1,S0,General Buyers
930,59,Male,Boots,Footwear,94.0,Nebraska,M,White,Fall,4.5,1,2-Day Shipping,1,1,26,Debit Card,Fortnightly,0,26,promo_block,2444.0,1,0,0,0,1.0,1,1,1,0,Senior (50-70),0.685610244097639,0.5713010204081632,High,Medium,1,1,2,S4,Promo-Habituated Spenders
931,26,Male,T-Shirt,Clothing,78.0,Hawaii,L,Green,Fall,4.5,1,Store Pickup,1,1,20,Credit Card,Bi-Weekly,0,26,promo_block,2028.0,0,0,0,0,1.0,1,1,1,0,Young Adult (25-34),0.648875550220088,0.470688775510204,High,Medium,0,1,1,S0,General Buyers
932,24,Male,Coat,Outerwear,36.0,Nebraska,M,Silver,Winter,4.1,1,Standard,1,1,24,Bank Transfer,Fortnightly,0,26,promo_block,936.0,0,1,0,0,1.0,1,1,0,0,Teen (18-24),0.6413653461384554,0.2833469387755102,High,Low,0,0,3,S2,Promo-Dependent Buyers
933,62,Male,Skirt,Clothing,24.0,Indiana,L,Blue,Winter,3.2,1,Standard,1,1,45,Debit Card,Bi-Weekly,0,26,promo_block,624.0,0,1,1,0,1.0,1,0,0,0,Senior (50-70),0.697936774709884,0.2839897959183673,High,Low,0,1,1,S0,General Buyers
934,70,Male,Sneakers,Footwear,84.0,Colorado,M,Magenta,Spring,2.7,1,Store Pickup,1,1,33,Debit Card,Monthly,0,12,promo_block,1008.0,1,0,0,0,1.0,1,0,0,1,Senior (50-70),0.5158399359743898,0.455265306122449,High,Medium,0,1,2,S4,Promo-Habituated Spenders
935,45,Male,Jeans,Clothing,47.0,Oregon,S,Yellow,Spring,3.7,1,Express,1,1,21,Bank Transfer,Monthly,0,12,promo_block,564.0,0,0,0,0,1.0,1,0,0,0,Mid-Age (35-49),0.5223705482192877,0.2921658163265306,High,Low,1,0,1,S2,Promo-Dependent Buyers
936,58,Male,Hoodie,Clothing,51.0,Ohio,L,White,Fall,2.6,1,Store Pickup,1,1,2,Bank Transfer,Fortnightly,0,26,promo_block,1326.0,0,0,0,1,1.0,1,0,0,1,Senior (50-70),0.386671468587435,0.1467270408163265,Medium,Low,0,0,1,S2,Promo-Dependent Buyers
937,31,Male,Shoes,Footwear,84.0,Maine,M,Pink,Summer,2.7,1,Free Shipping,1,1,28,Cash,Weekly,0,52,promo_block,4368.0,1,0,0,0,1.0,1,0,0,1,Young Adult (25-34),0.6813061224489796,0.4297551020408163,High,Medium,0,0,2,S4,Promo-Habituated Spenders
938,32,Male,Shorts,Clothing,24.0,Iowa,M,Magenta,Summer,2.7,1,Express,1,1,18,Venmo,Quarterly,0,4,promo_block,96.0,0,1,0,0,1.0,1,0,0,1,Young Adult (25-34),0.3847875150060024,0.116234693877551,Medium,Low,1,1,1,S2,Promo-Dependent Buyers
939,36,Male,Blouse,Clothing,97.0,Wisconsin,S,Teal,Fall,4.8,1,Free Shipping,1,1,21,Debit Card,Fortnightly,0,26,promo_block,2522.0,1,0,0,0,1.0,1,1,1,0,Mid-Age (35-49),0.67899799919968,0.5769158163265306,High,Medium,0,1,1,S4,Promo-Habituated Spenders
940,25,Male,T-Shirt,Clothing,89.0,New York,L,Indigo,Winter,4.8,1,Next Day Air,1,1,24,Credit Card,Monthly,0,12,promo_block,1068.0,1,0,0,0,1.0,1,1,1,0,Young Adult (25-34),0.6287378951580633,0.5572219387755102,High,Medium,1,1,1,S4,Promo-Habituated Spenders
941,48,Male,Belt,Accessories,44.0,Colorado,S,Maroon,Spring,2.6,1,Store Pickup,1,1,15,Paypal,Every 3 Months,0,4,promo_block,176.0,0,0,0,0,1.0,1,0,0,1,Mid-Age (35-49),0.3584201680672269,0.1824285714285714,Medium,Low,0,1,0,S2,Promo-Dependent Buyers
942,39,Male,Handbag,Accessories,35.0,Illinois,L,Black,Winter,4.5,1,2-Day Shipping,1,1,38,Paypal,Every 3 Months,0,4,promo_block,140.0,0,1,1,0,1.0,1,1,1,0,Mid-Age (35-49),0.651236494597839,0.3744005102040816,High,Low,1,1,0,S0,General Buyers
943,26,Male,Dress,Clothing,91.0,Arizona,M,Cyan,Winter,3.2,1,Express,1,1,38,Paypal,Bi-Weekly,0,26,promo_block,2366.0,1,0,1,0,1.0,1,0,0,0,Young Adult (25-34),0.6550796318527411,0.5414005102040816,High,Medium,1,1,1,S4,Promo-Habituated Spenders
944,32,Male,Hat,Accessories,63.0,Oklahoma,L,Cyan,Winter,3.8,1,Next Day Air,1,1,13,Venmo,Fortnightly,0,26,promo_block,1638.0,0,0,0,1,1.0,1,0,0,0,Young Adult (25-34),0.5500184073629452,0.3273494897959184,High,Low,1,1,0,S0,General Buyers
945,54,Male,Belt,Accessories,97.0,Indiana,S,Gray,Spring,4.8,1,Express,1,1,39,Cash,Bi-Weekly,0,26,promo_block,2522.0,1,0,1,0,1.0,1,1,1,0,Senior (50-70),0.789202080832333,0.6687525510204081,High,High,1,0,0,S4,Promo-Habituated Spenders
946,38,Male,Boots,Footwear,38.0,Minnesota,M,Violet,Summer,4.1,1,Store Pickup,1,1,8,Venmo,Every 3 Months,0,4,promo_block,152.0,0,1,0,1,1.0,1,1,0,0,Mid-Age (35-49),0.435563025210084,0.2104642857142857,Medium,Low,0,1,2,S2,Promo-Dependent Buyers
947,46,Male,Coat,Outerwear,24.0,Pennsylvania,Xl,Blue,Spring,2.8,1,Next Day Air,1,1,4,Paypal,Quarterly,0,4,promo_block,96.0,0,1,0,1,1.0,1,0,0,1,Mid-Age (35-49),0.3070732292917166,0.0508061224489795,Medium,Low,1,1,3,S2,Promo-Dependent Buyers
948,57,Male,Blouse,Clothing,32.0,Indiana,M,Charcoal,Winter,3.9,1,Store Pickup,1,1,6,Cash,Every 3 Months,0,4,promo_block,128.0,0,1,0,1,1.0,1,0,0,0,Senior (50-70),0.4073181272509003,0.1620102040816326,Medium,Low,0,0,1,S2,Promo-Dependent Buyers
949,49,Male,Hat,Accessories,90.0,Alabama,L,Olive,Summer,4.9,1,Express,1,1,11,Venmo,Every 3 Months,0,4,promo_block,360.0,1,0,0,1,1.0,1,1,1,0,Mid-Age (35-49),0.5179303721488596,0.5012704081632653,High,Medium,1,1,0,S4,Promo-Habituated Spenders
950,33,Male,Jeans,Clothing,36.0,Montana,M,Olive,Summer,3.4,1,Standard,1,1,49,Venmo,Monthly,0,12,promo_block,432.0,0,1,1,0,1.0,1,0,0,0,Young Adult (25-34),0.6697991196478591,0.3688979591836734,High,Low,0,1,1,S0,General Buyers
951,54,Male,Backpack,Accessories,37.0,New Mexico,Xl,Turquoise,Winter,4.1,1,Free Shipping,1,1,30,Paypal,Quarterly,0,4,promo_block,148.0,0,1,0,0,1.0,1,1,0,0,Senior (50-70),0.5702569027611044,0.3183341836734694,High,Low,0,1,0,S0,General Buyers
952,47,Male,Dress,Clothing,51.0,Alaska,M,Cyan,Summer,2.9,1,Express,1,1,34,Bank Transfer,Monthly,0,12,promo_block,612.0,0,0,0,0,1.0,1,0,0,1,Mid-Age (35-49),0.5379623849539816,0.3279923469387755,High,Low,1,0,1,S0,General Buyers
953,36,Male,Hat,Accessories,71.0,Idaho,S,Red,Fall,3.1,1,2-Day Shipping,1,1,28,Paypal,Monthly,0,12,promo_block,852.0,0,0,0,0,1.0,1,0,0,0,Mid-Age (35-49),0.5172276910764306,0.3968801020408162,High,Low,1,1,0,S0,General Buyers
954,68,Male,Sunglasses,Accessories,50.0,Utah,S,Cyan,Spring,3.6,1,2-Day Shipping,1,1,36,Venmo,Quarterly,0,4,promo_block,200.0,0,0,0,0,1.0,1,0,0,0,Senior (50-70),0.5669915966386555,0.3758214285714286,High,Low,1,1,0,S0,General Buyers
955,60,Male,Hat,Accessories,74.0,Louisiana,S,Turquoise,Fall,3.5,1,Standard,1,1,18,Credit Card,Every 3 Months,0,4,promo_block,296.0,0,0,0,0,1.0,1,0,0,0,Senior (50-70),0.4487875150060024,0.382984693877551,Medium,Low,0,1,0,S0,General Buyers
956,55,Male,Dress,Clothing,75.0,Mississippi,L,Lavender,Summer,3.4,1,Free Shipping,1,1,4,Paypal,Monthly,0,12,promo_block,900.0,0,0,0,1,1.0,1,0,0,0,Senior (50-70),0.3942889155662265,0.3099311224489796,Medium,Low,0,1,1,S0,General Buyers
957,29,Male,Shirt,Clothing,99.0,Mississippi,Xl,Cyan,Spring,2.9,1,2-Day Shipping,1,1,42,Debit Card,Quarterly,0,4,promo_block,396.0,1,0,1,0,1.0,1,0,0,1,Young Adult (25-34),0.5477262905162065,0.5788086734693878,High,Medium,1,1,1,S4,Promo-Habituated Spenders
958,38,Male,Scarf,Accessories,23.0,Indiana,Xl,Violet,Spring,4.7,1,Store Pickup,1,1,11,Cash,Quarterly,0,4,promo_block,92.0,0,1,0,1,1.0,1,1,1,0,Mid-Age (35-49),0.5019303721488596,0.1961454081632653,High,Low,0,0,0,S2,Promo-Dependent Buyers
959,70,Male,Sneakers,Footwear,53.0,Washington,Xl,Beige,Winter,4.4,1,Free Shipping,1,1,31,Credit Card,Bi-Weekly,0,26,promo_block,1378.0,0,0,0,0,1.0,1,1,0,0,Senior (50-70),0.7082224889955983,0.4114362244897959,High,Low,0,1,2,S0,General Buyers
960,36,Male,Skirt,Clothing,99.0,Nevada,M,Cyan,Spring,2.6,1,Standard,1,1,12,Cash,Fortnightly,0,26,promo_block,2574.0,1,0,0,1,1.0,1,0,0,1,Mid-Age (35-49),0.4478959583833534,0.4077474489795918,Medium,Low,0,0,1,S4,Promo-Habituated Spenders
961,18,Male,Jewelry,Accessories,48.0,Louisiana,Xl,Indigo,Spring,4.4,1,Standard,1,1,20,Venmo,Quarterly,0,4,promo_block,192.0,0,0,0,0,1.0,1,1,0,0,Teen (18-24),0.5330324129651861,0.333438775510204,High,Low,0,1,0,S2,Promo-Dependent Buyers
962,62,Male,Boots,Footwear,72.0,Pennsylvania,L,Olive,Fall,3.7,1,Next Day Air,1,1,37,Debit Card,Quarterly,0,4,promo_block,288.0,0,0,0,0,1.0,1,0,0,0,Senior (50-70),0.5811140456182473,0.4831734693877551,High,Medium,1,1,2,S0,General Buyers
963,29,Male,Sunglasses,Accessories,64.0,Michigan,L,Green,Spring,4.4,1,Standard,1,1,26,Debit Card,Fortnightly,0,26,promo_block,1664.0,0,0,0,0,1.0,1,1,0,0,Young Adult (25-34),0.677610244097639,0.4340510204081632,High,Medium,0,1,0,S0,General Buyers
964,21,Male,Boots,Footwear,63.0,South Carolina,L,Green,Spring,2.5,1,2-Day Shipping,1,1,14,Credit Card,Weekly,0,52,promo_block,3276.0,0,0,0,0,1.0,1,0,0,1,Teen (18-24),0.5795918367346939,0.2544515306122449,High,Low,1,1,2,S0,General Buyers
965,42,Male,Sandals,Footwear,51.0,Arizona,M,Beige,Spring,2.6,1,Next Day Air,1,1,12,Venmo,Bi-Weekly,0,26,promo_block,1326.0,0,0,0,1,1.0,1,0,0,1,Mid-Age (35-49),0.4478959583833534,0.1977474489795918,Medium,Low,1,1,2,S2,Promo-Dependent Buyers
966,43,Male,Boots,Footwear,55.0,Delaware,L,Black,Spring,5.0,1,Store Pickup,1,1,10,Credit Card,Annually,0,1,promo_block,55.0,0,0,0,1,1.0,1,1,1,0,Mid-Age (35-49),0.5051020408163265,0.3490433673469387,High,Low,0,1,2,S2,Promo-Dependent Buyers
967,58,Male,Dress,Clothing,55.0,Kentucky,M,Brown,Spring,4.9,1,Express,1,1,19,Cash,Annually,0,1,promo_block,55.0,0,0,0,0,1.0,1,1,1,0,Senior (50-70),0.5522040816326531,0.3889617346938775,High,Low,1,0,1,S2,Promo-Dependent Buyers
968,27,Male,Hoodie,Clothing,26.0,Georgia,S,Silver,Summer,3.7,1,Store Pickup,1,1,4,Cash,Weekly,0,52,promo_block,1352.0,0,1,0,1,1.0,1,0,0,0,Young Adult (25-34),0.6143673469387756,0.1135561224489796,High,Low,0,0,1,S2,Promo-Dependent Buyers
969,57,Male,Shorts,Clothing,67.0,North Carolina,L,Gray,Summer,3.1,1,Next Day Air,1,1,48,Bank Transfer,Quarterly,0,4,promo_block,268.0,0,0,1,0,1.0,1,0,0,0,Senior (50-70),0.6004609843937574,0.4814209183673469,High,Medium,1,0,1,S0,General Buyers
970,40,Male,Coat,Outerwear,31.0,California,S,Pink,Fall,3.2,1,Express,1,1,37,Paypal,Monthly,0,12,promo_block,372.0,0,1,0,0,1.0,1,0,0,0,Mid-Age (35-49),0.5803297318927572,0.2737984693877551,High,Low,1,1,3,S0,General Buyers
971,45,Male,Jeans,Clothing,66.0,California,S,Maroon,Winter,4.4,1,Free Shipping,1,1,4,Cash,Monthly,0,12,promo_block,792.0,0,0,0,1,1.0,1,1,0,0,Mid-Age (35-49),0.4742889155662265,0.3305561224489796,High,Low,0,0,1,S0,General Buyers
972,47,Male,Sunglasses,Accessories,67.0,Indiana,M,Cyan,Summer,4.3,1,Next Day Air,1,1,15,Credit Card,Weekly,0,52,promo_block,3484.0,0,0,0,0,1.0,1,1,0,0,Mid-Age (35-49),0.7297142857142856,0.3850535714285714,High,Low,1,1,0,S0,General Buyers
973,61,Male,Sneakers,Footwear,61.0,Colorado,L,Gold,Winter,3.0,1,Standard,1,1,33,Credit Card,Weekly,0,52,promo_block,3172.0,0,0,0,0,1.0,1,0,0,0,Senior (50-70),0.7359183673469388,0.3726403061224489,High,Low,0,1,2,S0,General Buyers
974,60,Male,Jacket,Outerwear,75.0,Colorado,M,Teal,Fall,3.5,1,2-Day Shipping,1,1,30,Bank Transfer,Quarterly,0,4,promo_block,300.0,0,0,0,0,1.0,1,0,0,0,Senior (50-70),0.5222569027611045,0.4485841836734693,High,Medium,1,0,3,S0,General Buyers
975,69,Male,Skirt,Clothing,90.0,North Carolina,M,Beige,Spring,3.6,1,2-Day Shipping,1,1,23,Bank Transfer,Monthly,0,12,promo_block,1080.0,1,0,0,0,1.0,1,0,0,0,Senior (50-70),0.5266154461784713,0.4844948979591836,High,Medium,1,0,1,S4,Promo-Habituated Spenders
976,58,Male,Sweater,Clothing,40.0,Washington,M,Olive,Summer,3.8,1,2-Day Shipping,1,1,2,Bank Transfer,Weekly,0,52,promo_block,2080.0,0,0,0,1,1.0,1,0,0,0,Senior (50-70),0.6101224489795919,0.1706020408163265,High,Low,1,0,1,S2,Promo-Dependent Buyers
977,34,Male,T-Shirt,Clothing,90.0,Florida,M,Gray,Fall,3.6,1,Express,1,1,50,Credit Card,Every 3 Months,0,4,promo_block,360.0,1,0,1,0,1.0,1,0,0,0,Young Adult (25-34),0.6527058823529412,0.62225,High,High,1,1,1,S4,Promo-Habituated Spenders
978,20,Male,Belt,Accessories,20.0,Washington,M,Black,Spring,4.6,1,Express,1,1,34,Cash,Bi-Weekly,0,26,promo_block,520.0,0,1,0,0,1.0,1,1,1,0,Teen (18-24),0.7425898359343737,0.2943673469387755,High,Low,1,0,0,S0,General Buyers
979,56,Male,Gloves,Accessories,40.0,Colorado,M,Turquoise,Summer,2.5,1,Standard,1,1,33,Credit Card,Weekly,0,52,promo_block,2080.0,0,0,0,0,1.0,1,0,0,1,Senior (50-70),0.6959183673469388,0.2507653061224489,High,Low,0,1,0,S0,General Buyers
980,64,Male,Hat,Accessories,33.0,New Hampshire,S,Brown,Fall,3.5,1,Store Pickup,1,1,34,Debit Card,Monthly,0,12,promo_block,396.0,0,1,0,0,1.0,1,0,0,0,Senior (50-70),0.5859623849539817,0.2852423469387755,High,Low,0,1,0,S0,General Buyers
981,56,Male,Boots,Footwear,98.0,Maryland,S,Magenta,Spring,4.0,1,Free Shipping,1,1,39,Paypal,Every 3 Months,0,4,promo_block,392.0,1,0,1,0,1.0,1,1,0,0,Senior (50-70),0.6173589435774309,0.6251275510204081,High,High,0,1,2,S4,Promo-Habituated Spenders
982,27,Male,Belt,Accessories,42.0,Maryland,M,Silver,Spring,3.5,1,Next Day Air,1,1,47,Credit Card,Quarterly,0,4,promo_block,168.0,0,0,1,0,1.0,1,0,0,0,Young Adult (25-34),0.6263385354141657,0.3909438775510204,High,Low,1,1,0,S0,General Buyers
983,35,Male,Coat,Outerwear,62.0,Texas,S,Red,Summer,3.2,1,Standard,1,1,37,Paypal,Monthly,0,12,promo_block,744.0,0,0,0,0,1.0,1,0,0,0,Mid-Age (35-49),0.5803297318927572,0.4094234693877551,High,Low,0,1,3,S0,General Buyers
984,24,Male,Hat,Accessories,45.0,New Mexico,L,Indigo,Winter,3.5,1,Free Shipping,1,1,40,Venmo,Bi-Weekly,0,26,promo_block,1170.0,0,0,1,0,1.0,1,0,0,0,Teen (18-24),0.6913245298119248,0.3683545918367347,High,Low,0,1,0,S0,General Buyers
985,26,Male,Shoes,Footwear,78.0,Utah,M,Green,Summer,3.4,1,Free Shipping,1,1,8,Credit Card,Bi-Weekly,0,26,promo_block,2028.0,0,0,0,1,1.0,1,0,0,0,Young Adult (25-34),0.487406162464986,0.3434642857142856,High,Low,0,1,2,S0,General Buyers
986,32,Male,Handbag,Accessories,80.0,West Virginia,M,Gray,Fall,5.0,1,Express,1,1,12,Bank Transfer,Annually,0,1,promo_block,80.0,0,0,0,1,1.0,1,1,1,0,Young Adult (25-34),0.5173469387755103,0.4686224489795918,High,Medium,1,0,0,S0,General Buyers
987,54,Male,Scarf,Accessories,96.0,Connecticut,S,Peach,Spring,4.5,1,Store Pickup,1,1,36,Bank Transfer,Monthly,0,12,promo_block,1152.0,1,0,0,0,1.0,1,1,1,0,Senior (50-70),0.6782072829131653,0.6310714285714285,High,High,0,0,0,S4,Promo-Habituated Spenders
988,62,Male,Handbag,Accessories,47.0,West Virginia,M,Charcoal,Summer,2.8,1,Express,1,1,48,Paypal,Weekly,0,52,promo_block,2444.0,0,0,1,0,1.0,1,0,0,1,Senior (50-70),0.8117551020408162,0.3759209183673468,High,Low,1,1,0,S0,General Buyers
989,50,Male,Pants,Clothing,84.0,Ohio,M,Orange,Winter,4.9,1,2-Day Shipping,1,1,47,Paypal,Fortnightly,0,26,promo_block,2184.0,1,0,1,0,1.0,1,1,1,0,Senior (50-70),0.8461816726690677,0.6586938775510204,High,High,1,1,1,S4,Promo-Habituated Spenders
990,70,Male,Shoes,Footwear,31.0,Texas,M,Beige,Spring,3.1,1,Store Pickup,1,1,2,Bank Transfer,Monthly,0,12,promo_block,372.0,0,1,0,1,1.0,1,0,0,0,Senior (50-70),0.3580440176070428,0.0892270408163265,Medium,Low,0,0,2,S2,Promo-Dependent Buyers
991,48,Male,Sunglasses,Accessories,63.0,Washington,S,Yellow,Spring,4.8,1,Store Pickup,1,1,24,Cash,Weekly,0,52,promo_block,3276.0,0,0,0,0,1.0,1,1,1,0,Mid-Age (35-49),0.8248163265306123,0.4434719387755101,High,Medium,0,0,0,S0,General Buyers
992,20,Male,Shorts,Clothing,97.0,Wisconsin,Xl,White,Spring,2.7,1,Standard,1,1,40,Bank Transfer,Bi-Weekly,0,26,promo_block,2522.0,1,0,1,0,1.0,1,0,0,1,Teen (18-24),0.6273245298119248,0.5478545918367347,High,Medium,0,0,1,S4,Promo-Habituated Spenders
993,46,Male,Jacket,Outerwear,99.0,Louisiana,M,Gray,Winter,4.6,1,Express,1,1,50,Debit Card,Weekly,0,52,promo_block,5148.0,1,0,1,0,1.0,1,1,1,0,Mid-Age (35-49),0.968,0.7216250000000001,High,High,1,1,3,S4,Promo-Habituated Spenders
994,51,Male,Sandals,Footwear,90.0,Iowa,M,Peach,Winter,4.4,1,Store Pickup,1,1,25,Cash,Weekly,0,52,promo_block,4680.0,1,0,0,0,1.0,1,1,0,0,Senior (50-70),0.7989387755102041,0.5426989795918367,High,Medium,0,0,2,S4,Promo-Habituated Spenders
995,53,Male,Shoes,Footwear,68.0,New York,L,Violet,Fall,3.2,1,Express,1,1,20,Debit Card,Monthly,0,12,promo_block,816.0,0,0,0,0,1.0,1,0,0,0,Senior (50-70),0.4762480992396959,0.3489387755102041,High,Low,1,1,2,S0,General Buyers
996,44,Male,Jewelry,Accessories,80.0,Idaho,M,Magenta,Spring,3.0,1,2-Day Shipping,1,1,10,Venmo,Weekly,0,52,promo_block,4160.0,0,0,0,1,1.0,1,0,0,0,Mid-Age (35-49),0.5951020408163266,0.3384183673469387,High,Low,1,1,0,S0,General Buyers
997,29,Male,Sandals,Footwear,91.0,Delaware,L,Maroon,Summer,4.9,1,Standard,1,1,32,Bank Transfer,Quarterly,0,4,promo_block,364.0,1,0,0,0,1.0,1,1,1,0,Young Adult (25-34),0.6465018007202882,0.6127882653061225,High,High,0,0,2,S4,Promo-Habituated Spenders
998,64,Male,Pants,Clothing,30.0,Kentucky,M,Cyan,Spring,3.6,1,Express,1,1,31,Cash,Fortnightly,0,26,promo_block,780.0,0,1,0,0,1.0,1,0,0,0,Senior (50-70),0.6442224889955983,0.2628112244897959,High,Low,1,0,1,S0,General Buyers
999,51,Male,Shoes,Footwear,90.0,Connecticut,M,White,Spring,3.8,1,Next Day Air,1,1,48,Bank Transfer,Bi-Weekly,0,26,promo_block,2340.0,1,0,1,0,1.0,1,0,0,0,Senior (50-70),0.7643041216486594,0.6240459183673469,High,High,1,0,2,S4,Promo-Habituated Spenders
1000,50,Male,Socks,Clothing,28.0,New Mexico,L,Brown,Spring,2.9,1,Standard,1,1,23,Debit Card,Monthly,0,12,promo_block,336.0,0,1,0,0,1.0,1,0,0,1,Senior (50-70),0.4706154461784713,0.1712448979591836,High,Low,0,1,1,S2,Promo-Dependent Buyers
1001,43,Male,Socks,Clothing,46.0,Georgia,M,Red,Winter,3.9,1,Express,1,1,1,Bank Transfer,Bi-Weekly,0,26,promo_block,1196.0,0,0,0,1,1.0,1,0,0,0,Mid-Age (35-49),0.4845490196078431,0.1977499999999999,High,Low,1,0,1,S2,Promo-Dependent Buyers
1002,61,Male,Dress,Clothing,60.0,Washington,M,Orange,Fall,3.6,1,Standard,1,1,4,Debit Card,Fortnightly,0,26,promo_block,1560.0,0,0,0,1,1.0,1,0,0,0,Senior (50-70),0.4789163665466187,0.2563061224489795,High,Low,0,1,1,S0,General Buyers
1003,55,Male,Shoes,Footwear,59.0,North Dakota,M,White,Spring,3.5,1,Store Pickup,1,1,3,Bank Transfer,Bi-Weekly,0,26,promo_block,1534.0,0,0,0,1,1.0,1,0,0,0,Senior (50-70),0.4647939175670268,0.240829081632653,High,Low,0,0,2,S2,Promo-Dependent Buyers
1004,56,Male,Hat,Accessories,68.0,Ohio,M,Green,Fall,4.0,1,Store Pickup,1,1,3,Cash,Bi-Weekly,0,26,promo_block,1768.0,0,0,0,1,1.0,1,1,0,0,Senior (50-70),0.5047939175670269,0.310204081632653,High,Low,0,0,0,S0,General Buyers
1005,33,Male,Backpack,Accessories,79.0,Tennessee,M,Black,Summer,4.8,1,2-Day Shipping,1,1,44,Cash,Annually,0,1,promo_block,79.0,0,0,1,0,1.0,1,1,1,0,Young Adult (25-34),0.697265306122449,0.6155127551020408,High,High,1,0,0,S0,General Buyers
1006,43,Male,Backpack,Accessories,94.0,New York,M,Gold,Winter,3.9,1,Store Pickup,1,1,5,Debit Card,Bi-Weekly,0,26,promo_block,2444.0,1,0,0,1,1.0,1,0,0,0,Mid-Age (35-49),0.5090388155262104,0.4281581632653061,High,Medium,0,1,0,S4,Promo-Habituated Spenders
1007,21,Male,Pants,Clothing,83.0,Michigan,S,Lavender,Summer,4.5,1,Next Day Air,1,1,50,Venmo,Quarterly,0,4,promo_block,332.0,1,0,1,0,1.0,1,1,1,0,Teen (18-24),0.7247058823529412,0.645625,High,High,1,1,1,S4,Promo-Habituated Spenders
1008,58,Male,Gloves,Accessories,62.0,Georgia,Xl,Turquoise,Spring,4.8,1,Standard,1,1,2,Credit Card,Annually,0,1,promo_block,62.0,0,0,0,1,1.0,1,1,1,0,Senior (50-70),0.4401224489795918,0.3268520408163265,Medium,Low,0,1,0,S0,General Buyers
1009,41,Male,Scarf,Accessories,85.0,New Mexico,M,Pink,Spring,2.6,1,Store Pickup,1,1,29,Paypal,Annually,0,1,promo_block,85.0,1,0,0,0,1.0,1,0,0,1,Mid-Age (35-49),0.4294285714285714,0.4332321428571428,Medium,Medium,0,1,0,S4,Promo-Habituated Spenders
1010,39,Male,Hoodie,Clothing,30.0,Louisiana,M,Silver,Summer,3.1,1,Express,1,1,11,Venmo,Annually,0,1,promo_block,30.0,0,1,0,1,1.0,1,0,0,0,Mid-Age (35-49),0.3592244897959183,0.1307704081632653,Medium,Low,1,1,1,S2,Promo-Dependent Buyers
1011,54,Male,Jeans,Clothing,24.0,South Dakota,Xl,Gray,Spring,4.7,1,2-Day Shipping,1,1,37,Credit Card,Fortnightly,0,26,promo_block,624.0,0,1,0,0,1.0,1,1,1,0,Senior (50-70),0.7689571828731493,0.3331734693877551,High,Low,1,1,1,S0,General Buyers
1012,43,Male,Backpack,Accessories,25.0,Montana,L,Indigo,Spring,2.9,1,Next Day Air,1,1,32,Debit Card,Fortnightly,0,26,promo_block,650.0,0,1,0,0,1.0,1,0,0,1,Mid-Age (35-49),0.5943449379751901,0.2040382653061224,High,Low,1,1,0,S0,General Buyers
1013,28,Male,Sandals,Footwear,37.0,New Mexico,L,Teal,Summer,3.8,1,Express,1,1,27,Credit Card,Annually,0,1,promo_block,37.0,0,1,0,0,1.0,1,0,0,0,Young Adult (25-34),0.5131836734693878,0.2850280612244897,High,Low,1,1,2,S0,General Buyers
1014,59,Male,Belt,Accessories,69.0,South Carolina,Xl,Green,Summer,3.8,1,2-Day Shipping,1,1,31,Venmo,Bi-Weekly,0,26,promo_block,1794.0,0,0,0,0,1.0,1,0,0,0,Senior (50-70),0.6602224889955982,0.4454362244897959,High,Medium,1,1,0,S0,General Buyers
1015,28,Male,Shoes,Footwear,97.0,Ohio,M,Violet,Summer,3.0,1,Standard,1,1,36,Debit Card,Fortnightly,0,26,promo_block,2522.0,1,0,0,0,1.0,1,0,0,0,Young Adult (25-34),0.6268347338935575,0.5454464285714286,High,Medium,0,1,2,S4,Promo-Habituated Spenders
1016,68,Male,Gloves,Accessories,24.0,North Carolina,M,Cyan,Summer,4.1,1,Standard,1,1,34,Cash,Weekly,0,52,promo_block,1248.0,0,1,0,0,1.0,1,1,0,0,Senior (50-70),0.8300408163265306,0.2818673469387754,High,Low,0,0,0,S0,General Buyers
1017,20,Male,Belt,Accessories,30.0,Idaho,Xl,Blue,Summer,3.4,1,Express,1,1,15,Bank Transfer,Every 3 Months,0,4,promo_block,120.0,0,1,0,0,1.0,1,0,0,0,Teen (18-24),0.4224201680672269,0.1691785714285714,Medium,Low,1,0,0,S2,Promo-Dependent Buyers
1018,21,Male,Jacket,Outerwear,53.0,Oklahoma,L,Orange,Fall,2.5,1,Express,1,1,14,Credit Card,Annually,0,1,promo_block,53.0,0,0,0,0,1.0,1,0,0,1,Teen (18-24),0.3295918367346939,0.2107015306122449,Medium,Low,1,1,3,S2,Promo-Dependent Buyers
1019,50,Male,Dress,Clothing,70.0,Georgia,Xl,Charcoal,Spring,4.9,1,Next Day Air,1,1,46,Cash,Weekly,0,52,promo_block,3640.0,0,0,1,0,1.0,1,1,1,0,Senior (50-70),0.9675102040816328,0.5923418367346939,High,Medium,1,0,1,S0,General Buyers
1020,32,Male,Shirt,Clothing,76.0,Kentucky,S,Beige,Winter,2.8,1,Standard,1,1,33,Venmo,Bi-Weekly,0,26,promo_block,1976.0,0,0,0,0,1.0,1,0,0,1,Young Adult (25-34),0.592467386954782,0.4262653061224489,High,Low,0,1,1,S0,General Buyers
1021,24,Male,Scarf,Accessories,95.0,Delaware,M,Black,Fall,4.5,1,Express,1,1,41,Debit Card,Annually,0,1,promo_block,95.0,1,0,1,0,1.0,1,1,1,0,Teen (18-24),0.6548979591836734,0.6522066326530612,High,High,1,1,0,S4,Promo-Habituated Spenders
1022,55,Male,Coat,Outerwear,51.0,Massachusetts,S,Lavender,Winter,4.9,1,2-Day Shipping,1,1,39,Paypal,Weekly,0,52,promo_block,2652.0,0,0,1,0,1.0,1,1,1,0,Senior (50-70),0.92465306122449,0.4735025510204081,High,Medium,1,1,3,S0,General Buyers
1023,61,Male,Handbag,Accessories,41.0,Nebraska,M,Lavender,Winter,4.9,1,Store Pickup,1,1,7,Cash,Annually,0,1,promo_block,41.0,0,0,0,1,1.0,1,1,1,0,Senior (50-70),0.4787346938775511,0.2664872448979591,High,Low,0,0,0,S2,Promo-Dependent Buyers
1024,61,Male,Sunglasses,Accessories,71.0,Maine,S,Turquoise,Winter,3.5,1,Free Shipping,1,1,29,Bank Transfer,Every 3 Months,0,4,promo_block,284.0,0,0,0,0,1.0,1,0,0,0,Senior (50-70),0.5161344537815126,0.4259821428571428,High,Low,0,0,0,S0,General Buyers
1025,28,Male,T-Shirt,Clothing,66.0,Pennsylvania,M,Purple,Summer,3.5,1,Free Shipping,1,1,18,Venmo,Quarterly,0,4,promo_block,264.0,0,0,0,0,1.0,1,0,0,0,Young Adult (25-34),0.4487875150060024,0.347984693877551,Medium,Low,0,1,1,S0,General Buyers
1026,60,Male,Shirt,Clothing,84.0,Nebraska,M,Olive,Winter,4.9,1,Free Shipping,1,1,15,Credit Card,Annually,0,1,promo_block,84.0,1,0,0,0,1.0,1,1,1,0,Senior (50-70),0.5277142857142858,0.4954285714285714,High,Medium,0,1,1,S4,Promo-Habituated Spenders
1027,49,Male,Handbag,Accessories,95.0,Virginia,L,Turquoise,Winter,3.0,1,Express,1,1,39,Paypal,Bi-Weekly,0,26,promo_block,2470.0,1,0,1,0,1.0,1,0,0,0,Mid-Age (35-49),0.645202080832333,0.5520025510204082,High,Medium,1,1,0,S4,Promo-Habituated Spenders
1028,33,Male,Jewelry,Accessories,90.0,Ohio,L,Teal,Summer,2.8,1,Next Day Air,1,1,11,Cash,Monthly,0,12,promo_block,1080.0,1,0,0,1,1.0,1,0,0,1,Young Adult (25-34),0.3891460584233693,0.3752704081632653,Medium,Low,1,0,0,S4,Promo-Habituated Spenders
1029,45,Male,Hoodie,Clothing,36.0,Nebraska,S,Lavender,Summer,3.7,1,Standard,1,1,4,Cash,Fortnightly,0,26,promo_block,936.0,0,1,0,1,1.0,1,0,0,0,Mid-Age (35-49),0.4869163665466187,0.1573061224489796,High,Low,0,0,1,S2,Promo-Dependent Buyers
1030,29,Male,Gloves,Accessories,22.0,Ohio,M,Purple,Spring,3.6,1,2-Day Shipping,1,1,33,Venmo,Bi-Weekly,0,26,promo_block,572.0,0,1,0,0,1.0,1,0,0,0,Young Adult (25-34),0.6564673869547819,0.2380153061224489,High,Low,1,1,0,S0,General Buyers
1031,58,Male,Coat,Outerwear,89.0,Kentucky,L,Blue,Winter,3.3,1,Next Day Air,1,1,37,Debit Card,Quarterly,0,4,promo_block,356.0,1,0,0,0,1.0,1,0,0,0,Senior (50-70),0.5491140456182473,0.5335484693877551,High,Medium,1,1,3,S4,Promo-Habituated Spenders
1032,22,Male,Sandals,Footwear,50.0,Tennessee,M,Teal,Spring,3.4,1,Free Shipping,1,1,32,Cash,Quarterly,0,4,promo_block,200.0,0,0,0,0,1.0,1,0,0,0,Teen (18-24),0.5265018007202881,0.3434132653061224,High,Low,0,0,2,S0,General Buyers
1033,55,Male,Boots,Footwear,36.0,Maine,M,Lavender,Fall,4.0,1,Free Shipping,1,1,44,Credit Card,Quarterly,0,4,promo_block,144.0,0,1,1,0,1.0,1,1,0,0,Senior (50-70),0.6479711884753901,0.3793877551020408,High,Low,0,1,2,S0,General Buyers
1034,19,Male,Pants,Clothing,52.0,Montana,S,Silver,Spring,4.6,1,Free Shipping,1,1,41,Bank Transfer,Quarterly,0,4,promo_block,208.0,0,0,1,0,1.0,1,1,1,0,Teen (18-24),0.6776038415366146,0.4700816326530612,High,Medium,0,0,1,S0,General Buyers
1035,68,Male,Socks,Clothing,29.0,Maryland,M,Olive,Fall,4.2,1,Next Day Air,1,1,44,Bank Transfer,Weekly,0,52,promo_block,1508.0,0,1,1,0,1.0,1,1,0,0,Senior (50-70),0.899265306122449,0.3607627551020408,High,Low,1,0,1,S0,General Buyers
1036,61,Male,Blouse,Clothing,89.0,Georgia,M,Brown,Fall,2.8,1,Express,1,1,32,Venmo,Annually,0,1,promo_block,89.0,1,0,0,0,1.0,1,0,0,1,Senior (50-70),0.4637959183673469,0.4780382653061225,High,Medium,1,1,1,S4,Promo-Habituated Spenders
1037,68,Male,Handbag,Accessories,47.0,Hawaii,M,Yellow,Fall,3.7,1,2-Day Shipping,1,1,13,Bank Transfer,Monthly,0,12,promo_block,564.0,0,0,0,1,1.0,1,0,0,0,Senior (50-70),0.4733909563825531,0.2513494897959183,High,Low,1,0,0,S2,Promo-Dependent Buyers
1038,52,Male,Jewelry,Accessories,25.0,Rhode Island,Xl,Brown,Spring,3.4,1,Standard,1,1,48,Debit Card,Quarterly,0,4,promo_block,100.0,0,1,1,0,1.0,1,0,0,0,Senior (50-70),0.6244609843937573,0.3156709183673469,High,Low,0,1,0,S0,General Buyers
1039,41,Male,Pants,Clothing,74.0,Nebraska,Xl,Cyan,Fall,3.0,1,Express,1,1,3,Bank Transfer,Weekly,0,52,promo_block,3848.0,0,0,0,1,1.0,1,0,0,0,Mid-Age (35-49),0.5522448979591836,0.276454081632653,High,Low,1,0,1,S0,General Buyers
1040,29,Male,Belt,Accessories,46.0,Michigan,M,Magenta,Fall,4.8,1,Standard,1,1,39,Venmo,Monthly,0,12,promo_block,552.0,0,0,1,0,1.0,1,1,1,0,Young Adult (25-34),0.7205746298519409,0.4456275510204082,High,Medium,0,1,0,S0,General Buyers
1041,68,Male,Jeans,Clothing,22.0,North Carolina,S,Magenta,Fall,4.0,1,Next Day Air,1,1,7,Cash,Fortnightly,0,26,promo_block,572.0,0,1,0,1,1.0,1,1,0,0,Senior (50-70),0.5292837134853942,0.1293622448979591,High,Low,1,0,1,S2,Promo-Dependent Buyers
1042,36,Male,Shirt,Clothing,25.0,Minnesota,M,Orange,Summer,4.9,1,Next Day Air,1,1,11,Cash,Fortnightly,0,26,promo_block,650.0,0,1,0,1,1.0,1,1,1,0,Mid-Age (35-49),0.6257735094037615,0.2168954081632653,High,Low,1,0,1,S2,Promo-Dependent Buyers
1043,55,Male,Belt,Accessories,80.0,Maryland,M,Maroon,Spring,4.9,1,Next Day Air,1,1,47,Credit Card,Weekly,0,52,promo_block,4160.0,0,0,1,0,1.0,1,1,1,0,Senior (50-70),0.9736326530612246,0.6411938775510204,High,High,1,1,0,S0,General Buyers
1044,28,Male,Jeans,Clothing,76.0,Hawaii,M,Green,Spring,3.3,1,2-Day Shipping,1,1,28,Debit Card,Fortnightly,0,26,promo_block,1976.0,0,0,0,0,1.0,1,0,0,0,Young Adult (25-34),0.6018551420568227,0.4307551020408163,High,Medium,1,1,1,S0,General Buyers
1045,39,Male,Jeans,Clothing,30.0,Oregon,L,Teal,Summer,4.4,1,Next Day Air,1,1,17,Bank Transfer,Every 3 Months,0,4,promo_block,120.0,0,1,0,0,1.0,1,1,0,0,Mid-Age (35-49),0.5146650660264106,0.2393826530612245,High,Low,1,0,1,S2,Promo-Dependent Buyers
1046,54,Male,Sweater,Clothing,79.0,New Mexico,L,Black,Fall,3.5,1,2-Day Shipping,1,1,11,Paypal,Bi-Weekly,0,26,promo_block,2054.0,0,0,0,1,1.0,1,0,0,0,Senior (50-70),0.5137735094037615,0.3691454081632653,High,Low,1,1,1,S0,General Buyers
1047,40,Male,Sneakers,Footwear,22.0,Illinois,M,Magenta,Winter,4.2,1,Standard,1,1,12,Venmo,Annually,0,1,promo_block,22.0,0,1,0,1,1.0,1,1,0,0,Mid-Age (35-49),0.4533469387755102,0.1668724489795918,Medium,Low,0,1,2,S2,Promo-Dependent Buyers
1048,31,Male,Socks,Clothing,36.0,Utah,S,Olive,Fall,4.2,1,Standard,1,1,7,Credit Card,Fortnightly,0,26,promo_block,936.0,0,1,0,1,1.0,1,1,0,0,Young Adult (25-34),0.5452837134853942,0.2026122448979591,High,Low,0,1,1,S2,Promo-Dependent Buyers
1049,30,Male,Socks,Clothing,77.0,Maine,L,Yellow,Fall,2.7,1,Standard,1,1,19,Venmo,Fortnightly,0,26,promo_block,2002.0,0,0,0,0,1.0,1,0,0,1,Young Adult (25-34),0.4987531012404962,0.3532117346938775,High,Low,0,1,1,S0,General Buyers
1050,45,Male,Sunglasses,Accessories,33.0,Virginia,S,Purple,Fall,2.8,1,Store Pickup,1,1,24,Cash,Quarterly,0,4,promo_block,132.0,0,1,0,0,1.0,1,0,0,1,Mid-Age (35-49),0.4295222088835534,0.1922219387755102,Medium,Low,0,0,0,S2,Promo-Dependent Buyers
1051,48,Male,Sneakers,Footwear,64.0,Florida,M,Beige,Winter,3.8,1,Next Day Air,1,1,19,Venmo,Monthly,0,12,promo_block,768.0,0,0,0,0,1.0,1,0,0,0,Mid-Age (35-49),0.518125650260104,0.3623367346938775,High,Low,1,1,2,S0,General Buyers
1052,45,Male,Socks,Clothing,53.0,Ohio,M,Indigo,Fall,2.6,1,Free Shipping,1,1,39,Paypal,Annually,0,1,promo_block,53.0,0,0,1,0,1.0,1,0,0,1,Mid-Age (35-49),0.4906530612244898,0.3442525510204081,High,Low,0,1,1,S0,General Buyers
1053,60,Male,Shoes,Footwear,36.0,Virginia,Xl,Pink,Fall,3.0,1,2-Day Shipping,1,1,1,Credit Card,Fortnightly,0,26,promo_block,936.0,0,1,0,1,1.0,1,0,0,0,Senior (50-70),0.4125490196078432,0.0999999999999999,Medium,Low,1,1,2,S2,Promo-Dependent Buyers
1054,59,Male,Blouse,Clothing,70.0,Kansas,M,Blue,Spring,3.3,0,2-Day Shipping,1,1,10,Debit Card,Bi-Weekly,0,26,organic_block,1820.0,0,0,0,1,1.0,1,0,0,0,Senior (50-70),0.2416510604241696,0.3126683673469387,Low,Low,1,1,1,S0,General Buyers
1055,18,Male,Shorts,Clothing,96.0,Arkansas,L,Cyan,Winter,4.9,0,Express,1,1,48,Paypal,Quarterly,0,4,organic_block,384.0,1,0,1,0,1.0,1,1,1,0,Teen (18-24),0.4944609843937575,0.7162959183673469,High,High,1,1,1,S4,Promo-Habituated Spenders
1056,70,Male,Jacket,Outerwear,27.0,Massachusetts,M,Orange,Spring,3.3,0,Next Day Air,1,1,24,Debit Card,Annually,0,1,organic_block,27.0,0,1,0,0,1.0,1,0,0,0,Senior (50-70),0.2048163265306122,0.1959719387755102,Low,Low,1,1,3,S2,Promo-Dependent Buyers
1057,20,Male,Sweater,Clothing,64.0,Idaho,L,Black,Winter,2.9,0,2-Day Shipping,1,1,42,Venmo,Fortnightly,0,26,organic_block,1664.0,0,0,1,0,1.0,1,0,0,1,Teen (18-24),0.4055694277711084,0.4256836734693878,Medium,Low,1,1,1,S0,General Buyers
1058,65,Male,Jacket,Outerwear,23.0,Wisconsin,S,Maroon,Spring,4.4,0,2-Day Shipping,1,1,20,Credit Card,Weekly,0,52,organic_block,1196.0,0,1,0,0,1.0,1,1,0,0,Senior (50-70),0.5183265306122449,0.2240637755102041,High,Low,1,1,3,S2,Promo-Dependent Buyers
1059,29,Male,Scarf,Accessories,33.0,New Mexico,L,Violet,Summer,3.1,0,Next Day Air,1,1,49,Bank Transfer,Every 3 Months,0,4,organic_block,132.0,0,1,1,0,1.0,1,0,0,0,Young Adult (25-34),0.3565834333733493,0.3377729591836734,Medium,Low,1,0,0,S0,General Buyers
1060,22,Male,Jacket,Outerwear,34.0,North Carolina,M,Beige,Winter,2.5,0,Standard,1,1,25,Debit Card,Monthly,0,12,organic_block,408.0,0,1,0,0,1.0,1,0,0,1,Teen (18-24),0.200860344137655,0.1836989795918367,Low,Low,0,1,3,S0,General Buyers
1061,27,Male,Sweater,Clothing,35.0,Iowa,S,Gray,Summer,2.6,0,Next Day Air,1,1,21,Debit Card,Every 3 Months,0,4,organic_block,140.0,0,1,0,0,1.0,1,0,0,1,Young Adult (25-34),0.1451548619447779,0.1736658163265306,Low,Low,1,1,1,S2,Promo-Dependent Buyers
1062,36,Male,Coat,Outerwear,62.0,Idaho,M,Gray,Summer,4.4,0,Free Shipping,1,1,12,Venmo,Every 3 Months,0,4,organic_block,248.0,0,0,0,1,1.0,1,1,0,0,Mid-Age (35-49),0.2340528211284514,0.3538724489795918,Low,Low,0,1,3,S0,General Buyers
1063,59,Male,Boots,Footwear,75.0,Ohio,M,Brown,Fall,2.6,0,Next Day Air,1,1,21,Debit Card,Every 3 Months,0,4,organic_block,300.0,0,0,0,0,1.0,1,0,0,1,Senior (50-70),0.1451548619447779,0.3486658163265306,Low,Low,1,1,2,S0,General Buyers
1064,62,Male,Hoodie,Clothing,29.0,Alabama,S,Indigo,Summer,3.3,0,Free Shipping,1,1,35,Cash,Monthly,0,12,organic_block,348.0,0,1,0,0,1.0,1,0,0,0,Senior (50-70),0.3260848339335734,0.260844387755102,Medium,Low,0,0,1,S0,General Buyers
1065,34,Male,Hat,Accessories,28.0,Wyoming,M,Violet,Spring,3.5,0,Express,1,1,42,Credit Card,Every 3 Months,0,4,organic_block,112.0,0,1,1,0,1.0,1,0,0,0,Young Adult (25-34),0.3457262905162065,0.3041836734693878,Medium,Low,1,1,0,S0,General Buyers
1066,59,Male,T-Shirt,Clothing,20.0,Alabama,Xl,Blue,Spring,4.1,0,Store Pickup,1,1,3,Paypal,Every 3 Months,0,4,organic_block,80.0,0,1,0,1,1.0,1,1,0,0,Senior (50-70),0.1549507803121248,0.106204081632653,Low,Low,0,1,1,S2,Promo-Dependent Buyers
1067,49,Male,Coat,Outerwear,96.0,Mississippi,M,Red,Winter,4.0,0,Store Pickup,1,1,11,Paypal,Bi-Weekly,0,26,organic_block,2496.0,1,0,0,1,1.0,1,1,0,0,Mid-Age (35-49),0.3037735094037614,0.4735204081632652,Medium,Medium,0,1,3,S4,Promo-Habituated Spenders
1068,18,Male,Dress,Clothing,43.0,Pennsylvania,S,Peach,Summer,2.7,0,2-Day Shipping,1,1,22,Paypal,Quarterly,0,4,organic_block,172.0,0,0,0,0,1.0,1,0,0,1,Teen (18-24),0.1592773109243697,0.2197678571428571,Low,Low,1,1,1,S2,Promo-Dependent Buyers
1069,55,Male,Shirt,Clothing,94.0,Wyoming,M,Olive,Fall,2.5,0,Standard,1,1,47,Credit Card,Weekly,0,52,organic_block,4888.0,1,0,1,0,1.0,1,0,0,1,Senior (50-70),0.5316326530612245,0.5584438775510204,High,Medium,0,1,1,S4,Promo-Habituated Spenders
1070,38,Male,Skirt,Clothing,81.0,Maryland,Xl,White,Fall,4.3,0,Next Day Air,1,1,33,Venmo,Every 3 Months,0,4,organic_block,324.0,1,0,0,0,1.0,1,1,0,0,Mid-Age (35-49),0.3546242496998799,0.5381403061224489,Medium,Medium,1,1,1,S4,Promo-Habituated Spenders
1071,50,Male,Jewelry,Accessories,75.0,North Carolina,M,Magenta,Summer,3.3,0,Free Shipping,1,1,50,Debit Card,Weekly,0,52,organic_block,3900.0,0,0,1,0,1.0,1,0,0,0,Senior (50-70),0.614,0.538625,High,Medium,0,1,0,S0,General Buyers
1072,61,Male,Hat,Accessories,81.0,Pennsylvania,M,Beige,Summer,2.6,0,Express,1,1,46,Credit Card,Monthly,0,12,organic_block,972.0,1,0,1,0,1.0,1,0,0,1,Senior (50-70),0.3374317727090836,0.5024668367346938,Medium,Medium,1,1,0,S4,Promo-Habituated Spenders
1073,48,Male,Shorts,Clothing,92.0,Idaho,L,Gold,Fall,3.8,0,Express,1,1,34,Debit Card,Fortnightly,1,26,organic_block,2392.0,1,0,0,0,1.0,1,0,0,0,Mid-Age (35-49),0.4285898359343737,0.5613673469387754,Medium,Medium,1,1,1,S4,Promo-Habituated Spenders
1074,22,Male,Scarf,Accessories,96.0,California,Xl,Purple,Spring,4.0,0,Store Pickup,1,1,33,Credit Card,Monthly,0,12,organic_block,1152.0,1,0,0,0,1.0,1,1,0,0,Teen (18-24),0.3698399359743897,0.5857653061224489,Medium,Medium,0,1,0,S4,Promo-Habituated Spenders
1075,48,Male,Jewelry,Accessories,71.0,Tennessee,S,White,Fall,2.6,0,Standard,1,1,45,Bank Transfer,Fortnightly,0,26,organic_block,1846.0,0,0,1,0,1.0,1,0,0,1,Mid-Age (35-49),0.399936774709884,0.4536147959183673,Medium,Medium,0,0,0,S0,General Buyers
1076,57,Male,Sunglasses,Accessories,50.0,Missouri,L,Indigo,Summer,4.9,0,Next Day Air,1,1,32,Debit Card,Bi-Weekly,0,26,organic_block,1300.0,0,0,0,0,1.0,1,1,1,0,Senior (50-70),0.5043449379751901,0.4334132653061224,High,Medium,1,1,0,S0,General Buyers
1077,33,Male,Coat,Outerwear,72.0,North Dakota,L,Charcoal,Spring,2.9,0,Standard,1,1,47,Venmo,Bi-Weekly,0,26,organic_block,1872.0,0,0,1,0,1.0,1,0,0,1,Young Adult (25-34),0.4361816726690676,0.4861938775510204,Medium,Medium,0,1,3,S0,General Buyers
1078,58,Male,Jacket,Outerwear,28.0,West Virginia,M,Pink,Winter,3.7,0,Standard,1,1,5,Paypal,Quarterly,0,4,organic_block,112.0,0,1,0,1,1.0,1,0,0,0,Senior (50-70),0.1351956782713085,0.1274081632653061,Low,Low,0,1,3,S2,Promo-Dependent Buyers
1079,37,Male,Sweater,Clothing,59.0,Arizona,M,Silver,Fall,4.4,0,Express,1,1,49,Credit Card,Fortnightly,0,26,organic_block,1534.0,0,0,1,0,1.0,1,1,0,0,Mid-Age (35-49),0.5684265706282513,0.5295229591836734,High,Medium,1,1,1,S0,General Buyers
1080,18,Male,Coat,Outerwear,33.0,Oklahoma,S,Blue,Summer,4.4,0,Free Shipping,1,1,48,Bank Transfer,Monthly,0,12,organic_block,396.0,0,1,1,0,1.0,1,1,0,0,Teen (18-24),0.4936766706682672,0.4106709183673469,High,Low,0,0,3,S0,General Buyers
1081,65,Male,Scarf,Accessories,59.0,Pennsylvania,L,Blue,Fall,3.8,0,Express,1,1,22,Cash,Every 3 Months,0,4,organic_block,236.0,0,0,0,0,1.0,1,0,0,0,Senior (50-70),0.2472773109243697,0.3557678571428571,Low,Low,1,0,0,S2,Promo-Dependent Buyers
1082,62,Male,Belt,Accessories,30.0,Idaho,Xl,Brown,Spring,4.5,0,Standard,1,1,45,Credit Card,Annually,0,1,organic_block,30.0,0,1,1,0,1.0,1,1,1,0,Senior (50-70),0.4293877551020408,0.3882397959183673,Medium,Low,0,1,0,S0,General Buyers
1083,54,Male,Hat,Accessories,85.0,South Carolina,Xl,Cyan,Winter,2.6,0,Next Day Air,1,1,30,Venmo,Quarterly,0,4,organic_block,340.0,1,0,0,0,1.0,1,0,0,1,Senior (50-70),0.2002569027611044,0.4383341836734694,Low,Medium,1,1,0,S4,Promo-Habituated Spenders
1084,35,Male,Backpack,Accessories,97.0,Washington,L,Teal,Summer,3.3,0,Store Pickup,1,1,43,Cash,Weekly,0,52,organic_block,5044.0,1,0,1,0,1.0,1,0,0,0,Mid-Age (35-49),0.5711428571428571,0.5991607142857143,High,High,0,0,0,S4,Promo-Habituated Spenders
1085,34,Male,T-Shirt,Clothing,36.0,Arkansas,S,Purple,Fall,4.1,0,Next Day Air,1,1,48,Cash,Quarterly,0,4,organic_block,144.0,0,1,1,0,1.0,1,1,0,0,Young Adult (25-34),0.4304609843937574,0.4057959183673469,Medium,Low,1,0,1,S0,General Buyers
1086,25,Male,Jewelry,Accessories,85.0,Utah,M,Turquoise,Winter,3.0,0,Store Pickup,1,1,23,Venmo,Fortnightly,0,26,organic_block,2210.0,1,0,0,0,1.0,1,0,0,0,Young Adult (25-34),0.2972428971588635,0.4266198979591836,Low,Low,0,1,0,S4,Promo-Habituated Spenders
1087,53,Male,Sunglasses,Accessories,62.0,Alaska,M,Olive,Winter,3.0,0,Free Shipping,1,1,27,Paypal,Bi-Weekly,0,26,organic_block,1612.0,0,0,0,0,1.0,1,0,0,0,Senior (50-70),0.3217326930772308,0.3464030612244898,Medium,Low,0,1,0,S0,General Buyers
1088,45,Male,Jeans,Clothing,71.0,West Virginia,S,White,Winter,3.4,0,Next Day Air,1,1,7,Bank Transfer,Monthly,0,12,organic_block,852.0,0,0,0,1,1.0,1,0,0,0,Mid-Age (35-49),0.1626562625050019,0.3077372448979591,Low,Low,1,0,1,S0,General Buyers
1089,49,Male,Pants,Clothing,21.0,Louisiana,M,Turquoise,Winter,2.7,0,Free Shipping,1,1,2,Paypal,Weekly,0,52,organic_block,1092.0,0,1,0,1,1.0,1,0,0,1,Mid-Age (35-49),0.2721224489795918,0.0214770408163265,Low,Low,0,1,1,S2,Promo-Dependent Buyers
1090,40,Male,Backpack,Accessories,61.0,Arizona,M,Silver,Spring,3.8,0,Next Day Air,1,1,33,Paypal,Bi-Weekly,0,26,organic_block,1586.0,0,0,0,0,1.0,1,0,0,0,Mid-Age (35-49),0.4224673869547818,0.4206403061224489,Medium,Low,1,1,0,S0,General Buyers
1091,38,Male,Scarf,Accessories,58.0,Connecticut,M,Violet,Spring,4.2,0,Store Pickup,1,1,27,Cash,Fortnightly,0,26,organic_block,1508.0,0,0,0,0,1.0,1,1,0,0,Mid-Age (35-49),0.4177326930772309,0.4009030612244898,Medium,Low,0,0,0,S0,General Buyers
1092,44,Male,Sweater,Clothing,80.0,North Carolina,L,Lavender,Spring,4.7,0,Store Pickup,1,1,6,Credit Card,Fortnightly,0,26,organic_block,2080.0,0,0,0,1,1.0,1,1,1,0,Mid-Age (35-49),0.3291612645058023,0.4200102040816326,Medium,Low,0,1,1,S0,General Buyers
1093,68,Male,Jewelry,Accessories,50.0,South Dakota,L,Magenta,Spring,4.1,0,2-Day Shipping,1,1,20,Venmo,Quarterly,0,4,organic_block,200.0,0,0,0,0,1.0,1,1,0,0,Senior (50-70),0.259032412965186,0.324188775510204,Low,Low,1,1,0,S2,Promo-Dependent Buyers
1094,60,Male,Sneakers,Footwear,48.0,Delaware,S,Indigo,Winter,4.2,0,2-Day Shipping,1,1,46,Venmo,Every 3 Months,0,4,organic_block,192.0,0,0,1,0,1.0,1,1,0,0,Senior (50-70),0.4262160864345738,0.4540918367346939,Medium,Medium,1,1,2,S0,General Buyers
1095,25,Male,Jewelry,Accessories,40.0,Connecticut,M,Black,Winter,4.8,0,Next Day Air,1,1,25,Cash,Quarterly,0,4,organic_block,160.0,0,0,0,0,1.0,1,1,1,0,Young Adult (25-34),0.3456446578631452,0.3479489795918367,Medium,Low,1,0,0,S0,General Buyers
1096,19,Male,Coat,Outerwear,34.0,Tennessee,S,Peach,Summer,3.0,0,Free Shipping,1,1,30,Bank Transfer,Quarterly,0,4,organic_block,136.0,0,1,0,0,1.0,1,0,0,0,Teen (18-24),0.2322569027611044,0.2392091836734693,Low,Low,0,0,3,S0,General Buyers
1097,57,Male,Coat,Outerwear,46.0,New Hampshire,S,Beige,Fall,2.6,0,Standard,1,1,48,Credit Card,Annually,0,1,organic_block,46.0,0,0,1,0,1.0,1,0,0,1,Senior (50-70),0.2957551020408163,0.3595459183673469,Low,Low,0,1,3,S0,General Buyers
1098,58,Male,Sunglasses,Accessories,27.0,Vermont,M,Black,Summer,3.2,0,Store Pickup,1,1,47,Bank Transfer,Weekly,0,52,organic_block,1404.0,0,1,1,0,1.0,1,0,0,0,Senior (50-70),0.5876326530612246,0.3073188775510204,High,Low,0,0,0,S0,General Buyers
1099,49,Male,Handbag,Accessories,98.0,Idaho,S,Turquoise,Spring,3.6,0,Next Day Air,1,1,27,Credit Card,Weekly,0,52,organic_block,5096.0,1,0,0,0,1.0,1,0,0,0,Mid-Age (35-49),0.4971836734693878,0.5399030612244897,High,Medium,1,1,0,S4,Promo-Habituated Spenders
1100,19,Male,Sweater,Clothing,73.0,North Carolina,M,Peach,Fall,2.6,0,Next Day Air,1,1,45,Bank Transfer,Fortnightly,0,26,organic_block,1898.0,0,0,1,0,1.0,1,0,0,1,Teen (18-24),0.399936774709884,0.4623647959183673,Medium,Medium,1,0,1,S0,General Buyers
1101,50,Male,Pants,Clothing,28.0,Nevada,L,Gold,Spring,4.4,0,Express,1,1,2,Credit Card,Weekly,0,52,organic_block,1456.0,0,1,0,1,1.0,1,1,0,0,Senior (50-70),0.4081224489795919,0.1541020408163265,Medium,Low,1,1,1,S2,Promo-Dependent Buyers
1102,30,Male,Gloves,Accessories,76.0,Delaware,Xl,Silver,Fall,3.0,0,Free Shipping,1,1,39,Cash,Fortnightly,0,26,organic_block,1976.0,0,0,1,0,1.0,1,0,0,0,Young Adult (25-34),0.3952020808323329,0.4688775510204082,Medium,Medium,0,0,0,S0,General Buyers
1103,52,Male,Sweater,Clothing,83.0,Texas,M,Peach,Fall,2.9,0,Express,1,1,24,Cash,Fortnightly,0,26,organic_block,2158.0,1,0,0,0,1.0,1,0,0,1,Senior (50-70),0.2953653461384553,0.4169719387755102,Low,Low,1,0,1,S4,Promo-Habituated Spenders
1104,35,Male,Hoodie,Clothing,23.0,Tennessee,S,Charcoal,Spring,4.3,0,Free Shipping,1,1,8,Debit Card,Bi-Weekly,0,26,organic_block,598.0,0,1,0,1,1.0,1,1,0,0,Mid-Age (35-49),0.309406162464986,0.1568392857142857,Medium,Low,0,1,1,S2,Promo-Dependent Buyers
1105,35,Male,Hat,Accessories,28.0,Delaware,M,Beige,Fall,3.1,0,Express,1,1,8,Bank Transfer,Quarterly,0,4,organic_block,112.0,0,1,0,1,1.0,1,0,0,0,Mid-Age (35-49),0.105563025210084,0.1067142857142857,Low,Low,1,0,0,S2,Promo-Dependent Buyers
1106,33,Male,T-Shirt,Clothing,83.0,Massachusetts,S,Olive,Spring,3.0,0,Next Day Air,1,1,6,Venmo,Every 3 Months,0,4,organic_block,332.0,1,0,0,1,1.0,1,0,0,0,Young Adult (25-34),0.0853181272509003,0.3311352040816326,Low,Low,1,1,1,S4,Promo-Habituated Spenders
1107,52,Male,Skirt,Clothing,96.0,Minnesota,L,Violet,Winter,3.6,0,Store Pickup,1,1,12,Venmo,Fortnightly,0,26,organic_block,2496.0,1,0,0,1,1.0,1,0,0,0,Senior (50-70),0.2778959583833533,0.4546224489795918,Low,Medium,0,1,1,S4,Promo-Habituated Spenders
1108,69,Male,Sneakers,Footwear,62.0,Texas,M,Peach,Fall,2.8,0,Store Pickup,1,1,26,Bank Transfer,Weekly,0,52,organic_block,3224.0,0,0,0,0,1.0,1,0,0,1,Senior (50-70),0.4270612244897959,0.3293010204081632,Medium,Low,0,0,2,S0,General Buyers
1109,27,Male,Shorts,Clothing,25.0,Nebraska,M,Teal,Fall,2.8,0,Standard,1,1,50,Cash,Fortnightly,0,26,organic_block,650.0,0,1,1,0,1.0,1,0,0,1,Young Adult (25-34),0.4465490196078431,0.289875,Medium,Low,0,0,1,S0,General Buyers
1110,66,Male,Hoodie,Clothing,97.0,Oklahoma,L,Violet,Winter,3.8,0,Next Day Air,1,1,2,Venmo,Weekly,1,52,organic_block,5044.0,1,0,0,1,1.0,1,0,0,0,Senior (50-70),0.3601224489795918,0.4199770408163265,Medium,Low,1,1,1,S4,Promo-Habituated Spenders
1111,28,Male,Hoodie,Clothing,61.0,Texas,L,Cyan,Fall,3.0,0,Standard,1,1,31,Cash,Bi-Weekly,0,26,organic_block,1586.0,0,0,0,0,1.0,1,0,0,0,Young Adult (25-34),0.3462224889955982,0.3624362244897959,Medium,Low,0,0,1,S0,General Buyers
1112,22,Male,Shoes,Footwear,66.0,New York,S,Olive,Summer,4.1,0,Next Day Air,1,1,4,Credit Card,Bi-Weekly,0,26,organic_block,1716.0,0,0,0,1,1.0,1,1,0,0,Teen (18-24),0.2689163665466186,0.3125561224489795,Low,Low,1,1,2,S0,General Buyers
1113,69,Male,Hoodie,Clothing,67.0,Washington,Xl,Pink,Spring,4.6,0,Free Shipping,1,1,32,Paypal,Quarterly,0,4,organic_block,268.0,0,0,0,0,1.0,1,1,1,0,Senior (50-70),0.3725018007202881,0.4897882653061224,Medium,Medium,0,1,1,S0,General Buyers
1114,28,Male,Sunglasses,Accessories,80.0,Maryland,M,Purple,Summer,4.8,0,Next Day Air,1,1,11,Paypal,Bi-Weekly,0,26,organic_block,2080.0,0,0,0,1,1.0,1,1,1,0,Young Adult (25-34),0.3677735094037615,0.4515204081632652,Medium,Medium,1,1,0,S0,General Buyers
1115,55,Male,Skirt,Clothing,25.0,New Hampshire,L,Violet,Fall,2.6,0,Next Day Air,1,1,47,Bank Transfer,Every 3 Months,0,4,organic_block,100.0,0,1,1,0,1.0,1,0,0,1,Senior (50-70),0.3043385354141656,0.2625688775510204,Medium,Low,1,0,1,S0,General Buyers
1116,30,Male,Hat,Accessories,58.0,New York,S,Peach,Fall,4.0,0,2-Day Shipping,1,1,37,Cash,Weekly,0,52,organic_block,3016.0,0,0,0,0,1.0,1,1,0,0,Young Adult (25-34),0.5904081632653061,0.439923469387755,High,Medium,1,0,0,S0,General Buyers
1117,67,Male,Backpack,Accessories,96.0,Hawaii,M,Charcoal,Winter,4.2,0,Express,1,1,39,Paypal,Fortnightly,0,26,organic_block,2496.0,1,0,1,0,1.0,1,1,0,0,Senior (50-70),0.4912020808323329,0.628377551020408,High,High,1,1,0,S4,Promo-Habituated Spenders
1118,25,Male,Sunglasses,Accessories,77.0,California,L,Lavender,Spring,4.5,0,Store Pickup,1,1,24,Credit Card,Monthly,0,12,organic_block,924.0,0,0,0,0,1.0,1,1,1,0,Young Adult (25-34),0.3547378951580632,0.4867219387755102,Medium,Medium,0,1,0,S0,General Buyers
1119,49,Male,Belt,Accessories,65.0,Indiana,M,Purple,Summer,4.9,0,Standard,1,1,11,Paypal,Every 3 Months,0,4,organic_block,260.0,0,0,0,1,1.0,1,1,1,0,Mid-Age (35-49),0.2679303721488596,0.3918954081632653,Low,Low,0,1,0,S0,General Buyers
1120,34,Male,Jewelry,Accessories,36.0,Louisiana,M,Indigo,Spring,3.1,0,Standard,1,1,36,Credit Card,Weekly,0,52,organic_block,1872.0,0,1,0,0,1.0,1,0,0,0,Young Adult (25-34),0.5122857142857143,0.2845714285714286,High,Low,0,1,0,S0,General Buyers
1121,22,Male,Sneakers,Footwear,84.0,Pennsylvania,M,Magenta,Winter,4.0,0,Next Day Air,1,1,40,Debit Card,Monthly,0,12,organic_block,1008.0,1,0,1,0,1.0,1,1,0,0,Teen (18-24),0.4126970788315326,0.5689795918367346,Medium,Medium,1,1,2,S4,Promo-Habituated Spenders
1122,63,Male,T-Shirt,Clothing,58.0,Florida,Xl,Peach,Fall,3.2,0,Express,1,1,25,Cash,Quarterly,0,4,organic_block,232.0,0,0,0,0,1.0,1,0,0,0,Senior (50-70),0.2176446578631452,0.3306989795918367,Low,Low,1,0,1,S0,General Buyers
1123,70,Male,Handbag,Accessories,62.0,North Carolina,S,Charcoal,Spring,4.3,0,2-Day Shipping,1,1,12,Credit Card,Annually,0,1,organic_block,62.0,0,0,0,1,1.0,1,1,0,0,Senior (50-70),0.2113469387755102,0.3478724489795918,Low,Low,1,1,0,S0,General Buyers
1124,36,Male,Hat,Accessories,67.0,Massachusetts,S,Purple,Fall,2.5,0,Store Pickup,1,1,38,Cash,Monthly,0,12,organic_block,804.0,0,0,1,0,1.0,1,0,0,1,Mid-Age (35-49),0.2804521808723489,0.3944005102040816,Low,Low,0,0,0,S0,General Buyers
1125,42,Male,Sweater,Clothing,20.0,Iowa,M,Orange,Spring,3.8,0,Express,1,1,40,Cash,Quarterly,1,4,organic_block,80.0,0,1,1,0,1.0,1,0,0,0,Mid-Age (35-49),0.3574813925570227,0.2769795918367347,Medium,Low,1,0,1,S0,General Buyers
1126,27,Male,Sandals,Footwear,90.0,North Dakota,M,Lavender,Summer,2.7,0,2-Day Shipping,1,1,10,Bank Transfer,Weekly,0,52,organic_block,4680.0,1,0,0,1,1.0,1,0,0,1,Young Adult (25-34),0.3211020408163265,0.3641683673469387,Medium,Low,1,0,2,S4,Promo-Habituated Spenders
1127,23,Male,Scarf,Accessories,58.0,Iowa,L,Beige,Winter,3.4,0,Standard,1,1,47,Venmo,Fortnightly,0,26,organic_block,1508.0,0,0,1,0,1.0,1,0,0,0,Teen (18-24),0.4761816726690676,0.4549438775510204,High,Medium,0,1,0,S0,General Buyers
1128,50,Male,Shirt,Clothing,53.0,Delaware,Xl,Maroon,Spring,4.8,0,Store Pickup,1,1,22,Debit Card,Monthly,0,12,organic_block,636.0,0,0,0,0,1.0,1,1,1,0,Senior (50-70),0.3664929971988795,0.3895178571428571,Medium,Low,0,1,1,S2,Promo-Dependent Buyers
1129,56,Male,Gloves,Accessories,30.0,New York,L,Charcoal,Winter,4.7,0,Next Day Air,1,1,35,Debit Card,Monthly,0,12,organic_block,360.0,0,1,0,0,1.0,1,1,1,0,Senior (50-70),0.4380848339335734,0.349219387755102,Medium,Low,1,1,0,S0,General Buyers
1130,37,Male,Hoodie,Clothing,65.0,New Hampshire,Xl,White,Winter,4.7,0,Express,1,1,46,Venmo,Fortnightly,0,26,organic_block,1690.0,0,0,1,0,1.0,1,1,1,0,Mid-Age (35-49),0.5740592236894758,0.5584668367346939,High,Medium,1,1,1,S0,General Buyers
1131,67,Male,Jewelry,Accessories,41.0,Kentucky,M,Lavender,Summer,3.9,0,Standard,1,1,30,Paypal,Bi-Weekly,0,26,organic_block,1066.0,0,0,0,0,1.0,1,0,0,0,Senior (50-70),0.4121000400160063,0.3238341836734694,Medium,Low,0,1,0,S0,General Buyers
1132,67,Male,Shirt,Clothing,73.0,Illinois,M,Black,Spring,3.7,0,Express,1,1,20,Bank Transfer,Monthly,0,12,organic_block,876.0,0,0,0,0,1.0,1,0,0,0,Senior (50-70),0.2662480992396959,0.4008137755102041,Low,Low,1,0,1,S0,General Buyers
1133,50,Male,Hoodie,Clothing,98.0,North Carolina,S,Teal,Spring,4.3,0,Store Pickup,1,1,25,Cash,Fortnightly,0,26,organic_block,2548.0,1,0,0,0,1.0,1,1,0,0,Senior (50-70),0.4134877951180472,0.5716989795918367,Medium,Medium,0,0,1,S4,Promo-Habituated Spenders
1134,36,Male,Shoes,Footwear,36.0,Connecticut,Xl,Magenta,Winter,4.1,0,2-Day Shipping,1,1,29,Cash,Weekly,0,52,organic_block,1872.0,0,1,0,0,1.0,1,1,0,0,Mid-Age (35-49),0.5494285714285714,0.3088571428571428,High,Low,1,0,2,S0,General Buyers
1135,62,Male,T-Shirt,Clothing,81.0,Wisconsin,M,Brown,Summer,3.8,0,Express,1,1,2,Venmo,Every 3 Months,1,4,organic_block,324.0,1,0,0,1,1.0,1,0,0,0,Senior (50-70),0.1248283313325329,0.3499770408163265,Low,Low,1,1,1,S4,Promo-Habituated Spenders
1136,65,Male,Skirt,Clothing,90.0,Massachusetts,L,Peach,Winter,3.6,0,2-Day Shipping,1,1,32,Bank Transfer,Quarterly,0,4,organic_block,360.0,1,0,0,0,1.0,1,0,0,0,Senior (50-70),0.2925018007202881,0.5304132653061224,Low,Medium,1,0,1,S4,Promo-Habituated Spenders
1137,23,Male,Handbag,Accessories,83.0,Illinois,S,Cyan,Summer,4.8,0,Free Shipping,1,1,37,Cash,Monthly,0,12,organic_block,996.0,1,0,0,0,1.0,1,1,1,0,Teen (18-24),0.4583297318927571,0.5972984693877551,High,Medium,0,0,0,S4,Promo-Habituated Spenders
1138,46,Male,Shirt,Clothing,91.0,New Mexico,Xl,Pink,Winter,2.8,0,2-Day Shipping,1,1,16,Bank Transfer,Every 3 Months,0,4,organic_block,364.0,1,0,0,0,1.0,1,0,0,1,Mid-Age (35-49),0.1305426170468187,0.4051556122448979,Low,Low,1,0,1,S4,Promo-Habituated Spenders
1139,18,Male,Pants,Clothing,36.0,Iowa,M,Purple,Summer,4.7,0,Express,1,1,32,Venmo,Fortnightly,0,26,organic_block,936.0,0,1,0,0,1.0,1,1,1,0,Teen (18-24),0.4883449379751901,0.3601632653061224,High,Low,1,1,1,S0,General Buyers
1140,58,Male,Coat,Outerwear,53.0,Alabama,L,Purple,Spring,3.9,0,Standard,1,1,42,Debit Card,Bi-Weekly,0,26,organic_block,1378.0,0,0,1,0,1.0,1,0,0,0,Senior (50-70),0.4855694277711084,0.4375586734693877,High,Medium,0,1,3,S0,General Buyers
1141,31,Male,Jeans,Clothing,39.0,Maryland,M,White,Winter,2.6,0,Store Pickup,1,1,6,Credit Card,Every 3 Months,0,4,organic_block,156.0,0,1,0,1,1.0,1,0,0,1,Young Adult (25-34),0.0533181272509003,0.1146352040816326,Low,Low,0,1,1,S2,Promo-Dependent Buyers
1142,39,Male,Gloves,Accessories,33.0,Ohio,S,Silver,Winter,4.7,0,Next Day Air,1,1,23,Paypal,Fortnightly,0,26,organic_block,858.0,0,1,0,0,1.0,1,1,1,0,Mid-Age (35-49),0.4332428971588636,0.3011198979591837,Medium,Low,1,1,0,S2,Promo-Dependent Buyers
1143,69,Male,T-Shirt,Clothing,76.0,Ohio,L,Green,Spring,3.5,0,Store Pickup,1,1,27,Venmo,Bi-Weekly,0,26,organic_block,1976.0,0,0,0,0,1.0,1,0,0,0,Senior (50-70),0.3617326930772309,0.4376530612244897,Medium,Medium,0,1,1,S0,General Buyers
1144,68,Male,Boots,Footwear,23.0,Nevada,L,Teal,Winter,4.4,0,Standard,1,1,43,Paypal,Quarterly,0,4,organic_block,92.0,0,1,1,0,1.0,1,1,0,0,Senior (50-70),0.4238487394957983,0.3414107142857143,Medium,Low,0,1,2,S0,General Buyers
1145,41,Male,Jeans,Clothing,54.0,South Carolina,S,Indigo,Fall,4.4,0,2-Day Shipping,1,1,25,Bank Transfer,Fortnightly,0,26,organic_block,1404.0,0,0,0,0,1.0,1,1,0,0,Mid-Age (35-49),0.4214877951180472,0.3851989795918367,Medium,Low,1,0,1,S0,General Buyers
1146,31,Male,Sneakers,Footwear,89.0,Nevada,L,Pink,Summer,3.0,0,Express,1,1,30,Cash,Every 3 Months,0,4,organic_block,356.0,1,0,0,0,1.0,1,0,0,0,Young Adult (25-34),0.2322569027611044,0.4798341836734694,Low,Medium,1,0,2,S4,Promo-Habituated Spenders
1147,48,Male,Sneakers,Footwear,38.0,Wisconsin,M,Indigo,Summer,4.2,0,Standard,1,1,7,Bank Transfer,Every 3 Months,0,4,organic_block,152.0,0,1,0,1,1.0,1,1,0,0,Mid-Age (35-49),0.1874405762304922,0.2113622448979591,Low,Low,0,0,2,S2,Promo-Dependent Buyers
1148,59,Male,Hat,Accessories,36.0,Tennessee,Xl,Red,Winter,4.3,0,Next Day Air,1,1,17,Debit Card,Annually,0,1,organic_block,36.0,0,1,0,0,1.0,1,1,0,0,Senior (50-70),0.2419591836734693,0.2596326530612244,Low,Low,1,1,0,S2,Promo-Dependent Buyers
1149,34,Male,Pants,Clothing,66.0,Florida,M,Violet,Spring,2.6,0,Store Pickup,1,1,10,Paypal,Fortnightly,0,26,organic_block,1716.0,0,0,0,1,1.0,1,0,0,1,Young Adult (25-34),0.1856510604241696,0.2531683673469387,Low,Low,0,1,1,S0,General Buyers
1150,21,Male,Jewelry,Accessories,42.0,Georgia,L,Cyan,Spring,3.3,0,Store Pickup,1,1,40,Venmo,Annually,0,1,organic_block,42.0,0,0,1,0,1.0,1,0,0,0,Teen (18-24),0.3027755102040816,0.3432295918367347,Low,Low,0,1,0,S0,General Buyers
1151,29,Male,Jewelry,Accessories,36.0,Kentucky,S,Red,Winter,2.7,0,Next Day Air,1,1,50,Venmo,Bi-Weekly,0,26,organic_block,936.0,0,1,1,0,1.0,1,0,0,1,Young Adult (25-34),0.4385490196078431,0.332,Medium,Low,1,1,0,S0,General Buyers
1152,41,Male,Blouse,Clothing,86.0,Ohio,M,Gray,Spring,3.8,0,Express,1,1,24,Credit Card,Weekly,1,52,organic_block,4472.0,1,0,0,0,1.0,1,0,0,0,Mid-Age (35-49),0.4948163265306122,0.4840969387755102,High,Medium,1,1,1,S4,Promo-Habituated Spenders
1153,62,Male,Handbag,Accessories,49.0,Connecticut,M,Gold,Fall,4.0,0,Standard,1,1,8,Paypal,Every 3 Months,0,4,organic_block,196.0,0,0,0,1,1.0,1,1,0,0,Senior (50-70),0.177563025210084,0.2525892857142857,Low,Low,0,1,0,S2,Promo-Dependent Buyers
1154,27,Male,Shirt,Clothing,41.0,Idaho,M,Pink,Summer,4.0,0,Free Shipping,1,1,6,Bank Transfer,Quarterly,0,4,organic_block,164.0,0,0,0,1,1.0,1,1,0,0,Young Adult (25-34),0.1653181272509003,0.2073852040816326,Low,Low,0,0,1,S2,Promo-Dependent Buyers
1155,49,Male,Dress,Clothing,82.0,Georgia,L,Cyan,Spring,2.9,0,2-Day Shipping,1,1,44,Credit Card,Bi-Weekly,0,26,organic_block,2132.0,1,0,1,0,1.0,1,0,0,1,Mid-Age (35-49),0.4178143257302921,0.5146377551020408,Medium,Medium,1,1,1,S4,Promo-Habituated Spenders
1156,67,Male,T-Shirt,Clothing,53.0,Tennessee,S,Red,Fall,2.6,0,Express,1,1,47,Paypal,Quarterly,0,4,organic_block,212.0,0,0,1,0,1.0,1,0,0,1,Senior (50-70),0.3043385354141656,0.3850688775510203,Medium,Low,1,1,1,S0,General Buyers
1157,20,Male,Shoes,Footwear,21.0,Hawaii,M,Gold,Summer,4.8,0,Express,1,1,6,Venmo,Every 3 Months,0,4,organic_block,84.0,0,1,0,1,1.0,1,1,1,0,Teen (18-24),0.2293181272509003,0.1678852040816326,Low,Low,1,1,2,S2,Promo-Dependent Buyers
1158,37,Male,Belt,Accessories,66.0,Maryland,M,Charcoal,Fall,4.4,0,Standard,1,1,11,Cash,Quarterly,0,4,organic_block,264.0,0,0,0,1,1.0,1,1,0,0,Mid-Age (35-49),0.2279303721488595,0.3662704081632653,Low,Low,0,0,0,S0,General Buyers
1159,69,Male,Belt,Accessories,89.0,Nevada,L,Orange,Summer,4.0,0,2-Day Shipping,1,1,41,Bank Transfer,Annually,0,1,organic_block,89.0,1,0,1,0,1.0,1,1,0,0,Senior (50-70),0.3648979591836734,0.5959566326530612,Medium,Medium,1,0,0,S4,Promo-Habituated Spenders
1160,66,Male,Handbag,Accessories,55.0,New Hampshire,L,Blue,Fall,3.6,0,2-Day Shipping,1,1,46,Venmo,Every 3 Months,0,4,organic_block,220.0,0,0,1,0,1.0,1,0,0,0,Senior (50-70),0.3782160864345738,0.4487168367346938,Medium,Medium,1,1,0,S0,General Buyers
1161,37,Male,Scarf,Accessories,42.0,North Dakota,S,Blue,Summer,3.2,0,Next Day Air,1,1,9,Venmo,Bi-Weekly,0,26,organic_block,1092.0,0,0,0,1,1.0,1,0,0,0,Mid-Age (35-49),0.2275286114445778,0.1790663265306122,Low,Low,1,1,0,S2,Promo-Dependent Buyers
1162,63,Male,Shorts,Clothing,52.0,Oklahoma,S,Orange,Fall,3.1,0,2-Day Shipping,1,1,37,Paypal,Monthly,0,12,organic_block,624.0,0,0,0,0,1.0,1,0,0,0,Senior (50-70),0.3223297318927571,0.3596734693877551,Medium,Low,1,1,1,S0,General Buyers
1163,47,Male,Sandals,Footwear,92.0,North Carolina,M,Blue,Winter,4.2,0,Express,1,1,13,Paypal,Weekly,0,52,organic_block,4784.0,1,0,0,1,1.0,1,1,0,0,Mid-Age (35-49),0.459469387755102,0.4782244897959183,High,Medium,1,1,2,S4,Promo-Habituated Spenders
1164,26,Male,Pants,Clothing,56.0,Tennessee,L,White,Summer,3.0,0,2-Day Shipping,1,1,24,Debit Card,Monthly,0,12,organic_block,672.0,0,0,0,0,1.0,1,0,0,0,Young Adult (25-34),0.2347378951580632,0.3048469387755101,Low,Low,1,1,1,S2,Promo-Dependent Buyers
1165,68,Male,Dress,Clothing,96.0,Montana,M,Green,Winter,4.2,0,Standard,1,1,47,Paypal,Quarterly,0,4,organic_block,384.0,1,0,1,0,1.0,1,1,0,0,Senior (50-70),0.4323385354141656,0.6691938775510203,Medium,High,0,1,1,S4,Promo-Habituated Spenders
1166,51,Male,T-Shirt,Clothing,64.0,Wisconsin,M,Silver,Winter,2.9,0,Next Day Air,1,1,21,Venmo,Every 3 Months,0,4,organic_block,256.0,0,0,0,0,1.0,1,0,0,1,Senior (50-70),0.1691548619447779,0.3185408163265306,Low,Low,1,1,1,S0,General Buyers
1167,48,Male,Dress,Clothing,48.0,Connecticut,S,Lavender,Winter,3.7,0,Store Pickup,1,1,22,Venmo,Fortnightly,0,26,organic_block,1248.0,0,0,0,0,1.0,1,0,0,0,Mid-Age (35-49),0.3471204481792717,0.3016428571428571,Medium,Low,0,1,1,S2,Promo-Dependent Buyers
1168,60,Male,Socks,Clothing,83.0,New Jersey,Xl,Beige,Summer,3.6,0,Free Shipping,1,1,16,Paypal,Quarterly,0,4,organic_block,332.0,1,0,0,0,1.0,1,0,0,0,Senior (50-70),0.1945426170468187,0.4181556122448979,Low,Low,0,1,1,S4,Promo-Habituated Spenders
1169,68,Male,Scarf,Accessories,91.0,Mississippi,L,Violet,Summer,3.6,0,Standard,1,1,37,Debit Card,Fortnightly,0,26,organic_block,2366.0,1,0,0,0,1.0,1,0,0,0,Senior (50-70),0.4309571828731492,0.5602984693877551,Medium,Medium,0,1,0,S4,Promo-Habituated Spenders
1170,25,Male,Backpack,Accessories,94.0,Wyoming,S,Gray,Fall,4.5,0,2-Day Shipping,1,1,3,Cash,Annually,0,1,organic_block,94.0,1,0,0,1,1.0,1,1,1,0,Young Adult (25-34),0.1722448979591837,0.453954081632653,Low,Medium,1,0,0,S4,Promo-Habituated Spenders
1171,57,Male,Skirt,Clothing,62.0,Illinois,S,Red,Spring,3.2,0,Express,1,1,33,Cash,Bi-Weekly,0,26,organic_block,1612.0,0,0,0,0,1.0,1,0,0,0,Senior (50-70),0.3744673869547819,0.3890153061224489,Medium,Low,1,0,1,S0,General Buyers
1172,41,Male,Socks,Clothing,55.0,Louisiana,M,Lavender,Spring,3.9,0,Next Day Air,1,1,15,Debit Card,Annually,0,1,organic_block,55.0,0,0,0,0,1.0,1,0,0,0,Mid-Age (35-49),0.1977142857142856,0.3085535714285714,Low,Low,1,1,1,S2,Promo-Dependent Buyers
1173,59,Male,Coat,Outerwear,68.0,Oregon,L,Peach,Spring,4.6,0,Store Pickup,1,1,42,Bank Transfer,Bi-Weekly,0,26,organic_block,1768.0,0,0,1,0,1.0,1,1,1,0,Senior (50-70),0.5415694277711085,0.5451836734693878,High,Medium,0,0,3,S0,General Buyers
1174,44,Male,Jewelry,Accessories,76.0,South Dakota,M,Indigo,Winter,2.5,0,Express,1,1,42,Cash,Bi-Weekly,0,26,organic_block,1976.0,0,0,1,0,1.0,1,0,0,1,Mid-Age (35-49),0.3735694277711084,0.4541836734693877,Medium,Medium,1,0,0,S0,General Buyers
1175,42,Male,Backpack,Accessories,31.0,Michigan,M,Black,Winter,4.3,0,Express,1,1,19,Bank Transfer,Bi-Weekly,0,26,organic_block,806.0,0,1,0,0,1.0,1,1,0,0,Mid-Age (35-49),0.3767531012404962,0.2479617346938775,Medium,Low,1,0,0,S2,Promo-Dependent Buyers
1176,35,Male,Belt,Accessories,81.0,New Jersey,M,Beige,Spring,4.1,0,Store Pickup,1,1,26,Paypal,Quarterly,0,4,organic_block,324.0,1,0,0,0,1.0,1,1,0,0,Mid-Age (35-49),0.2957671068427371,0.4904260204081632,Low,Medium,0,1,0,S4,Promo-Habituated Spenders
1177,36,Male,Dress,Clothing,83.0,Oregon,M,Red,Winter,3.8,0,Free Shipping,1,1,39,Paypal,Quarterly,1,4,organic_block,332.0,1,0,1,0,1.0,1,0,0,0,Mid-Age (35-49),0.3513589435774309,0.5475025510204081,Medium,Medium,0,1,1,S4,Promo-Habituated Spenders
1178,54,Male,Skirt,Clothing,21.0,Iowa,M,Black,Spring,4.8,0,Standard,1,1,24,Debit Card,Monthly,0,12,organic_block,252.0,0,1,0,0,1.0,1,1,1,0,Senior (50-70),0.3787378951580632,0.2597219387755102,Medium,Low,0,1,1,S2,Promo-Dependent Buyers
1179,37,Male,Dress,Clothing,22.0,South Carolina,M,Teal,Spring,4.9,0,Express,1,1,23,Debit Card,Annually,0,1,organic_block,22.0,0,1,0,0,1.0,1,1,1,0,Mid-Age (35-49),0.3266938775510205,0.2649948979591837,Medium,Low,1,1,1,S2,Promo-Dependent Buyers
1180,20,Male,T-Shirt,Clothing,33.0,Indiana,M,Blue,Summer,2.8,0,Free Shipping,1,1,44,Bank Transfer,Annually,0,1,organic_block,33.0,0,1,1,0,1.0,1,0,0,1,Teen (18-24),0.2872653061224489,0.2942627551020408,Low,Low,0,0,1,S0,General Buyers
1181,23,Male,Skirt,Clothing,23.0,Oregon,S,Beige,Spring,4.9,0,Standard,1,1,34,Cash,Monthly,0,12,organic_block,276.0,0,1,0,0,1.0,1,1,1,0,Teen (18-24),0.4479623849539816,0.3254923469387755,Medium,Low,0,0,1,S0,General Buyers
1182,61,Male,Shorts,Clothing,96.0,New York,L,Teal,Summer,3.5,0,Free Shipping,1,1,43,Bank Transfer,Quarterly,0,4,organic_block,384.0,1,0,1,0,1.0,1,0,0,0,Senior (50-70),0.3518487394957983,0.6067857142857143,Medium,High,0,0,1,S4,Promo-Habituated Spenders
1183,37,Male,Jewelry,Accessories,21.0,New Mexico,M,Maroon,Spring,3.8,0,Express,1,1,45,Paypal,Quarterly,0,4,organic_block,84.0,0,1,1,0,1.0,1,0,0,0,Mid-Age (35-49),0.388093637454982,0.3068647959183673,Medium,Low,1,1,0,S0,General Buyers
1184,23,Male,Pants,Clothing,39.0,Louisiana,M,Yellow,Spring,4.5,0,2-Day Shipping,1,1,4,Credit Card,Weekly,0,52,organic_block,2028.0,0,1,0,1,1.0,1,1,1,0,Teen (18-24),0.4283673469387755,0.2184311224489795,Medium,Low,1,1,1,S2,Promo-Dependent Buyers
1185,63,Male,Belt,Accessories,73.0,South Carolina,S,Indigo,Fall,3.4,0,Express,1,1,19,Credit Card,Annually,0,1,organic_block,73.0,0,0,0,0,1.0,1,0,0,0,Senior (50-70),0.182204081632653,0.3777117346938775,Low,Low,1,1,0,S0,General Buyers
1186,47,Male,Jeans,Clothing,64.0,Maine,M,Magenta,Spring,3.9,0,Standard,1,1,29,Credit Card,Monthly,0,12,organic_block,768.0,0,0,0,0,1.0,1,0,0,0,Mid-Age (35-49),0.3373501400560224,0.4193571428571429,Medium,Low,0,1,1,S0,General Buyers
1187,63,Male,Jeans,Clothing,68.0,Indiana,M,Beige,Summer,4.1,0,2-Day Shipping,1,1,27,Credit Card,Annually,0,1,organic_block,68.0,0,0,0,0,1.0,1,1,0,0,Senior (50-70),0.2871836734693877,0.4386530612244897,Low,Medium,1,1,1,S0,General Buyers
1188,56,Male,Hat,Accessories,89.0,Iowa,L,Maroon,Fall,3.0,0,Express,1,1,37,Credit Card,Every 3 Months,0,4,organic_block,356.0,1,0,0,0,1.0,1,0,0,0,Senior (50-70),0.2751140456182473,0.5155484693877551,Low,Medium,1,1,0,S4,Promo-Habituated Spenders
1189,68,Male,Blouse,Clothing,29.0,Mississippi,M,Magenta,Summer,3.3,0,Next Day Air,1,1,11,Credit Card,Weekly,0,52,organic_block,1508.0,0,1,0,1,1.0,1,0,0,0,Senior (50-70),0.3752244897959184,0.1383954081632653,Medium,Low,1,1,1,S2,Promo-Dependent Buyers
1190,64,Male,Shirt,Clothing,97.0,Arkansas,Xl,Teal,Summer,3.8,0,Free Shipping,1,1,28,Debit Card,Annually,1,1,organic_block,97.0,1,0,0,0,1.0,1,0,0,0,Senior (50-70),0.2693061224489795,0.5526301020408163,Low,Medium,0,1,1,S4,Promo-Habituated Spenders
1191,62,Male,Shirt,Clothing,45.0,South Carolina,M,Orange,Winter,4.3,0,Next Day Air,1,1,31,Credit Card,Weekly,0,52,organic_block,2340.0,0,0,0,0,1.0,1,1,0,0,Senior (50-70),0.5776734693877551,0.3704362244897959,High,Low,1,1,1,S0,General Buyers
1192,34,Male,T-Shirt,Clothing,70.0,Indiana,L,Charcoal,Winter,4.1,0,Free Shipping,1,1,50,Venmo,Quarterly,0,4,organic_block,280.0,0,0,1,0,1.0,1,1,0,0,Young Adult (25-34),0.4427058823529411,0.56475,Medium,Medium,0,1,1,S0,General Buyers
1193,49,Male,Coat,Outerwear,56.0,Florida,M,Turquoise,Summer,4.0,0,2-Day Shipping,1,1,42,Venmo,Quarterly,0,4,organic_block,224.0,0,0,1,0,1.0,1,1,0,0,Mid-Age (35-49),0.3857262905162065,0.4566836734693877,Medium,Medium,1,1,3,S0,General Buyers
1194,40,Male,Jacket,Outerwear,55.0,Alaska,L,Pink,Fall,5.0,0,2-Day Shipping,1,1,18,Credit Card,Fortnightly,0,26,organic_block,1430.0,0,0,0,0,1.0,1,1,1,0,Mid-Age (35-49),0.4266306522609043,0.389859693877551,Medium,Low,1,1,3,S2,Promo-Dependent Buyers
1195,50,Male,Hoodie,Clothing,46.0,New York,S,Teal,Winter,3.1,0,2-Day Shipping,1,1,6,Credit Card,Fortnightly,0,26,organic_block,1196.0,0,0,0,1,1.0,1,0,0,0,Senior (50-70),0.2011612645058023,0.1752602040816326,Low,Low,1,1,1,S2,Promo-Dependent Buyers
1196,25,Male,Scarf,Accessories,95.0,Texas,M,White,Winter,4.0,0,2-Day Shipping,1,1,33,Venmo,Monthly,0,12,organic_block,1140.0,1,0,0,0,1.0,1,1,0,0,Young Adult (25-34),0.3698399359743897,0.5813903061224489,Medium,Medium,1,1,0,S4,Promo-Habituated Spenders
1197,30,Male,Belt,Accessories,88.0,North Dakota,M,Maroon,Winter,3.2,0,2-Day Shipping,1,1,13,Bank Transfer,Bi-Weekly,0,26,organic_block,2288.0,1,0,0,1,1.0,1,0,0,0,Young Adult (25-34),0.2520184073629452,0.4007244897959183,Low,Low,1,0,0,S4,Promo-Habituated Spenders
1198,54,Male,Sneakers,Footwear,92.0,Vermont,L,Violet,Fall,3.9,0,Standard,1,1,26,Paypal,Annually,0,1,organic_block,92.0,1,0,0,0,1.0,1,0,0,0,Senior (50-70),0.2650612244897959,0.5265510204081633,Low,Medium,0,1,2,S4,Promo-Habituated Spenders
1199,40,Male,Socks,Clothing,49.0,New Jersey,M,Brown,Summer,3.9,0,2-Day Shipping,1,1,17,Cash,Annually,0,1,organic_block,49.0,0,0,0,0,1.0,1,0,0,0,Mid-Age (35-49),0.2099591836734693,0.2925076530612245,Low,Low,1,0,1,S2,Promo-Dependent Buyers
1200,49,Male,Sandals,Footwear,89.0,Maryland,M,Indigo,Fall,4.5,0,Free Shipping,1,1,3,Debit Card,Weekly,0,52,organic_block,4628.0,1,0,0,1,1.0,1,1,1,0,Mid-Age (35-49),0.4222448979591837,0.4320790816326531,Medium,Medium,0,1,2,S4,Promo-Habituated Spenders
1201,27,Male,Coat,Outerwear,22.0,Connecticut,Xl,Black,Winter,4.4,0,Store Pickup,1,1,7,Paypal,Weekly,0,52,organic_block,1144.0,0,1,0,1,1.0,1,1,0,0,Young Adult (25-34),0.438734693877551,0.1533622448979592,Medium,Low,0,1,3,S2,Promo-Dependent Buyers
1202,27,Male,Shoes,Footwear,61.0,Illinois,Xl,Black,Summer,3.1,0,2-Day Shipping,1,1,46,Venmo,Fortnightly,0,26,organic_block,1586.0,0,0,1,0,1.0,1,0,0,0,Young Adult (25-34),0.4460592236894758,0.4449668367346938,Medium,Medium,1,1,2,S0,General Buyers
1203,48,Male,Scarf,Accessories,29.0,Maryland,S,Olive,Spring,2.9,0,Standard,1,1,14,Venmo,Every 3 Months,0,4,organic_block,116.0,0,1,0,0,1.0,1,0,0,1,Mid-Age (35-49),0.126297719087635,0.1297015306122449,Low,Low,0,1,0,S2,Promo-Dependent Buyers
1204,40,Male,Sneakers,Footwear,82.0,Minnesota,M,Orange,Winter,3.7,0,Free Shipping,1,1,23,Bank Transfer,Annually,0,1,organic_block,82.0,1,0,0,0,1.0,1,0,0,0,Mid-Age (35-49),0.2306938775510204,0.4554948979591837,Low,Medium,0,0,2,S4,Promo-Habituated Spenders
1205,67,Male,Belt,Accessories,94.0,Florida,M,Pink,Spring,3.2,0,2-Day Shipping,1,1,20,Credit Card,Every 3 Months,0,4,organic_block,376.0,1,0,0,0,1.0,1,0,0,0,Senior (50-70),0.187032412965186,0.462688775510204,Low,Medium,1,1,0,S4,Promo-Habituated Spenders
1206,52,Male,Handbag,Accessories,99.0,California,M,Olive,Spring,3.5,0,Standard,1,1,38,Bank Transfer,Fortnightly,0,26,organic_block,2574.0,1,0,1,0,1.0,1,0,0,0,Senior (50-70),0.429079631852741,0.5944005102040817,Medium,Medium,0,0,0,S4,Promo-Habituated Spenders
1207,22,Male,Handbag,Accessories,59.0,Mississippi,S,Cyan,Fall,3.0,0,Free Shipping,1,1,16,Venmo,Every 3 Months,0,4,organic_block,236.0,0,0,0,0,1.0,1,0,0,0,Teen (18-24),0.1465426170468187,0.2771556122448979,Low,Low,0,1,0,S2,Promo-Dependent Buyers
1208,62,Male,Boots,Footwear,90.0,Washington,M,White,Summer,4.1,0,Next Day Air,1,1,48,Credit Card,Every 3 Months,0,4,organic_block,360.0,1,0,1,0,1.0,1,1,0,0,Senior (50-70),0.4304609843937574,0.6420459183673469,Medium,High,1,1,2,S4,Promo-Habituated Spenders
1209,20,Male,Boots,Footwear,100.0,Wisconsin,S,Red,Winter,3.8,0,2-Day Shipping,1,1,8,Debit Card,Annually,1,1,organic_block,100.0,1,0,0,1,1.0,1,0,0,0,Teen (18-24),0.1468571428571428,0.4637142857142856,Low,Medium,1,1,2,S4,Promo-Habituated Spenders
1210,41,Male,Pants,Clothing,62.0,Pennsylvania,M,Blue,Winter,3.8,0,Next Day Air,1,1,16,Bank Transfer,Monthly,0,12,organic_block,744.0,0,0,0,0,1.0,1,0,0,0,Mid-Age (35-49),0.2497583033213285,0.3382806122448979,Low,Low,1,0,1,S0,General Buyers
1211,34,Male,Sunglasses,Accessories,78.0,Missouri,M,Olive,Fall,4.1,0,Next Day Air,1,1,5,Cash,Quarterly,0,4,organic_block,312.0,0,0,0,1,1.0,1,1,0,0,Young Adult (25-34),0.1671956782713085,0.3701581632653061,Low,Low,1,0,0,S0,General Buyers
1212,23,Male,Hoodie,Clothing,94.0,Oklahoma,M,Green,Spring,4.6,0,Store Pickup,1,1,14,Venmo,Every 3 Months,0,4,organic_block,376.0,1,0,0,0,1.0,1,1,1,0,Teen (18-24),0.262297719087635,0.5160765306122449,Low,Medium,0,1,1,S4,Promo-Habituated Spenders
1213,32,Male,Shoes,Footwear,74.0,Pennsylvania,M,Yellow,Summer,2.5,0,Free Shipping,1,1,18,Credit Card,Weekly,0,52,organic_block,3848.0,0,0,0,0,1.0,1,0,0,1,Young Adult (25-34),0.3540816326530612,0.322984693877551,Medium,Low,0,1,2,S0,General Buyers
1214,68,Male,Handbag,Accessories,52.0,Kentucky,Xl,Black,Spring,3.7,0,Express,1,1,14,Debit Card,Every 3 Months,0,4,organic_block,208.0,0,0,0,0,1.0,1,0,0,0,Senior (50-70),0.1902977190876351,0.2783265306122449,Low,Low,1,1,0,S2,Promo-Dependent Buyers
1215,30,Male,Jacket,Outerwear,81.0,Vermont,M,Blue,Fall,3.8,0,Free Shipping,1,1,5,Cash,Every 3 Months,0,4,organic_block,324.0,1,0,0,1,1.0,1,0,0,0,Young Adult (25-34),0.1431956782713085,0.3652831632653061,Low,Low,0,0,3,S4,Promo-Habituated Spenders
1216,66,Male,Blouse,Clothing,20.0,Oregon,L,Pink,Winter,2.6,0,2-Day Shipping,1,1,15,Credit Card,Every 3 Months,0,4,organic_block,80.0,0,1,0,0,1.0,1,0,0,1,Senior (50-70),0.1084201680672268,0.0774285714285714,Low,Low,1,1,1,S2,Promo-Dependent Buyers
1217,62,Male,Pants,Clothing,32.0,Utah,Xl,Lavender,Summer,3.7,0,Free Shipping,1,1,3,Venmo,Every 3 Months,0,4,organic_block,128.0,0,1,0,1,1.0,1,0,0,0,Senior (50-70),0.1229507803121248,0.134704081632653,Low,Low,0,1,1,S2,Promo-Dependent Buyers
1218,50,Male,Boots,Footwear,63.0,Nebraska,Xl,Cyan,Fall,2.6,0,Free Shipping,1,1,12,Cash,Every 3 Months,0,4,organic_block,252.0,0,0,0,1,1.0,1,0,0,1,Senior (50-70),0.0900528211284514,0.2502474489795918,Low,Low,0,0,2,S0,General Buyers
1219,55,Male,Boots,Footwear,79.0,Pennsylvania,M,Cyan,Spring,3.1,0,Store Pickup,1,1,43,Cash,Every 3 Months,0,4,organic_block,316.0,0,0,1,0,1.0,1,0,0,0,Senior (50-70),0.3198487394957983,0.5084107142857143,Medium,Medium,0,0,2,S0,General Buyers
1220,19,Male,Sweater,Clothing,23.0,Vermont,M,Gold,Winter,2.5,0,Next Day Air,1,1,35,Credit Card,Bi-Weekly,0,26,organic_block,598.0,0,1,0,0,1.0,1,0,0,1,Teen (18-24),0.3307122849139656,0.186594387755102,Medium,Low,1,1,1,S0,General Buyers
1221,67,Male,Gloves,Accessories,64.0,Kentucky,M,Green,Winter,3.8,0,Express,1,1,36,Bank Transfer,Quarterly,1,4,organic_block,256.0,0,0,0,0,1.0,1,0,0,0,Senior (50-70),0.3329915966386554,0.4490714285714285,Medium,Medium,1,0,0,S0,General Buyers
1222,18,Male,Socks,Clothing,69.0,Iowa,M,Red,Winter,4.5,0,Standard,1,1,3,Cash,Quarterly,0,4,organic_block,276.0,0,0,0,1,1.0,1,1,1,0,Teen (18-24),0.1869507803121248,0.344579081632653,Low,Low,0,0,1,S0,General Buyers
1223,58,Male,Jeans,Clothing,69.0,Indiana,L,Magenta,Fall,3.4,0,Store Pickup,1,1,27,Bank Transfer,Annually,0,1,organic_block,69.0,0,0,0,0,1.0,1,0,0,0,Senior (50-70),0.2311836734693877,0.4010280612244898,Low,Low,0,0,1,S0,General Buyers
1224,69,Male,Pants,Clothing,24.0,Kansas,L,Red,Winter,3.9,0,Free Shipping,1,1,21,Bank Transfer,Weekly,0,52,organic_block,1248.0,0,1,0,0,1.0,1,0,0,0,Senior (50-70),0.4844489795918367,0.2035408163265306,High,Low,0,0,1,S2,Promo-Dependent Buyers
1225,62,Male,Shorts,Clothing,50.0,Illinois,M,Yellow,Summer,3.7,0,Store Pickup,1,1,18,Venmo,Weekly,0,52,organic_block,2600.0,0,0,0,0,1.0,1,0,0,0,Senior (50-70),0.4500816326530613,0.289984693877551,Medium,Low,0,1,1,S2,Promo-Dependent Buyers
1226,28,Male,Gloves,Accessories,97.0,North Carolina,S,Turquoise,Fall,2.6,0,Free Shipping,1,1,16,Debit Card,Weekly,0,52,organic_block,5044.0,1,0,0,0,1.0,1,0,0,1,Young Adult (25-34),0.3498367346938775,0.4194056122448979,Medium,Low,0,1,0,S4,Promo-Habituated Spenders
1227,53,Male,Sandals,Footwear,91.0,Ohio,S,Cyan,Fall,3.4,0,Store Pickup,1,1,18,Venmo,Bi-Weekly,0,26,organic_block,2366.0,1,0,0,0,1.0,1,0,0,0,Senior (50-70),0.2986306522609043,0.451359693877551,Low,Medium,0,1,2,S4,Promo-Habituated Spenders
1228,27,Male,Blouse,Clothing,37.0,Illinois,L,Yellow,Spring,4.9,0,Store Pickup,1,1,19,Bank Transfer,Bi-Weekly,0,26,organic_block,962.0,0,1,0,0,1.0,1,1,1,0,Young Adult (25-34),0.4247531012404962,0.3102117346938776,Medium,Low,0,0,1,S2,Promo-Dependent Buyers
1229,55,Male,Jacket,Outerwear,55.0,Indiana,S,Yellow,Winter,3.9,0,Express,1,1,1,Cash,Annually,0,1,organic_block,55.0,0,0,0,1,1.0,1,0,0,0,Senior (50-70),0.1119999999999999,0.2371249999999999,Low,Low,1,0,3,S2,Promo-Dependent Buyers
1230,34,Male,Jewelry,Accessories,52.0,Kansas,Xl,Maroon,Winter,3.6,0,Express,1,1,39,Bank Transfer,Annually,0,1,organic_block,52.0,0,0,1,0,1.0,1,0,0,0,Young Adult (25-34),0.3206530612244898,0.3998775510204082,Medium,Low,1,0,0,S0,General Buyers
1231,25,Male,Hat,Accessories,80.0,Illinois,L,Brown,Spring,3.8,0,Standard,1,1,49,Venmo,Monthly,1,12,organic_block,960.0,0,0,1,0,1.0,1,0,0,0,Young Adult (25-34),0.4517991196478591,0.5853979591836734,Medium,Medium,0,1,0,S0,General Buyers
1232,66,Male,Socks,Clothing,79.0,Pennsylvania,M,Gold,Spring,4.0,0,2-Day Shipping,1,1,43,Credit Card,Fortnightly,0,26,organic_block,2054.0,0,0,1,0,1.0,1,1,0,0,Senior (50-70),0.4996918767507002,0.5624107142857142,High,Medium,1,1,1,S0,General Buyers
1233,57,Male,Handbag,Accessories,23.0,New York,M,Charcoal,Summer,3.6,0,Free Shipping,1,1,31,Debit Card,Every 3 Months,0,4,organic_block,92.0,0,1,0,0,1.0,1,0,0,0,Senior (50-70),0.2863793517406963,0.2321862244897959,Low,Low,0,1,0,S0,General Buyers
1234,46,Male,Pants,Clothing,73.0,Utah,L,Beige,Winter,3.5,0,Next Day Air,1,1,40,Venmo,Every 3 Months,0,4,organic_block,292.0,0,0,1,0,1.0,1,0,0,0,Mid-Age (35-49),0.3334813925570228,0.4908545918367347,Medium,Medium,1,1,1,S0,General Buyers
1235,38,Male,Gloves,Accessories,99.0,New Jersey,M,Indigo,Fall,4.1,0,Store Pickup,1,1,2,Bank Transfer,Bi-Weekly,0,26,organic_block,2574.0,1,0,0,1,1.0,1,1,0,0,Mid-Age (35-49),0.2566714685874349,0.4467270408163265,Low,Medium,0,0,0,S4,Promo-Habituated Spenders
1236,23,Male,Sweater,Clothing,22.0,Idaho,M,Red,Spring,3.0,0,Store Pickup,1,1,46,Paypal,Every 3 Months,0,4,organic_block,88.0,0,1,1,0,1.0,1,0,0,0,Teen (18-24),0.3302160864345738,0.2683418367346939,Medium,Low,0,1,1,S0,General Buyers
1237,42,Male,Hat,Accessories,68.0,New Mexico,M,White,Summer,4.4,0,Store Pickup,1,1,35,Debit Card,Every 3 Months,0,4,organic_block,272.0,0,0,0,0,1.0,1,1,0,0,Mid-Age (35-49),0.3748691476590636,0.4974693877551021,Medium,Medium,0,1,0,S0,General Buyers
1238,25,Male,Dress,Clothing,92.0,Michigan,S,Charcoal,Spring,4.4,0,2-Day Shipping,1,1,42,Credit Card,Quarterly,0,4,organic_block,368.0,1,0,1,0,1.0,1,1,0,0,Young Adult (25-34),0.4177262905162065,0.6381836734693878,Medium,High,1,1,1,S4,Promo-Habituated Spenders
1239,55,Male,Pants,Clothing,77.0,Wyoming,M,Violet,Winter,3.7,0,Express,1,1,3,Venmo,Fortnightly,0,26,organic_block,2002.0,0,0,0,1,1.0,1,0,0,0,Senior (50-70),0.2307939175670268,0.331579081632653,Low,Low,1,1,1,S0,General Buyers
1240,62,Male,Coat,Outerwear,37.0,New Jersey,Xl,Magenta,Spring,4.8,0,Standard,1,1,32,Debit Card,Every 3 Months,0,4,organic_block,148.0,0,1,0,0,1.0,1,1,1,0,Senior (50-70),0.3885018007202881,0.3705382653061224,Medium,Low,0,1,3,S0,General Buyers
1241,41,Male,Scarf,Accessories,79.0,New Jersey,L,White,Winter,2.9,0,Store Pickup,1,1,48,Debit Card,Annually,0,1,organic_block,79.0,0,0,1,0,1.0,1,0,0,1,Mid-Age (35-49),0.3197551020408162,0.5219209183673469,Medium,Medium,0,1,0,S0,General Buyers
1242,58,Male,Hoodie,Clothing,51.0,Hawaii,Xl,Pink,Winter,3.1,0,Express,1,1,34,Credit Card,Weekly,0,52,organic_block,2652.0,0,0,0,0,1.0,1,0,0,0,Senior (50-70),0.5000408163265306,0.3399923469387755,High,Low,1,1,1,S0,General Buyers
1243,56,Male,Socks,Clothing,27.0,Nevada,M,Lavender,Summer,4.0,0,Next Day Air,1,1,15,Bank Transfer,Quarterly,0,4,organic_block,108.0,0,1,0,0,1.0,1,1,0,0,Senior (50-70),0.2204201680672268,0.1920535714285714,Low,Low,1,0,1,S2,Promo-Dependent Buyers
1244,25,Male,Blouse,Clothing,23.0,New Hampshire,S,Pink,Spring,3.0,0,Store Pickup,1,1,22,Debit Card,Annually,0,1,organic_block,23.0,0,1,0,0,1.0,1,0,0,0,Young Adult (25-34),0.1685714285714285,0.1502678571428571,Low,Low,0,1,1,S2,Promo-Dependent Buyers
1245,70,Male,Socks,Clothing,76.0,Indiana,S,Silver,Summer,3.9,0,2-Day Shipping,1,1,2,Cash,Monthly,0,12,organic_block,912.0,0,0,0,1,1.0,1,0,0,0,Senior (50-70),0.1720440176070428,0.3341020408163264,Low,Low,1,0,1,S0,General Buyers
1246,42,Male,Dress,Clothing,31.0,New York,M,Violet,Fall,3.4,0,Standard,1,1,30,Bank Transfer,Weekly,0,52,organic_block,1612.0,0,1,0,0,1.0,1,0,0,0,Mid-Age (35-49),0.4995510204081633,0.2500841836734694,High,Low,0,0,1,S0,General Buyers
1247,27,Male,Hoodie,Clothing,60.0,Louisiana,M,Charcoal,Winter,2.7,0,Standard,1,1,27,Cash,Monthly,0,12,organic_block,720.0,0,0,0,0,1.0,1,0,0,1,Young Adult (25-34),0.2291052420968387,0.3196530612244898,Low,Low,0,0,1,S0,General Buyers
1248,65,Male,T-Shirt,Clothing,99.0,Virginia,M,Charcoal,Spring,3.8,0,Express,1,1,18,Venmo,Bi-Weekly,1,26,organic_block,2574.0,1,0,0,0,1.0,1,0,0,0,Senior (50-70),0.3306306522609043,0.510359693877551,Medium,Medium,1,1,1,S4,Promo-Habituated Spenders
1249,62,Male,Hat,Accessories,37.0,Wisconsin,Xl,Red,Winter,3.0,0,Free Shipping,1,1,8,Credit Card,Annually,0,1,organic_block,37.0,0,1,0,1,1.0,1,0,0,0,Senior (50-70),0.0828571428571428,0.1400892857142857,Low,Low,0,1,0,S2,Promo-Dependent Buyers
1250,62,Male,Boots,Footwear,50.0,Oregon,M,Peach,Winter,4.5,0,Express,1,1,48,Venmo,Fortnightly,0,26,organic_block,1300.0,0,0,1,0,1.0,1,1,1,0,Senior (50-70),0.5703041216486595,0.4910459183673469,High,Medium,1,1,2,S0,General Buyers
1251,52,Male,Jeans,Clothing,26.0,New Hampshire,Xl,Purple,Winter,4.1,0,Free Shipping,1,1,24,Cash,Monthly,0,12,organic_block,312.0,0,1,0,0,1.0,1,1,0,0,Senior (50-70),0.3227378951580631,0.2395969387755102,Medium,Low,0,0,1,S2,Promo-Dependent Buyers
1252,56,Male,Shorts,Clothing,86.0,Indiana,Xl,Orange,Spring,5.0,0,Next Day Air,1,1,43,Credit Card,Monthly,0,12,organic_block,1032.0,1,0,1,0,1.0,1,1,1,0,Senior (50-70),0.5110644257703081,0.6530357142857143,High,High,1,1,1,S4,Promo-Habituated Spenders
1253,28,Male,Sandals,Footwear,41.0,Massachusetts,L,Magenta,Fall,4.0,0,Standard,1,1,8,Cash,Quarterly,0,4,organic_block,164.0,0,0,0,1,1.0,1,1,0,0,Young Adult (25-34),0.177563025210084,0.2175892857142857,Low,Low,0,0,2,S2,Promo-Dependent Buyers
1254,39,Male,Sandals,Footwear,23.0,Montana,Xl,Red,Winter,4.9,0,Express,1,1,49,Paypal,Annually,0,1,organic_block,23.0,0,1,1,0,1.0,1,1,1,0,Mid-Age (35-49),0.4858775510204082,0.4020229591836735,High,Low,1,1,2,S0,General Buyers
1255,54,Male,Sneakers,Footwear,56.0,California,Xl,Black,Spring,3.3,0,2-Day Shipping,1,1,2,Credit Card,Bi-Weekly,0,26,organic_block,1456.0,0,0,0,1,1.0,1,0,0,0,Senior (50-70),0.1926714685874349,0.2106020408163265,Low,Low,1,1,2,S2,Promo-Dependent Buyers
1256,30,Male,Hat,Accessories,68.0,Indiana,M,Peach,Fall,4.1,0,Standard,1,1,38,Cash,Fortnightly,0,26,organic_block,1768.0,0,0,1,0,1.0,1,1,0,0,Young Adult (25-34),0.477079631852741,0.4947755102040816,High,Medium,0,0,0,S0,General Buyers
1257,45,Male,Coat,Outerwear,48.0,West Virginia,S,Olive,Winter,3.6,0,Express,1,1,4,Cash,Fortnightly,0,26,organic_block,1248.0,0,0,0,1,1.0,1,0,0,0,Mid-Age (35-49),0.2289163665466186,0.2038061224489795,Low,Low,1,0,3,S2,Promo-Dependent Buyers
1258,68,Male,Dress,Clothing,67.0,Minnesota,L,Gold,Spring,3.0,0,Free Shipping,1,1,31,Cash,Every 3 Months,0,4,organic_block,268.0,0,0,0,0,1.0,1,0,0,0,Senior (50-70),0.2383793517406963,0.3886862244897959,Low,Low,0,0,1,S0,General Buyers
1259,47,Male,Boots,Footwear,87.0,Ohio,Xl,Gold,Spring,4.1,0,2-Day Shipping,1,1,34,Debit Card,Every 3 Months,0,4,organic_block,348.0,1,0,0,0,1.0,1,1,0,0,Mid-Age (35-49),0.3447466986794717,0.5574923469387755,Medium,Medium,1,1,2,S4,Promo-Habituated Spenders
1260,68,Male,Skirt,Clothing,64.0,Minnesota,M,Turquoise,Fall,3.9,0,Standard,1,1,45,Credit Card,Monthly,0,12,organic_block,768.0,0,0,1,0,1.0,1,0,0,0,Senior (50-70),0.4353093237294918,0.5009897959183673,Medium,Medium,0,1,1,S0,General Buyers
1261,63,Male,Shirt,Clothing,93.0,Virginia,Xl,Green,Spring,4.1,0,Store Pickup,1,1,30,Debit Card,Quarterly,0,4,organic_block,372.0,1,0,0,0,1.0,1,1,0,0,Senior (50-70),0.3202569027611044,0.5633341836734693,Medium,Medium,0,1,1,S4,Promo-Habituated Spenders
1262,20,Male,Shirt,Clothing,29.0,Connecticut,L,Maroon,Summer,2.8,0,Next Day Air,1,1,2,Credit Card,Fortnightly,0,26,organic_block,754.0,0,1,0,1,1.0,1,0,0,1,Teen (18-24),0.1526714685874349,0.0624770408163265,Low,Low,1,1,1,S2,Promo-Dependent Buyers
1263,29,Male,Boots,Footwear,62.0,Tennessee,L,Brown,Winter,4.8,0,Store Pickup,1,1,44,Venmo,Monthly,0,12,organic_block,744.0,0,0,1,0,1.0,1,1,1,0,Young Adult (25-34),0.5011868747499,0.5411377551020408,High,Medium,0,1,2,S0,General Buyers
1264,41,Male,Hoodie,Clothing,70.0,Delaware,L,Brown,Winter,4.6,0,2-Day Shipping,1,1,1,Credit Card,Bi-Weekly,0,26,organic_block,1820.0,0,0,0,1,1.0,1,1,1,0,Mid-Age (35-49),0.2905490196078431,0.34475,Low,Low,1,1,1,S0,General Buyers
1265,52,Male,Sweater,Clothing,92.0,Vermont,S,Blue,Winter,2.5,0,Next Day Air,1,1,1,Venmo,Bi-Weekly,0,26,organic_block,2392.0,1,0,0,1,1.0,1,0,0,1,Senior (50-70),0.1225490196078431,0.315,Low,Low,1,1,1,S4,Promo-Habituated Spenders
1266,32,Male,Shirt,Clothing,79.0,Louisiana,M,Lavender,Spring,2.7,0,Next Day Air,1,1,27,Bank Transfer,Weekly,0,52,organic_block,4108.0,0,0,0,0,1.0,1,0,0,1,Young Adult (25-34),0.4251836734693878,0.4027780612244898,Medium,Low,1,0,1,S0,General Buyers
1267,20,Male,Blouse,Clothing,31.0,North Dakota,M,Peach,Fall,4.0,0,Standard,1,1,14,Debit Card,Every 3 Months,0,4,organic_block,124.0,0,1,0,0,1.0,1,1,0,0,Teen (18-24),0.214297719087635,0.2044515306122449,Low,Low,0,1,1,S2,Promo-Dependent Buyers
1268,47,Male,T-Shirt,Clothing,83.0,Oregon,S,Gray,Spring,2.7,0,Standard,1,1,41,Cash,Weekly,0,52,organic_block,4316.0,1,0,1,0,1.0,1,0,0,1,Mid-Age (35-49),0.5108979591836735,0.4917066326530612,High,Medium,0,0,1,S4,Promo-Habituated Spenders
1269,23,Male,Jacket,Outerwear,88.0,Idaho,Xl,Charcoal,Winter,2.9,0,Next Day Air,1,1,25,Debit Card,Bi-Weekly,0,26,organic_block,2288.0,1,0,0,0,1.0,1,0,0,1,Teen (18-24),0.3014877951180472,0.4439489795918367,Low,Medium,1,1,3,S4,Promo-Habituated Spenders
1270,43,Male,Jewelry,Accessories,53.0,Vermont,M,Lavender,Spring,3.0,0,Standard,1,1,47,Paypal,Quarterly,0,4,organic_block,212.0,0,0,1,0,1.0,1,0,0,0,Mid-Age (35-49),0.3363385354141657,0.4090688775510204,Medium,Low,0,1,0,S0,General Buyers
1271,67,Male,Hoodie,Clothing,98.0,West Virginia,M,Green,Fall,3.3,0,Standard,1,1,20,Cash,Annually,0,1,organic_block,98.0,1,0,0,0,1.0,1,0,0,0,Senior (50-70),0.1803265306122448,0.486188775510204,Low,Medium,0,0,1,S4,Promo-Habituated Spenders
1272,70,Male,Jewelry,Accessories,57.0,Kentucky,S,Gray,Spring,4.3,0,Store Pickup,1,1,42,Paypal,Annually,0,1,organic_block,57.0,0,0,1,0,1.0,1,1,0,0,Senior (50-70),0.3950204081632653,0.4790586734693877,Medium,Medium,0,1,0,S0,General Buyers
1273,35,Male,Sandals,Footwear,80.0,Wisconsin,M,Orange,Winter,4.4,0,Express,1,1,16,Bank Transfer,Monthly,0,12,organic_block,960.0,0,0,0,0,1.0,1,1,0,0,Mid-Age (35-49),0.2977583033213286,0.4530306122448979,Low,Medium,1,0,2,S0,General Buyers
1274,41,Male,Jeans,Clothing,29.0,Mississippi,L,Silver,Spring,4.1,0,Next Day Air,1,1,32,Credit Card,Every 3 Months,0,4,organic_block,116.0,0,1,0,0,1.0,1,1,0,0,Mid-Age (35-49),0.3325018007202881,0.2935382653061224,Medium,Low,1,1,1,S0,General Buyers
1275,54,Male,Hat,Accessories,73.0,Missouri,M,Olive,Spring,3.1,0,2-Day Shipping,1,1,37,Paypal,Quarterly,0,4,organic_block,292.0,0,0,0,0,1.0,1,0,0,0,Senior (50-70),0.2831140456182473,0.451548469387755,Low,Medium,1,1,0,S0,General Buyers
1276,55,Male,Sweater,Clothing,32.0,Arkansas,S,Turquoise,Fall,4.5,0,Standard,1,1,1,Paypal,Monthly,0,12,organic_block,384.0,0,1,0,1,1.0,1,1,1,0,Senior (50-70),0.213921568627451,0.1725,Low,Low,0,1,1,S2,Promo-Dependent Buyers
1277,51,Male,Boots,Footwear,68.0,Wyoming,L,Turquoise,Spring,4.8,0,Next Day Air,1,1,37,Bank Transfer,Weekly,0,52,organic_block,3536.0,0,0,0,0,1.0,1,1,1,0,Senior (50-70),0.654408163265306,0.5316734693877551,High,Medium,1,0,2,S0,General Buyers
1278,19,Male,Blouse,Clothing,97.0,Rhode Island,L,Green,Spring,5.0,0,Express,1,1,5,Venmo,Quarterly,0,4,organic_block,388.0,1,0,0,1,1.0,1,1,1,0,Teen (18-24),0.2391956782713085,0.5072831632653061,Low,Medium,1,1,1,S4,Promo-Habituated Spenders
1279,28,Male,Shorts,Clothing,98.0,Utah,M,Violet,Fall,2.8,0,Next Day Air,1,1,31,Venmo,Fortnightly,0,26,organic_block,2548.0,1,0,0,0,1.0,1,0,0,1,Young Adult (25-34),0.3302224889955982,0.5123112244897959,Medium,Medium,1,1,1,S4,Promo-Habituated Spenders
1280,63,Male,Hoodie,Clothing,56.0,Maryland,L,Charcoal,Fall,3.7,0,Express,1,1,18,Debit Card,Annually,0,1,organic_block,56.0,0,0,0,0,1.0,1,0,0,0,Senior (50-70),0.2000816326530612,0.316234693877551,Low,Low,1,1,1,S2,Promo-Dependent Buyers
1281,30,Male,Pants,Clothing,78.0,Georgia,L,White,Winter,4.4,0,2-Day Shipping,1,1,39,Venmo,Every 3 Months,0,4,organic_block,312.0,0,0,1,0,1.0,1,1,0,0,Young Adult (25-34),0.3993589435774309,0.5616275510204082,Medium,Medium,1,1,1,S0,General Buyers
1282,29,Male,Belt,Accessories,81.0,New Jersey,M,Olive,Spring,4.5,0,Store Pickup,1,1,8,Venmo,Bi-Weekly,0,26,organic_block,2106.0,1,0,0,1,1.0,1,1,1,0,Young Adult (25-34),0.325406162464986,0.4225892857142856,Medium,Low,0,1,0,S4,Promo-Habituated Spenders
1283,24,Male,Shirt,Clothing,68.0,New Hampshire,L,Violet,Winter,3.0,0,Free Shipping,1,1,20,Venmo,Monthly,0,12,organic_block,816.0,0,0,0,0,1.0,1,0,0,0,Teen (18-24),0.2102480992396958,0.3369387755102041,Low,Low,0,1,1,S0,General Buyers
1284,69,Male,Shirt,Clothing,94.0,Oregon,M,Violet,Winter,3.9,0,2-Day Shipping,1,1,23,Debit Card,Every 3 Months,0,4,organic_block,376.0,1,0,0,0,1.0,1,0,0,0,Senior (50-70),0.2613997599039616,0.5199948979591836,Low,Medium,1,1,1,S4,Promo-Habituated Spenders
1285,65,Male,Dress,Clothing,93.0,Arkansas,M,Black,Spring,3.9,0,Express,1,1,38,Paypal,Fortnightly,0,26,organic_block,2418.0,1,0,1,0,1.0,1,0,0,0,Senior (50-70),0.461079631852741,0.5921505102040815,High,Medium,1,1,1,S4,Promo-Habituated Spenders
1286,64,Male,Gloves,Accessories,99.0,North Carolina,M,Charcoal,Fall,3.5,0,Next Day Air,1,1,45,Bank Transfer,Fortnightly,0,26,organic_block,2574.0,1,0,1,0,1.0,1,0,0,0,Senior (50-70),0.471936774709884,0.6301147959183673,High,High,1,0,0,S4,Promo-Habituated Spenders
1287,40,Male,Gloves,Accessories,49.0,West Virginia,L,Yellow,Winter,4.9,0,Next Day Air,1,1,44,Debit Card,Fortnightly,0,26,organic_block,1274.0,0,0,1,0,1.0,1,1,1,0,Mid-Age (35-49),0.5778143257302921,0.4902627551020408,High,Medium,1,1,0,S0,General Buyers
1288,24,Male,Jeans,Clothing,28.0,Utah,Xl,Blue,Winter,3.4,0,Standard,1,1,20,Paypal,Monthly,0,12,organic_block,336.0,0,1,0,0,1.0,1,0,0,0,Teen (18-24),0.2422480992396958,0.185938775510204,Low,Low,0,1,1,S2,Promo-Dependent Buyers
1289,66,Male,Belt,Accessories,93.0,South Dakota,Xl,Charcoal,Winter,4.1,0,Standard,1,1,34,Paypal,Bi-Weekly,0,26,organic_block,2418.0,1,0,0,0,1.0,1,1,0,0,Senior (50-70),0.4525898359343737,0.5837423469387755,Medium,Medium,0,1,0,S4,Promo-Habituated Spenders
1290,35,Male,Jacket,Outerwear,24.0,New Hampshire,M,Red,Fall,2.9,0,Next Day Air,1,1,10,Paypal,Weekly,0,52,organic_block,1248.0,0,1,0,1,1.0,1,0,0,1,Mid-Age (35-49),0.3371020408163265,0.0874183673469387,Medium,Low,1,1,3,S2,Promo-Dependent Buyers
1291,67,Male,Skirt,Clothing,35.0,Maryland,M,Indigo,Spring,3.4,0,Free Shipping,1,1,3,Paypal,Annually,0,1,organic_block,35.0,0,1,0,1,1.0,1,0,0,0,Senior (50-70),0.0842448979591836,0.129829081632653,Low,Low,0,1,1,S2,Promo-Dependent Buyers
1292,69,Male,Sandals,Footwear,68.0,South Dakota,S,Beige,Spring,3.2,0,2-Day Shipping,1,1,23,Debit Card,Fortnightly,0,26,organic_block,1768.0,0,0,0,0,1.0,1,0,0,0,Senior (50-70),0.3132428971588635,0.3642448979591837,Medium,Low,1,1,2,S0,General Buyers
1293,26,Male,Belt,Accessories,61.0,Kentucky,M,Maroon,Summer,3.8,0,Free Shipping,1,1,42,Bank Transfer,Annually,1,1,organic_block,61.0,0,0,1,0,1.0,1,0,0,0,Young Adult (25-34),0.3550204081632653,0.4665586734693877,Medium,Medium,0,0,0,S0,General Buyers
1294,23,Male,Sweater,Clothing,74.0,Florida,Xl,Yellow,Fall,4.1,0,Standard,1,1,30,Debit Card,Annually,0,1,organic_block,74.0,0,0,0,0,1.0,1,1,0,0,Teen (18-24),0.3055510204081632,0.4802091836734693,Medium,Medium,0,1,1,S0,General Buyers
1295,27,Male,Shirt,Clothing,64.0,Texas,M,Silver,Summer,4.5,0,Standard,1,1,21,Cash,Every 3 Months,0,4,organic_block,256.0,0,0,0,0,1.0,1,1,1,0,Young Adult (25-34),0.2971548619447779,0.4145408163265306,Low,Low,0,0,1,S0,General Buyers
1296,30,Male,Sneakers,Footwear,60.0,New Mexico,M,Olive,Fall,2.8,0,Standard,1,1,50,Paypal,Weekly,0,52,organic_block,3120.0,0,0,1,0,1.0,1,0,0,1,Young Adult (25-34),0.5740000000000001,0.4429999999999999,High,Medium,0,1,2,S0,General Buyers
1297,48,Male,Jeans,Clothing,29.0,South Dakota,S,Teal,Spring,2.8,0,Express,1,1,16,Cash,Bi-Weekly,0,26,organic_block,754.0,0,1,0,0,1.0,1,0,0,1,Mid-Age (35-49),0.2383857543017206,0.1339056122448979,Low,Low,1,0,1,S2,Promo-Dependent Buyers
1298,44,Male,Sandals,Footwear,85.0,New Jersey,M,Silver,Summer,4.6,0,Standard,1,1,32,Venmo,Annually,0,1,organic_block,85.0,1,0,0,0,1.0,1,1,1,0,Mid-Age (35-49),0.3577959183673469,0.5685382653061224,Medium,Medium,0,1,2,S4,Promo-Habituated Spenders
1299,29,Male,Pants,Clothing,81.0,Indiana,S,Indigo,Summer,3.0,0,Free Shipping,1,1,14,Bank Transfer,Fortnightly,0,26,organic_block,2106.0,1,0,0,0,1.0,1,0,0,0,Young Adult (25-34),0.242140856342537,0.3632015306122449,Low,Low,0,0,1,S4,Promo-Habituated Spenders
1300,29,Male,Belt,Accessories,23.0,Louisiana,L,Teal,Fall,3.6,0,2-Day Shipping,1,1,42,Venmo,Bi-Weekly,0,26,organic_block,598.0,0,1,1,0,1.0,1,0,0,0,Young Adult (25-34),0.4615694277711085,0.2883086734693877,High,Low,1,1,0,S0,General Buyers
1301,67,Male,T-Shirt,Clothing,100.0,West Virginia,M,Charcoal,Spring,4.5,0,Next Day Air,1,1,47,Credit Card,Every 3 Months,0,4,organic_block,400.0,1,0,1,0,1.0,1,1,1,0,Senior (50-70),0.4563385354141657,0.7046938775510204,Medium,High,1,1,1,S4,Promo-Habituated Spenders
1302,42,Male,Shirt,Clothing,54.0,Maine,M,Orange,Fall,5.0,0,Express,1,1,21,Debit Card,Weekly,0,52,organic_block,2808.0,0,0,0,0,1.0,1,1,1,0,Mid-Age (35-49),0.5724489795918368,0.4007908163265306,High,Low,1,1,1,S2,Promo-Dependent Buyers
1303,23,Male,Sneakers,Footwear,25.0,Idaho,M,Gold,Fall,2.9,0,Next Day Air,1,1,37,Credit Card,Monthly,0,12,organic_block,300.0,0,1,0,0,1.0,1,0,0,1,Teen (18-24),0.3063297318927571,0.2295484693877551,Medium,Low,1,1,2,S0,General Buyers
1304,34,Male,Blouse,Clothing,32.0,New York,L,Silver,Summer,3.1,0,Next Day Air,1,1,10,Credit Card,Annually,0,1,organic_block,32.0,0,1,0,1,1.0,1,0,0,0,Young Adult (25-34),0.1031020408163265,0.1344183673469388,Low,Low,1,1,1,S2,Promo-Dependent Buyers
1305,64,Male,Backpack,Accessories,63.0,Montana,S,Orange,Spring,4.0,0,2-Day Shipping,1,1,18,Paypal,Every 3 Months,0,4,organic_block,252.0,0,0,0,0,1.0,1,1,0,0,Senior (50-70),0.2387875150060024,0.364859693877551,Low,Low,1,1,0,S0,General Buyers
1306,31,Male,Pants,Clothing,56.0,Mississippi,Xl,Peach,Spring,4.5,0,Express,1,1,2,Paypal,Every 3 Months,0,4,organic_block,224.0,0,0,0,1,1.0,1,1,1,0,Young Adult (25-34),0.180828331332533,0.2826020408163265,Low,Low,1,1,1,S2,Promo-Dependent Buyers
1307,54,Male,Sweater,Clothing,33.0,Alaska,L,Brown,Winter,4.5,0,Next Day Air,1,1,40,Paypal,Annually,0,1,organic_block,33.0,0,1,1,0,1.0,1,1,1,0,Senior (50-70),0.3987755102040816,0.3758545918367347,Medium,Low,1,1,1,S0,General Buyers
1308,23,Male,Coat,Outerwear,32.0,Missouri,L,Black,Summer,3.1,0,Express,1,1,43,Paypal,Annually,0,1,organic_block,32.0,0,1,1,0,1.0,1,0,0,0,Teen (18-24),0.3051428571428571,0.3027857142857143,Medium,Low,1,1,3,S0,General Buyers
1309,59,Male,Dress,Clothing,38.0,Rhode Island,L,Red,Summer,4.4,0,Next Day Air,1,1,14,Credit Card,Every 3 Months,0,4,organic_block,152.0,0,1,0,0,1.0,1,1,0,0,Senior (50-70),0.2462977190876351,0.2590765306122449,Low,Low,1,1,1,S2,Promo-Dependent Buyers
1310,32,Male,Blouse,Clothing,21.0,Hawaii,L,Lavender,Summer,4.7,0,Store Pickup,1,1,41,Cash,Quarterly,0,4,organic_block,84.0,0,1,1,0,1.0,1,1,1,0,Young Adult (25-34),0.4356038415366147,0.3404566326530612,Medium,Low,0,0,1,S0,General Buyers
1311,43,Male,Hoodie,Clothing,59.0,South Carolina,L,Brown,Winter,3.1,0,Store Pickup,1,1,38,Credit Card,Every 3 Months,0,4,organic_block,236.0,0,0,1,0,1.0,1,0,0,0,Mid-Age (35-49),0.2892364945978391,0.3954005102040816,Low,Low,0,1,1,S0,General Buyers
1312,32,Male,Shoes,Footwear,87.0,Tennessee,M,Maroon,Fall,4.2,0,Express,1,1,12,Venmo,Annually,0,1,organic_block,87.0,1,0,0,1,1.0,1,1,0,0,Young Adult (25-34),0.2033469387755102,0.4512474489795918,Low,Medium,1,1,2,S4,Promo-Habituated Spenders
1313,66,Male,T-Shirt,Clothing,79.0,Missouri,M,Violet,Winter,3.0,0,Store Pickup,1,1,19,Bank Transfer,Monthly,0,12,organic_block,948.0,0,0,0,0,1.0,1,0,0,0,Senior (50-70),0.204125650260104,0.3799617346938775,Low,Low,0,0,1,S0,General Buyers
1314,70,Male,Shoes,Footwear,28.0,Missouri,M,Lavender,Summer,3.8,0,Free Shipping,1,1,23,Credit Card,Bi-Weekly,1,26,organic_block,728.0,0,1,0,0,1.0,1,0,0,0,Senior (50-70),0.3612428971588635,0.2252448979591836,Medium,Low,0,1,2,S2,Promo-Dependent Buyers
1315,42,Male,Boots,Footwear,67.0,Missouri,S,Magenta,Summer,3.4,0,Free Shipping,1,1,49,Debit Card,Annually,0,1,organic_block,67.0,0,0,1,0,1.0,1,0,0,0,Mid-Age (35-49),0.3658775510204081,0.5045229591836735,Medium,Medium,0,1,2,S0,General Buyers
1316,56,Male,Shorts,Clothing,75.0,Mississippi,L,Green,Spring,4.2,0,2-Day Shipping,1,1,29,Debit Card,Quarterly,0,4,organic_block,300.0,0,0,0,0,1.0,1,1,0,0,Senior (50-70),0.3221344537815126,0.4854821428571428,Medium,Medium,1,1,1,S0,General Buyers
1317,28,Male,Belt,Accessories,32.0,Arkansas,S,Lavender,Spring,4.6,0,Standard,1,1,14,Debit Card,Bi-Weekly,0,26,organic_block,832.0,0,1,0,0,1.0,1,1,1,0,Young Adult (25-34),0.370140856342537,0.2448265306122448,Medium,Low,0,1,0,S2,Promo-Dependent Buyers
1318,28,Male,Pants,Clothing,43.0,Kentucky,M,Green,Spring,2.8,0,Free Shipping,1,1,19,Cash,Monthly,0,12,organic_block,516.0,0,0,0,0,1.0,1,0,0,1,Young Adult (25-34),0.188125650260104,0.2104617346938775,Low,Low,0,0,1,S2,Promo-Dependent Buyers
1319,52,Male,Shorts,Clothing,93.0,Connecticut,M,Maroon,Spring,2.7,0,Express,1,1,19,Credit Card,Bi-Weekly,0,26,organic_block,2418.0,1,0,0,0,1.0,1,0,0,1,Senior (50-70),0.2487531012404962,0.4232117346938775,Low,Low,1,1,1,S4,Promo-Habituated Spenders
1320,65,Male,Sunglasses,Accessories,24.0,Oklahoma,M,Magenta,Spring,4.0,0,Standard,1,1,48,Bank Transfer,Weekly,0,52,organic_block,1248.0,0,1,1,0,1.0,1,1,0,0,Senior (50-70),0.6577551020408162,0.3472959183673469,High,Low,0,0,0,S0,General Buyers
1321,56,Male,Hat,Accessories,31.0,California,Xl,Teal,Fall,3.1,0,Free Shipping,1,1,19,Debit Card,Annually,0,1,organic_block,31.0,0,1,0,0,1.0,1,0,0,0,Senior (50-70),0.1582040816326531,0.1759617346938775,Low,Low,0,1,0,S2,Promo-Dependent Buyers
1322,59,Male,T-Shirt,Clothing,84.0,Missouri,L,Orange,Winter,3.7,0,Express,1,1,45,Bank Transfer,Every 3 Months,0,4,organic_block,336.0,1,0,1,0,1.0,1,0,0,0,Senior (50-70),0.380093637454982,0.5764897959183672,Medium,Medium,1,0,1,S4,Promo-Habituated Spenders
1323,23,Male,Pants,Clothing,74.0,Washington,M,Violet,Winter,4.0,0,Next Day Air,1,1,17,Bank Transfer,Quarterly,0,4,organic_block,296.0,0,0,0,0,1.0,1,1,0,0,Teen (18-24),0.2326650660264105,0.4078826530612245,Low,Low,1,0,1,S0,General Buyers
1324,58,Male,Shorts,Clothing,62.0,New York,M,Yellow,Spring,4.6,0,Standard,1,1,15,Debit Card,Every 3 Months,0,4,organic_block,248.0,0,0,0,0,1.0,1,1,1,0,Senior (50-70),0.2684201680672268,0.3811785714285713,Low,Low,0,1,1,S0,General Buyers
1325,39,Male,Jewelry,Accessories,77.0,Indiana,S,Orange,Summer,3.8,0,Free Shipping,1,1,11,Credit Card,Fortnightly,0,26,organic_block,2002.0,0,0,0,1,1.0,1,0,0,0,Mid-Age (35-49),0.2877735094037614,0.3783954081632652,Low,Low,0,1,0,S0,General Buyers
1326,28,Male,Backpack,Accessories,73.0,Oregon,L,Gold,Summer,3.5,0,Express,1,1,1,Cash,Monthly,0,12,organic_block,876.0,0,0,0,1,1.0,1,0,0,0,Young Adult (25-34),0.133921568627451,0.291875,Low,Low,1,0,0,S0,General Buyers
1327,40,Male,Shoes,Footwear,50.0,Texas,M,Indigo,Spring,3.8,0,Free Shipping,1,1,17,Cash,Monthly,1,12,organic_block,600.0,0,0,0,0,1.0,1,0,0,0,Mid-Age (35-49),0.2558807523009203,0.2908826530612244,Low,Low,0,0,2,S2,Promo-Dependent Buyers
1328,52,Male,Coat,Outerwear,40.0,Florida,M,Turquoise,Winter,2.8,0,Standard,1,1,37,Cash,Weekly,0,52,organic_block,2080.0,0,0,0,0,1.0,1,0,0,1,Senior (50-70),0.494408163265306,0.2891734693877551,High,Low,0,0,3,S0,General Buyers
1329,37,Male,Sweater,Clothing,97.0,Rhode Island,M,Orange,Winter,3.7,0,Standard,1,1,40,Bank Transfer,Weekly,0,52,organic_block,5044.0,1,0,1,0,1.0,1,0,0,0,Mid-Age (35-49),0.5847755102040817,0.6078545918367346,High,High,0,0,1,S4,Promo-Habituated Spenders
1330,70,Male,Gloves,Accessories,63.0,Texas,M,Indigo,Fall,3.3,0,Express,1,1,50,Paypal,Every 3 Months,0,4,organic_block,252.0,0,0,1,0,1.0,1,0,0,0,Senior (50-70),0.3787058823529411,0.486125,Medium,Medium,1,1,0,S0,General Buyers
1331,30,Male,Handbag,Accessories,65.0,Vermont,M,Charcoal,Fall,2.9,0,Standard,1,1,20,Paypal,Bi-Weekly,0,26,organic_block,1690.0,0,0,0,0,1.0,1,0,0,1,Young Adult (25-34),0.270875550220088,0.317813775510204,Low,Low,0,1,0,S0,General Buyers
1332,38,Male,Socks,Clothing,91.0,Maryland,M,Lavender,Spring,3.2,0,Standard,1,1,8,Paypal,Bi-Weekly,0,26,organic_block,2366.0,1,0,0,1,1.0,1,0,0,0,Mid-Age (35-49),0.221406162464986,0.3883392857142856,Low,Low,0,1,1,S4,Promo-Habituated Spenders
1333,66,Male,Hoodie,Clothing,60.0,Alaska,S,Gold,Spring,4.3,0,Store Pickup,1,1,16,Bank Transfer,Quarterly,0,4,organic_block,240.0,0,0,0,0,1.0,1,1,0,0,Senior (50-70),0.2505426170468187,0.3595306122448979,Low,Low,0,0,1,S0,General Buyers
1334,29,Male,Pants,Clothing,69.0,Idaho,M,Lavender,Winter,2.7,0,Next Day Air,1,1,9,Bank Transfer,Quarterly,0,4,organic_block,276.0,0,0,0,1,1.0,1,0,0,1,Young Adult (25-34),0.0796854741896758,0.2671913265306123,Low,Low,1,0,1,S0,General Buyers
1335,46,Male,Coat,Outerwear,52.0,West Virginia,S,White,Spring,3.8,0,Store Pickup,1,1,12,Venmo,Monthly,1,12,organic_block,624.0,0,0,0,1,1.0,1,0,0,0,Mid-Age (35-49),0.2252685074029611,0.2741224489795918,Low,Low,0,1,3,S2,Promo-Dependent Buyers
1336,56,Male,Boots,Footwear,49.0,Nevada,M,Lavender,Fall,4.8,0,2-Day Shipping,1,1,26,Credit Card,Weekly,0,52,organic_block,2548.0,0,0,0,0,1.0,1,1,1,0,Senior (50-70),0.5870612244897959,0.3924260204081632,High,Low,1,1,2,S0,General Buyers
1337,23,Male,Sneakers,Footwear,85.0,Oregon,M,Charcoal,Spring,4.8,0,Store Pickup,1,1,44,Debit Card,Fortnightly,0,26,organic_block,2210.0,1,0,1,0,1.0,1,1,1,0,Teen (18-24),0.5698143257302921,0.6417627551020408,High,High,0,1,2,S4,Promo-Habituated Spenders
1338,37,Male,Sweater,Clothing,86.0,Tennessee,L,Silver,Spring,3.4,0,Express,1,1,19,Credit Card,Bi-Weekly,0,26,organic_block,2236.0,1,0,0,0,1.0,1,0,0,0,Mid-Age (35-49),0.3047531012404962,0.4345867346938775,Medium,Medium,1,1,1,S4,Promo-Habituated Spenders
1339,56,Male,Handbag,Accessories,51.0,Alabama,S,Yellow,Winter,2.6,0,Standard,1,1,43,Paypal,Fortnightly,0,26,organic_block,1326.0,0,0,1,0,1.0,1,0,0,1,Senior (50-70),0.3876918767507002,0.3559107142857143,Medium,Low,0,1,0,S0,General Buyers
1340,36,Male,Belt,Accessories,56.0,Indiana,L,Olive,Winter,5.0,0,Next Day Air,1,1,5,Bank Transfer,Every 3 Months,0,4,organic_block,224.0,0,0,0,1,1.0,1,1,1,0,Mid-Age (35-49),0.2391956782713085,0.3279081632653061,Low,Low,1,0,0,S2,Promo-Dependent Buyers
1341,40,Male,Belt,Accessories,72.0,Idaho,M,Peach,Fall,4.4,0,Next Day Air,1,1,5,Debit Card,Every 3 Months,0,4,organic_block,288.0,0,0,0,1,1.0,1,1,0,0,Mid-Age (35-49),0.1911956782713085,0.3619081632653061,Low,Low,1,1,0,S0,General Buyers
1342,26,Male,Hoodie,Clothing,27.0,Rhode Island,Xl,Yellow,Fall,3.8,0,Standard,1,1,31,Bank Transfer,Quarterly,1,4,organic_block,108.0,0,1,0,0,1.0,1,0,0,0,Young Adult (25-34),0.3023793517406963,0.2616862244897959,Low,Low,0,0,1,S0,General Buyers
1343,57,Male,Sunglasses,Accessories,43.0,Arizona,Xl,Yellow,Summer,3.4,0,2-Day Shipping,1,1,11,Bank Transfer,Monthly,0,12,organic_block,516.0,0,0,0,1,1.0,1,0,0,0,Senior (50-70),0.1871460584233693,0.2056454081632653,Low,Low,1,0,0,S2,Promo-Dependent Buyers
1344,68,Male,Sneakers,Footwear,56.0,Florida,M,Indigo,Spring,3.4,0,Standard,1,1,34,Bank Transfer,Monthly,0,12,organic_block,672.0,0,0,0,0,1.0,1,0,0,0,Senior (50-70),0.3279623849539816,0.3798673469387755,Medium,Low,0,0,2,S0,General Buyers
1345,56,Male,T-Shirt,Clothing,37.0,New York,S,Violet,Fall,4.9,0,Next Day Air,1,1,14,Cash,Annually,0,1,organic_block,37.0,0,1,0,0,1.0,1,1,1,0,Senior (50-70),0.2715918367346939,0.2847015306122449,Low,Low,1,0,1,S2,Promo-Dependent Buyers
1346,40,Male,Dress,Clothing,21.0,Nebraska,M,White,Fall,3.6,0,Standard,1,1,42,Venmo,Weekly,0,52,organic_block,1092.0,0,1,1,0,1.0,1,0,0,0,Mid-Age (35-49),0.5890204081632653,0.2795586734693878,High,Low,0,1,1,S0,General Buyers
1347,44,Male,Hoodie,Clothing,91.0,Mississippi,L,White,Winter,3.0,0,Free Shipping,1,1,15,Venmo,Bi-Weekly,0,26,organic_block,2366.0,1,0,0,0,1.0,1,0,0,0,Mid-Age (35-49),0.2482633053221288,0.4120535714285714,Low,Low,0,1,1,S4,Promo-Habituated Spenders
1348,44,Male,Sweater,Clothing,95.0,Vermont,M,Cyan,Summer,3.9,0,2-Day Shipping,1,1,47,Bank Transfer,Monthly,0,12,organic_block,1140.0,1,0,1,0,1.0,1,0,0,0,Mid-Age (35-49),0.4475542216886754,0.6468188775510204,Medium,High,1,0,1,S4,Promo-Habituated Spenders
1349,19,Male,Belt,Accessories,54.0,Nebraska,Xl,Purple,Spring,3.2,0,Standard,1,1,23,Credit Card,Fortnightly,0,26,organic_block,1404.0,0,0,0,0,1.0,1,0,0,0,Teen (18-24),0.3132428971588635,0.3029948979591836,Medium,Low,0,1,0,S2,Promo-Dependent Buyers
1350,21,Male,Socks,Clothing,36.0,South Carolina,Xl,Black,Spring,3.2,0,Next Day Air,1,1,23,Cash,Bi-Weekly,0,26,organic_block,936.0,0,1,0,0,1.0,1,0,0,0,Teen (18-24),0.3132428971588635,0.2242448979591836,Medium,Low,1,0,1,S2,Promo-Dependent Buyers
1351,31,Male,Sunglasses,Accessories,71.0,Delaware,M,Orange,Fall,4.3,0,Next Day Air,1,1,1,Cash,Every 3 Months,0,4,organic_block,284.0,0,0,0,1,1.0,1,1,0,0,Young Adult (25-34),0.1587058823529411,0.3311249999999999,Low,Low,1,0,0,S0,General Buyers
1352,30,Male,Coat,Outerwear,31.0,Vermont,L,Maroon,Summer,2.8,0,2-Day Shipping,1,1,28,Bank Transfer,Quarterly,0,4,organic_block,124.0,0,1,0,0,1.0,1,0,0,1,Young Adult (25-34),0.2040120048019207,0.2038801020408163,Low,Low,1,0,3,S0,General Buyers
1353,65,Male,Hat,Accessories,89.0,Indiana,Xl,Orange,Spring,4.5,0,Next Day Air,1,1,37,Credit Card,Bi-Weekly,0,26,organic_block,2314.0,1,0,0,0,1.0,1,1,1,0,Senior (50-70),0.5029571828731493,0.6055484693877551,High,High,1,1,0,S4,Promo-Habituated Spenders
1354,39,Male,Pants,Clothing,83.0,Oregon,M,Teal,Winter,4.1,0,Next Day Air,1,1,4,Cash,Every 3 Months,0,4,organic_block,332.0,1,0,0,1,1.0,1,1,0,0,Mid-Age (35-49),0.1610732292917166,0.3869311224489795,Low,Low,1,0,1,S4,Promo-Habituated Spenders
1355,64,Male,Backpack,Accessories,42.0,Maryland,M,Gray,Spring,3.6,0,2-Day Shipping,1,1,21,Bank Transfer,Quarterly,0,4,organic_block,168.0,0,0,0,0,1.0,1,0,0,0,Senior (50-70),0.2251548619447779,0.2642908163265306,Low,Low,1,0,0,S2,Promo-Dependent Buyers
1356,59,Male,Shorts,Clothing,91.0,Florida,M,Blue,Summer,3.0,0,2-Day Shipping,1,1,50,Paypal,Bi-Weekly,0,26,organic_block,2366.0,1,0,1,0,1.0,1,0,0,0,Senior (50-70),0.4625490196078431,0.590625,High,Medium,1,1,1,S4,Promo-Habituated Spenders
1357,49,Male,Jacket,Outerwear,61.0,Indiana,M,Cyan,Spring,4.0,0,Free Shipping,1,1,34,Bank Transfer,Annually,0,1,organic_block,61.0,0,0,0,0,1.0,1,1,0,0,Mid-Age (35-49),0.3220408163265306,0.4377423469387754,Medium,Medium,0,0,3,S0,General Buyers
1358,24,Male,Backpack,Accessories,66.0,Texas,S,Red,Summer,3.5,0,Next Day Air,1,1,20,Cash,Quarterly,0,4,organic_block,264.0,0,0,0,0,1.0,1,0,0,0,Teen (18-24),0.211032412965186,0.358188775510204,Low,Low,1,0,0,S0,General Buyers
1359,19,Male,Scarf,Accessories,22.0,Nebraska,Xl,Pink,Spring,2.5,0,Store Pickup,1,1,25,Venmo,Every 3 Months,0,4,organic_block,88.0,0,1,0,0,1.0,1,0,0,1,Teen (18-24),0.1616446578631452,0.1311989795918367,Low,Low,0,1,0,S0,General Buyers
1360,27,Male,Hoodie,Clothing,68.0,North Carolina,S,Cyan,Winter,4.3,0,Store Pickup,1,1,26,Bank Transfer,Fortnightly,0,26,organic_block,1768.0,0,0,0,0,1.0,1,1,0,0,Young Adult (25-34),0.419610244097639,0.4455510204081632,Medium,Medium,0,0,1,S0,General Buyers
1361,56,Male,Skirt,Clothing,43.0,Alabama,L,Black,Fall,2.8,0,Express,1,1,4,Bank Transfer,Annually,0,1,organic_block,43.0,0,0,0,1,1.0,1,0,0,1,Senior (50-70),0.0423673469387754,0.1339311224489796,Low,Low,1,0,1,S2,Promo-Dependent Buyers
1362,49,Male,Dress,Clothing,32.0,Alabama,M,Beige,Fall,3.7,0,Next Day Air,1,1,39,Debit Card,Monthly,0,12,organic_block,384.0,0,1,1,0,1.0,1,0,0,0,Mid-Age (35-49),0.3825746298519408,0.3183775510204081,Medium,Low,1,1,1,S0,General Buyers
1363,41,Male,Coat,Outerwear,46.0,Colorado,M,Gray,Fall,4.3,0,Express,1,1,29,Cash,Weekly,0,52,organic_block,2392.0,0,0,0,0,1.0,1,1,0,0,Mid-Age (35-49),0.5654285714285714,0.3646071428571428,High,Low,1,0,3,S0,General Buyers
1364,36,Male,Blouse,Clothing,90.0,Wisconsin,L,Red,Summer,4.0,0,Express,1,1,47,Paypal,Quarterly,0,4,organic_block,360.0,1,0,1,0,1.0,1,1,0,0,Mid-Age (35-49),0.4163385354141656,0.6309438775510203,Medium,High,1,1,1,S4,Promo-Habituated Spenders
1365,68,Male,Hat,Accessories,75.0,Delaware,L,Yellow,Fall,4.7,0,Express,1,1,5,Cash,Every 3 Months,0,4,organic_block,300.0,0,0,0,1,1.0,1,1,1,0,Senior (50-70),0.2151956782713085,0.3930331632653061,Low,Low,1,0,0,S0,General Buyers
1366,28,Male,Handbag,Accessories,69.0,Indiana,M,Magenta,Winter,4.5,0,Store Pickup,1,1,18,Bank Transfer,Fortnightly,0,26,organic_block,1794.0,0,0,0,0,1.0,1,1,1,0,Young Adult (25-34),0.3866306522609044,0.421109693877551,Medium,Low,0,0,0,S0,General Buyers
1367,45,Male,Belt,Accessories,40.0,Iowa,M,Magenta,Fall,3.1,0,Free Shipping,1,1,10,Credit Card,Fortnightly,0,26,organic_block,1040.0,0,0,0,1,1.0,1,0,0,0,Mid-Age (35-49),0.2256510604241696,0.1694183673469387,Low,Low,0,1,0,S2,Promo-Dependent Buyers
1368,60,Male,Belt,Accessories,63.0,Iowa,S,Black,Fall,3.8,0,Express,1,1,25,Cash,Quarterly,0,4,organic_block,252.0,0,0,0,0,1.0,1,0,0,0,Senior (50-70),0.2656446578631452,0.3885739795918367,Low,Low,1,0,0,S0,General Buyers
1369,21,Male,Shirt,Clothing,36.0,Wisconsin,L,Orange,Summer,4.9,0,Express,1,1,2,Cash,Weekly,0,52,organic_block,1872.0,0,1,0,1,1.0,1,1,1,0,Teen (18-24),0.4481224489795919,0.2191020408163265,Medium,Low,1,0,1,S2,Promo-Dependent Buyers
1370,32,Male,Shoes,Footwear,75.0,Iowa,M,Green,Winter,3.2,0,Standard,1,1,48,Venmo,Fortnightly,0,26,organic_block,1950.0,0,0,1,0,1.0,1,0,0,0,Young Adult (25-34),0.4663041216486594,0.5224209183673469,High,Medium,0,1,2,S0,General Buyers
1371,27,Male,Scarf,Accessories,67.0,Montana,L,Peach,Summer,3.8,0,2-Day Shipping,1,1,41,Bank Transfer,Every 3 Months,1,4,organic_block,268.0,0,0,1,0,1.0,1,0,0,0,Young Adult (25-34),0.3636038415366146,0.4877066326530612,Medium,Medium,1,0,0,S0,General Buyers
1372,40,Male,Pants,Clothing,64.0,Mississippi,M,Charcoal,Spring,2.8,0,Store Pickup,1,1,42,Credit Card,Monthly,0,12,organic_block,768.0,0,0,1,0,1.0,1,0,0,1,Mid-Age (35-49),0.3289419767907163,0.4196836734693877,Medium,Low,0,1,1,S0,General Buyers
1373,64,Male,Blouse,Clothing,61.0,Michigan,M,Gray,Fall,4.0,0,2-Day Shipping,1,1,44,Paypal,Bi-Weekly,0,26,organic_block,1586.0,0,0,1,0,1.0,1,1,0,0,Senior (50-70),0.5058143257302921,0.4887627551020408,High,Medium,1,1,1,S0,General Buyers
1374,18,Male,Gloves,Accessories,40.0,Virginia,L,Turquoise,Winter,2.6,0,Store Pickup,1,1,6,Cash,Quarterly,0,4,organic_block,160.0,0,0,0,1,1.0,1,0,0,1,Teen (18-24),0.0533181272509003,0.1190102040816326,Low,Low,0,0,0,S2,Promo-Dependent Buyers
1375,22,Male,Handbag,Accessories,97.0,New York,M,Red,Fall,2.7,0,Free Shipping,1,1,5,Bank Transfer,Quarterly,0,4,organic_block,388.0,1,0,0,1,1.0,1,0,0,1,Teen (18-24),0.0551956782713085,0.3692831632653061,Low,Low,0,0,0,S4,Promo-Habituated Spenders
1376,42,Male,Sneakers,Footwear,31.0,Maine,L,Brown,Spring,4.1,0,2-Day Shipping,1,1,8,Credit Card,Annually,0,1,organic_block,31.0,0,1,0,1,1.0,1,1,0,0,Mid-Age (35-49),0.1708571428571428,0.1798392857142857,Low,Low,1,1,2,S2,Promo-Dependent Buyers
1377,57,Male,Sandals,Footwear,65.0,New Jersey,L,Pink,Spring,5.0,0,Free Shipping,1,1,24,Paypal,Annually,0,1,organic_block,65.0,0,0,0,0,1.0,1,1,1,0,Senior (50-70),0.3408163265306122,0.4642219387755102,Medium,Medium,0,1,2,S0,General Buyers
1378,33,Male,Sunglasses,Accessories,54.0,Maryland,L,Olive,Spring,3.0,0,Next Day Air,1,1,42,Venmo,Monthly,0,12,organic_block,648.0,0,0,1,0,1.0,1,0,0,0,Young Adult (25-34),0.3449419767907163,0.3879336734693878,Medium,Low,1,1,0,S0,General Buyers
1379,37,Male,Jacket,Outerwear,49.0,Kentucky,Xl,Lavender,Fall,3.6,0,Free Shipping,1,1,24,Venmo,Weekly,0,52,organic_block,2548.0,0,0,0,0,1.0,1,0,0,0,Mid-Age (35-49),0.4788163265306123,0.3102219387755102,High,Low,0,1,3,S2,Promo-Dependent Buyers
1380,21,Male,T-Shirt,Clothing,64.0,Minnesota,L,Purple,Fall,2.8,0,2-Day Shipping,1,1,38,Venmo,Bi-Weekly,0,26,organic_block,1664.0,0,0,1,0,1.0,1,0,0,1,Teen (18-24),0.373079631852741,0.3992755102040816,Medium,Low,1,1,1,S0,General Buyers
1381,51,Male,Sneakers,Footwear,35.0,Massachusetts,S,Beige,Winter,4.6,0,Standard,1,1,41,Cash,Fortnightly,0,26,organic_block,910.0,0,1,1,0,1.0,1,1,1,0,Senior (50-70),0.5354469787915166,0.3957066326530611,High,Low,0,0,2,S0,General Buyers
1382,30,Male,Shoes,Footwear,86.0,Illinois,L,Green,Winter,2.9,0,Standard,1,1,48,Venmo,Quarterly,0,4,organic_block,344.0,1,0,1,0,1.0,1,0,0,1,Young Adult (25-34),0.3344609843937574,0.5525459183673469,Medium,Medium,0,1,2,S4,Promo-Habituated Spenders
1383,68,Male,Jacket,Outerwear,55.0,Michigan,L,Brown,Winter,4.8,0,Express,1,1,16,Bank Transfer,Quarterly,0,4,organic_block,220.0,0,0,0,0,1.0,1,1,1,0,Senior (50-70),0.2905426170468187,0.3676556122448979,Low,Low,1,0,3,S2,Promo-Dependent Buyers
1384,36,Male,Scarf,Accessories,58.0,Wisconsin,M,Beige,Spring,3.3,0,Express,1,1,4,Venmo,Monthly,0,12,organic_block,696.0,0,0,0,1,1.0,1,0,0,0,Mid-Age (35-49),0.1362889155662264,0.2295561224489795,Low,Low,1,1,0,S2,Promo-Dependent Buyers
1385,46,Male,Sneakers,Footwear,96.0,Alaska,M,Beige,Fall,4.6,0,Standard,1,1,8,Bank Transfer,Weekly,0,52,organic_block,4992.0,1,0,0,1,1.0,1,1,1,0,Mid-Age (35-49),0.4608571428571428,0.4942142857142856,High,Medium,0,0,2,S4,Promo-Habituated Spenders
1386,41,Male,Jewelry,Accessories,64.0,Mississippi,M,Indigo,Fall,2.6,0,Store Pickup,1,1,1,Bank Transfer,Bi-Weekly,0,26,organic_block,1664.0,0,0,0,1,1.0,1,0,0,1,Mid-Age (35-49),0.1305490196078431,0.1985,Low,Low,0,0,0,S0,General Buyers
1387,68,Male,Jacket,Outerwear,56.0,Oregon,M,Silver,Fall,4.0,0,Next Day Air,1,1,4,Debit Card,Quarterly,0,4,organic_block,224.0,0,0,0,1,1.0,1,1,0,0,Senior (50-70),0.1530732292917166,0.2628061224489796,Low,Low,1,1,3,S2,Promo-Dependent Buyers
1388,21,Male,Blouse,Clothing,85.0,Maryland,M,Gold,Winter,3.8,0,Standard,1,1,20,Credit Card,Monthly,0,12,organic_block,1020.0,1,0,0,0,1.0,1,0,0,0,Teen (18-24),0.2742480992396958,0.459313775510204,Low,Medium,0,1,1,S4,Promo-Habituated Spenders
1389,62,Male,Dress,Clothing,23.0,Arkansas,M,Lavender,Spring,3.9,0,Express,1,1,40,Cash,Quarterly,0,4,organic_block,92.0,0,1,1,0,1.0,1,0,0,0,Senior (50-70),0.3654813925570228,0.2961045918367346,Medium,Low,1,0,1,S0,General Buyers
1390,59,Male,Scarf,Accessories,72.0,Illinois,L,Orange,Fall,2.6,0,Store Pickup,1,1,8,Debit Card,Fortnightly,0,26,organic_block,1872.0,0,0,0,1,1.0,1,0,0,1,Senior (50-70),0.173406162464986,0.2692142857142857,Low,Low,0,1,0,S0,General Buyers
1391,25,Male,Hat,Accessories,38.0,Arkansas,M,Maroon,Summer,4.3,0,Standard,1,1,42,Debit Card,Weekly,0,52,organic_block,1976.0,0,1,1,0,1.0,1,1,0,0,Young Adult (25-34),0.6450204081632653,0.3959336734693877,High,Low,0,1,0,S0,General Buyers
1392,53,Male,Blouse,Clothing,29.0,Mississippi,S,White,Winter,3.6,0,Express,1,1,38,Credit Card,Annually,0,1,organic_block,29.0,0,1,1,0,1.0,1,0,0,0,Senior (50-70),0.314530612244898,0.2941505102040816,Medium,Low,1,1,1,S0,General Buyers
1393,31,Male,Gloves,Accessories,46.0,Arkansas,M,Yellow,Spring,4.2,0,Express,1,1,34,Venmo,Every 3 Months,0,4,organic_block,184.0,0,0,0,0,1.0,1,1,0,0,Young Adult (25-34),0.3527466986794718,0.3841173469387755,Medium,Low,1,1,0,S0,General Buyers
1394,46,Male,Gloves,Accessories,58.0,Idaho,L,Yellow,Spring,3.9,0,Express,1,1,14,Paypal,Fortnightly,0,26,organic_block,1508.0,0,0,0,0,1.0,1,0,0,0,Mid-Age (35-49),0.3141408563425369,0.3165765306122449,Medium,Low,1,1,0,S2,Promo-Dependent Buyers
1395,26,Male,Coat,Outerwear,43.0,Iowa,L,Magenta,Fall,4.7,0,Next Day Air,1,1,39,Cash,Weekly,0,52,organic_block,2236.0,0,0,1,0,1.0,1,1,1,0,Young Adult (25-34),0.6586530612244899,0.4265025510204081,High,Low,1,0,3,S0,General Buyers
1396,47,Male,Scarf,Accessories,32.0,West Virginia,L,Turquoise,Spring,2.8,0,Next Day Air,1,1,40,Paypal,Bi-Weekly,0,26,organic_block,832.0,0,1,1,0,1.0,1,0,0,1,Mid-Age (35-49),0.3853245298119247,0.2694795918367346,Medium,Low,1,1,0,S0,General Buyers
1397,37,Male,Pants,Clothing,30.0,Wisconsin,Xl,Lavender,Winter,3.0,0,Next Day Air,1,1,49,Debit Card,Monthly,0,12,organic_block,360.0,0,1,1,0,1.0,1,0,0,0,Mid-Age (35-49),0.3877991196478592,0.3186479591836735,Medium,Low,1,1,1,S0,General Buyers
1398,55,Male,Sunglasses,Accessories,67.0,Massachusetts,S,Magenta,Summer,4.7,0,Store Pickup,1,1,33,Paypal,Annually,0,1,organic_block,67.0,0,0,0,0,1.0,1,1,1,0,Senior (50-70),0.3719183673469388,0.500890306122449,Medium,Medium,0,1,0,S0,General Buyers
1399,30,Male,Dress,Clothing,45.0,Texas,M,Cyan,Summer,2.5,0,Free Shipping,1,1,25,Credit Card,Weekly,0,52,organic_block,2340.0,0,0,0,0,1.0,1,0,0,1,Young Adult (25-34),0.396938775510204,0.2318239795918367,Medium,Low,0,1,1,S0,General Buyers
1400,19,Male,Hat,Accessories,81.0,Nebraska,M,Olive,Winter,3.1,0,Store Pickup,1,1,48,Venmo,Annually,0,1,organic_block,81.0,1,0,1,0,1.0,1,0,0,0,Teen (18-24),0.3357551020408162,0.5426709183673469,Medium,Medium,0,1,0,S4,Promo-Habituated Spenders
1401,36,Male,Backpack,Accessories,23.0,Nevada,M,Red,Fall,3.6,0,Next Day Air,1,1,22,Credit Card,Every 3 Months,0,4,organic_block,92.0,0,1,0,0,1.0,1,0,0,0,Mid-Age (35-49),0.2312773109243697,0.1862678571428571,Low,Low,1,1,0,S2,Promo-Dependent Buyers
1402,23,Male,Sandals,Footwear,59.0,Indiana,M,Blue,Fall,3.5,0,2-Day Shipping,1,1,1,Paypal,Weekly,0,52,organic_block,3068.0,0,0,0,1,1.0,1,0,0,0,Teen (18-24),0.33,0.230625,Medium,Low,1,1,2,S2,Promo-Dependent Buyers
1403,62,Male,Sunglasses,Accessories,21.0,North Dakota,L,White,Summer,3.1,0,Express,1,1,47,Paypal,Monthly,0,12,organic_block,252.0,0,1,1,0,1.0,1,0,0,0,Senior (50-70),0.3835542216886755,0.2750688775510204,Medium,Low,1,1,0,S0,General Buyers
1404,26,Male,Backpack,Accessories,20.0,Georgia,M,Peach,Spring,3.6,0,Store Pickup,1,1,20,Credit Card,Bi-Weekly,0,26,organic_block,520.0,0,1,0,0,1.0,1,0,0,0,Young Adult (25-34),0.3268755502200881,0.162938775510204,Medium,Low,0,1,0,S2,Promo-Dependent Buyers
1405,36,Male,Jewelry,Accessories,28.0,New Mexico,M,Charcoal,Winter,3.5,0,Next Day Air,1,1,10,Debit Card,Weekly,0,52,organic_block,1456.0,0,1,0,1,1.0,1,0,0,0,Mid-Age (35-49),0.3851020408163265,0.1409183673469387,Medium,Low,1,1,0,S2,Promo-Dependent Buyers
1406,33,Male,Socks,Clothing,100.0,New Hampshire,M,Peach,Winter,2.7,0,Store Pickup,1,1,39,Credit Card,Monthly,0,12,organic_block,1200.0,1,0,1,0,1.0,1,0,0,1,Young Adult (25-34),0.3025746298519408,0.5558775510204081,Low,Medium,0,1,1,S4,Promo-Habituated Spenders
1407,32,Male,Shirt,Clothing,46.0,Washington,L,Turquoise,Spring,3.6,0,Express,1,1,15,Debit Card,Monthly,0,12,organic_block,552.0,0,0,0,0,1.0,1,0,0,0,Young Adult (25-34),0.2276358543417367,0.2511785714285714,Low,Low,1,1,1,S2,Promo-Dependent Buyers
1408,56,Male,Handbag,Accessories,61.0,Nevada,Xl,Charcoal,Spring,4.5,0,Express,1,1,11,Credit Card,Annually,0,1,organic_block,61.0,0,0,0,1,1.0,1,1,1,0,Senior (50-70),0.2212244897959184,0.3503954081632653,Low,Low,1,1,0,S0,General Buyers
1409,58,Male,Blouse,Clothing,58.0,Maine,M,Yellow,Winter,4.1,0,Free Shipping,1,1,38,Venmo,Weekly,0,52,organic_block,3016.0,0,0,1,0,1.0,1,1,0,0,Senior (50-70),0.6045306122448979,0.4510255102040815,High,Medium,0,1,1,S0,General Buyers
1410,34,Male,Backpack,Accessories,50.0,Idaho,M,Blue,Spring,4.2,0,Standard,1,1,41,Cash,Fortnightly,0,26,organic_block,1300.0,0,0,1,0,1.0,1,1,0,0,Young Adult (25-34),0.5034469787915166,0.4373316326530612,High,Medium,0,0,0,S0,General Buyers
1411,61,Male,Hat,Accessories,93.0,Tennessee,M,Purple,Summer,4.0,0,Store Pickup,1,1,18,Debit Card,Annually,0,1,organic_block,93.0,1,0,0,0,1.0,1,1,0,0,Senior (50-70),0.2240816326530612,0.496109693877551,Low,Medium,0,1,0,S4,Promo-Habituated Spenders
1412,48,Male,Skirt,Clothing,24.0,Louisiana,L,Green,Summer,2.8,0,Store Pickup,1,1,13,Venmo,Quarterly,0,4,organic_block,96.0,0,1,0,1,1.0,1,0,0,1,Mid-Age (35-49),0.1121752701080432,0.0967244897959183,Low,Low,0,1,1,S2,Promo-Dependent Buyers
1413,25,Male,Shorts,Clothing,100.0,Michigan,M,Charcoal,Summer,2.6,0,2-Day Shipping,1,1,43,Venmo,Annually,0,1,organic_block,100.0,1,0,1,0,1.0,1,0,0,1,Young Adult (25-34),0.2651428571428571,0.5702857142857143,Low,Medium,1,1,1,S4,Promo-Habituated Spenders
1414,51,Male,Blouse,Clothing,79.0,New Hampshire,S,Indigo,Fall,2.7,0,Store Pickup,1,1,12,Bank Transfer,Quarterly,0,4,organic_block,316.0,0,0,0,1,1.0,1,0,0,1,Senior (50-70),0.0980528211284514,0.3262474489795918,Low,Low,0,0,1,S0,General Buyers
1415,29,Male,Socks,Clothing,51.0,Minnesota,M,Black,Summer,4.5,0,Store Pickup,1,1,3,Credit Card,Bi-Weekly,0,26,organic_block,1326.0,0,0,0,1,1.0,1,1,1,0,Young Adult (25-34),0.2947939175670268,0.265829081632653,Low,Low,0,1,1,S2,Promo-Dependent Buyers
1416,54,Male,Belt,Accessories,90.0,Illinois,M,Blue,Winter,3.7,0,Free Shipping,1,1,12,Credit Card,Every 3 Months,0,4,organic_block,360.0,1,0,0,1,1.0,1,0,0,0,Senior (50-70),0.1780528211284514,0.4343724489795918,Low,Medium,0,1,0,S4,Promo-Habituated Spenders
1417,48,Male,Boots,Footwear,56.0,Idaho,L,Silver,Summer,3.4,0,Free Shipping,1,1,46,Cash,Quarterly,0,4,organic_block,224.0,0,0,1,0,1.0,1,0,0,0,Mid-Age (35-49),0.3622160864345738,0.4410918367346939,Medium,Medium,0,0,2,S0,General Buyers
1418,62,Male,Shorts,Clothing,25.0,Montana,S,Brown,Spring,4.6,0,Standard,1,1,21,Debit Card,Fortnightly,0,26,organic_block,650.0,0,1,0,0,1.0,1,1,1,0,Senior (50-70),0.4129979991996798,0.2499158163265306,Medium,Low,0,1,1,S2,Promo-Dependent Buyers
1419,18,Male,Shirt,Clothing,75.0,Alabama,M,Violet,Summer,4.1,0,2-Day Shipping,1,1,23,Venmo,Every 3 Months,0,4,organic_block,300.0,0,0,0,0,1.0,1,1,0,0,Teen (18-24),0.2773997599039616,0.4488698979591836,Low,Medium,1,1,1,S0,General Buyers
1420,43,Male,Handbag,Accessories,75.0,Montana,M,Orange,Summer,2.6,0,Free Shipping,1,1,4,Debit Card,Quarterly,0,4,organic_block,300.0,0,0,0,1,1.0,1,0,0,1,Mid-Age (35-49),0.0410732292917166,0.2619311224489796,Low,Low,0,1,0,S0,General Buyers
1421,22,Male,Jeans,Clothing,53.0,California,Xl,Gray,Summer,4.6,0,Store Pickup,1,1,45,Paypal,Every 3 Months,0,4,organic_block,212.0,0,0,1,0,1.0,1,1,1,0,Teen (18-24),0.452093637454982,0.4948647959183673,Medium,Medium,0,1,1,S0,General Buyers
1422,68,Male,Dress,Clothing,100.0,Pennsylvania,S,Gold,Spring,3.0,0,Standard,1,1,24,Bank Transfer,Fortnightly,0,26,organic_block,2600.0,1,0,0,0,1.0,1,0,0,0,Senior (50-70),0.3033653461384553,0.4973469387755102,Medium,Medium,0,0,1,S4,Promo-Habituated Spenders
1423,44,Male,Dress,Clothing,27.0,Texas,L,Charcoal,Fall,3.4,0,Free Shipping,1,1,3,Paypal,Bi-Weekly,0,26,organic_block,702.0,0,1,0,1,1.0,1,0,0,0,Mid-Age (35-49),0.2067939175670268,0.094829081632653,Low,Low,0,1,1,S2,Promo-Dependent Buyers
1424,51,Male,Sandals,Footwear,60.0,Michigan,S,Black,Fall,3.5,0,Free Shipping,1,1,12,Venmo,Every 3 Months,0,4,organic_block,240.0,0,0,0,1,1.0,1,0,0,0,Senior (50-70),0.1620528211284514,0.2911224489795918,Low,Low,0,1,2,S0,General Buyers
1425,66,Male,Jacket,Outerwear,23.0,Connecticut,S,Indigo,Fall,3.5,0,Standard,1,1,34,Bank Transfer,Every 3 Months,0,4,organic_block,92.0,0,1,0,0,1.0,1,0,0,0,Senior (50-70),0.2967466986794718,0.2414923469387755,Low,Low,0,0,3,S0,General Buyers
1426,59,Male,Coat,Outerwear,40.0,Wyoming,S,White,Winter,3.7,0,Next Day Air,1,1,39,Credit Card,Annually,0,1,organic_block,40.0,0,0,1,0,1.0,1,0,0,0,Senior (50-70),0.3286530612244898,0.3533775510204082,Medium,Low,1,1,3,S0,General Buyers
1427,60,Male,Pants,Clothing,38.0,Michigan,M,Yellow,Summer,4.8,0,Free Shipping,1,1,35,Paypal,Every 3 Months,0,4,organic_block,152.0,0,1,0,0,1.0,1,1,1,0,Senior (50-70),0.4068691476590636,0.390219387755102,Medium,Low,0,1,1,S0,General Buyers
1428,31,Male,Backpack,Accessories,90.0,South Dakota,S,Orange,Summer,4.9,0,Store Pickup,1,1,8,Credit Card,Annually,0,1,organic_block,90.0,1,0,0,1,1.0,1,1,1,0,Young Adult (25-34),0.2348571428571429,0.4859642857142857,Low,Medium,0,1,0,S4,Promo-Habituated Spenders
1429,20,Male,Blouse,Clothing,97.0,North Dakota,S,Green,Summer,4.9,0,Express,1,1,42,Paypal,Quarterly,0,4,organic_block,388.0,1,0,1,0,1.0,1,1,1,0,Teen (18-24),0.4577262905162065,0.6900586734693878,High,High,1,1,1,S4,Promo-Habituated Spenders
1430,24,Male,Skirt,Clothing,38.0,Maryland,L,Gold,Fall,4.7,0,Standard,1,1,6,Credit Card,Every 3 Months,0,4,organic_block,152.0,0,1,0,1,1.0,1,1,1,0,Teen (18-24),0.2213181272509004,0.2362602040816326,Low,Low,0,1,1,S2,Promo-Dependent Buyers
1431,48,Male,Sandals,Footwear,30.0,Michigan,S,Orange,Summer,4.9,0,Free Shipping,1,1,3,Credit Card,Fortnightly,0,26,organic_block,780.0,0,1,0,1,1.0,1,1,1,0,Mid-Age (35-49),0.3267939175670268,0.197954081632653,Medium,Low,0,1,2,S2,Promo-Dependent Buyers
1432,39,Male,Pants,Clothing,88.0,South Dakota,M,Cyan,Fall,2.9,0,Express,1,1,29,Venmo,Quarterly,0,4,organic_block,352.0,1,0,0,0,1.0,1,0,0,1,Mid-Age (35-49),0.2181344537815125,0.4643571428571428,Low,Medium,1,1,1,S4,Promo-Habituated Spenders
1433,34,Male,Hat,Accessories,33.0,Florida,L,Black,Winter,4.4,0,Express,1,1,32,Debit Card,Quarterly,0,4,organic_block,132.0,0,1,0,0,1.0,1,1,0,0,Young Adult (25-34),0.3565018007202881,0.3290382653061224,Medium,Low,1,1,0,S0,General Buyers
1434,70,Male,Hoodie,Clothing,60.0,Minnesota,L,Yellow,Winter,3.2,0,Next Day Air,1,1,45,Debit Card,Weekly,0,52,organic_block,3120.0,0,0,1,0,1.0,1,0,0,0,Senior (50-70),0.5753877551020409,0.4414897959183673,High,Medium,1,1,1,S0,General Buyers
1435,59,Male,Sweater,Clothing,64.0,New York,L,Maroon,Summer,4.6,0,Free Shipping,1,1,21,Debit Card,Bi-Weekly,0,26,organic_block,1664.0,0,0,0,0,1.0,1,1,1,0,Senior (50-70),0.4129979991996798,0.4205408163265306,Medium,Low,0,1,1,S0,General Buyers
1436,45,Male,Scarf,Accessories,95.0,Oregon,Xl,Black,Fall,4.0,0,Standard,1,1,41,Cash,Weekly,0,52,organic_block,4940.0,1,0,1,0,1.0,1,1,0,0,Mid-Age (35-49),0.6148979591836734,0.6222066326530612,High,High,0,0,0,S4,Promo-Habituated Spenders
1437,35,Male,Sneakers,Footwear,83.0,Minnesota,M,Gray,Winter,3.7,0,Free Shipping,1,1,23,Paypal,Fortnightly,0,26,organic_block,2158.0,1,0,0,0,1.0,1,0,0,0,Mid-Age (35-49),0.3532428971588636,0.4598698979591836,Medium,Medium,0,1,2,S4,Promo-Habituated Spenders
1438,69,Male,Boots,Footwear,97.0,Montana,Xl,Orange,Winter,4.2,0,Free Shipping,1,1,14,Cash,Annually,0,1,organic_block,97.0,1,0,0,0,1.0,1,1,0,0,Senior (50-70),0.2155918367346939,0.5052015306122449,Low,Medium,0,0,2,S4,Promo-Habituated Spenders
1439,58,Male,Coat,Outerwear,38.0,Washington,M,Cyan,Spring,2.9,0,Standard,1,1,24,Debit Card,Monthly,0,12,organic_block,456.0,0,1,0,0,1.0,1,0,0,1,Senior (50-70),0.2267378951580632,0.2200969387755102,Low,Low,0,1,3,S2,Promo-Dependent Buyers
1440,25,Male,Boots,Footwear,48.0,New Mexico,M,Magenta,Summer,4.8,0,Next Day Air,1,1,25,Cash,Fortnightly,0,26,organic_block,1248.0,0,0,0,0,1.0,1,1,1,0,Young Adult (25-34),0.4534877951180472,0.3829489795918367,Medium,Low,1,0,2,S0,General Buyers
1441,27,Male,Sandals,Footwear,76.0,Arizona,M,Pink,Spring,4.4,0,Standard,1,1,13,Venmo,Monthly,0,12,organic_block,912.0,0,0,0,1,1.0,1,1,0,0,Young Adult (25-34),0.279390956382553,0.4202244897959183,Low,Low,0,1,2,S0,General Buyers
1442,34,Male,Pants,Clothing,25.0,Nebraska,S,Turquoise,Summer,3.4,0,Free Shipping,1,1,3,Venmo,Every 3 Months,0,4,organic_block,100.0,0,1,0,1,1.0,1,0,0,0,Young Adult (25-34),0.0989507803121248,0.086079081632653,Low,Low,0,1,1,S2,Promo-Dependent Buyers
1443,53,Male,Hoodie,Clothing,92.0,Idaho,S,Violet,Spring,2.8,0,2-Day Shipping,1,1,42,Credit Card,Annually,0,1,organic_block,92.0,1,0,1,0,1.0,1,0,0,1,Senior (50-70),0.2750204081632653,0.5421836734693878,Low,Medium,1,1,1,S4,Promo-Habituated Spenders
1444,58,Male,Sandals,Footwear,47.0,Idaho,L,Teal,Fall,4.2,0,Next Day Air,1,1,2,Cash,Monthly,0,12,organic_block,564.0,0,0,0,1,1.0,1,1,0,0,Senior (50-70),0.1960440176070428,0.2252270408163265,Low,Low,1,0,2,S2,Promo-Dependent Buyers
1445,32,Male,Sweater,Clothing,36.0,Vermont,L,Pink,Fall,3.8,0,Express,1,1,26,Cash,Quarterly,0,4,organic_block,144.0,0,1,0,0,1.0,1,0,0,0,Young Adult (25-34),0.2717671068427371,0.2755510204081632,Low,Low,1,0,1,S0,General Buyers
1446,64,Male,Belt,Accessories,51.0,Arkansas,M,Gold,Fall,3.1,0,2-Day Shipping,1,1,24,Credit Card,Annually,0,1,organic_block,51.0,0,0,0,0,1.0,1,0,0,0,Senior (50-70),0.1888163265306122,0.2889719387755102,Low,Low,1,1,0,S2,Promo-Dependent Buyers
1447,63,Male,Jeans,Clothing,35.0,Wyoming,Xl,Red,Summer,3.2,0,Express,1,1,6,Credit Card,Quarterly,0,4,organic_block,140.0,0,1,0,1,1.0,1,0,0,0,Senior (50-70),0.1013181272509003,0.1331352040816326,Low,Low,1,1,1,S2,Promo-Dependent Buyers
1448,23,Male,Hoodie,Clothing,57.0,New Mexico,S,Beige,Summer,3.0,0,Next Day Air,1,1,25,Paypal,Monthly,0,12,organic_block,684.0,0,0,0,0,1.0,1,0,0,0,Teen (18-24),0.240860344137655,0.3143239795918368,Low,Low,1,1,1,S0,General Buyers
1449,64,Male,Boots,Footwear,95.0,West Virginia,M,Black,Summer,3.6,0,Free Shipping,1,1,11,Credit Card,Every 3 Months,0,4,organic_block,380.0,1,0,0,1,1.0,1,0,0,0,Senior (50-70),0.1639303721488595,0.4451454081632653,Low,Medium,0,1,2,S4,Promo-Habituated Spenders
1450,18,Male,Socks,Clothing,41.0,New York,L,Lavender,Winter,2.5,0,Store Pickup,1,1,20,Cash,Every 3 Months,0,4,organic_block,164.0,0,0,0,0,1.0,1,0,0,1,Teen (18-24),0.131032412965186,0.188813775510204,Low,Low,0,0,1,S2,Promo-Dependent Buyers
1451,25,Male,Dress,Clothing,44.0,Illinois,S,Teal,Winter,3.4,0,Free Shipping,1,1,25,Cash,Quarterly,0,4,organic_block,176.0,0,0,0,0,1.0,1,0,0,0,Young Adult (25-34),0.2336446578631452,0.2814489795918367,Low,Low,0,0,1,S0,General Buyers
1452,54,Male,Jacket,Outerwear,34.0,Utah,M,Maroon,Fall,2.5,0,Next Day Air,1,1,35,Paypal,Quarterly,0,4,organic_block,136.0,0,1,0,0,1.0,1,0,0,1,Senior (50-70),0.2228691476590636,0.234719387755102,Low,Low,1,1,3,S0,General Buyers
1453,60,Male,Jacket,Outerwear,25.0,Colorado,L,Blue,Spring,4.7,0,2-Day Shipping,1,1,11,Bank Transfer,Quarterly,0,4,organic_block,100.0,0,1,0,1,1.0,1,1,1,0,Senior (50-70),0.2519303721488596,0.2048954081632653,Low,Low,1,0,3,S2,Promo-Dependent Buyers
1454,36,Male,Boots,Footwear,93.0,Virginia,S,Teal,Winter,3.2,0,2-Day Shipping,1,1,41,Bank Transfer,Fortnightly,0,26,organic_block,2418.0,1,0,1,0,1.0,1,0,0,0,Mid-Age (35-49),0.4234469787915166,0.5654566326530612,Medium,Medium,1,0,2,S4,Promo-Habituated Spenders
1455,66,Male,Sneakers,Footwear,50.0,Georgia,L,Maroon,Winter,2.9,0,Free Shipping,1,1,17,Credit Card,Annually,0,1,organic_block,50.0,0,0,0,0,1.0,1,0,0,1,Senior (50-70),0.1299591836734693,0.2368826530612244,Low,Low,0,1,2,S2,Promo-Dependent Buyers
1456,60,Male,Pants,Clothing,79.0,Alabama,L,Silver,Fall,4.9,0,Express,1,1,1,Paypal,Every 3 Months,0,4,organic_block,316.0,0,0,0,1,1.0,1,1,1,0,Senior (50-70),0.2067058823529412,0.402125,Low,Low,1,1,1,S0,General Buyers
1457,59,Male,Coat,Outerwear,100.0,Montana,S,Olive,Spring,2.7,0,Store Pickup,1,1,30,Paypal,Every 3 Months,0,4,organic_block,400.0,1,0,0,0,1.0,1,0,0,1,Senior (50-70),0.2082569027611044,0.5099591836734694,Low,Medium,0,1,3,S4,Promo-Habituated Spenders
1458,58,Male,Shirt,Clothing,57.0,Pennsylvania,S,Gray,Spring,4.7,0,Express,1,1,47,Venmo,Fortnightly,0,26,organic_block,1482.0,0,0,1,0,1.0,1,1,1,0,Senior (50-70),0.5801816726690676,0.5285688775510204,High,Medium,1,1,1,S0,General Buyers
1459,35,Male,Sweater,Clothing,28.0,Missouri,M,Peach,Spring,2.9,0,2-Day Shipping,1,1,34,Venmo,Weekly,0,52,organic_block,1456.0,0,1,0,0,1.0,1,0,0,1,Mid-Age (35-49),0.4840408163265305,0.2273673469387755,High,Low,1,1,1,S0,General Buyers
1460,20,Male,Shoes,Footwear,35.0,Maine,L,Yellow,Winter,4.8,0,Express,1,1,18,Venmo,Fortnightly,0,26,organic_block,910.0,0,1,0,0,1.0,1,1,1,0,Teen (18-24),0.4106306522609043,0.290359693877551,Medium,Low,1,1,2,S2,Promo-Dependent Buyers
1461,70,Male,Boots,Footwear,85.0,Pennsylvania,L,Violet,Fall,4.6,0,Standard,1,1,33,Venmo,Bi-Weekly,0,26,organic_block,2210.0,1,0,0,0,1.0,1,1,1,0,Senior (50-70),0.4864673869547818,0.573640306122449,High,Medium,0,1,2,S4,Promo-Habituated Spenders
1462,54,Male,Sunglasses,Accessories,95.0,Oregon,S,Red,Summer,5.0,0,2-Day Shipping,1,1,42,Venmo,Quarterly,0,4,organic_block,380.0,1,0,1,0,1.0,1,1,1,0,Senior (50-70),0.4657262905162065,0.6873086734693877,High,High,1,1,0,S4,Promo-Habituated Spenders
1463,38,Male,Sneakers,Footwear,90.0,Utah,S,Charcoal,Summer,4.8,0,2-Day Shipping,1,1,2,Venmo,Quarterly,0,4,organic_block,360.0,1,0,0,1,1.0,1,1,1,0,Mid-Age (35-49),0.204828331332533,0.4493520408163265,Low,Medium,1,1,2,S4,Promo-Habituated Spenders
1464,54,Male,Jewelry,Accessories,49.0,Oklahoma,M,Beige,Summer,4.9,0,Store Pickup,1,1,1,Bank Transfer,Monthly,0,12,organic_block,588.0,0,0,0,1,1.0,1,1,1,0,Senior (50-70),0.245921568627451,0.270875,Low,Low,0,0,0,S2,Promo-Dependent Buyers
1465,33,Male,Belt,Accessories,92.0,Montana,M,Peach,Winter,4.6,0,2-Day Shipping,1,1,23,Bank Transfer,Quarterly,0,4,organic_block,368.0,1,0,0,0,1.0,1,1,1,0,Young Adult (25-34),0.3173997599039616,0.5532448979591836,Medium,Medium,1,0,0,S4,Promo-Habituated Spenders
1466,46,Male,Gloves,Accessories,72.0,Nebraska,Xl,Violet,Winter,3.9,0,Store Pickup,1,1,42,Cash,Bi-Weekly,0,26,organic_block,1872.0,0,0,1,0,1.0,1,0,0,0,Mid-Age (35-49),0.4855694277711084,0.5206836734693877,High,Medium,0,0,0,S0,General Buyers
1467,58,Male,Shorts,Clothing,71.0,Alabama,M,Green,Summer,4.5,0,Store Pickup,1,1,3,Paypal,Annually,0,1,organic_block,71.0,0,0,0,1,1.0,1,1,1,0,Senior (50-70),0.1722448979591837,0.353329081632653,Low,Low,0,1,1,S0,General Buyers
1468,30,Male,Jewelry,Accessories,27.0,Ohio,Xl,Olive,Winter,4.7,0,Store Pickup,1,1,16,Debit Card,Fortnightly,0,26,organic_block,702.0,0,1,0,0,1.0,1,1,1,0,Young Adult (25-34),0.3903857543017207,0.2391556122448979,Medium,Low,0,1,0,S2,Promo-Dependent Buyers
1469,42,Male,Gloves,Accessories,39.0,Arkansas,S,Silver,Fall,3.9,0,Express,1,1,46,Cash,Fortnightly,0,26,organic_block,1014.0,0,1,1,0,1.0,1,0,0,0,Mid-Age (35-49),0.5100592236894758,0.3967168367346938,High,Low,1,0,0,S0,General Buyers
1470,28,Male,Jewelry,Accessories,98.0,Mississippi,M,Purple,Winter,4.4,0,Standard,1,1,31,Paypal,Every 3 Months,0,4,organic_block,392.0,1,0,0,0,1.0,1,1,0,0,Young Adult (25-34),0.3503793517406963,0.6083112244897959,Medium,High,0,1,0,S4,Promo-Habituated Spenders
1471,43,Male,Sandals,Footwear,27.0,California,M,Silver,Spring,3.9,0,Next Day Air,1,1,15,Cash,Every 3 Months,0,4,organic_block,108.0,0,1,0,0,1.0,1,0,0,0,Mid-Age (35-49),0.2124201680672268,0.1860535714285714,Low,Low,1,0,2,S2,Promo-Dependent Buyers
1472,31,Male,Jewelry,Accessories,71.0,Alaska,S,Gray,Spring,2.8,0,2-Day Shipping,1,1,48,Venmo,Every 3 Months,0,4,organic_block,284.0,0,0,1,0,1.0,1,0,0,1,Young Adult (25-34),0.3264609843937574,0.4809209183673468,Medium,Medium,1,1,0,S0,General Buyers
1473,39,Male,Hat,Accessories,24.0,Indiana,L,Turquoise,Spring,3.5,0,Store Pickup,1,1,11,Cash,Weekly,0,52,organic_block,1248.0,0,1,0,1,1.0,1,0,0,0,Mid-Age (35-49),0.3912244897959184,0.1285204081632653,Medium,Low,0,0,0,S2,Promo-Dependent Buyers
1474,69,Male,Shorts,Clothing,63.0,Wisconsin,M,Violet,Fall,4.3,0,Express,1,1,20,Credit Card,Every 3 Months,0,4,organic_block,252.0,0,0,0,0,1.0,1,1,0,0,Senior (50-70),0.275032412965186,0.393063775510204,Low,Low,1,1,1,S0,General Buyers
1475,31,Male,Sweater,Clothing,72.0,New Jersey,S,Pink,Fall,3.9,0,Next Day Air,1,1,6,Credit Card,Monthly,0,12,organic_block,864.0,0,0,0,1,1.0,1,0,0,0,Young Adult (25-34),0.1965338135254101,0.3370102040816326,Low,Low,1,1,1,S0,General Buyers
1476,44,Male,Blouse,Clothing,61.0,Rhode Island,M,Teal,Spring,4.0,0,Express,1,1,24,Cash,Monthly,0,12,organic_block,732.0,0,0,0,0,1.0,1,1,0,0,Mid-Age (35-49),0.3147378951580632,0.3867219387755102,Medium,Low,1,0,1,S0,General Buyers
1477,39,Male,Hat,Accessories,56.0,Wyoming,M,Magenta,Fall,4.1,0,Next Day Air,1,1,18,Credit Card,Monthly,0,12,organic_block,672.0,0,0,0,0,1.0,1,1,0,0,Mid-Age (35-49),0.2860032012805121,0.340234693877551,Low,Low,1,1,0,S2,Promo-Dependent Buyers
1478,24,Male,Belt,Accessories,32.0,Oregon,Xl,Silver,Summer,4.3,0,Standard,1,1,1,Paypal,Every 3 Months,0,4,organic_block,128.0,0,1,0,1,1.0,1,1,0,0,Teen (18-24),0.1587058823529411,0.1605,Low,Low,0,1,0,S2,Promo-Dependent Buyers
1479,28,Male,Gloves,Accessories,23.0,Washington,M,Blue,Summer,4.2,0,Free Shipping,1,1,13,Venmo,Bi-Weekly,0,26,organic_block,598.0,0,1,0,1,1.0,1,1,0,0,Young Adult (25-34),0.3320184073629452,0.1763494897959183,Medium,Low,0,1,0,S2,Promo-Dependent Buyers
1480,48,Male,Coat,Outerwear,100.0,Washington,L,Black,Spring,4.0,0,Standard,1,1,2,Bank Transfer,Weekly,0,52,organic_block,5200.0,1,0,0,1,1.0,1,1,0,0,Mid-Age (35-49),0.3761224489795918,0.4451020408163265,Medium,Medium,0,0,3,S4,Promo-Habituated Spenders
1481,39,Male,Jewelry,Accessories,74.0,New Hampshire,M,Gold,Fall,3.6,0,Express,1,1,26,Cash,Quarterly,0,4,organic_block,296.0,0,0,0,0,1.0,1,0,0,0,Mid-Age (35-49),0.2557671068427371,0.4298010204081632,Low,Medium,1,0,0,S0,General Buyers
1482,64,Male,Skirt,Clothing,33.0,Maryland,S,Gray,Spring,3.3,0,Standard,1,1,31,Paypal,Quarterly,0,4,organic_block,132.0,0,1,0,0,1.0,1,0,0,0,Senior (50-70),0.2623793517406962,0.2579362244897959,Low,Low,0,1,1,S0,General Buyers
1483,28,Male,Gloves,Accessories,67.0,Wisconsin,S,Magenta,Spring,4.1,0,2-Day Shipping,1,1,43,Bank Transfer,Weekly,0,52,organic_block,3484.0,0,0,1,0,1.0,1,1,0,0,Young Adult (25-34),0.6351428571428571,0.5159107142857142,High,Medium,1,0,0,S0,General Buyers
1484,39,Male,Jewelry,Accessories,61.0,Massachusetts,S,Yellow,Summer,4.7,0,Next Day Air,1,1,12,Debit Card,Bi-Weekly,0,26,organic_block,1586.0,0,0,0,1,1.0,1,1,1,0,Mid-Age (35-49),0.3658959583833533,0.3674974489795918,Medium,Low,1,1,0,S0,General Buyers
1485,49,Male,Shorts,Clothing,46.0,Nebraska,M,Teal,Summer,4.4,0,Store Pickup,1,1,22,Venmo,Every 3 Months,0,4,organic_block,184.0,0,0,0,0,1.0,1,1,0,0,Mid-Age (35-49),0.2952773109243697,0.3348928571428571,Low,Low,0,1,1,S2,Promo-Dependent Buyers
1486,22,Male,Gloves,Accessories,56.0,Nebraska,L,Red,Spring,3.4,0,Standard,1,1,3,Cash,Fortnightly,0,26,organic_block,1456.0,0,0,0,1,1.0,1,0,0,0,Teen (18-24),0.2067939175670268,0.221704081632653,Low,Low,0,0,0,S2,Promo-Dependent Buyers
1487,25,Male,Sneakers,Footwear,73.0,Idaho,S,Yellow,Spring,5.0,0,Free Shipping,1,1,23,Venmo,Every 3 Months,0,4,organic_block,292.0,0,0,0,0,1.0,1,1,1,0,Young Adult (25-34),0.3493997599039616,0.4941198979591836,Medium,Medium,0,1,2,S0,General Buyers
1488,40,Male,Skirt,Clothing,44.0,Arizona,L,Black,Summer,4.6,0,Store Pickup,1,1,26,Paypal,Annually,0,1,organic_block,44.0,0,0,0,0,1.0,1,1,1,0,Mid-Age (35-49),0.3210612244897959,0.3585510204081632,Medium,Low,0,1,1,S0,General Buyers
1489,23,Male,Hat,Accessories,44.0,Hawaii,L,Pink,Winter,4.0,0,Standard,1,1,37,Credit Card,Weekly,0,52,organic_block,2288.0,0,0,0,0,1.0,1,1,0,0,Teen (18-24),0.5904081632653061,0.3786734693877551,High,Low,0,1,0,S0,General Buyers
1490,24,Male,Jewelry,Accessories,26.0,Missouri,Xl,Magenta,Summer,4.1,0,Next Day Air,1,1,42,Venmo,Quarterly,0,4,organic_block,104.0,0,1,1,0,1.0,1,1,0,0,Teen (18-24),0.3937262905162064,0.3314336734693877,Medium,Low,1,1,0,S0,General Buyers
1491,66,Male,Sneakers,Footwear,52.0,Louisiana,L,Olive,Spring,4.9,0,Express,1,1,15,Venmo,Bi-Weekly,0,26,organic_block,1352.0,0,0,0,0,1.0,1,1,1,0,Senior (50-70),0.4002633053221289,0.3554285714285714,Medium,Low,1,1,2,S2,Promo-Dependent Buyers
1492,27,Male,Shirt,Clothing,54.0,Arkansas,S,Black,Summer,2.7,0,Free Shipping,1,1,10,Bank Transfer,Quarterly,0,4,organic_block,216.0,0,0,0,1,1.0,1,0,0,1,Young Adult (25-34),0.0858079231692677,0.2066683673469387,Low,Low,0,0,1,S2,Promo-Dependent Buyers
1493,62,Male,Jacket,Outerwear,38.0,North Carolina,M,Maroon,Summer,4.5,0,Free Shipping,1,1,3,Venmo,Quarterly,0,4,organic_block,152.0,0,1,0,1,1.0,1,1,1,0,Senior (50-70),0.1869507803121248,0.208954081632653,Low,Low,0,1,3,S2,Promo-Dependent Buyers
1494,70,Male,Belt,Accessories,44.0,North Dakota,S,Gold,Fall,2.7,0,Standard,1,1,44,Credit Card,Quarterly,0,4,organic_block,176.0,0,0,1,0,1.0,1,0,0,1,Senior (50-70),0.2939711884753901,0.3363877551020408,Low,Low,0,1,0,S0,General Buyers
1495,43,Male,T-Shirt,Clothing,76.0,Montana,M,Gray,Spring,3.0,0,Next Day Air,1,1,23,Bank Transfer,Fortnightly,0,26,organic_block,1976.0,0,0,0,0,1.0,1,0,0,0,Mid-Age (35-49),0.2972428971588635,0.3872448979591836,Low,Low,1,0,1,S0,General Buyers
1496,45,Male,Jewelry,Accessories,23.0,Rhode Island,M,Brown,Winter,4.5,0,Next Day Air,1,1,6,Paypal,Weekly,0,52,organic_block,1196.0,0,1,0,1,1.0,1,1,1,0,Mid-Age (35-49),0.4406122448979592,0.1586352040816326,Medium,Low,1,1,0,S2,Promo-Dependent Buyers
1497,63,Male,T-Shirt,Clothing,98.0,Idaho,M,Purple,Winter,5.0,0,Standard,1,1,9,Venmo,Bi-Weekly,0,26,organic_block,2548.0,1,0,0,1,1.0,1,1,1,0,Senior (50-70),0.3715286114445778,0.5320663265306123,Medium,Medium,0,1,1,S4,Promo-Habituated Spenders
1498,69,Male,Jacket,Outerwear,33.0,Michigan,S,Magenta,Spring,3.8,0,2-Day Shipping,1,1,16,Debit Card,Every 3 Months,0,4,organic_block,132.0,0,1,0,0,1.0,1,0,0,0,Senior (50-70),0.2105426170468187,0.2114056122448979,Low,Low,1,1,3,S2,Promo-Dependent Buyers
1499,59,Male,Sweater,Clothing,32.0,Illinois,M,Teal,Summer,3.1,0,Standard,1,1,46,Venmo,Fortnightly,0,26,organic_block,832.0,0,1,1,0,1.0,1,0,0,0,Senior (50-70),0.4460592236894758,0.3180918367346939,Medium,Low,0,1,1,S0,General Buyers
1500,19,Male,Boots,Footwear,85.0,Georgia,S,Olive,Fall,3.4,0,Free Shipping,1,1,24,Credit Card,Every 3 Months,0,4,organic_block,340.0,1,0,0,0,1.0,1,0,0,0,Teen (18-24),0.2275222088835534,0.4557219387755102,Low,Medium,0,1,2,S4,Promo-Habituated Spenders
1501,63,Male,Jeans,Clothing,69.0,Alabama,L,Maroon,Summer,4.8,0,Next Day Air,1,1,22,Debit Card,Monthly,0,12,organic_block,828.0,0,0,0,0,1.0,1,1,1,0,Senior (50-70),0.3664929971988795,0.4595178571428571,Medium,Medium,1,1,1,S0,General Buyers
1502,37,Male,Jeans,Clothing,55.0,Alaska,Xl,Silver,Spring,2.7,0,Standard,1,1,13,Debit Card,Every 3 Months,0,4,organic_block,220.0,0,0,0,1,1.0,1,0,0,1,Mid-Age (35-49),0.1041752701080432,0.2263494897959183,Low,Low,0,1,1,S2,Promo-Dependent Buyers
1503,37,Male,Pants,Clothing,66.0,Massachusetts,M,Black,Summer,3.2,0,Store Pickup,1,1,20,Cash,Fortnightly,0,26,organic_block,1716.0,0,0,0,0,1.0,1,0,0,0,Mid-Age (35-49),0.294875550220088,0.3401887755102041,Low,Low,0,0,1,S0,General Buyers
1504,50,Male,Jacket,Outerwear,30.0,Michigan,M,Maroon,Fall,3.9,0,2-Day Shipping,1,1,46,Cash,Quarterly,0,4,organic_block,120.0,0,1,1,0,1.0,1,0,0,0,Senior (50-70),0.4022160864345738,0.3573418367346939,Medium,Low,1,0,3,S0,General Buyers
1505,60,Male,Jacket,Outerwear,80.0,Alaska,M,Teal,Winter,4.2,0,Next Day Air,1,1,10,Bank Transfer,Monthly,0,12,organic_block,960.0,0,0,0,1,1.0,1,1,0,0,Senior (50-70),0.2450236094437775,0.4104183673469387,Low,Low,1,0,3,S0,General Buyers
1506,46,Male,Belt,Accessories,20.0,North Dakota,M,Teal,Summer,3.0,0,Express,1,1,39,Cash,Monthly,0,12,organic_block,240.0,0,1,1,0,1.0,1,0,0,0,Mid-Age (35-49),0.3265746298519407,0.2238775510204081,Medium,Low,1,0,0,S0,General Buyers
1507,35,Male,Shirt,Clothing,30.0,South Carolina,L,Beige,Fall,3.0,0,2-Day Shipping,1,1,44,Paypal,Quarterly,0,4,organic_block,120.0,0,1,1,0,1.0,1,0,0,0,Mid-Age (35-49),0.3179711884753902,0.2931377551020407,Medium,Low,1,1,1,S0,General Buyers
1508,66,Male,Dress,Clothing,86.0,Pennsylvania,S,Maroon,Winter,3.7,0,2-Day Shipping,1,1,7,Venmo,Annually,0,1,organic_block,86.0,1,0,0,1,1.0,1,0,0,0,Senior (50-70),0.132734693877551,0.3913622448979591,Low,Low,1,1,1,S4,Promo-Habituated Spenders
1509,35,Male,Blouse,Clothing,84.0,Colorado,L,Beige,Spring,4.4,0,Store Pickup,1,1,3,Cash,Every 3 Months,0,4,organic_block,336.0,1,0,0,1,1.0,1,1,0,0,Mid-Age (35-49),0.1789507803121248,0.4042040816326531,Low,Low,0,0,1,S4,Promo-Habituated Spenders
1510,20,Male,Dress,Clothing,54.0,New Hampshire,Xl,White,Summer,4.6,0,Free Shipping,1,1,44,Debit Card,Annually,0,1,organic_block,54.0,0,0,1,0,1.0,1,1,1,0,Teen (18-24),0.4312653061224489,0.4941377551020408,Medium,Medium,0,1,1,S0,General Buyers
1511,55,Male,Blouse,Clothing,30.0,Maryland,Xl,Gray,Fall,3.0,0,Free Shipping,1,1,31,Venmo,Annually,0,1,organic_block,30.0,0,1,0,0,1.0,1,0,0,0,Senior (50-70),0.2236734693877551,0.2268112244897959,Low,Low,0,1,1,S0,General Buyers
1512,34,Male,Dress,Clothing,91.0,Georgia,M,Violet,Winter,3.6,0,Express,1,1,48,Credit Card,Weekly,0,52,organic_block,4732.0,1,0,1,0,1.0,1,0,0,0,Young Adult (25-34),0.6257551020408163,0.616420918367347,High,High,1,1,1,S4,Promo-Habituated Spenders
1513,60,Male,Sneakers,Footwear,23.0,Wisconsin,L,Silver,Winter,3.9,0,Standard,1,1,18,Paypal,Bi-Weekly,0,26,organic_block,598.0,0,1,0,0,1.0,1,0,0,0,Senior (50-70),0.3386306522609043,0.183859693877551,Medium,Low,0,1,2,S2,Promo-Dependent Buyers
1514,22,Male,Socks,Clothing,35.0,Texas,M,Red,Spring,4.1,0,Free Shipping,1,1,27,Cash,Monthly,0,12,organic_block,420.0,0,1,0,0,1.0,1,1,0,0,Teen (18-24),0.3411052420968387,0.2942780612244898,Medium,Low,0,0,1,S0,General Buyers
1515,26,Male,Shoes,Footwear,90.0,Utah,L,Brown,Winter,3.9,0,2-Day Shipping,1,1,1,Venmo,Weekly,0,52,organic_block,4680.0,1,0,0,1,1.0,1,0,0,0,Young Adult (25-34),0.362,0.39025,Medium,Low,1,1,2,S4,Promo-Habituated Spenders
1516,39,Male,Jeans,Clothing,93.0,Indiana,S,Turquoise,Fall,3.9,0,2-Day Shipping,1,1,34,Cash,Weekly,0,52,organic_block,4836.0,1,0,0,0,1.0,1,0,0,0,Mid-Age (35-49),0.5640408163265306,0.5717423469387755,High,Medium,1,0,1,S4,Promo-Habituated Spenders
1517,20,Male,Jeans,Clothing,68.0,Nevada,L,Indigo,Winter,4.5,0,Express,1,1,5,Bank Transfer,Bi-Weekly,0,26,organic_block,1768.0,0,0,0,1,1.0,1,1,1,0,Teen (18-24),0.3070388155262105,0.3504081632653061,Medium,Low,1,0,1,S0,General Buyers
1518,57,Male,Gloves,Accessories,41.0,New Hampshire,M,Violet,Spring,3.4,0,Standard,1,1,12,Cash,Quarterly,0,4,organic_block,164.0,0,0,0,1,1.0,1,0,0,0,Senior (50-70),0.1540528211284513,0.2019974489795918,Low,Low,0,0,0,S2,Promo-Dependent Buyers
1519,68,Male,Belt,Accessories,73.0,New York,M,Yellow,Winter,4.1,0,Next Day Air,1,1,14,Venmo,Fortnightly,0,26,organic_block,1898.0,0,0,0,0,1.0,1,1,0,0,Senior (50-70),0.330140856342537,0.3942015306122448,Medium,Low,1,1,0,S0,General Buyers
1520,50,Male,Sunglasses,Accessories,73.0,Texas,L,Cyan,Fall,4.9,0,Next Day Air,1,1,40,Paypal,Weekly,0,52,organic_block,3796.0,0,0,1,0,1.0,1,1,1,0,Senior (50-70),0.6807755102040817,0.5748545918367347,High,Medium,1,1,0,S0,General Buyers
1521,21,Male,Hat,Accessories,66.0,Iowa,M,Brown,Summer,4.4,0,2-Day Shipping,1,1,39,Cash,Quarterly,0,4,organic_block,264.0,0,0,1,0,1.0,1,1,0,0,Teen (18-24),0.3993589435774309,0.5091275510204082,Medium,Medium,1,0,0,S0,General Buyers
1522,29,Male,Backpack,Accessories,59.0,Washington,M,White,Summer,2.7,0,2-Day Shipping,1,1,50,Bank Transfer,Weekly,0,52,organic_block,3068.0,0,0,1,0,1.0,1,0,0,1,Young Adult (25-34),0.5660000000000001,0.432625,High,Medium,1,0,0,S0,General Buyers
1523,38,Male,Shorts,Clothing,72.0,Tennessee,L,Yellow,Spring,4.8,0,Free Shipping,1,1,5,Debit Card,Monthly,0,12,organic_block,864.0,0,0,0,1,1.0,1,1,1,0,Mid-Age (35-49),0.2624113645458183,0.3859081632653061,Low,Low,0,1,1,S0,General Buyers
1524,54,Male,Socks,Clothing,88.0,Georgia,M,White,Summer,3.3,0,2-Day Shipping,1,1,35,Debit Card,Annually,0,1,organic_block,88.0,1,0,0,0,1.0,1,0,0,0,Senior (50-70),0.2721632653061224,0.518969387755102,Low,Medium,1,1,1,S4,Promo-Habituated Spenders
1525,22,Male,Socks,Clothing,76.0,Massachusetts,L,Pink,Summer,4.4,0,Free Shipping,1,1,6,Cash,Bi-Weekly,0,26,organic_block,1976.0,0,0,0,1,1.0,1,1,0,0,Teen (18-24),0.3051612645058023,0.3845102040816326,Medium,Low,0,0,1,S0,General Buyers
1526,29,Male,Belt,Accessories,31.0,Oregon,M,Indigo,Winter,4.6,0,2-Day Shipping,1,1,22,Cash,Fortnightly,0,26,organic_block,806.0,0,1,0,0,1.0,1,1,1,0,Young Adult (25-34),0.4191204481792717,0.281267857142857,Medium,Low,1,0,0,S2,Promo-Dependent Buyers
1527,41,Male,Jacket,Outerwear,22.0,Oklahoma,L,White,Summer,3.1,0,Next Day Air,1,1,27,Paypal,Monthly,0,12,organic_block,264.0,0,1,0,0,1.0,1,0,0,0,Mid-Age (35-49),0.2611052420968387,0.1774030612244898,Low,Low,1,1,3,S0,General Buyers
1528,26,Male,Hat,Accessories,75.0,Wisconsin,L,Red,Fall,4.5,0,2-Day Shipping,1,1,33,Debit Card,Fortnightly,0,26,organic_block,1950.0,0,0,0,0,1.0,1,1,1,0,Young Adult (25-34),0.4784673869547819,0.5238903061224489,High,Medium,1,1,0,S0,General Buyers
1529,69,Male,T-Shirt,Clothing,75.0,Oregon,S,Red,Spring,4.0,0,Store Pickup,1,1,47,Venmo,Bi-Weekly,0,26,organic_block,1950.0,0,0,1,0,1.0,1,1,0,0,Senior (50-70),0.5241816726690676,0.5653188775510204,High,Medium,0,1,1,S0,General Buyers
1530,20,Male,Backpack,Accessories,63.0,Georgia,M,Lavender,Winter,3.1,0,Free Shipping,1,1,48,Credit Card,Bi-Weekly,0,26,organic_block,1638.0,0,0,1,0,1.0,1,0,0,0,Teen (18-24),0.4583041216486594,0.4639209183673469,High,Medium,0,1,0,S0,General Buyers
1531,59,Male,Coat,Outerwear,21.0,New Mexico,M,Teal,Spring,3.9,0,Next Day Air,1,1,22,Bank Transfer,Quarterly,0,4,organic_block,84.0,0,1,0,0,1.0,1,0,0,0,Senior (50-70),0.2552773109243697,0.1955178571428571,Low,Low,1,0,3,S2,Promo-Dependent Buyers
1532,63,Male,Backpack,Accessories,83.0,Mississippi,S,Violet,Spring,4.5,0,Next Day Air,1,1,8,Paypal,Bi-Weekly,0,26,organic_block,2158.0,1,0,0,1,1.0,1,1,1,0,Senior (50-70),0.325406162464986,0.4313392857142856,Medium,Medium,1,1,0,S4,Promo-Habituated Spenders
1533,68,Male,Jacket,Outerwear,46.0,Wisconsin,S,Silver,Winter,4.4,0,Next Day Air,1,1,5,Paypal,Every 3 Months,0,4,organic_block,184.0,0,0,0,1,1.0,1,1,0,0,Senior (50-70),0.1911956782713085,0.2481581632653061,Low,Low,1,1,3,S2,Promo-Dependent Buyers
1534,50,Male,Shoes,Footwear,59.0,New Hampshire,M,Gold,Summer,3.6,0,2-Day Shipping,1,1,16,Bank Transfer,Quarterly,0,4,organic_block,236.0,0,0,0,0,1.0,1,0,0,0,Senior (50-70),0.1945426170468187,0.3131556122448979,Low,Low,1,0,2,S2,Promo-Dependent Buyers
1535,55,Male,Blouse,Clothing,66.0,Wyoming,M,Green,Summer,3.4,0,Free Shipping,1,1,26,Venmo,Fortnightly,0,26,organic_block,1716.0,0,0,0,0,1.0,1,0,0,0,Senior (50-70),0.3476102440976391,0.3828010204081633,Medium,Low,0,1,1,S0,General Buyers
1536,36,Male,Sandals,Footwear,74.0,West Virginia,S,Turquoise,Fall,4.0,0,2-Day Shipping,1,1,8,Venmo,Monthly,0,12,organic_block,888.0,0,0,0,1,1.0,1,1,0,0,Mid-Age (35-49),0.2167787114845938,0.3619642857142857,Low,Low,1,1,2,S0,General Buyers
1537,18,Male,Sunglasses,Accessories,82.0,Michigan,M,Indigo,Summer,2.6,0,Store Pickup,1,1,17,Cash,Quarterly,0,4,organic_block,328.0,1,0,0,0,1.0,1,0,0,1,Teen (18-24),0.1206650660264105,0.3588826530612244,Low,Low,0,0,0,S4,Promo-Habituated Spenders
1538,68,Male,Shoes,Footwear,89.0,Alaska,L,Black,Spring,3.2,0,Next Day Air,1,1,50,Venmo,Annually,0,1,organic_block,89.0,1,0,1,0,1.0,1,0,0,0,Senior (50-70),0.356,0.593875,Medium,Medium,1,1,2,S4,Promo-Habituated Spenders
1539,56,Male,Dress,Clothing,65.0,Illinois,L,Charcoal,Fall,3.2,0,Standard,1,1,22,Venmo,Bi-Weekly,0,26,organic_block,1690.0,0,0,0,0,1.0,1,0,0,0,Senior (50-70),0.3071204481792717,0.3460178571428571,Medium,Low,0,1,1,S0,General Buyers
1540,32,Male,Belt,Accessories,55.0,Hawaii,M,Turquoise,Spring,5.0,0,2-Day Shipping,1,1,19,Cash,Every 3 Months,0,4,organic_block,220.0,0,0,0,0,1.0,1,1,1,0,Young Adult (25-34),0.3249099639855942,0.3949617346938775,Medium,Low,1,0,0,S2,Promo-Dependent Buyers
1541,28,Male,Shorts,Clothing,95.0,Colorado,M,Red,Winter,2.9,0,Next Day Air,1,1,14,Bank Transfer,Monthly,0,12,organic_block,1140.0,1,0,0,0,1.0,1,0,0,1,Young Adult (25-34),0.1655134053621448,0.4184515306122449,Low,Low,1,0,1,S4,Promo-Habituated Spenders
1542,24,Male,Handbag,Accessories,77.0,Illinois,S,Indigo,Winter,2.9,0,Store Pickup,1,1,35,Cash,Bi-Weekly,0,26,organic_block,2002.0,0,0,0,0,1.0,1,0,0,1,Teen (18-24),0.3627122849139655,0.446844387755102,Medium,Medium,0,0,0,S0,General Buyers
1543,59,Male,Blouse,Clothing,44.0,Hawaii,M,Maroon,Winter,3.5,0,Next Day Air,1,1,43,Paypal,Weekly,0,52,organic_block,2288.0,0,0,1,0,1.0,1,0,0,0,Senior (50-70),0.5871428571428572,0.3792857142857143,High,Low,1,1,1,S0,General Buyers
1544,56,Male,Jeans,Clothing,89.0,Wisconsin,M,Indigo,Fall,4.0,0,Standard,1,1,24,Venmo,Annually,0,1,organic_block,89.0,1,0,0,0,1.0,1,1,0,0,Senior (50-70),0.2608163265306122,0.5092219387755103,Low,Medium,0,1,1,S4,Promo-Habituated Spenders
1545,30,Male,Jewelry,Accessories,24.0,Arkansas,M,Maroon,Spring,3.9,0,Standard,1,1,17,Debit Card,Bi-Weekly,0,26,organic_block,624.0,0,1,0,0,1.0,1,0,0,0,Young Adult (25-34),0.3325082032813125,0.1831326530612244,Medium,Low,0,1,0,S2,Promo-Dependent Buyers
1546,48,Male,Belt,Accessories,43.0,Delaware,M,Black,Winter,4.9,0,Store Pickup,1,1,49,Bank Transfer,Annually,0,1,organic_block,43.0,0,0,1,0,1.0,1,1,1,0,Mid-Age (35-49),0.4858775510204082,0.4895229591836735,High,Medium,0,0,0,S0,General Buyers
1547,60,Male,Sneakers,Footwear,51.0,Oregon,Xl,Purple,Summer,3.8,0,Express,1,1,17,Bank Transfer,Annually,0,1,organic_block,51.0,0,0,0,0,1.0,1,0,0,0,Senior (50-70),0.2019591836734693,0.2952576530612244,Low,Low,1,0,2,S2,Promo-Dependent Buyers
1548,46,Male,Hat,Accessories,46.0,South Carolina,L,Teal,Summer,3.5,0,Standard,1,1,40,Cash,Quarterly,0,4,organic_block,184.0,0,0,1,0,1.0,1,0,0,0,Mid-Age (35-49),0.3334813925570228,0.3727295918367346,Medium,Low,0,0,0,S0,General Buyers
1549,69,Male,Dress,Clothing,32.0,Maryland,M,Silver,Summer,3.7,0,Store Pickup,1,1,43,Bank Transfer,Weekly,0,52,organic_block,1664.0,0,1,1,0,1.0,1,0,0,0,Senior (50-70),0.6031428571428572,0.3387857142857143,High,Low,0,0,1,S0,General Buyers
1550,19,Male,Sneakers,Footwear,55.0,Kansas,M,Black,Spring,2.9,0,2-Day Shipping,1,1,19,Debit Card,Every 3 Months,0,4,organic_block,220.0,0,0,0,0,1.0,1,0,0,1,Teen (18-24),0.1569099639855942,0.2689617346938776,Low,Low,1,1,2,S2,Promo-Dependent Buyers
1551,66,Male,Sunglasses,Accessories,26.0,Arkansas,S,Black,Summer,2.8,0,Free Shipping,1,1,40,Bank Transfer,Quarterly,0,4,organic_block,104.0,0,1,1,0,1.0,1,0,0,1,Senior (50-70),0.2774813925570227,0.2432295918367346,Low,Low,0,0,0,S0,General Buyers
1552,64,Male,Handbag,Accessories,29.0,Minnesota,M,Olive,Summer,3.7,0,2-Day Shipping,1,1,13,Credit Card,Monthly,0,12,organic_block,348.0,0,1,0,1,1.0,1,0,0,0,Senior (50-70),0.223390956382553,0.1725994897959183,Low,Low,1,1,0,S2,Promo-Dependent Buyers
1553,54,Male,Blouse,Clothing,49.0,New Mexico,L,Purple,Spring,3.0,0,Express,1,1,20,Credit Card,Monthly,0,12,organic_block,588.0,0,0,0,0,1.0,1,0,0,0,Senior (50-70),0.2102480992396958,0.253813775510204,Low,Low,1,1,1,S2,Promo-Dependent Buyers
1554,27,Male,Blouse,Clothing,45.0,Delaware,M,Indigo,Spring,4.8,0,Free Shipping,1,1,21,Debit Card,Quarterly,0,4,organic_block,180.0,0,0,0,0,1.0,1,1,1,0,Young Adult (25-34),0.3211548619447779,0.3494158163265306,Medium,Low,0,1,1,S2,Promo-Dependent Buyers
1555,64,Male,Shorts,Clothing,48.0,Utah,S,Lavender,Winter,2.7,0,Standard,1,1,18,Cash,Bi-Weekly,0,26,organic_block,1248.0,0,0,0,0,1.0,1,0,0,1,Senior (50-70),0.2426306522609043,0.221234693877551,Low,Low,0,0,1,S2,Promo-Dependent Buyers
1556,43,Male,Shorts,Clothing,47.0,Ohio,S,Cyan,Winter,4.5,0,Free Shipping,1,1,44,Cash,Quarterly,0,4,organic_block,188.0,0,0,1,0,1.0,1,1,1,0,Mid-Age (35-49),0.4379711884753902,0.4575127551020408,Medium,Medium,0,0,1,S0,General Buyers
1557,43,Male,Hoodie,Clothing,57.0,Alabama,M,Gold,Fall,2.7,0,Standard,1,1,26,Credit Card,Quarterly,0,4,organic_block,228.0,0,0,0,0,1.0,1,0,0,1,Mid-Age (35-49),0.1837671068427371,0.3014260204081632,Low,Low,0,1,1,S0,General Buyers
1558,27,Male,Backpack,Accessories,34.0,South Dakota,L,Magenta,Fall,3.5,0,Next Day Air,1,1,34,Paypal,Quarterly,0,4,organic_block,136.0,0,1,0,0,1.0,1,0,0,0,Young Adult (25-34),0.2967466986794718,0.2896173469387755,Low,Low,1,1,0,S0,General Buyers
1559,35,Male,Sunglasses,Accessories,75.0,New Mexico,Xl,Teal,Fall,3.5,0,Express,1,1,24,Credit Card,Every 3 Months,0,4,organic_block,300.0,0,0,0,0,1.0,1,0,0,0,Mid-Age (35-49),0.2355222088835534,0.4179719387755102,Low,Low,1,1,0,S0,General Buyers
1560,43,Male,Scarf,Accessories,94.0,Oregon,L,Beige,Fall,4.5,0,Store Pickup,1,1,23,Paypal,Fortnightly,0,26,organic_block,2444.0,1,0,0,0,1.0,1,1,1,0,Mid-Age (35-49),0.4172428971588636,0.5559948979591837,Medium,Medium,0,1,0,S4,Promo-Habituated Spenders
1561,57,Male,Hat,Accessories,84.0,Oregon,M,Teal,Winter,3.8,0,Free Shipping,1,1,3,Debit Card,Weekly,0,52,organic_block,4368.0,1,0,0,1,1.0,1,0,0,0,Senior (50-70),0.3662448979591836,0.368204081632653,Medium,Low,0,1,0,S4,Promo-Habituated Spenders
1562,50,Male,Scarf,Accessories,38.0,Mississippi,M,Indigo,Summer,3.8,0,Standard,1,1,2,Bank Transfer,Quarterly,0,4,organic_block,152.0,0,1,0,1,1.0,1,0,0,0,Senior (50-70),0.1248283313325329,0.1618520408163265,Low,Low,0,0,0,S2,Promo-Dependent Buyers
1563,37,Male,Scarf,Accessories,75.0,Alabama,M,Purple,Winter,3.2,0,Next Day Air,1,1,23,Venmo,Bi-Weekly,0,26,organic_block,1950.0,0,0,0,0,1.0,1,0,0,0,Mid-Age (35-49),0.3132428971588635,0.3948698979591837,Medium,Low,1,1,0,S0,General Buyers
1564,68,Male,Pants,Clothing,44.0,Kansas,M,Teal,Fall,4.3,0,Next Day Air,1,1,8,Cash,Weekly,0,52,organic_block,2288.0,0,0,0,1,1.0,1,1,0,0,Senior (50-70),0.4368571428571428,0.2487142857142857,Medium,Low,1,0,1,S2,Promo-Dependent Buyers
1565,22,Male,Backpack,Accessories,33.0,California,Xl,Turquoise,Summer,4.5,0,Next Day Air,1,1,30,Debit Card,Every 3 Months,0,4,organic_block,132.0,0,1,0,0,1.0,1,1,1,0,Teen (18-24),0.3522569027611044,0.3248341836734694,Medium,Low,1,1,0,S0,General Buyers
1566,58,Male,Sunglasses,Accessories,93.0,Idaho,L,Peach,Fall,4.2,0,Free Shipping,1,1,48,Paypal,Annually,0,1,organic_block,93.0,1,0,1,0,1.0,1,1,0,0,Senior (50-70),0.4237551020408163,0.6611709183673469,Medium,High,0,1,0,S4,Promo-Habituated Spenders
1567,48,Male,Sneakers,Footwear,99.0,Wyoming,S,Green,Winter,3.0,0,Free Shipping,1,1,21,Cash,Bi-Weekly,0,26,organic_block,2574.0,1,0,0,0,1.0,1,0,0,0,Mid-Age (35-49),0.2849979991996798,0.4776658163265306,Low,Medium,0,0,2,S4,Promo-Habituated Spenders
1568,30,Male,Backpack,Accessories,33.0,Minnesota,M,Turquoise,Spring,4.1,0,Standard,1,1,9,Cash,Monthly,0,12,organic_block,396.0,0,1,0,1,1.0,1,1,0,0,Young Adult (25-34),0.2309011604641856,0.1936913265306122,Low,Low,0,0,0,S2,Promo-Dependent Buyers
1569,51,Male,Sneakers,Footwear,76.0,Washington,L,Yellow,Spring,4.6,0,Store Pickup,1,1,8,Debit Card,Monthly,0,12,organic_block,912.0,0,0,0,1,1.0,1,1,1,0,Senior (50-70),0.2647787114845938,0.4067142857142857,Low,Low,0,1,2,S0,General Buyers
1570,20,Male,Skirt,Clothing,63.0,Hawaii,M,Orange,Summer,2.9,0,Standard,1,1,29,Debit Card,Weekly,0,52,organic_block,3276.0,0,0,0,0,1.0,1,0,0,1,Teen (18-24),0.4534285714285713,0.3549821428571428,Medium,Low,0,1,1,S0,General Buyers
1571,30,Male,Pants,Clothing,41.0,Missouri,L,Brown,Winter,4.8,0,Next Day Air,1,1,3,Bank Transfer,Every 3 Months,0,4,organic_block,164.0,0,0,0,1,1.0,1,1,1,0,Young Adult (25-34),0.2109507803121248,0.240079081632653,Low,Low,1,0,1,S2,Promo-Dependent Buyers
1572,28,Male,Jewelry,Accessories,88.0,Colorado,L,Silver,Winter,4.5,0,Next Day Air,1,1,11,Bank Transfer,Fortnightly,0,26,organic_block,2288.0,1,0,0,1,1.0,1,1,1,0,Young Adult (25-34),0.3437735094037615,0.4685204081632653,Medium,Medium,1,0,0,S4,Promo-Habituated Spenders
1573,37,Male,Skirt,Clothing,92.0,Washington,L,White,Summer,3.4,0,2-Day Shipping,1,1,16,Debit Card,Monthly,0,12,organic_block,1104.0,1,0,0,0,1.0,1,0,0,0,Mid-Age (35-49),0.2177583033213285,0.4455306122448979,Low,Medium,1,1,1,S4,Promo-Habituated Spenders
1574,36,Male,T-Shirt,Clothing,31.0,North Dakota,L,Indigo,Summer,4.3,0,2-Day Shipping,1,1,25,Debit Card,Weekly,0,52,organic_block,1612.0,0,1,0,0,1.0,1,1,0,0,Mid-Age (35-49),0.5409387755102041,0.2785739795918367,High,Low,1,1,1,S0,General Buyers
1575,18,Male,Skirt,Clothing,25.0,Minnesota,S,Magenta,Spring,4.2,0,Free Shipping,1,1,32,Paypal,Bi-Weekly,0,26,organic_block,650.0,0,1,0,0,1.0,1,1,0,0,Teen (18-24),0.4483449379751901,0.2820382653061224,Medium,Low,0,1,1,S0,General Buyers
1576,52,Male,Shirt,Clothing,28.0,California,M,Turquoise,Spring,3.6,0,Next Day Air,1,1,28,Cash,Fortnightly,0,26,organic_block,728.0,0,1,0,0,1.0,1,0,0,0,Senior (50-70),0.3758551420568227,0.2387551020408163,Medium,Low,1,0,1,S0,General Buyers
1577,56,Male,Dress,Clothing,75.0,Michigan,M,White,Spring,3.7,0,2-Day Shipping,1,1,36,Paypal,Monthly,0,12,organic_block,900.0,0,0,0,0,1.0,1,0,0,0,Senior (50-70),0.3642072829131653,0.4911964285714286,Medium,Medium,1,1,1,S0,General Buyers
1578,68,Male,Boots,Footwear,34.0,Delaware,S,Olive,Spring,4.0,0,Standard,1,1,7,Venmo,Fortnightly,0,26,organic_block,884.0,0,1,0,1,1.0,1,1,0,0,Senior (50-70),0.2792837134853941,0.1818622448979591,Low,Low,0,1,2,S2,Promo-Dependent Buyers
1579,62,Male,Pants,Clothing,97.0,California,S,Maroon,Winter,4.9,0,2-Day Shipping,1,1,2,Paypal,Quarterly,0,4,organic_block,388.0,1,0,0,1,1.0,1,1,1,0,Senior (50-70),0.212828331332533,0.4859770408163265,Low,Medium,1,1,1,S4,Promo-Habituated Spenders
1580,35,Male,Jacket,Outerwear,80.0,Oklahoma,M,Violet,Summer,3.1,0,Free Shipping,1,1,6,Bank Transfer,Monthly,0,12,organic_block,960.0,0,0,0,1,1.0,1,0,0,0,Mid-Age (35-49),0.1325338135254102,0.3240102040816326,Low,Low,0,0,3,S0,General Buyers
1581,65,Male,Sneakers,Footwear,71.0,North Dakota,L,Cyan,Summer,3.7,0,Standard,1,1,30,Cash,Annually,0,1,organic_block,71.0,0,0,0,0,1.0,1,0,0,0,Senior (50-70),0.2735510204081632,0.4430841836734693,Low,Medium,0,0,2,S0,General Buyers
1582,69,Male,Jewelry,Accessories,77.0,Ohio,L,Teal,Fall,4.2,0,Free Shipping,1,1,46,Cash,Quarterly,0,4,organic_block,308.0,0,0,1,0,1.0,1,1,0,0,Senior (50-70),0.4262160864345738,0.5809668367346938,Medium,Medium,0,0,0,S0,General Buyers
1583,28,Male,Belt,Accessories,41.0,Hawaii,L,Red,Spring,2.5,0,Next Day Air,1,1,39,Cash,Monthly,0,12,organic_block,492.0,0,0,1,0,1.0,1,0,0,1,Young Adult (25-34),0.2865746298519407,0.2857525510204081,Low,Low,1,0,0,S0,General Buyers
1584,37,Male,Scarf,Accessories,92.0,Maryland,Xl,Yellow,Summer,4.3,0,Next Day Air,1,1,8,Venmo,Annually,0,1,organic_block,92.0,1,0,0,1,1.0,1,1,0,0,Mid-Age (35-49),0.1868571428571428,0.4587142857142857,Low,Medium,1,1,0,S4,Promo-Habituated Spenders
1585,41,Male,Blouse,Clothing,95.0,Hawaii,S,Silver,Spring,3.1,0,Store Pickup,1,1,46,Credit Card,Quarterly,0,4,organic_block,380.0,1,0,1,0,1.0,1,0,0,0,Mid-Age (35-49),0.3382160864345738,0.5937168367346939,Medium,Medium,0,1,1,S4,Promo-Habituated Spenders
1586,37,Male,Sweater,Clothing,25.0,Alabama,M,Charcoal,Fall,3.0,0,Next Day Air,1,1,40,Debit Card,Fortnightly,0,26,organic_block,650.0,0,1,1,0,1.0,1,0,0,0,Mid-Age (35-49),0.4013245298119248,0.2508545918367347,Medium,Low,1,1,1,S0,General Buyers
1587,25,Male,Boots,Footwear,77.0,Oklahoma,M,Purple,Fall,4.0,0,Express,1,1,21,Bank Transfer,Weekly,0,52,organic_block,4004.0,0,0,0,0,1.0,1,1,0,0,Young Adult (25-34),0.4924489795918367,0.4414158163265306,High,Medium,1,0,2,S0,General Buyers
1588,41,Male,Socks,Clothing,99.0,Alabama,M,Beige,Summer,3.5,0,Free Shipping,1,1,33,Credit Card,Fortnightly,0,26,organic_block,2574.0,1,0,0,0,1.0,1,0,0,0,Mid-Age (35-49),0.3984673869547819,0.5688903061224491,Medium,Medium,0,1,1,S4,Promo-Habituated Spenders
1589,48,Male,Belt,Accessories,24.0,Vermont,L,Cyan,Winter,3.2,0,Next Day Air,1,1,3,Venmo,Monthly,0,12,organic_block,288.0,0,1,0,1,1.0,1,0,0,0,Mid-Age (35-49),0.1221664665866346,0.069704081632653,Low,Low,1,1,0,S2,Promo-Dependent Buyers
1590,42,Male,Sneakers,Footwear,72.0,Ohio,M,Silver,Summer,2.7,0,Store Pickup,1,1,48,Cash,Weekly,0,52,organic_block,3744.0,0,0,1,0,1.0,1,0,0,1,Mid-Age (35-49),0.5537551020408162,0.4792959183673469,High,Medium,0,0,2,S0,General Buyers
1591,54,Male,Jeans,Clothing,80.0,Wisconsin,S,Pink,Winter,3.0,0,Free Shipping,1,1,8,Paypal,Annually,0,1,organic_block,80.0,0,0,0,1,1.0,1,0,0,0,Senior (50-70),0.0828571428571428,0.3282142857142857,Low,Low,0,1,1,S0,General Buyers
1592,18,Male,Skirt,Clothing,100.0,South Dakota,L,Gold,Winter,2.9,0,Next Day Air,1,1,24,Paypal,Annually,0,1,organic_block,100.0,1,0,0,0,1.0,1,0,0,1,Teen (18-24),0.1728163265306122,0.4913469387755102,Low,Medium,1,1,1,S4,Promo-Habituated Spenders
1593,56,Male,Shoes,Footwear,83.0,Iowa,M,Cyan,Summer,3.3,0,Free Shipping,1,1,10,Bank Transfer,Every 3 Months,0,4,organic_block,332.0,1,0,0,1,1.0,1,0,0,0,Senior (50-70),0.1338079231692677,0.3695433673469387,Low,Low,0,0,2,S4,Promo-Habituated Spenders
1594,61,Male,Dress,Clothing,95.0,Maryland,M,Black,Spring,4.9,0,2-Day Shipping,1,1,25,Bank Transfer,Monthly,0,12,organic_block,1140.0,1,0,0,0,1.0,1,1,1,0,Senior (50-70),0.3928603441376551,0.5945739795918368,Medium,Medium,1,0,1,S4,Promo-Habituated Spenders
1595,40,Male,Handbag,Accessories,41.0,Colorado,Xl,Charcoal,Summer,3.7,0,Store Pickup,1,1,3,Cash,Fortnightly,0,26,organic_block,1066.0,0,0,0,1,1.0,1,0,0,0,Mid-Age (35-49),0.2307939175670268,0.174079081632653,Low,Low,0,0,0,S2,Promo-Dependent Buyers
1596,34,Male,Backpack,Accessories,35.0,Wisconsin,S,Magenta,Spring,3.5,0,Standard,1,1,45,Debit Card,Fortnightly,0,26,organic_block,910.0,0,1,1,0,1.0,1,0,0,0,Young Adult (25-34),0.471936774709884,0.3501147959183673,High,Low,0,1,0,S0,General Buyers
1597,42,Male,Jewelry,Accessories,30.0,Mississippi,S,Pink,Fall,4.7,0,Store Pickup,1,1,15,Debit Card,Monthly,0,12,organic_block,360.0,0,1,0,0,1.0,1,1,1,0,Mid-Age (35-49),0.3156358543417367,0.2471785714285714,Medium,Low,0,1,0,S2,Promo-Dependent Buyers
1598,43,Male,Hat,Accessories,21.0,Mississippi,Xl,Maroon,Winter,2.6,0,Store Pickup,1,1,34,Bank Transfer,Quarterly,0,4,organic_block,84.0,0,1,0,0,1.0,1,0,0,1,Mid-Age (35-49),0.2247466986794717,0.1787423469387755,Low,Low,0,0,0,S0,General Buyers
1599,47,Male,Jewelry,Accessories,85.0,California,M,Teal,Fall,4.1,0,Express,1,1,21,Venmo,Bi-Weekly,0,26,organic_block,2210.0,1,0,0,0,1.0,1,1,0,0,Mid-Age (35-49),0.3729979991996798,0.4824158163265306,Medium,Medium,1,1,0,S4,Promo-Habituated Spenders
1600,48,Male,Shirt,Clothing,54.0,Delaware,M,Orange,Winter,2.8,0,2-Day Shipping,1,1,22,Debit Card,Bi-Weekly,0,26,organic_block,1404.0,0,0,0,0,1.0,1,0,0,1,Mid-Age (35-49),0.2751204481792716,0.2738928571428571,Low,Low,1,1,1,S2,Promo-Dependent Buyers
1601,20,Male,Boots,Footwear,26.0,Montana,S,Yellow,Spring,4.7,0,Next Day Air,1,1,24,Paypal,Weekly,0,52,organic_block,1352.0,0,1,0,0,1.0,1,1,1,0,Teen (18-24),0.5668163265306123,0.2755969387755102,High,Low,1,1,2,S2,Promo-Dependent Buyers
1602,65,Male,Shirt,Clothing,59.0,Indiana,Xl,Red,Spring,2.9,0,Store Pickup,1,1,33,Credit Card,Monthly,0,12,organic_block,708.0,0,0,0,0,1.0,1,0,0,1,Senior (50-70),0.2818399359743897,0.357890306122449,Low,Low,0,1,1,S0,General Buyers
1603,54,Male,Sunglasses,Accessories,48.0,West Virginia,S,Charcoal,Winter,2.8,0,Free Shipping,1,1,13,Venmo,Fortnightly,0,26,organic_block,1248.0,0,0,0,1,1.0,1,0,0,1,Senior (50-70),0.2200184073629451,0.2017244897959183,Low,Low,0,1,0,S2,Promo-Dependent Buyers
1604,23,Male,Shorts,Clothing,98.0,Iowa,L,Black,Summer,4.3,0,Next Day Air,1,1,17,Debit Card,Bi-Weekly,0,26,organic_block,2548.0,1,0,0,0,1.0,1,1,0,0,Teen (18-24),0.3645082032813125,0.5308826530612245,Medium,Medium,1,1,1,S4,Promo-Habituated Spenders
1605,18,Male,Sweater,Clothing,92.0,Maine,M,White,Summer,4.8,0,2-Day Shipping,1,1,25,Credit Card,Every 3 Months,0,4,organic_block,368.0,1,0,0,0,1.0,1,1,1,0,Teen (18-24),0.3456446578631452,0.5754489795918367,Medium,Medium,1,1,1,S4,Promo-Habituated Spenders
1606,70,Male,Belt,Accessories,46.0,Connecticut,M,Lavender,Winter,3.4,0,Next Day Air,1,1,15,Credit Card,Bi-Weekly,0,26,organic_block,1196.0,0,0,0,0,1.0,1,0,0,0,Senior (50-70),0.2802633053221288,0.2391785714285714,Low,Low,1,1,0,S2,Promo-Dependent Buyers
1607,55,Male,T-Shirt,Clothing,21.0,Kansas,S,White,Spring,4.3,0,Standard,1,1,4,Paypal,Fortnightly,0,26,organic_block,546.0,0,1,0,1,1.0,1,1,0,0,Senior (50-70),0.2849163665466186,0.1276811224489795,Low,Low,0,1,1,S2,Promo-Dependent Buyers
1608,49,Male,Shorts,Clothing,72.0,Vermont,S,Gray,Fall,2.7,0,Free Shipping,1,1,43,Debit Card,Quarterly,0,4,organic_block,288.0,0,0,1,0,1.0,1,0,0,1,Mid-Age (35-49),0.2878487394957983,0.4537857142857142,Low,Medium,0,1,1,S0,General Buyers
1609,26,Male,Sandals,Footwear,58.0,Nebraska,Xl,Cyan,Fall,4.6,0,Next Day Air,1,1,12,Bank Transfer,Bi-Weekly,0,26,organic_block,1508.0,0,0,0,1,1.0,1,1,1,0,Young Adult (25-34),0.3578959583833533,0.3483724489795918,Medium,Low,1,0,2,S2,Promo-Dependent Buyers
1610,33,Male,Shirt,Clothing,93.0,Nevada,S,Brown,Fall,4.1,0,Standard,1,1,3,Venmo,Monthly,0,12,organic_block,1116.0,1,0,0,1,1.0,1,1,0,0,Young Adult (25-34),0.1941664665866346,0.425579081632653,Low,Low,0,1,1,S4,Promo-Habituated Spenders
1611,20,Male,Socks,Clothing,31.0,Tennessee,L,Purple,Spring,3.4,0,2-Day Shipping,1,1,1,Paypal,Annually,0,1,organic_block,31.0,0,1,0,1,1.0,1,0,0,0,Teen (18-24),0.072,0.102125,Low,Low,1,1,1,S2,Promo-Dependent Buyers
1612,41,Male,Pants,Clothing,26.0,Arkansas,L,Yellow,Winter,4.5,0,Next Day Air,1,1,6,Debit Card,Monthly,0,12,organic_block,312.0,0,1,0,1,1.0,1,1,1,0,Mid-Age (35-49),0.2445338135254102,0.1717602040816326,Low,Low,1,1,1,S2,Promo-Dependent Buyers
1613,18,Male,Skirt,Clothing,68.0,Wisconsin,M,Indigo,Summer,4.4,0,Standard,1,1,26,Venmo,Monthly,0,12,organic_block,816.0,0,0,0,0,1.0,1,1,0,0,Teen (18-24),0.3589827931172469,0.4515510204081633,Medium,Medium,0,1,1,S0,General Buyers
1614,26,Male,Jewelry,Accessories,31.0,Illinois,S,Black,Summer,4.0,0,Next Day Air,1,1,6,Credit Card,Fortnightly,0,26,organic_block,806.0,0,1,0,1,1.0,1,1,0,0,Young Adult (25-34),0.2731612645058023,0.1636352040816326,Low,Low,1,1,0,S2,Promo-Dependent Buyers
1615,30,Male,T-Shirt,Clothing,41.0,Kansas,S,Gray,Summer,3.4,0,Free Shipping,1,1,22,Cash,Bi-Weekly,0,26,organic_block,1066.0,0,0,0,0,1.0,1,0,0,0,Young Adult (25-34),0.3231204481792717,0.2530178571428571,Medium,Low,0,0,1,S2,Promo-Dependent Buyers
1616,64,Male,Jewelry,Accessories,62.0,New York,M,Indigo,Fall,3.2,0,Standard,1,1,45,Cash,Bi-Weekly,0,26,organic_block,1612.0,0,0,1,0,1.0,1,0,0,0,Senior (50-70),0.447936774709884,0.4502397959183674,Medium,Medium,0,0,0,S0,General Buyers
1617,26,Male,Hat,Accessories,41.0,Colorado,M,Green,Spring,3.4,0,Standard,1,1,50,Cash,Quarterly,0,4,organic_block,164.0,0,0,1,0,1.0,1,0,0,0,Young Adult (25-34),0.3867058823529412,0.395875,Medium,Low,0,0,0,S0,General Buyers
1618,43,Male,Blouse,Clothing,64.0,Wisconsin,M,Peach,Winter,4.3,0,Standard,1,1,50,Credit Card,Fortnightly,0,26,organic_block,1664.0,0,0,1,0,1.0,1,1,0,0,Mid-Age (35-49),0.5665490196078431,0.5505,High,Medium,0,1,1,S0,General Buyers
1619,63,Male,Sandals,Footwear,72.0,Michigan,L,Purple,Summer,5.0,0,Standard,1,1,39,Debit Card,Quarterly,0,4,organic_block,288.0,0,0,1,0,1.0,1,1,1,0,Senior (50-70),0.447358943577431,0.5713775510204081,Medium,Medium,0,1,2,S0,General Buyers
1620,57,Male,Handbag,Accessories,78.0,Hawaii,L,Beige,Winter,3.5,0,Store Pickup,1,1,50,Venmo,Bi-Weekly,0,26,organic_block,2028.0,0,0,1,0,1.0,1,0,0,0,Senior (50-70),0.5025490196078432,0.56375,High,Medium,0,1,0,S0,General Buyers
1621,25,Male,Hat,Accessories,47.0,Virginia,M,Charcoal,Winter,3.1,0,2-Day Shipping,1,1,27,Paypal,Every 3 Months,0,4,organic_block,188.0,0,0,0,0,1.0,1,0,0,0,Young Adult (25-34),0.2218895558223289,0.2867780612244898,Low,Low,1,1,0,S0,General Buyers
1622,68,Male,Scarf,Accessories,46.0,Ohio,L,Gray,Summer,3.9,0,2-Day Shipping,1,1,38,Debit Card,Fortnightly,0,26,organic_block,1196.0,0,0,1,0,1.0,1,0,0,0,Senior (50-70),0.461079631852741,0.3865255102040815,High,Low,1,1,0,S0,General Buyers
1623,31,Male,Shorts,Clothing,43.0,Missouri,S,Brown,Winter,4.0,0,Store Pickup,1,1,37,Bank Transfer,Every 3 Months,0,4,organic_block,172.0,0,0,0,0,1.0,1,1,0,0,Young Adult (25-34),0.3551140456182473,0.3742984693877551,Medium,Low,0,0,1,S0,General Buyers
1624,64,Male,Backpack,Accessories,58.0,Indiana,M,Cyan,Summer,3.5,0,Next Day Air,1,1,50,Debit Card,Annually,0,1,organic_block,58.0,0,0,1,0,1.0,1,0,0,0,Senior (50-70),0.38,0.47625,Medium,Medium,1,1,0,S0,General Buyers
1625,38,Male,Sweater,Clothing,32.0,Florida,M,White,Winter,3.6,0,Free Shipping,1,1,40,Paypal,Every 3 Months,0,4,organic_block,128.0,0,1,1,0,1.0,1,0,0,0,Mid-Age (35-49),0.3414813925570228,0.3174795918367347,Medium,Low,0,1,1,S0,General Buyers
1626,34,Male,Skirt,Clothing,45.0,Minnesota,L,Beige,Winter,3.0,0,Next Day Air,1,1,3,Paypal,Bi-Weekly,0,26,organic_block,1170.0,0,0,0,1,1.0,1,0,0,0,Young Adult (25-34),0.1747939175670268,0.149579081632653,Low,Low,1,1,1,S2,Promo-Dependent Buyers
1627,32,Male,Sneakers,Footwear,35.0,Nevada,L,Orange,Summer,2.6,0,Next Day Air,1,1,45,Credit Card,Bi-Weekly,0,26,organic_block,910.0,0,1,1,0,1.0,1,0,0,1,Young Adult (25-34),0.399936774709884,0.2961147959183673,Medium,Low,1,1,2,S0,General Buyers
1628,69,Male,Sunglasses,Accessories,21.0,Maine,M,Olive,Winter,2.9,0,Next Day Air,1,1,8,Credit Card,Annually,0,1,organic_block,21.0,0,1,0,1,1.0,1,0,0,1,Senior (50-70),0.0748571428571428,0.0640892857142857,Low,Low,1,1,0,S2,Promo-Dependent Buyers
1629,45,Male,Dress,Clothing,64.0,Massachusetts,S,Teal,Winter,3.1,0,Next Day Air,1,1,7,Cash,Monthly,0,12,organic_block,768.0,0,0,0,1,1.0,1,0,0,0,Mid-Age (35-49),0.138656262505002,0.2591122448979592,Low,Low,1,0,1,S0,General Buyers
1630,35,Male,Blouse,Clothing,88.0,North Dakota,S,Silver,Spring,3.3,0,Next Day Air,1,1,13,Venmo,Quarterly,0,4,organic_block,352.0,1,0,0,1,1.0,1,0,0,0,Mid-Age (35-49),0.1521752701080432,0.4067244897959183,Low,Low,1,1,1,S4,Promo-Habituated Spenders
1631,63,Male,Shoes,Footwear,48.0,New Jersey,M,Gold,Summer,2.9,0,Store Pickup,1,1,29,Venmo,Every 3 Months,0,4,organic_block,192.0,0,0,0,0,1.0,1,0,0,1,Senior (50-70),0.2181344537815125,0.2893571428571428,Low,Low,0,1,2,S0,General Buyers
1632,65,Male,Sweater,Clothing,36.0,Indiana,L,Violet,Summer,3.9,0,2-Day Shipping,1,1,7,Bank Transfer,Fortnightly,0,26,organic_block,936.0,0,1,0,1,1.0,1,0,0,0,Senior (50-70),0.2712837134853941,0.1846122448979591,Low,Low,1,0,1,S2,Promo-Dependent Buyers
1633,35,Male,Gloves,Accessories,28.0,Oregon,S,White,Summer,4.7,0,2-Day Shipping,1,1,50,Debit Card,Every 3 Months,0,4,organic_block,112.0,0,1,1,0,1.0,1,1,1,0,Mid-Age (35-49),0.4907058823529412,0.417,High,Low,1,1,0,S0,General Buyers
1634,54,Male,Socks,Clothing,80.0,North Dakota,M,Peach,Spring,4.4,0,2-Day Shipping,1,1,33,Debit Card,Bi-Weekly,0,26,organic_block,2080.0,0,0,0,0,1.0,1,1,0,0,Senior (50-70),0.4704673869547819,0.5397653061224489,High,Medium,1,1,1,S0,General Buyers
1635,28,Male,Coat,Outerwear,23.0,South Carolina,S,Orange,Summer,3.6,0,Store Pickup,1,1,30,Cash,Every 3 Months,0,4,organic_block,92.0,0,1,0,0,1.0,1,0,0,0,Young Adult (25-34),0.2802569027611045,0.2270841836734694,Low,Low,0,0,3,S0,General Buyers
1636,68,Male,Sunglasses,Accessories,24.0,North Carolina,L,Violet,Summer,3.2,0,Standard,1,1,40,Cash,Annually,0,1,organic_block,24.0,0,1,1,0,1.0,1,0,0,0,Senior (50-70),0.2947755102040816,0.2584795918367347,Low,Low,0,0,0,S0,General Buyers
1637,58,Male,Boots,Footwear,22.0,North Dakota,L,Green,Fall,4.0,0,Free Shipping,1,1,49,Cash,Fortnightly,0,26,organic_block,572.0,0,1,1,0,1.0,1,1,0,0,Senior (50-70),0.5364265706282513,0.3436479591836734,High,Low,0,0,2,S0,General Buyers
1638,35,Male,Dress,Clothing,21.0,Massachusetts,M,Peach,Spring,3.5,0,Next Day Air,1,1,32,Venmo,Fortnightly,0,26,organic_block,546.0,0,1,0,0,1.0,1,0,0,0,Mid-Age (35-49),0.3923449379751901,0.2225382653061224,Medium,Low,1,1,1,S0,General Buyers
1639,68,Male,Jacket,Outerwear,51.0,Tennessee,M,Black,Spring,4.6,0,Free Shipping,1,1,18,Venmo,Weekly,0,52,organic_block,2652.0,0,0,0,0,1.0,1,1,1,0,Senior (50-70),0.5220816326530613,0.3483596938775509,High,Low,0,1,3,S2,Promo-Dependent Buyers
1640,41,Male,Gloves,Accessories,65.0,Missouri,L,Blue,Summer,3.3,0,Free Shipping,1,1,50,Paypal,Annually,0,1,organic_block,65.0,0,0,1,0,1.0,1,0,0,0,Mid-Age (35-49),0.364,0.494875,Medium,Medium,0,1,0,S0,General Buyers
1641,65,Male,Scarf,Accessories,51.0,Tennessee,S,Magenta,Spring,4.0,0,2-Day Shipping,1,1,13,Paypal,Weekly,0,52,organic_block,2652.0,0,0,0,1,1.0,1,1,0,0,Senior (50-70),0.443469387755102,0.2868494897959184,Medium,Low,1,1,0,S2,Promo-Dependent Buyers
1642,50,Male,Hoodie,Clothing,32.0,Colorado,L,Violet,Summer,3.4,0,Free Shipping,1,1,1,Bank Transfer,Every 3 Months,0,4,organic_block,128.0,0,1,0,1,1.0,1,0,0,0,Senior (50-70),0.0867058823529411,0.1065,Low,Low,0,0,1,S2,Promo-Dependent Buyers
1643,18,Male,Coat,Outerwear,70.0,Mississippi,M,Beige,Spring,4.2,0,Store Pickup,1,1,16,Paypal,Fortnightly,0,26,organic_block,1820.0,0,0,0,0,1.0,1,1,0,0,Teen (18-24),0.3503857543017207,0.3972806122448979,Medium,Low,0,1,3,S0,General Buyers
1644,38,Male,Scarf,Accessories,77.0,Ohio,L,Pink,Summer,3.9,0,2-Day Shipping,1,1,6,Paypal,Monthly,0,12,organic_block,924.0,0,0,0,1,1.0,1,0,0,0,Mid-Age (35-49),0.1965338135254101,0.3588852040816326,Low,Low,1,1,0,S0,General Buyers
1645,68,Male,Coat,Outerwear,90.0,North Carolina,S,Beige,Summer,3.9,0,Next Day Air,1,1,21,Debit Card,Monthly,0,12,organic_block,1080.0,1,0,0,0,1.0,1,0,0,0,Senior (50-70),0.2883705482192877,0.4922908163265306,Low,Medium,1,1,3,S4,Promo-Habituated Spenders
1646,53,Male,Scarf,Accessories,36.0,Ohio,L,Green,Summer,2.8,0,Standard,1,1,36,Venmo,Every 3 Months,0,4,organic_block,144.0,0,1,0,0,1.0,1,0,0,1,Senior (50-70),0.2529915966386554,0.2665714285714285,Low,Low,0,1,0,S0,General Buyers
1647,58,Male,Handbag,Accessories,77.0,Nebraska,S,Silver,Summer,3.7,0,Standard,1,1,20,Bank Transfer,Every 3 Months,0,4,organic_block,308.0,0,0,0,0,1.0,1,0,0,0,Senior (50-70),0.2270324129651861,0.418313775510204,Low,Low,0,0,0,S0,General Buyers
1648,34,Male,Boots,Footwear,78.0,Hawaii,M,Purple,Summer,4.9,0,Store Pickup,1,1,8,Debit Card,Quarterly,0,4,organic_block,312.0,0,0,0,1,1.0,1,1,1,0,Young Adult (25-34),0.249563025210084,0.4334642857142857,Low,Medium,0,1,2,S0,General Buyers
1649,36,Male,Pants,Clothing,69.0,Oklahoma,M,Gray,Summer,2.6,0,Express,1,1,22,Credit Card,Monthly,0,12,organic_block,828.0,0,0,0,0,1.0,1,0,0,1,Mid-Age (35-49),0.1904929971988795,0.3275178571428571,Low,Low,1,1,1,S0,General Buyers
1650,58,Male,T-Shirt,Clothing,63.0,Wisconsin,M,White,Summer,4.9,0,Free Shipping,1,1,3,Credit Card,Quarterly,0,4,organic_block,252.0,0,0,0,1,1.0,1,1,1,0,Senior (50-70),0.2189507803121249,0.3423290816326531,Low,Low,0,1,1,S0,General Buyers
1651,60,Male,Scarf,Accessories,36.0,Arkansas,M,Silver,Winter,3.4,0,Next Day Air,1,1,46,Credit Card,Fortnightly,0,26,organic_block,936.0,0,1,1,0,1.0,1,0,0,0,Senior (50-70),0.4700592236894758,0.3535918367346938,High,Low,1,1,0,S0,General Buyers
1652,59,Male,Coat,Outerwear,80.0,Texas,M,Blue,Winter,3.9,0,Standard,1,1,42,Debit Card,Monthly,0,12,organic_block,960.0,0,0,1,0,1.0,1,0,0,0,Senior (50-70),0.4169419767907163,0.5556836734693877,Medium,Medium,0,1,3,S0,General Buyers
1653,65,Male,Sweater,Clothing,35.0,New Mexico,M,Orange,Summer,4.0,0,Next Day Air,1,1,1,Bank Transfer,Fortnightly,0,26,organic_block,910.0,0,1,0,1,1.0,1,1,0,0,Senior (50-70),0.2425490196078431,0.1556249999999999,Low,Low,1,0,1,S2,Promo-Dependent Buyers
1654,31,Male,Belt,Accessories,93.0,Colorado,L,Silver,Winter,3.0,0,2-Day Shipping,1,1,29,Debit Card,Bi-Weekly,0,26,organic_block,2418.0,1,0,0,0,1.0,1,0,0,0,Young Adult (25-34),0.3339775910364145,0.4922321428571428,Medium,Medium,1,1,0,S4,Promo-Habituated Spenders
1655,43,Male,Belt,Accessories,25.0,Indiana,L,Gray,Spring,2.6,0,Store Pickup,1,1,14,Credit Card,Quarterly,0,4,organic_block,100.0,0,1,0,0,1.0,1,0,0,1,Mid-Age (35-49),0.102297719087635,0.0942015306122449,Low,Low,0,1,0,S2,Promo-Dependent Buyers
1656,37,Male,Sweater,Clothing,81.0,Arizona,L,Gold,Spring,3.2,0,Next Day Air,1,1,4,Paypal,Monthly,0,12,organic_block,972.0,1,0,0,1,1.0,1,0,0,0,Mid-Age (35-49),0.1282889155662265,0.3241811224489795,Low,Low,1,1,1,S4,Promo-Habituated Spenders
1657,21,Male,Blouse,Clothing,42.0,Indiana,L,Brown,Spring,2.6,0,2-Day Shipping,1,1,41,Paypal,Every 3 Months,0,4,organic_block,168.0,0,0,1,0,1.0,1,0,0,1,Teen (18-24),0.2676038415366146,0.3063316326530612,Low,Low,1,1,1,S0,General Buyers
1658,69,Male,Skirt,Clothing,36.0,Indiana,L,Turquoise,Spring,3.2,0,Store Pickup,1,1,4,Debit Card,Bi-Weekly,0,26,organic_block,936.0,0,1,0,1,1.0,1,0,0,0,Senior (50-70),0.1969163665466186,0.1273061224489796,Low,Low,0,1,1,S2,Promo-Dependent Buyers
1659,32,Male,Jewelry,Accessories,66.0,Alaska,S,Pink,Spring,4.1,0,Store Pickup,1,1,47,Cash,Weekly,0,52,organic_block,3432.0,0,0,1,0,1.0,1,1,0,0,Young Adult (25-34),0.6596326530612245,0.5319438775510203,High,Medium,0,0,0,S0,General Buyers
1660,53,Male,Gloves,Accessories,37.0,Utah,M,Black,Fall,3.9,0,Next Day Air,1,1,44,Venmo,Annually,0,1,organic_block,37.0,0,1,1,0,1.0,1,0,0,0,Senior (50-70),0.3752653061224489,0.3777627551020408,Medium,Low,1,1,0,S0,General Buyers
1661,59,Male,T-Shirt,Clothing,45.0,Louisiana,L,Yellow,Winter,4.1,0,Standard,1,1,37,Venmo,Monthly,0,12,organic_block,540.0,0,0,0,0,1.0,1,1,0,0,Senior (50-70),0.4023297318927571,0.389048469387755,Medium,Low,0,1,1,S0,General Buyers
1662,64,Male,Gloves,Accessories,86.0,Iowa,S,Beige,Summer,2.7,0,2-Day Shipping,1,1,21,Debit Card,Quarterly,0,4,organic_block,344.0,1,0,0,0,1.0,1,0,0,1,Senior (50-70),0.1531548619447779,0.4027908163265306,Low,Low,1,1,0,S4,Promo-Habituated Spenders
1663,63,Male,Sunglasses,Accessories,24.0,New Mexico,M,Olive,Winter,4.6,0,Free Shipping,1,1,46,Debit Card,Fortnightly,0,26,organic_block,624.0,0,1,1,0,1.0,1,1,1,0,Senior (50-70),0.5660592236894757,0.3730918367346938,High,Low,0,1,0,S0,General Buyers
1664,43,Male,Shirt,Clothing,22.0,Maine,Xl,Gold,Summer,3.5,0,Standard,1,1,1,Cash,Bi-Weekly,0,26,organic_block,572.0,0,1,0,1,1.0,1,0,0,0,Mid-Age (35-49),0.2025490196078431,0.0687499999999999,Low,Low,0,0,1,S2,Promo-Dependent Buyers
1665,19,Male,Handbag,Accessories,53.0,Minnesota,M,Purple,Spring,5.0,0,Next Day Air,1,1,35,Paypal,Weekly,0,52,organic_block,2756.0,0,0,0,0,1.0,1,1,1,0,Teen (18-24),0.6581632653061225,0.467844387755102,High,Medium,1,1,0,S0,General Buyers
1666,40,Male,Jacket,Outerwear,41.0,New Mexico,L,Pink,Fall,3.4,0,Next Day Air,1,1,49,Venmo,Monthly,0,12,organic_block,492.0,0,0,1,0,1.0,1,0,0,0,Mid-Age (35-49),0.4197991196478591,0.3907729591836734,Medium,Low,1,1,3,S0,General Buyers
1667,51,Male,Skirt,Clothing,64.0,Arkansas,M,Blue,Summer,3.1,0,Store Pickup,1,1,47,Paypal,Annually,0,1,organic_block,64.0,0,0,1,0,1.0,1,0,0,0,Senior (50-70),0.3296326530612244,0.4631938775510205,Medium,Medium,0,1,1,S0,General Buyers
1668,51,Male,Handbag,Accessories,40.0,Oklahoma,L,Brown,Winter,3.4,0,2-Day Shipping,1,1,24,Bank Transfer,Every 3 Months,0,4,organic_block,160.0,0,0,0,0,1.0,1,0,0,0,Senior (50-70),0.2275222088835534,0.2588469387755102,Low,Low,1,0,0,S2,Promo-Dependent Buyers
1669,66,Male,Blouse,Clothing,33.0,Utah,L,Charcoal,Summer,4.0,0,Standard,1,1,28,Debit Card,Fortnightly,0,26,organic_block,858.0,0,1,0,0,1.0,1,1,0,0,Senior (50-70),0.4078551420568227,0.2846301020408163,Medium,Low,0,1,1,S0,General Buyers
1670,42,Male,T-Shirt,Clothing,59.0,Wisconsin,L,Maroon,Winter,2.7,0,Store Pickup,1,1,22,Bank Transfer,Quarterly,0,4,organic_block,236.0,0,0,0,0,1.0,1,0,0,1,Mid-Age (35-49),0.1592773109243697,0.2897678571428571,Low,Low,0,0,1,S2,Promo-Dependent Buyers
1671,22,Male,Pants,Clothing,73.0,Utah,L,Cyan,Fall,3.6,0,Free Shipping,1,1,20,Cash,Weekly,0,52,organic_block,3796.0,0,0,0,0,1.0,1,0,0,0,Teen (18-24),0.4543265306122449,0.3948137755102041,Medium,Low,0,0,1,S0,General Buyers
1672,31,Male,Hoodie,Clothing,22.0,Utah,M,Olive,Winter,4.0,0,Free Shipping,1,1,25,Bank Transfer,Weekly,0,52,organic_block,1144.0,0,1,0,0,1.0,1,1,0,0,Young Adult (25-34),0.5169387755102041,0.2211989795918367,High,Low,0,0,1,S0,General Buyers
1673,18,Male,Boots,Footwear,73.0,South Carolina,L,Gold,Fall,3.8,0,Free Shipping,1,1,15,Venmo,Quarterly,0,4,organic_block,292.0,0,0,0,0,1.0,1,0,0,0,Teen (18-24),0.2044201680672268,0.3813035714285714,Low,Low,0,1,2,S0,General Buyers
1674,21,Male,Blouse,Clothing,62.0,Hawaii,M,Violet,Fall,3.4,0,Next Day Air,1,1,49,Venmo,Bi-Weekly,0,26,organic_block,1612.0,0,0,1,0,1.0,1,0,0,0,Teen (18-24),0.4884265706282513,0.4826479591836735,High,Medium,1,1,1,S0,General Buyers
1675,35,Male,Coat,Outerwear,56.0,Alaska,M,Peach,Winter,3.2,0,Free Shipping,1,1,10,Debit Card,Fortnightly,0,26,organic_block,1456.0,0,0,0,1,1.0,1,0,0,0,Mid-Age (35-49),0.2336510604241697,0.2454183673469387,Low,Low,0,1,3,S2,Promo-Dependent Buyers
1676,35,Male,Pants,Clothing,90.0,Colorado,M,Beige,Spring,4.7,0,Next Day Air,1,1,21,Credit Card,Annually,0,1,organic_block,90.0,1,0,0,0,1.0,1,1,1,0,Mid-Age (35-49),0.2984489795918368,0.5402908163265305,Low,Medium,1,1,1,S4,Promo-Habituated Spenders
1677,27,Male,Sunglasses,Accessories,44.0,West Virginia,M,Cyan,Winter,3.1,0,Next Day Air,1,1,34,Bank Transfer,Weekly,0,52,organic_block,2288.0,0,0,0,0,1.0,1,0,0,0,Young Adult (25-34),0.5000408163265306,0.3093673469387755,High,Low,1,0,0,S0,General Buyers
1678,65,Male,Jeans,Clothing,35.0,Oregon,L,Silver,Summer,3.3,0,Next Day Air,0,0,41,Debit Card,Weekly,0,52,organic_block,1820.0,0,1,1,0,0.0,0,0,0,0,Senior (50-70),0.5588979591836735,0.5677066326530613,High,Medium,1,1,1,S0,General Buyers
1679,41,Male,Pants,Clothing,71.0,Ohio,S,Magenta,Summer,4.8,0,2-Day Shipping,0,0,30,Venmo,Fortnightly,0,26,organic_block,1846.0,0,0,0,0,0.0,0,1,1,0,Mid-Age (35-49),0.4841000400160063,0.7590841836734693,High,High,1,1,1,S0,General Buyers
1680,60,Male,Dress,Clothing,52.0,Massachusetts,S,Black,Fall,4.5,0,Next Day Air,0,0,24,Debit Card,Bi-Weekly,0,26,organic_block,1352.0,0,0,0,0,0.0,0,1,1,0,Senior (50-70),0.4233653461384554,0.6273469387755102,Medium,High,1,1,1,S0,General Buyers
1681,61,Male,Shoes,Footwear,37.0,Louisiana,M,Olive,Summer,3.4,0,Store Pickup,0,0,6,Credit Card,Annually,0,1,organic_block,37.0,0,1,0,1,0.0,0,0,0,0,Senior (50-70),0.1026122448979591,0.4038852040816326,Low,Low,0,1,2,S5,Low-Value Occasional
1682,24,Male,Sneakers,Footwear,95.0,Virginia,L,Green,Winter,3.7,0,2-Day Shipping,0,0,14,Credit Card,Bi-Weekly,0,26,organic_block,2470.0,1,0,0,0,0.0,0,0,0,0,Teen (18-24),0.298140856342537,0.716451530612245,Low,High,1,1,2,S1,High-Value Loyal
1683,65,Male,Socks,Clothing,97.0,New York,M,Yellow,Fall,4.9,0,2-Day Shipping,0,0,37,Credit Card,Bi-Weekly,0,26,organic_block,2522.0,1,0,0,0,0.0,0,1,1,0,Senior (50-70),0.5349571828731493,0.9145484693877552,High,High,1,1,1,S1,High-Value Loyal
1684,23,Male,Coat,Outerwear,57.0,Arkansas,S,Lavender,Spring,3.5,0,Next Day Air,0,0,37,Venmo,Quarterly,0,4,organic_block,228.0,0,0,0,0,0.0,0,0,0,0,Teen (18-24),0.3151140456182473,0.6555484693877551,Medium,High,1,1,3,S0,General Buyers
1685,30,Male,Shirt,Clothing,93.0,New Mexico,M,Indigo,Spring,4.6,0,Standard,0,0,28,Paypal,Weekly,0,52,organic_block,4836.0,1,0,0,0,0.0,0,1,1,0,Young Adult (25-34),0.5833061224489795,0.8331301020408163,High,High,0,1,1,S1,High-Value Loyal
1686,33,Male,Blouse,Clothing,48.0,Minnesota,M,Pink,Winter,4.6,0,Standard,0,0,43,Paypal,Bi-Weekly,0,26,organic_block,1248.0,0,0,1,0,0.0,0,1,1,0,Young Adult (25-34),0.5476918767507002,0.7127857142857142,High,High,0,1,1,S0,General Buyers
1687,22,Male,Gloves,Accessories,75.0,Illinois,L,Red,Fall,4.2,0,Store Pickup,0,0,25,Cash,Annually,0,1,organic_block,75.0,0,0,0,0,0.0,0,1,0,0,Teen (18-24),0.2829387755102041,0.7150739795918367,Low,High,0,0,0,S0,General Buyers
1688,67,Male,Skirt,Clothing,70.0,Georgia,S,Magenta,Winter,3.7,0,Free Shipping,0,0,4,Paypal,Annually,0,1,organic_block,70.0,0,0,0,1,0.0,0,0,0,0,Senior (50-70),0.1143673469387755,0.5560561224489795,Low,Medium,0,1,1,S0,General Buyers
1689,28,Male,Handbag,Accessories,26.0,Mississippi,S,Peach,Winter,3.0,0,Next Day Air,0,0,13,Venmo,Fortnightly,0,26,organic_block,676.0,0,1,0,1,0.0,0,0,0,0,Young Adult (25-34),0.2360184073629452,0.3674744897959183,Low,Low,1,1,0,S5,Low-Value Occasional
1690,32,Male,Shirt,Clothing,73.0,North Carolina,L,Turquoise,Winter,4.6,0,Store Pickup,0,0,32,Bank Transfer,Monthly,0,12,organic_block,876.0,0,0,0,0,0.0,0,1,1,0,Young Adult (25-34),0.4117174869947979,0.7660382653061224,Medium,High,0,0,1,S0,General Buyers
1691,40,Male,Coat,Outerwear,30.0,Nevada,M,Black,Summer,3.2,0,Free Shipping,0,0,1,Cash,Annually,0,1,organic_block,30.0,0,1,0,1,0.0,0,0,0,0,Mid-Age (35-49),0.056,0.33575,Low,Low,0,0,3,S5,Low-Value Occasional
1692,64,Male,Shoes,Footwear,61.0,Connecticut,L,Blue,Summer,3.5,0,Next Day Air,0,0,4,Cash,Annually,0,1,organic_block,61.0,0,0,0,1,0.0,0,0,0,0,Senior (50-70),0.0983673469387755,0.5046811224489796,Low,Medium,1,0,2,S0,General Buyers
1693,56,Male,Handbag,Accessories,75.0,Utah,M,Beige,Winter,2.6,0,Standard,0,0,33,Cash,Bi-Weekly,0,26,organic_block,1950.0,0,0,0,0,0.0,0,0,0,1,Senior (50-70),0.3264673869547819,0.6598903061224489,Medium,High,0,0,0,S0,General Buyers
1694,63,Male,Jacket,Outerwear,88.0,Tennessee,Xl,Olive,Fall,4.9,0,Standard,0,0,45,Bank Transfer,Fortnightly,0,26,organic_block,2288.0,1,0,1,0,0.0,0,1,1,0,Senior (50-70),0.583936774709884,0.9159897959183674,High,High,0,0,3,S1,High-Value Loyal
1695,20,Male,Shirt,Clothing,67.0,Mississippi,M,Turquoise,Summer,2.7,0,Express,0,0,20,Debit Card,Fortnightly,0,26,organic_block,1742.0,0,0,0,0,0.0,0,0,0,1,Teen (18-24),0.254875550220088,0.5645637755102041,Low,Medium,1,1,1,S0,General Buyers
1696,54,Male,Hat,Accessories,95.0,Nebraska,S,Yellow,Fall,4.7,0,2-Day Shipping,0,0,1,Paypal,Fortnightly,0,26,organic_block,2470.0,1,0,0,1,0.0,0,1,1,0,Senior (50-70),0.2985490196078432,0.710125,Low,High,1,1,0,S1,High-Value Loyal
1697,31,Male,Sunglasses,Accessories,69.0,West Virginia,S,Turquoise,Spring,4.0,0,Free Shipping,0,0,7,Credit Card,Bi-Weekly,0,26,organic_block,1794.0,0,0,0,1,0.0,0,1,0,0,Young Adult (25-34),0.2792837134853941,0.5849872448979592,Low,Medium,0,1,0,S0,General Buyers
1698,36,Male,Shirt,Clothing,87.0,South Carolina,L,Lavender,Fall,3.5,0,Next Day Air,0,0,48,Credit Card,Every 3 Months,0,4,organic_block,348.0,1,0,1,0,0.0,0,0,0,0,Mid-Age (35-49),0.3824609843937575,0.842920918367347,Medium,High,1,1,1,S1,High-Value Loyal
1699,25,Male,Belt,Accessories,41.0,Iowa,Xl,Turquoise,Winter,4.8,0,Standard,0,0,46,Bank Transfer,Quarterly,0,4,organic_block,164.0,0,0,1,0,0.0,0,1,1,0,Young Adult (25-34),0.4742160864345738,0.7094668367346939,High,High,0,0,0,S0,General Buyers
1700,20,Male,Sweater,Clothing,67.0,North Dakota,L,Teal,Spring,4.0,0,Free Shipping,0,0,34,Debit Card,Annually,0,1,organic_block,67.0,0,0,0,0,0.0,0,1,0,0,Teen (18-24),0.3220408163265306,0.7139923469387754,Medium,High,0,1,1,S0,General Buyers
1701,62,Male,Hoodie,Clothing,70.0,West Virginia,L,Black,Fall,4.1,0,Express,0,0,36,Bank Transfer,Monthly,0,12,organic_block,840.0,0,0,0,0,0.0,0,1,0,0,Senior (50-70),0.3962072829131652,0.7433214285714286,Medium,High,1,0,1,S0,General Buyers
1702,69,Male,Handbag,Accessories,41.0,Mississippi,Xl,Blue,Winter,3.8,0,Next Day Air,0,0,44,Debit Card,Every 3 Months,0,4,organic_block,164.0,0,0,1,0,0.0,0,0,0,0,Senior (50-70),0.3819711884753901,0.6392627551020408,Medium,High,1,1,0,S0,General Buyers
1703,54,Male,Jeans,Clothing,83.0,Alabama,Xl,Yellow,Summer,5.0,0,Express,0,0,48,Bank Transfer,Weekly,0,52,organic_block,4316.0,1,0,1,0,0.0,0,1,1,0,Senior (50-70),0.7377551020408162,0.9154209183673468,High,High,1,0,1,S1,High-Value Loyal
1704,39,Male,Backpack,Accessories,22.0,California,M,Black,Spring,4.0,0,Next Day Air,0,0,12,Bank Transfer,Annually,0,1,organic_block,22.0,0,1,0,1,0.0,0,1,0,0,Mid-Age (35-49),0.1873469387755102,0.4048724489795918,Low,Low,1,0,0,S5,Low-Value Occasional
1705,56,Male,Sneakers,Footwear,20.0,Idaho,M,Lavender,Summer,3.9,0,Store Pickup,0,0,19,Cash,Every 3 Months,0,4,organic_block,80.0,0,1,0,0,0.0,0,0,0,0,Senior (50-70),0.2369099639855942,0.4258367346938775,Low,Low,0,0,2,S0,General Buyers
1706,39,Male,Jewelry,Accessories,29.0,South Dakota,L,Cyan,Summer,3.4,0,2-Day Shipping,0,0,49,Venmo,Bi-Weekly,0,26,organic_block,754.0,0,1,1,0,0.0,0,0,0,0,Mid-Age (35-49),0.4884265706282513,0.5882729591836735,High,Medium,1,1,0,S0,General Buyers
1707,37,Male,Sunglasses,Accessories,87.0,North Dakota,M,Brown,Spring,3.0,0,Standard,0,0,25,Venmo,Fortnightly,0,26,organic_block,2262.0,1,0,0,0,0.0,0,0,0,0,Mid-Age (35-49),0.3094877951180472,0.6955739795918368,Medium,High,0,1,0,S1,High-Value Loyal
1708,25,Male,Shorts,Clothing,81.0,Nevada,L,Maroon,Fall,4.9,0,2-Day Shipping,0,0,25,Cash,Bi-Weekly,0,26,organic_block,2106.0,1,0,0,0,0.0,0,1,1,0,Young Adult (25-34),0.4614877951180473,0.7833239795918367,High,High,1,0,1,S1,High-Value Loyal
1709,35,Male,Boots,Footwear,58.0,Florida,L,Cyan,Spring,3.2,0,Express,0,0,1,Credit Card,Quarterly,0,4,organic_block,232.0,0,0,0,1,0.0,0,0,0,0,Mid-Age (35-49),0.0707058823529412,0.45825,Low,Medium,1,1,2,S0,General Buyers
1710,45,Male,Skirt,Clothing,83.0,Indiana,M,Pink,Winter,3.8,0,Standard,0,0,19,Bank Transfer,Annually,0,1,organic_block,83.0,1,0,0,0,0.0,0,0,0,0,Mid-Age (35-49),0.214204081632653,0.6954617346938775,Low,High,0,0,1,S1,High-Value Loyal
1711,19,Male,Pants,Clothing,59.0,Arkansas,Xl,Orange,Fall,3.8,0,Store Pickup,0,0,7,Credit Card,Quarterly,0,4,organic_block,236.0,0,0,0,1,0.0,0,0,0,0,Teen (18-24),0.1554405762304921,0.5292372448979592,Low,Medium,0,1,1,S0,General Buyers
1712,21,Male,T-Shirt,Clothing,93.0,North Carolina,M,Lavender,Spring,4.7,0,Express,0,0,19,Credit Card,Monthly,0,12,organic_block,1116.0,1,0,0,0,0.0,0,1,1,0,Teen (18-24),0.3401256502601041,0.7932117346938775,Medium,High,1,1,1,S1,High-Value Loyal
1713,65,Male,T-Shirt,Clothing,87.0,Illinois,S,Beige,Fall,3.8,0,2-Day Shipping,0,0,9,Cash,Fortnightly,0,26,organic_block,2262.0,1,0,0,1,0.0,0,0,0,0,Senior (50-70),0.2755286114445778,0.6619413265306121,Low,High,1,0,1,S1,High-Value Loyal
1714,49,Male,Jacket,Outerwear,22.0,Missouri,M,Pink,Winter,4.6,0,Free Shipping,0,0,37,Paypal,Quarterly,0,4,organic_block,88.0,0,1,0,0,0.0,0,1,1,0,Mid-Age (35-49),0.4031140456182472,0.5684234693877551,Medium,Medium,0,1,3,S0,General Buyers
1715,30,Male,Jeans,Clothing,71.0,South Dakota,S,Charcoal,Summer,4.4,0,Standard,0,0,15,Cash,Monthly,0,12,organic_block,852.0,0,0,0,0,0.0,0,1,0,0,Young Adult (25-34),0.2916358543417367,0.6585535714285714,Low,High,0,0,1,S0,General Buyers
1716,23,Male,Dress,Clothing,69.0,Idaho,Xl,Gray,Spring,3.4,0,2-Day Shipping,0,0,30,Paypal,Bi-Weekly,0,26,organic_block,1794.0,0,0,0,0,0.0,0,0,0,0,Teen (18-24),0.3721000400160064,0.6663341836734694,Medium,High,1,1,1,S0,General Buyers
1717,69,Male,Blouse,Clothing,47.0,Connecticut,M,Cyan,Winter,4.7,0,Standard,0,0,30,Cash,Every 3 Months,0,4,organic_block,188.0,0,0,0,0,0.0,0,1,1,0,Senior (50-70),0.3682569027611044,0.6480841836734693,Medium,High,0,0,1,S0,General Buyers
1718,29,Male,Hoodie,Clothing,50.0,Hawaii,L,Orange,Summer,2.9,0,Express,0,0,16,Debit Card,Bi-Weekly,0,26,organic_block,1300.0,0,0,0,0,0.0,0,0,0,1,Young Adult (25-34),0.2463857543017207,0.481780612244898,Low,Medium,1,1,1,S0,General Buyers
1719,54,Male,T-Shirt,Clothing,96.0,Maryland,L,Pink,Winter,3.4,0,2-Day Shipping,0,0,14,Paypal,Every 3 Months,0,4,organic_block,384.0,1,0,0,0,0.0,0,0,0,0,Senior (50-70),0.166297719087635,0.702826530612245,Low,High,1,1,1,S1,High-Value Loyal
1720,45,Male,Sweater,Clothing,39.0,Maryland,M,White,Winter,3.2,0,Free Shipping,0,0,8,Venmo,Quarterly,0,4,organic_block,156.0,0,1,0,1,0.0,0,0,0,0,Mid-Age (35-49),0.113563025210084,0.4108392857142857,Low,Low,0,1,1,S5,Low-Value Occasional
1721,25,Male,Shorts,Clothing,84.0,Massachusetts,S,Beige,Winter,2.8,0,Express,0,0,40,Debit Card,Bi-Weekly,0,26,organic_block,2184.0,1,0,1,0,0.0,0,0,0,1,Young Adult (25-34),0.3853245298119247,0.7469795918367347,Medium,High,1,1,1,S1,High-Value Loyal
1722,34,Male,Jewelry,Accessories,28.0,Delaware,S,Magenta,Spring,4.3,0,Free Shipping,0,0,24,Credit Card,Monthly,0,12,organic_block,336.0,0,1,0,0,0.0,0,1,0,0,Young Adult (25-34),0.3387378951580632,0.5103469387755102,Medium,Medium,0,1,0,S0,General Buyers
1723,46,Male,T-Shirt,Clothing,51.0,Massachusetts,L,Violet,Summer,3.3,0,Standard,0,0,14,Cash,Fortnightly,0,26,organic_block,1326.0,0,0,0,0,0.0,0,0,0,0,Mid-Age (35-49),0.266140856342537,0.4999515306122449,Low,Medium,0,0,1,S0,General Buyers
1724,70,Male,Scarf,Accessories,20.0,New York,Xl,Gold,Spring,3.3,0,Standard,0,0,39,Paypal,Annually,0,1,organic_block,20.0,0,1,1,0,0.0,0,0,0,0,Senior (50-70),0.2966530612244897,0.4918775510204081,Low,Medium,0,1,0,S0,General Buyers
1725,42,Male,Shoes,Footwear,72.0,Delaware,S,Teal,Winter,3.3,0,Free Shipping,0,0,21,Paypal,Weekly,0,52,organic_block,3744.0,0,0,0,0,0.0,0,0,0,0,Mid-Age (35-49),0.4364489795918367,0.6275408163265306,Medium,High,0,1,2,S0,General Buyers
1726,45,Male,Sunglasses,Accessories,33.0,Massachusetts,M,Indigo,Spring,3.0,0,Next Day Air,0,0,32,Venmo,Quarterly,0,4,organic_block,132.0,0,1,0,0,0.0,0,0,0,0,Mid-Age (35-49),0.2445018007202881,0.4950382653061225,Low,Medium,1,1,0,S0,General Buyers
1727,57,Male,Coat,Outerwear,28.0,Indiana,S,Olive,Summer,2.8,0,Express,0,0,45,Debit Card,Weekly,0,52,organic_block,1456.0,0,1,1,0,0.0,0,0,0,1,Senior (50-70),0.5433877551020408,0.5274897959183673,High,Medium,1,1,3,S0,General Buyers
1728,49,Male,Blouse,Clothing,53.0,Virginia,S,Violet,Spring,4.0,0,Express,0,0,19,Paypal,Monthly,0,12,organic_block,636.0,0,0,0,0,0.0,0,1,0,0,Mid-Age (35-49),0.284125650260104,0.5762117346938775,Low,Medium,1,1,1,S0,General Buyers
1729,23,Male,Jeans,Clothing,48.0,Wyoming,L,Black,Fall,4.3,0,Express,0,0,1,Debit Card,Every 3 Months,0,4,organic_block,192.0,0,0,0,1,0.0,0,1,0,0,Teen (18-24),0.1587058823529411,0.4805,Low,Medium,1,1,1,S0,General Buyers
1730,47,Male,Shorts,Clothing,21.0,Illinois,M,Brown,Winter,3.8,0,Store Pickup,0,0,12,Venmo,Fortnightly,0,26,organic_block,546.0,0,1,0,1,0.0,0,0,0,0,Mid-Age (35-49),0.2938959583833533,0.3884974489795918,Low,Low,0,1,1,S5,Low-Value Occasional
1731,23,Male,Shirt,Clothing,22.0,Alabama,S,Silver,Fall,4.2,0,Free Shipping,0,0,26,Credit Card,Weekly,0,52,organic_block,1144.0,0,1,0,0,0.0,0,1,0,0,Teen (18-24),0.5390612244897959,0.4883010204081632,High,Medium,0,1,1,S0,General Buyers
1732,21,Male,Backpack,Accessories,87.0,Idaho,M,Gray,Fall,3.1,0,Next Day Air,0,0,12,Cash,Monthly,0,12,organic_block,1044.0,1,0,0,1,0.0,0,0,0,0,Teen (18-24),0.1692685074029612,0.6352474489795918,Low,High,1,0,0,S1,High-Value Loyal
1733,45,Male,Belt,Accessories,50.0,Rhode Island,S,Charcoal,Winter,2.6,0,Free Shipping,0,0,36,Cash,Every 3 Months,0,4,organic_block,200.0,0,0,0,0,0.0,0,0,0,1,Mid-Age (35-49),0.2369915966386554,0.5658214285714286,Low,Medium,0,0,0,S0,General Buyers
1734,67,Male,Blouse,Clothing,85.0,New York,L,Black,Summer,3.4,0,Express,0,0,22,Credit Card,Annually,0,1,organic_block,85.0,1,0,0,0,0.0,0,0,0,0,Senior (50-70),0.2005714285714285,0.6955178571428572,Low,High,1,1,1,S1,High-Value Loyal
1735,31,Male,Jeans,Clothing,98.0,Missouri,L,Brown,Spring,3.1,0,Next Day Air,0,0,16,Paypal,Quarterly,0,4,organic_block,392.0,1,0,0,0,0.0,0,0,0,0,Young Adult (25-34),0.1545426170468187,0.703780612244898,Low,High,1,1,1,S1,High-Value Loyal
1736,58,Male,Dress,Clothing,34.0,Texas,M,Purple,Winter,3.6,0,Express,0,0,31,Venmo,Annually,0,1,organic_block,34.0,0,1,0,0,0.0,0,0,0,0,Senior (50-70),0.2716734693877551,0.5303112244897958,Low,Medium,1,1,1,S0,General Buyers
1737,57,Male,Shorts,Clothing,61.0,Tennessee,M,Purple,Summer,2.6,0,2-Day Shipping,0,0,43,Cash,Quarterly,0,4,organic_block,244.0,0,0,1,0,0.0,0,0,0,1,Senior (50-70),0.2798487394957983,0.6496607142857143,Low,High,1,0,1,S0,General Buyers
1738,42,Male,Jewelry,Accessories,98.0,Ohio,L,Gray,Summer,4.2,0,Store Pickup,0,0,50,Venmo,Bi-Weekly,0,26,organic_block,2548.0,1,0,1,0,0.0,0,1,0,0,Mid-Age (35-49),0.5585490196078431,0.94325,High,High,0,1,0,S1,High-Value Loyal
1739,60,Male,Handbag,Accessories,61.0,Tennessee,M,Green,Spring,2.9,0,2-Day Shipping,0,0,37,Credit Card,Weekly,0,52,organic_block,3172.0,0,0,0,0,0.0,0,0,0,1,Senior (50-70),0.5024081632653061,0.6370484693877552,High,High,1,1,0,S0,General Buyers
1740,21,Male,Jewelry,Accessories,98.0,Minnesota,L,Silver,Winter,4.2,0,Express,0,0,23,Cash,Weekly,0,52,organic_block,5096.0,1,0,0,0,0.0,0,1,0,0,Teen (18-24),0.5206938775510204,0.8054948979591837,High,High,1,0,0,S1,High-Value Loyal
1741,69,Male,Pants,Clothing,21.0,Wisconsin,L,Charcoal,Fall,3.3,0,Next Day Air,0,0,10,Bank Transfer,Every 3 Months,0,4,organic_block,84.0,0,1,0,1,0.0,0,0,0,0,Senior (50-70),0.1338079231692677,0.3482933673469388,Low,Low,1,0,1,S5,Low-Value Occasional
1742,41,Male,Pants,Clothing,51.0,Delaware,Xl,Teal,Winter,3.6,0,Next Day Air,0,0,20,Bank Transfer,Monthly,0,12,organic_block,612.0,0,0,0,0,0.0,0,0,0,0,Mid-Age (35-49),0.2582480992396959,0.5485637755102041,Low,Medium,1,0,1,S0,General Buyers
1743,51,Male,Sandals,Footwear,80.0,Kansas,Xl,White,Spring,4.3,0,Express,0,0,18,Venmo,Every 3 Months,0,4,organic_block,320.0,0,0,0,0,0.0,0,1,0,0,Senior (50-70),0.2627875150060024,0.707234693877551,Low,High,1,1,2,S0,General Buyers
1744,23,Male,Skirt,Clothing,72.0,Missouri,Xl,Brown,Winter,3.3,0,Standard,0,0,3,Bank Transfer,Weekly,0,52,organic_block,3744.0,0,0,0,1,0.0,0,0,0,0,Teen (18-24),0.3262448979591836,0.535704081632653,Medium,Medium,0,0,1,S0,General Buyers
1745,57,Male,Sunglasses,Accessories,63.0,Michigan,L,Teal,Winter,3.0,0,Standard,0,0,23,Paypal,Weekly,0,52,organic_block,3276.0,0,0,0,0,0.0,0,0,0,0,Senior (50-70),0.4246938775510204,0.5803698979591837,Medium,Medium,0,1,0,S0,General Buyers
1746,40,Male,Skirt,Clothing,27.0,West Virginia,L,Red,Winter,3.6,0,Store Pickup,0,0,27,Cash,Weekly,0,52,organic_block,1404.0,0,1,0,0,0.0,0,0,0,0,Mid-Age (35-49),0.4971836734693878,0.4792780612244898,High,Medium,0,0,1,S0,General Buyers
1747,65,Male,Handbag,Accessories,44.0,Alabama,L,Brown,Summer,3.1,0,Store Pickup,0,0,44,Bank Transfer,Fortnightly,0,26,organic_block,1144.0,0,0,1,0,0.0,0,0,0,0,Senior (50-70),0.4338143257302921,0.6103877551020409,Medium,High,0,0,0,S0,General Buyers
1748,61,Male,Coat,Outerwear,23.0,New Hampshire,M,Yellow,Winter,2.9,0,Express,0,0,41,Venmo,Quarterly,0,4,organic_block,92.0,0,1,1,0,0.0,0,0,0,1,Senior (50-70),0.2916038415366146,0.4912066326530612,Low,Medium,1,1,3,S0,General Buyers
1749,34,Male,Skirt,Clothing,93.0,Montana,L,Teal,Winter,3.9,0,2-Day Shipping,0,0,41,Bank Transfer,Annually,0,1,organic_block,93.0,1,0,1,0,0.0,0,0,0,0,Young Adult (25-34),0.3568979591836734,0.8574566326530612,Medium,High,1,0,1,S1,High-Value Loyal
1750,43,Male,Hoodie,Clothing,70.0,Wyoming,L,Pink,Fall,3.2,0,2-Day Shipping,0,0,36,Debit Card,Every 3 Months,0,4,organic_block,280.0,0,0,0,0,0.0,0,0,0,0,Mid-Age (35-49),0.2849915966386555,0.6893214285714286,Low,High,1,1,1,S0,General Buyers
1751,31,Male,Sunglasses,Accessories,85.0,Missouri,M,White,Fall,3.1,0,Express,0,0,38,Venmo,Every 3 Months,0,4,organic_block,340.0,1,0,1,0,0.0,0,0,0,0,Young Adult (25-34),0.2892364945978391,0.7591505102040816,Low,High,1,1,0,S1,High-Value Loyal
1752,57,Male,Sweater,Clothing,40.0,Ohio,M,Silver,Winter,3.2,0,2-Day Shipping,0,0,34,Cash,Annually,0,1,organic_block,40.0,0,0,0,0,0.0,0,0,0,0,Senior (50-70),0.2580408163265306,0.5478673469387756,Low,Medium,1,0,1,S0,General Buyers
1753,34,Male,Boots,Footwear,29.0,South Dakota,L,Blue,Winter,3.3,0,Store Pickup,0,0,14,Venmo,Quarterly,0,4,organic_block,116.0,0,1,0,0,0.0,0,0,0,0,Young Adult (25-34),0.158297719087635,0.4037015306122449,Low,Low,0,1,2,S0,General Buyers
1754,25,Male,Skirt,Clothing,27.0,Colorado,L,Black,Fall,4.8,0,Next Day Air,0,0,23,Credit Card,Fortnightly,0,26,organic_block,702.0,0,1,0,0,0.0,0,1,1,0,Young Adult (25-34),0.4412428971588635,0.5308698979591837,Medium,Medium,1,1,1,S0,General Buyers
1755,66,Male,Dress,Clothing,93.0,Massachusetts,S,Beige,Fall,3.8,0,2-Day Shipping,0,0,18,Credit Card,Fortnightly,0,26,organic_block,2418.0,1,0,0,0,0.0,0,0,0,0,Senior (50-70),0.3306306522609043,0.734109693877551,Medium,High,1,1,1,S1,High-Value Loyal
1756,56,Male,Belt,Accessories,20.0,Delaware,Xl,Charcoal,Spring,4.6,0,Next Day Air,0,0,45,Cash,Monthly,0,12,organic_block,240.0,0,1,1,0,0.0,0,1,1,0,Senior (50-70),0.4913093237294918,0.6004897959183674,High,High,1,0,0,S0,General Buyers
1757,49,Male,Jewelry,Accessories,55.0,New Hampshire,S,Cyan,Fall,2.8,0,Free Shipping,0,0,14,Bank Transfer,Weekly,0,52,organic_block,2860.0,0,0,0,0,0.0,0,0,0,1,Mid-Age (35-49),0.3535918367346938,0.4874515306122449,Medium,Medium,0,0,0,S0,General Buyers
1758,19,Male,Dress,Clothing,94.0,Michigan,L,Yellow,Fall,3.6,0,Standard,0,0,48,Debit Card,Annually,0,1,organic_block,94.0,1,0,1,0,0.0,0,0,0,0,Teen (18-24),0.3757551020408163,0.8795459183673469,Medium,High,0,1,1,S1,High-Value Loyal
1759,27,Male,Hat,Accessories,56.0,Pennsylvania,M,Silver,Winter,4.3,0,Free Shipping,0,0,17,Venmo,Bi-Weekly,0,26,organic_block,1456.0,0,0,0,0,0.0,0,1,0,0,Young Adult (25-34),0.3645082032813125,0.5971326530612245,Medium,Medium,0,1,0,S0,General Buyers
1760,68,Male,Sweater,Clothing,58.0,Louisiana,L,Green,Spring,4.0,0,Next Day Air,0,0,1,Paypal,Weekly,0,52,organic_block,3016.0,0,0,0,1,0.0,0,1,0,0,Senior (50-70),0.37,0.50625,Medium,Medium,1,1,1,S0,General Buyers
1761,20,Male,Skirt,Clothing,44.0,Minnesota,Xl,Peach,Spring,3.5,0,Standard,0,0,39,Paypal,Weekly,0,52,organic_block,2288.0,0,0,1,0,0.0,0,0,0,0,Teen (18-24),0.5626530612244898,0.6088775510204081,High,High,0,1,1,S0,General Buyers
1762,21,Male,Hoodie,Clothing,95.0,Hawaii,S,Green,Fall,4.9,0,2-Day Shipping,0,0,24,Cash,Weekly,0,52,organic_block,4940.0,1,0,0,0,0.0,0,1,1,0,Teen (18-24),0.5828163265306123,0.8394719387755102,High,High,1,0,1,S1,High-Value Loyal
1763,36,Male,Sandals,Footwear,42.0,Idaho,M,Brown,Summer,3.1,0,Express,0,0,41,Bank Transfer,Fortnightly,0,26,organic_block,1092.0,0,0,1,0,0.0,0,0,0,0,Mid-Age (35-49),0.4154469787915166,0.5863316326530612,Medium,Medium,1,0,2,S0,General Buyers
1764,37,Male,Jewelry,Accessories,93.0,Vermont,M,Lavender,Winter,3.9,0,Store Pickup,0,0,28,Paypal,Annually,0,1,organic_block,93.0,1,0,0,0,0.0,0,0,0,0,Mid-Age (35-49),0.2773061224489795,0.7911301020408162,Low,High,0,1,0,S1,High-Value Loyal
1765,61,Male,Dress,Clothing,56.0,Delaware,M,Charcoal,Summer,3.0,0,Store Pickup,0,0,34,Venmo,Quarterly,0,4,organic_block,224.0,0,0,0,0,0.0,0,0,0,0,Senior (50-70),0.2567466986794717,0.6058673469387755,Low,High,0,1,1,S0,General Buyers
1766,68,Male,Hoodie,Clothing,88.0,New Mexico,M,Orange,Spring,4.1,0,2-Day Shipping,0,0,41,Venmo,Quarterly,0,4,organic_block,352.0,1,0,1,0,0.0,0,1,0,0,Senior (50-70),0.3876038415366146,0.8475816326530612,Medium,High,1,1,1,S1,High-Value Loyal
1767,60,Male,Sweater,Clothing,54.0,Alaska,S,Cyan,Winter,4.3,0,2-Day Shipping,0,0,27,Cash,Bi-Weekly,0,26,organic_block,1404.0,0,0,0,0,0.0,0,1,0,0,Senior (50-70),0.4257326930772308,0.6394030612244898,Medium,High,1,0,1,S0,General Buyers
1768,69,Male,Jewelry,Accessories,89.0,Minnesota,L,Lavender,Fall,3.8,0,2-Day Shipping,0,0,46,Debit Card,Fortnightly,0,26,organic_block,2314.0,1,0,1,0,0.0,0,0,0,0,Senior (50-70),0.5020592236894758,0.8594668367346938,High,High,1,1,0,S1,High-Value Loyal
1769,25,Male,Sandals,Footwear,45.0,Nebraska,M,Indigo,Summer,3.9,0,2-Day Shipping,0,0,2,Paypal,Every 3 Months,0,4,organic_block,180.0,0,0,0,1,0.0,0,0,0,0,Young Adult (25-34),0.132828331332533,0.4484770408163265,Low,Medium,1,1,2,S0,General Buyers
1770,32,Male,Socks,Clothing,75.0,Alaska,L,Brown,Winter,4.3,0,Free Shipping,0,0,45,Cash,Monthly,0,12,organic_block,900.0,0,0,1,0,0.0,0,1,0,0,Young Adult (25-34),0.4673093237294918,0.8231147959183673,High,High,0,0,1,S0,General Buyers
1771,53,Male,Backpack,Accessories,22.0,Michigan,M,Pink,Fall,4.3,0,Express,0,0,34,Bank Transfer,Weekly,0,52,organic_block,1144.0,0,1,0,0,0.0,0,1,0,0,Senior (50-70),0.5960408163265306,0.5351173469387756,High,Medium,1,0,0,S0,General Buyers
1772,46,Male,Shirt,Clothing,82.0,Indiana,Xl,Turquoise,Fall,4.7,0,Store Pickup,0,0,9,Credit Card,Annually,0,1,organic_block,82.0,1,0,0,1,0.0,0,1,1,0,Mid-Age (35-49),0.2249795918367347,0.6940663265306123,Low,High,0,1,1,S1,High-Value Loyal
1773,58,Male,Shoes,Footwear,34.0,Hawaii,M,Gold,Summer,3.1,0,2-Day Shipping,0,0,1,Bank Transfer,Annually,0,1,organic_block,34.0,0,1,0,1,0.0,0,0,0,0,Senior (50-70),0.048,0.3472499999999999,Low,Low,1,0,2,S5,Low-Value Occasional
1774,21,Male,Coat,Outerwear,92.0,West Virginia,M,Blue,Summer,2.7,0,Free Shipping,0,0,17,Paypal,Annually,0,1,organic_block,92.0,1,0,0,0,0.0,0,0,0,1,Teen (18-24),0.1139591836734694,0.6586326530612245,Low,High,0,1,3,S1,High-Value Loyal
1775,46,Male,Sweater,Clothing,78.0,New York,M,Lavender,Spring,3.7,0,Express,0,0,6,Paypal,Weekly,0,52,organic_block,4056.0,0,0,0,1,0.0,0,0,0,0,Mid-Age (35-49),0.3766122448979592,0.6012602040816326,Medium,High,1,1,1,S0,General Buyers
1776,18,Male,Jacket,Outerwear,47.0,Iowa,M,Violet,Spring,3.3,0,2-Day Shipping,0,0,12,Cash,Bi-Weekly,0,26,organic_block,1222.0,0,0,0,1,0.0,0,0,0,0,Teen (18-24),0.2538959583833533,0.4722474489795918,Low,Medium,1,0,3,S0,General Buyers
1777,56,Male,Jacket,Outerwear,64.0,Arizona,L,Cyan,Summer,3.4,0,Free Shipping,0,0,10,Venmo,Every 3 Months,0,4,organic_block,256.0,0,0,0,1,0.0,0,0,0,0,Senior (50-70),0.1418079231692677,0.5424183673469388,Low,Medium,0,1,3,S0,General Buyers
1778,18,Male,Sneakers,Footwear,44.0,Minnesota,L,Purple,Winter,4.7,0,Free Shipping,0,0,4,Cash,Fortnightly,0,26,organic_block,1144.0,0,0,0,1,0.0,0,1,1,0,Teen (18-24),0.3169163665466187,0.5023061224489795,Medium,Medium,0,0,2,S0,General Buyers
1779,49,Male,Belt,Accessories,94.0,Texas,M,Red,Winter,4.9,0,Store Pickup,0,0,8,Debit Card,Bi-Weekly,0,26,organic_block,2444.0,1,0,0,1,0.0,0,1,1,0,Mid-Age (35-49),0.357406162464986,0.7534642857142857,Medium,High,0,1,0,S1,High-Value Loyal
1780,29,Male,Scarf,Accessories,62.0,Virginia,M,Charcoal,Winter,4.3,0,Free Shipping,0,0,41,Venmo,Weekly,0,52,organic_block,3224.0,0,0,1,0,0.0,0,1,0,0,Young Adult (25-34),0.6388979591836734,0.7458316326530612,High,High,0,1,0,S0,General Buyers
1781,67,Male,Jewelry,Accessories,81.0,North Dakota,S,Gray,Summer,4.2,0,Next Day Air,0,0,49,Credit Card,Weekly,0,52,organic_block,4212.0,1,0,1,0,0.0,0,1,0,0,Senior (50-70),0.6798775510204081,0.8637729591836735,High,High,1,1,0,S1,High-Value Loyal
1782,31,Male,T-Shirt,Clothing,33.0,Iowa,M,Pink,Fall,3.7,0,Express,0,0,49,Bank Transfer,Quarterly,0,4,organic_block,132.0,0,1,1,0,0.0,0,0,0,0,Young Adult (25-34),0.4045834333733493,0.6237729591836736,Medium,High,1,0,1,S0,General Buyers
1783,52,Male,Pants,Clothing,88.0,Utah,M,Lavender,Fall,2.7,0,Next Day Air,0,0,40,Bank Transfer,Fortnightly,0,26,organic_block,2288.0,1,0,1,0,0.0,0,0,0,1,Senior (50-70),0.3773245298119247,0.7584795918367346,Medium,High,1,0,1,S1,High-Value Loyal
1784,42,Male,Handbag,Accessories,49.0,Ohio,L,Lavender,Winter,3.3,0,Free Shipping,0,0,30,Credit Card,Monthly,0,12,organic_block,588.0,0,0,0,0,0.0,0,0,0,0,Mid-Age (35-49),0.2954725890356142,0.5728341836734694,Low,Medium,0,1,0,S0,General Buyers
1785,32,Male,Backpack,Accessories,31.0,Louisiana,L,Yellow,Summer,4.8,0,Standard,0,0,4,Debit Card,Quarterly,0,4,organic_block,124.0,0,1,0,1,0.0,0,1,1,0,Young Adult (25-34),0.2170732292917166,0.4514311224489795,Low,Medium,0,1,0,S5,Low-Value Occasional
1786,47,Male,Gloves,Accessories,29.0,Iowa,S,Peach,Fall,4.1,0,Next Day Air,0,0,22,Venmo,Monthly,0,12,organic_block,348.0,0,1,0,0,0.0,0,1,0,0,Mid-Age (35-49),0.3104929971988795,0.4925178571428571,Medium,Medium,1,1,0,S0,General Buyers
1787,45,Male,Jacket,Outerwear,34.0,Maryland,M,Brown,Spring,4.6,0,2-Day Shipping,0,0,22,Venmo,Monthly,0,12,organic_block,408.0,0,1,0,0,0.0,0,1,1,0,Mid-Age (35-49),0.3504929971988795,0.5443928571428571,Medium,Medium,1,1,3,S0,General Buyers
1788,20,Male,Sweater,Clothing,38.0,Montana,L,Gold,Fall,4.9,0,2-Day Shipping,0,0,10,Bank Transfer,Quarterly,0,4,organic_block,152.0,0,1,0,1,0.0,0,1,1,0,Teen (18-24),0.2618079231692677,0.5186683673469388,Low,Medium,1,0,1,S5,Low-Value Occasional
1789,66,Male,Blouse,Clothing,41.0,Illinois,L,Pink,Summer,3.1,0,Store Pickup,0,0,23,Cash,Bi-Weekly,0,26,organic_block,1066.0,0,0,0,0,0.0,0,0,0,0,Senior (50-70),0.3052428971588635,0.4901198979591836,Medium,Medium,0,0,1,S0,General Buyers
1790,52,Male,Blouse,Clothing,34.0,Arizona,L,Peach,Spring,3.0,0,2-Day Shipping,0,0,43,Debit Card,Quarterly,0,4,organic_block,136.0,0,1,1,0,0.0,0,0,0,0,Senior (50-70),0.3118487394957983,0.5555357142857142,Medium,Medium,1,1,1,S0,General Buyers
1791,50,Male,Gloves,Accessories,26.0,North Carolina,S,Violet,Summer,3.7,0,Store Pickup,0,0,31,Paypal,Bi-Weekly,0,26,organic_block,676.0,0,1,0,0,0.0,0,0,0,0,Senior (50-70),0.4022224889955982,0.5013112244897959,Medium,Medium,0,1,0,S0,General Buyers
1792,62,Male,Jeans,Clothing,98.0,Montana,S,Purple,Winter,4.0,0,Store Pickup,0,0,38,Cash,Annually,0,1,organic_block,98.0,1,0,1,0,0.0,0,1,0,0,Senior (50-70),0.3465306122448979,0.8700255102040816,Medium,High,0,0,1,S1,High-Value Loyal
1793,38,Male,Sneakers,Footwear,59.0,Iowa,M,Peach,Fall,3.0,0,Express,0,0,22,Debit Card,Every 3 Months,0,4,organic_block,236.0,0,0,0,0,0.0,0,0,0,0,Mid-Age (35-49),0.1832773109243697,0.5577678571428571,Low,Medium,1,1,2,S0,General Buyers
1794,65,Male,Hat,Accessories,92.0,Iowa,S,White,Fall,3.8,0,Store Pickup,0,0,45,Cash,Every 3 Months,0,4,organic_block,368.0,1,0,1,0,0.0,0,0,0,0,Senior (50-70),0.388093637454982,0.8674897959183673,Medium,High,0,0,0,S1,High-Value Loyal
1795,60,Male,Backpack,Accessories,40.0,Ohio,L,Indigo,Spring,3.7,0,Express,0,0,21,Debit Card,Fortnightly,0,26,organic_block,1040.0,0,0,0,0,0.0,0,0,0,0,Senior (50-70),0.3409979991996799,0.5115408163265307,Medium,Medium,1,1,0,S0,General Buyers
1796,68,Male,Jeans,Clothing,20.0,Wisconsin,S,Violet,Fall,4.0,0,2-Day Shipping,0,0,9,Debit Card,Fortnightly,0,26,organic_block,520.0,0,1,0,1,0.0,0,1,0,0,Senior (50-70),0.2915286114445778,0.3808163265306122,Low,Low,1,1,1,S5,Low-Value Occasional
1797,62,Male,Skirt,Clothing,35.0,South Carolina,S,Brown,Spring,3.1,0,Store Pickup,0,0,34,Venmo,Weekly,0,52,organic_block,1820.0,0,1,0,0,0.0,0,0,0,0,Senior (50-70),0.5000408163265306,0.5199923469387755,High,Medium,0,1,1,S0,General Buyers
1798,62,Male,Belt,Accessories,35.0,Oregon,L,Maroon,Spring,3.9,0,2-Day Shipping,0,0,26,Venmo,Weekly,0,52,organic_block,1820.0,0,1,0,0,0.0,0,0,0,0,Senior (50-70),0.5150612244897959,0.5271760204081632,High,Medium,1,1,0,S0,General Buyers
1799,40,Male,Dress,Clothing,82.0,North Dakota,L,Magenta,Winter,3.7,0,Express,0,0,1,Cash,Weekly,0,52,organic_block,4264.0,1,0,0,1,0.0,0,0,0,0,Mid-Age (35-49),0.346,0.59325,Medium,Medium,1,0,1,S0,General Buyers
1800,32,Male,Hoodie,Clothing,48.0,California,M,Charcoal,Fall,3.9,0,Express,0,0,47,Venmo,Weekly,0,52,organic_block,2496.0,0,0,1,0,0.0,0,0,0,0,Young Adult (25-34),0.6436326530612245,0.6911938775510204,High,High,1,1,1,S0,General Buyers
1801,22,Male,Coat,Outerwear,58.0,Mississippi,Xl,Indigo,Winter,2.7,0,Express,0,0,30,Credit Card,Weekly,0,52,organic_block,3016.0,0,0,0,0,0.0,0,0,0,1,Teen (18-24),0.4435510204081633,0.5762091836734694,Medium,Medium,1,1,3,S0,General Buyers
1802,33,Male,Sweater,Clothing,57.0,New Jersey,M,Turquoise,Spring,3.9,0,Express,0,0,48,Debit Card,Fortnightly,0,26,organic_block,1482.0,0,0,1,0,0.0,0,0,0,0,Young Adult (25-34),0.5223041216486595,0.7356709183673469,High,High,1,1,1,S0,General Buyers
1803,57,Male,Shorts,Clothing,96.0,Rhode Island,L,Turquoise,Winter,2.6,0,Store Pickup,0,0,31,Venmo,Bi-Weekly,0,26,organic_block,2496.0,1,0,0,0,0.0,0,0,0,1,Senior (50-70),0.3142224889955982,0.7415612244897959,Medium,High,0,1,1,S1,High-Value Loyal
1804,60,Male,Sneakers,Footwear,97.0,New Hampshire,S,Gray,Summer,3.5,0,Free Shipping,0,0,33,Venmo,Fortnightly,0,26,organic_block,2522.0,1,0,0,0,0.0,0,0,0,0,Senior (50-70),0.3984673869547819,0.810140306122449,Medium,High,0,1,2,S1,High-Value Loyal
1805,30,Male,Sweater,Clothing,42.0,Louisiana,L,Peach,Winter,4.4,0,Next Day Air,0,0,39,Credit Card,Weekly,0,52,organic_block,2184.0,0,0,1,0,0.0,0,1,0,0,Young Adult (25-34),0.6346530612244898,0.6541275510204082,High,High,1,1,1,S0,General Buyers
1806,41,Male,T-Shirt,Clothing,62.0,Arizona,L,Gold,Spring,4.9,0,Store Pickup,0,0,46,Debit Card,Weekly,0,52,organic_block,3224.0,0,0,1,0,0.0,0,1,1,0,Mid-Age (35-49),0.7175102040816327,0.807341836734694,High,High,0,1,1,S0,General Buyers
1807,58,Male,Handbag,Accessories,67.0,Rhode Island,M,Green,Fall,3.9,0,Standard,0,0,24,Venmo,Annually,0,1,organic_block,67.0,0,0,0,0,0.0,0,0,0,0,Senior (50-70),0.2528163265306122,0.6569719387755102,Low,High,0,1,0,S0,General Buyers
1808,34,Male,Sneakers,Footwear,46.0,Vermont,L,Gold,Summer,3.5,0,Standard,0,0,37,Venmo,Fortnightly,0,26,organic_block,1196.0,0,0,0,0,0.0,0,0,0,0,Young Adult (25-34),0.4229571828731492,0.6074234693877552,Medium,High,0,1,2,S0,General Buyers
1809,67,Male,Jacket,Outerwear,71.0,Tennessee,M,Lavender,Spring,4.3,0,Next Day Air,0,0,7,Debit Card,Monthly,0,12,organic_block,852.0,0,0,0,1,0.0,0,1,0,0,Senior (50-70),0.234656262505002,0.6117372448979591,Low,High,1,1,3,S0,General Buyers
1810,58,Male,Backpack,Accessories,99.0,Alaska,S,Blue,Fall,3.4,0,Free Shipping,0,0,6,Debit Card,Fortnightly,0,26,organic_block,2574.0,1,0,0,1,0.0,0,0,0,0,Senior (50-70),0.2251612645058023,0.6751352040816327,Low,High,0,1,0,S1,High-Value Loyal
1811,41,Male,Jeans,Clothing,28.0,Maryland,M,Magenta,Fall,2.7,0,Standard,0,0,16,Cash,Bi-Weekly,0,26,organic_block,728.0,0,1,0,0,0.0,0,0,0,1,Mid-Age (35-49),0.2303857543017207,0.373530612244898,Low,Low,0,0,1,S0,General Buyers
1812,42,Male,Belt,Accessories,77.0,Wisconsin,L,Blue,Summer,3.6,0,Standard,0,0,33,Bank Transfer,Annually,0,1,organic_block,77.0,0,0,0,0,0.0,0,0,0,0,Mid-Age (35-49),0.2839183673469387,0.7286403061224489,Low,High,0,0,0,S0,General Buyers
1813,50,Male,Boots,Footwear,63.0,Nevada,S,Blue,Summer,4.9,0,Express,0,0,18,Paypal,Bi-Weekly,0,26,organic_block,1638.0,0,0,0,0,0.0,0,1,1,0,Senior (50-70),0.4186306522609044,0.668859693877551,Medium,High,1,1,2,S0,General Buyers
1814,40,Male,Shorts,Clothing,62.0,Illinois,M,Olive,Spring,3.5,0,Free Shipping,0,0,24,Paypal,Weekly,0,52,organic_block,3224.0,0,0,0,0,0.0,0,0,0,0,Mid-Age (35-49),0.4708163265306123,0.6110969387755103,High,High,0,1,1,S0,General Buyers
1815,32,Male,Jeans,Clothing,92.0,Montana,M,White,Summer,3.8,0,Free Shipping,0,0,24,Cash,Quarterly,0,4,organic_block,368.0,1,0,0,0,0.0,0,0,0,0,Young Adult (25-34),0.2595222088835534,0.7603469387755102,Low,High,0,0,1,S1,High-Value Loyal
1816,51,Male,Shoes,Footwear,72.0,New Mexico,L,White,Winter,4.5,0,2-Day Shipping,0,0,48,Credit Card,Every 3 Months,0,4,organic_block,288.0,0,0,1,0,0.0,0,1,1,0,Senior (50-70),0.4624609843937575,0.8372959183673468,High,High,1,1,2,S0,General Buyers
1817,26,Male,Hat,Accessories,79.0,Virginia,M,Purple,Summer,4.0,0,Express,0,0,4,Cash,Weekly,0,52,organic_block,4108.0,0,0,0,1,0.0,0,1,0,0,Young Adult (25-34),0.3883673469387755,0.6134311224489796,Medium,High,1,0,0,S0,General Buyers
1818,32,Male,T-Shirt,Clothing,27.0,Delaware,M,White,Summer,4.7,0,Free Shipping,0,0,20,Cash,Weekly,0,52,organic_block,1404.0,0,1,0,0,0.0,0,1,1,0,Young Adult (25-34),0.5423265306122449,0.509563775510204,High,Medium,0,0,1,S0,General Buyers
1819,58,Male,Sunglasses,Accessories,39.0,North Carolina,M,White,Fall,3.8,0,Express,0,0,47,Debit Card,Every 3 Months,0,4,organic_block,156.0,0,1,1,0,0.0,0,0,0,0,Senior (50-70),0.4003385354141656,0.6458188775510204,Medium,High,1,1,0,S0,General Buyers
1820,51,Male,Socks,Clothing,86.0,Nevada,S,Peach,Spring,4.5,0,Next Day Air,0,0,50,Cash,Quarterly,0,4,organic_block,344.0,1,0,1,0,0.0,0,1,1,0,Senior (50-70),0.4747058823529412,0.90875,High,High,1,0,1,S1,High-Value Loyal
1821,19,Male,Shirt,Clothing,94.0,Washington,Xl,Gold,Fall,5.0,0,Express,0,0,31,Paypal,Monthly,0,12,organic_block,1128.0,1,0,0,0,0.0,0,1,1,0,Teen (18-24),0.4375950380152061,0.876811224489796,Medium,High,1,1,1,S1,High-Value Loyal
1822,57,Male,Shorts,Clothing,53.0,Maine,M,Teal,Spring,2.8,0,Express,0,0,29,Paypal,Quarterly,0,4,organic_block,212.0,0,0,0,0,0.0,0,0,0,1,Senior (50-70),0.2101344537815125,0.5552321428571428,Low,Medium,1,1,1,S0,General Buyers
1823,66,Male,Shirt,Clothing,85.0,Connecticut,S,Cyan,Summer,4.4,0,Standard,0,0,4,Cash,Annually,0,1,organic_block,85.0,1,0,0,1,0.0,0,1,0,0,Senior (50-70),0.1703673469387755,0.6636811224489796,Low,High,0,0,1,S1,High-Value Loyal
1824,62,Male,Socks,Clothing,50.0,Louisiana,L,Pink,Fall,4.7,0,Free Shipping,0,0,40,Bank Transfer,Bi-Weekly,0,26,organic_block,1300.0,0,0,1,0,0.0,0,1,1,0,Senior (50-70),0.5373245298119248,0.7122295918367346,High,High,0,0,1,S0,General Buyers
1825,58,Male,Pants,Clothing,47.0,Illinois,Xl,Magenta,Winter,3.8,0,Express,0,0,31,Cash,Monthly,0,12,organic_block,564.0,0,0,0,0,0.0,0,0,0,0,Senior (50-70),0.3415950380152061,0.5991862244897959,Medium,High,1,0,1,S0,General Buyers
1826,23,Male,Boots,Footwear,75.0,South Dakota,M,Pink,Winter,4.9,0,Next Day Air,0,0,41,Credit Card,Weekly,0,52,organic_block,3900.0,0,0,1,0,0.0,0,1,1,0,Teen (18-24),0.6868979591836735,0.8387066326530612,High,High,1,1,2,S0,General Buyers
1827,45,Male,T-Shirt,Clothing,60.0,Indiana,M,Turquoise,Winter,4.2,0,Express,0,0,44,Debit Card,Annually,0,1,organic_block,60.0,0,0,1,0,0.0,0,1,0,0,Mid-Age (35-49),0.399265306122449,0.7463877551020408,Medium,High,1,1,1,S0,General Buyers
1828,20,Male,T-Shirt,Clothing,36.0,Vermont,S,Pink,Spring,4.9,0,2-Day Shipping,0,0,31,Bank Transfer,Weekly,0,52,organic_block,1872.0,0,1,0,0,0.0,0,1,1,0,Teen (18-24),0.6256734693877551,0.617061224489796,High,High,1,0,1,S0,General Buyers
1829,33,Male,Coat,Outerwear,80.0,New Hampshire,L,Gray,Spring,3.9,0,Express,0,0,45,Cash,Every 3 Months,0,4,organic_block,320.0,0,0,1,0,0.0,0,0,0,0,Young Adult (25-34),0.396093637454982,0.8209897959183673,Medium,High,1,0,3,S0,General Buyers
1830,30,Male,Hat,Accessories,96.0,Oregon,M,White,Spring,4.9,0,2-Day Shipping,0,0,50,Credit Card,Quarterly,0,4,organic_block,384.0,1,0,1,0,0.0,0,1,1,0,Young Adult (25-34),0.5067058823529412,0.9765,High,High,1,1,0,S1,High-Value Loyal
1831,50,Male,Sunglasses,Accessories,80.0,Kansas,M,Blue,Winter,4.8,0,Express,0,0,7,Venmo,Annually,0,1,organic_block,80.0,0,0,0,1,0.0,0,1,1,0,Senior (50-70),0.220734693877551,0.6811122448979591,Low,High,1,1,0,S0,General Buyers
1832,62,Male,Blouse,Clothing,71.0,Maine,M,Cyan,Summer,3.3,0,Free Shipping,0,0,5,Bank Transfer,Every 3 Months,0,4,organic_block,284.0,0,0,0,1,0.0,0,0,0,0,Senior (50-70),0.1031956782713085,0.5415331632653061,Low,Medium,0,0,1,S0,General Buyers
1833,69,Male,Jewelry,Accessories,29.0,Louisiana,M,Blue,Fall,4.6,0,Free Shipping,0,0,48,Cash,Monthly,0,12,organic_block,348.0,0,1,1,0,0.0,0,1,1,0,Senior (50-70),0.5096766706682672,0.655170918367347,High,High,0,0,0,S0,General Buyers
1834,34,Male,Jewelry,Accessories,53.0,Louisiana,M,Yellow,Spring,4.5,0,2-Day Shipping,0,0,19,Paypal,Fortnightly,0,26,organic_block,1378.0,0,0,0,0,0.0,0,1,1,0,Young Adult (25-34),0.3927531012404962,0.6062117346938776,Medium,High,1,1,0,S0,General Buyers
1835,49,Male,Skirt,Clothing,35.0,Indiana,M,Charcoal,Summer,4.1,0,2-Day Shipping,0,0,39,Venmo,Fortnightly,0,26,organic_block,910.0,0,1,1,0,0.0,0,1,0,0,Mid-Age (35-49),0.4832020808323328,0.6055025510204081,High,High,1,1,1,S0,General Buyers
1836,65,Male,Scarf,Accessories,75.0,Kentucky,M,Lavender,Fall,3.2,0,2-Day Shipping,0,0,45,Credit Card,Quarterly,0,4,organic_block,300.0,0,0,1,0,0.0,0,0,0,0,Senior (50-70),0.340093637454982,0.7571147959183674,Medium,High,1,1,0,S0,General Buyers
1837,66,Male,Pants,Clothing,52.0,South Carolina,M,Teal,Fall,4.2,0,2-Day Shipping,0,0,35,Credit Card,Monthly,0,12,organic_block,624.0,0,0,0,0,0.0,0,1,0,0,Senior (50-70),0.3980848339335734,0.665469387755102,Medium,High,1,1,1,S0,General Buyers
1838,41,Male,Hat,Accessories,77.0,Montana,M,Beige,Winter,4.8,0,Free Shipping,0,0,8,Venmo,Monthly,0,12,organic_block,924.0,0,0,0,1,0.0,0,1,1,0,Mid-Age (35-49),0.2807787114845938,0.6730892857142857,Low,High,0,1,0,S0,General Buyers
1839,37,Male,Gloves,Accessories,24.0,Vermont,L,Blue,Fall,4.1,0,Next Day Air,0,0,11,Credit Card,Quarterly,0,4,organic_block,96.0,0,1,0,1,0.0,0,1,0,0,Mid-Age (35-49),0.2039303721488595,0.4145204081632653,Low,Low,1,1,0,S5,Low-Value Occasional
1840,32,Male,Shirt,Clothing,78.0,Mississippi,Xl,Purple,Winter,3.7,0,Store Pickup,0,0,32,Cash,Annually,0,1,organic_block,78.0,0,0,0,0,0.0,0,0,0,0,Young Adult (25-34),0.2857959183673469,0.7339132653061224,Low,High,0,0,1,S0,General Buyers
1841,42,Male,Sandals,Footwear,98.0,Wyoming,M,Gold,Winter,2.6,0,Store Pickup,0,0,46,Bank Transfer,Every 3 Months,0,4,organic_block,392.0,1,0,1,0,0.0,0,0,0,1,Mid-Age (35-49),0.2982160864345738,0.8268418367346939,Low,High,0,0,2,S1,High-Value Loyal
1842,31,Male,Socks,Clothing,57.0,Vermont,L,Blue,Winter,3.0,0,Standard,0,0,7,Paypal,Every 3 Months,0,4,organic_block,228.0,0,0,0,1,0.0,0,0,0,0,Young Adult (25-34),0.0914405762304922,0.4724872448979592,Low,Medium,0,1,1,S0,General Buyers
1843,61,Male,Handbag,Accessories,78.0,Alabama,M,Black,Summer,4.4,0,Express,0,0,1,Debit Card,Annually,0,1,organic_block,78.0,0,0,0,1,0.0,0,1,0,0,Senior (50-70),0.152,0.6177499999999999,Low,High,1,1,0,S0,General Buyers
1844,36,Male,Jacket,Outerwear,76.0,Kentucky,M,Charcoal,Fall,4.7,0,Next Day Air,0,0,32,Credit Card,Monthly,0,12,organic_block,912.0,0,0,0,0,0.0,0,1,1,0,Mid-Age (35-49),0.4197174869947979,0.7851632653061225,Medium,High,1,1,3,S0,General Buyers
1845,60,Male,Shorts,Clothing,26.0,South Dakota,M,Purple,Spring,2.7,0,2-Day Shipping,0,0,31,Credit Card,Annually,0,1,organic_block,26.0,0,1,0,0,0.0,0,0,0,1,Senior (50-70),0.1996734693877551,0.4413112244897959,Low,Medium,1,1,1,S0,General Buyers
1846,51,Male,Sandals,Footwear,78.0,Delaware,M,Orange,Winter,2.8,0,2-Day Shipping,0,0,39,Bank Transfer,Quarterly,0,4,organic_block,312.0,0,0,1,0,0.0,0,0,0,1,Senior (50-70),0.2713589435774309,0.7156275510204082,Low,High,1,0,2,S0,General Buyers
1847,68,Male,Scarf,Accessories,53.0,Wisconsin,M,Yellow,Summer,2.9,0,Standard,0,0,9,Venmo,Quarterly,0,4,organic_block,212.0,0,0,0,1,0.0,0,0,0,1,Senior (50-70),0.0956854741896758,0.4591913265306122,Low,Medium,0,1,0,S0,General Buyers
1848,46,Male,Sandals,Footwear,100.0,Arizona,Xl,Cyan,Summer,4.4,0,Free Shipping,0,0,49,Credit Card,Weekly,0,52,organic_block,5200.0,1,0,1,0,0.0,0,1,0,0,Mid-Age (35-49),0.6958775510204082,0.9588979591836734,High,High,0,1,2,S1,High-Value Loyal
1849,19,Male,Jeans,Clothing,73.0,Maine,Xl,Yellow,Winter,2.7,0,Express,0,0,34,Cash,Every 3 Months,0,4,organic_block,292.0,0,0,0,0,0.0,0,0,0,1,Teen (18-24),0.2327466986794718,0.6622423469387755,Low,High,1,0,1,S0,General Buyers
1850,30,Male,Skirt,Clothing,40.0,New Mexico,M,Maroon,Winter,4.5,0,Store Pickup,0,0,35,Bank Transfer,Monthly,0,12,organic_block,480.0,0,0,0,0,0.0,0,1,1,0,Young Adult (25-34),0.4220848339335734,0.630969387755102,Medium,High,0,0,1,S0,General Buyers
1851,51,Male,Gloves,Accessories,76.0,Wyoming,S,Black,Winter,2.8,0,Store Pickup,0,0,50,Debit Card,Weekly,0,52,organic_block,3952.0,0,0,1,0,0.0,0,0,0,1,Senior (50-70),0.5740000000000001,0.763,High,High,0,1,0,S0,General Buyers
1852,28,Male,Skirt,Clothing,80.0,Delaware,S,Lavender,Fall,3.1,0,Free Shipping,0,0,4,Bank Transfer,Fortnightly,0,26,organic_block,2080.0,0,0,0,1,0.0,0,0,0,0,Young Adult (25-34),0.1889163665466186,0.5638061224489797,Low,Medium,0,0,1,S0,General Buyers
1853,41,Male,Sweater,Clothing,80.0,Pennsylvania,Xl,Violet,Winter,3.8,0,Store Pickup,0,0,32,Cash,Weekly,0,52,organic_block,4160.0,0,0,0,0,0.0,0,0,0,0,Mid-Age (35-49),0.5437959183673469,0.7486632653061224,High,High,0,0,1,S0,General Buyers
1854,29,Male,Blouse,Clothing,67.0,North Dakota,Xl,Olive,Spring,2.9,0,Express,0,0,11,Paypal,Fortnightly,0,26,organic_block,1742.0,0,0,0,1,0.0,0,0,0,1,Young Adult (25-34),0.2157735094037615,0.5306454081632653,Low,Medium,1,1,1,S0,General Buyers
1855,25,Male,Sweater,Clothing,61.0,Kentucky,M,Teal,Spring,3.8,0,Express,0,0,49,Credit Card,Annually,0,1,organic_block,61.0,0,0,1,0,0.0,0,0,0,0,Young Adult (25-34),0.3978775510204081,0.7522729591836734,Medium,High,1,1,1,S0,General Buyers
1856,60,Male,Shirt,Clothing,76.0,Rhode Island,Xl,Teal,Spring,4.7,0,Standard,0,0,9,Cash,Annually,0,1,organic_block,76.0,0,0,0,1,0.0,0,1,1,0,Senior (50-70),0.2249795918367347,0.6678163265306122,Low,High,0,0,1,S0,General Buyers
1857,63,Male,Jewelry,Accessories,55.0,Arizona,Xl,Beige,Summer,3.2,0,Free Shipping,0,0,30,Paypal,Bi-Weekly,0,26,organic_block,1430.0,0,0,0,0,0.0,0,0,0,0,Senior (50-70),0.3561000400160063,0.5930841836734694,Medium,Medium,0,1,0,S0,General Buyers
1858,51,Male,T-Shirt,Clothing,85.0,Colorado,L,Maroon,Summer,4.0,0,Next Day Air,0,0,33,Cash,Monthly,0,12,organic_block,1020.0,1,0,0,0,0.0,0,1,0,0,Senior (50-70),0.3698399359743897,0.787640306122449,Medium,High,1,0,1,S1,High-Value Loyal
1859,22,Male,Scarf,Accessories,69.0,Maine,S,Peach,Spring,4.9,0,2-Day Shipping,0,0,8,Debit Card,Annually,0,1,organic_block,69.0,0,0,0,1,0.0,0,1,1,0,Teen (18-24),0.2348571428571429,0.6440892857142858,Low,High,1,1,0,S0,General Buyers
1860,54,Male,Belt,Accessories,26.0,New Jersey,L,Beige,Summer,3.7,0,Store Pickup,0,0,29,Debit Card,Fortnightly,0,26,organic_block,676.0,0,1,0,0,0.0,0,0,0,0,Senior (50-70),0.3899775910364145,0.4911071428571428,Medium,Medium,0,1,0,S0,General Buyers
1861,18,Male,T-Shirt,Clothing,64.0,Kansas,M,Silver,Summer,4.8,0,Next Day Air,0,0,4,Credit Card,Monthly,0,12,organic_block,768.0,0,0,0,1,0.0,0,1,1,0,Teen (18-24),0.2562889155662264,0.5958061224489796,Low,Medium,1,1,1,S0,General Buyers
1862,29,Male,Sneakers,Footwear,60.0,South Dakota,S,Peach,Fall,3.6,0,Standard,0,0,19,Debit Card,Monthly,0,12,organic_block,720.0,0,0,0,0,0.0,0,0,0,0,Young Adult (25-34),0.2521256502601041,0.5828367346938776,Low,Medium,0,1,2,S0,General Buyers
1863,59,Male,Gloves,Accessories,36.0,New Hampshire,M,Turquoise,Winter,4.6,0,Express,0,0,10,Paypal,Fortnightly,0,26,organic_block,936.0,0,1,0,1,0.0,0,1,1,0,Senior (50-70),0.3456510604241696,0.4919183673469387,Medium,Medium,1,1,0,S5,Low-Value Occasional
1864,25,Male,Sandals,Footwear,21.0,Connecticut,L,Orange,Spring,4.3,0,2-Day Shipping,0,0,39,Debit Card,Monthly,0,12,organic_block,252.0,0,1,1,0,0.0,0,1,0,0,Young Adult (25-34),0.4305746298519407,0.5562525510204082,Medium,Medium,1,1,2,S0,General Buyers
1865,19,Male,Backpack,Accessories,72.0,Wyoming,S,Cyan,Fall,3.2,0,2-Day Shipping,0,0,21,Venmo,Quarterly,0,4,organic_block,288.0,0,0,0,0,0.0,0,0,0,0,Teen (18-24),0.1931548619447779,0.6215408163265306,Low,High,1,1,0,S0,General Buyers
1866,56,Male,Pants,Clothing,62.0,Missouri,S,Silver,Summer,3.8,0,Store Pickup,0,0,12,Bank Transfer,Monthly,0,12,organic_block,744.0,0,0,0,1,0.0,0,0,0,0,Senior (50-70),0.2252685074029611,0.5678724489795918,Low,Medium,0,0,1,S0,General Buyers
1867,31,Male,T-Shirt,Clothing,44.0,Alaska,Xl,Gold,Winter,4.2,0,Standard,0,0,9,Credit Card,Fortnightly,0,26,organic_block,1144.0,0,0,0,1,0.0,0,1,0,0,Young Adult (25-34),0.3075286114445778,0.4978163265306122,Medium,Medium,0,1,1,S0,General Buyers
1868,45,Male,Skirt,Clothing,52.0,Delaware,M,Brown,Fall,3.4,0,2-Day Shipping,0,0,20,Venmo,Quarterly,0,4,organic_block,208.0,0,0,0,0,0.0,0,0,0,0,Mid-Age (35-49),0.203032412965186,0.5409387755102041,Low,Medium,1,1,1,S0,General Buyers
1869,23,Male,Gloves,Accessories,58.0,Indiana,M,Silver,Spring,4.7,0,Next Day Air,0,0,44,Cash,Fortnightly,0,26,organic_block,1508.0,0,0,1,0,0.0,0,1,1,0,Teen (18-24),0.5618143257302921,0.7676377551020408,High,High,1,0,0,S0,General Buyers
1870,18,Male,Blouse,Clothing,77.0,West Virginia,S,Beige,Spring,3.9,0,2-Day Shipping,0,0,16,Debit Card,Every 3 Months,0,4,organic_block,308.0,0,0,0,0,0.0,0,0,0,0,Teen (18-24),0.2185426170468187,0.659905612244898,Low,High,1,1,1,S0,General Buyers
1871,43,Male,Blouse,Clothing,99.0,Wyoming,L,Violet,Spring,4.3,0,Store Pickup,0,0,27,Debit Card,Fortnightly,0,26,organic_block,2574.0,1,0,0,0,0.0,0,1,0,0,Mid-Age (35-49),0.4257326930772308,0.8362780612244898,Medium,High,0,1,1,S1,High-Value Loyal
1872,56,Male,Jeans,Clothing,96.0,Illinois,Xl,Violet,Fall,2.7,0,Standard,0,0,14,Cash,Every 3 Months,0,4,organic_block,384.0,1,0,0,0,0.0,0,0,0,1,Senior (50-70),0.110297719087635,0.660826530612245,Low,High,0,0,1,S1,High-Value Loyal
1873,43,Male,T-Shirt,Clothing,64.0,Alaska,M,Lavender,Summer,4.6,0,Standard,0,0,24,Credit Card,Monthly,0,12,organic_block,768.0,0,0,0,0,0.0,0,1,1,0,Mid-Age (35-49),0.3627378951580632,0.6858469387755103,Medium,High,0,1,1,S0,General Buyers
1874,64,Male,Sweater,Clothing,44.0,Wisconsin,Xl,Red,Fall,2.9,0,Express,0,0,49,Bank Transfer,Weekly,0,52,organic_block,2288.0,0,0,1,0,0.0,0,0,0,1,Senior (50-70),0.5758775510204082,0.6238979591836735,High,High,1,0,1,S0,General Buyers
1875,67,Male,Pants,Clothing,33.0,Indiana,L,Purple,Fall,3.6,0,Free Shipping,0,0,14,Cash,Weekly,0,52,organic_block,1716.0,0,1,0,0,0.0,0,0,0,0,Senior (50-70),0.4175918367346939,0.4392015306122449,Medium,Medium,0,0,1,S0,General Buyers
1876,63,Male,Boots,Footwear,71.0,Tennessee,M,Brown,Winter,3.9,0,Next Day Air,0,0,6,Credit Card,Quarterly,0,4,organic_block,284.0,0,0,0,1,0.0,0,0,0,0,Senior (50-70),0.1573181272509003,0.5826352040816326,Low,Medium,1,1,2,S0,General Buyers
1877,54,Male,Skirt,Clothing,36.0,Illinois,M,Gray,Fall,2.6,0,Standard,0,0,20,Venmo,Quarterly,0,4,organic_block,144.0,0,1,0,0,0.0,0,0,0,1,Senior (50-70),0.139032412965186,0.4229387755102041,Low,Low,0,1,1,S0,General Buyers
1878,69,Male,Gloves,Accessories,62.0,Pennsylvania,L,Pink,Fall,3.6,0,Express,0,0,3,Credit Card,Annually,0,1,organic_block,62.0,0,0,0,1,0.0,0,0,0,0,Senior (50-70),0.1002448979591836,0.5099540816326531,Low,Medium,1,1,0,S0,General Buyers
1879,34,Male,Socks,Clothing,29.0,Oklahoma,L,Magenta,Summer,3.4,0,Store Pickup,0,0,5,Credit Card,Monthly,0,12,organic_block,348.0,0,1,0,1,0.0,0,0,0,0,Young Adult (25-34),0.1504113645458183,0.3637831632653061,Low,Low,0,1,1,S5,Low-Value Occasional
1880,56,Male,T-Shirt,Clothing,33.0,Tennessee,L,Charcoal,Spring,3.5,0,Express,0,0,46,Cash,Bi-Weekly,0,26,organic_block,858.0,0,1,1,0,0.0,0,0,0,0,Senior (50-70),0.4780592236894758,0.5964668367346939,High,Medium,1,0,1,S0,General Buyers
1881,34,Male,Blouse,Clothing,33.0,New Jersey,L,Yellow,Fall,3.1,0,2-Day Shipping,0,0,8,Debit Card,Monthly,0,12,organic_block,396.0,0,1,0,1,0.0,0,0,0,0,Young Adult (25-34),0.1447787114845938,0.3785892857142857,Low,Low,1,1,1,S5,Low-Value Occasional
1882,58,Male,Blouse,Clothing,41.0,New Jersey,M,Red,Winter,4.3,0,Standard,0,0,13,Cash,Bi-Weekly,0,26,organic_block,1066.0,0,0,0,1,0.0,0,1,0,0,Senior (50-70),0.3400184073629452,0.5110994897959183,Medium,Medium,0,0,1,S0,General Buyers
1883,44,Male,Scarf,Accessories,54.0,Tennessee,L,Blue,Winter,5.0,0,Store Pickup,0,0,25,Bank Transfer,Quarterly,0,4,organic_block,216.0,0,0,0,0,0.0,0,1,1,0,Mid-Age (35-49),0.3616446578631452,0.6711989795918367,Medium,High,0,0,0,S0,General Buyers
1884,25,Male,Backpack,Accessories,58.0,Georgia,M,Cyan,Spring,4.9,0,Store Pickup,0,0,39,Debit Card,Fortnightly,0,26,organic_block,1508.0,0,0,1,0,0.0,0,1,1,0,Young Adult (25-34),0.547202080832333,0.7541275510204082,High,High,0,1,0,S0,General Buyers
1885,27,Male,Shorts,Clothing,30.0,Arizona,S,Pink,Summer,4.3,0,Next Day Air,0,0,15,Bank Transfer,Bi-Weekly,0,26,organic_block,780.0,0,1,0,0,0.0,0,1,0,0,Young Adult (25-34),0.3522633053221288,0.4731785714285714,Medium,Medium,1,0,1,S0,General Buyers
1886,26,Male,Jewelry,Accessories,53.0,Nevada,S,Maroon,Winter,4.4,0,Standard,0,0,35,Cash,Monthly,0,12,organic_block,636.0,0,0,0,0,0.0,0,1,0,0,Young Adult (25-34),0.4140848339335734,0.681844387755102,Medium,High,0,0,0,S0,General Buyers
1887,18,Male,Gloves,Accessories,91.0,Arkansas,L,Beige,Spring,4.4,0,Next Day Air,0,0,46,Cash,Bi-Weekly,0,26,organic_block,2366.0,1,0,1,0,0.0,0,1,0,0,Teen (18-24),0.5500592236894758,0.904216836734694,High,High,1,0,0,S1,High-Value Loyal
1888,64,Male,Hoodie,Clothing,44.0,North Dakota,Xl,Gold,Fall,3.5,0,Express,0,0,3,Paypal,Monthly,0,12,organic_block,528.0,0,0,0,1,0.0,0,0,0,0,Senior (50-70),0.1461664665866346,0.425204081632653,Low,Low,1,1,1,S0,General Buyers
1889,62,Male,Hoodie,Clothing,89.0,South Dakota,Xl,Turquoise,Winter,3.4,0,Free Shipping,0,0,48,Credit Card,Weekly,0,52,organic_block,4628.0,1,0,1,0,0.0,0,0,0,0,Senior (50-70),0.6097551020408162,0.845670918367347,High,High,0,1,1,S1,High-Value Loyal
1890,59,Male,Skirt,Clothing,57.0,North Carolina,L,Peach,Spring,2.5,0,Next Day Air,0,0,27,Bank Transfer,Weekly,0,52,organic_block,2964.0,0,0,0,0,0.0,0,0,0,1,Senior (50-70),0.4091836734693878,0.5445280612244898,Medium,Medium,1,0,1,S0,General Buyers
1891,36,Male,Sunglasses,Accessories,57.0,Hawaii,M,Lavender,Spring,3.4,0,Store Pickup,0,0,5,Credit Card,Weekly,0,52,organic_block,2964.0,0,0,0,1,0.0,0,0,0,0,Mid-Age (35-49),0.3464897959183673,0.4862831632653061,Medium,Medium,0,1,0,S0,General Buyers
1892,69,Male,Jewelry,Accessories,74.0,New Hampshire,M,Gray,Summer,2.6,0,Next Day Air,0,0,48,Debit Card,Quarterly,0,4,organic_block,296.0,0,0,1,0,0.0,0,0,0,1,Senior (50-70),0.3104609843937574,0.7320459183673469,Medium,High,1,1,0,S0,General Buyers
1893,39,Male,Jacket,Outerwear,30.0,California,M,Blue,Fall,4.6,0,2-Day Shipping,0,0,12,Venmo,Weekly,0,52,organic_block,1560.0,0,1,0,1,0.0,0,1,1,0,Mid-Age (35-49),0.4853469387755102,0.4758724489795918,High,Medium,1,1,3,S5,Low-Value Occasional
1894,28,Male,Dress,Clothing,20.0,Delaware,L,Red,Summer,3.7,0,Express,0,0,10,Paypal,Fortnightly,0,26,organic_block,520.0,0,1,0,1,0.0,0,0,0,0,Young Adult (25-34),0.2736510604241697,0.3679183673469388,Low,Low,1,1,1,S5,Low-Value Occasional
1895,42,Male,Hoodie,Clothing,90.0,Arizona,M,Purple,Fall,2.5,0,Free Shipping,0,0,48,Debit Card,Bi-Weekly,0,26,organic_block,2340.0,1,0,1,0,0.0,0,0,0,1,Mid-Age (35-49),0.4103041216486594,0.796045918367347,Medium,High,0,1,1,S1,High-Value Loyal
1896,31,Male,Jeans,Clothing,61.0,Washington,L,Indigo,Fall,4.5,0,Express,0,0,3,Debit Card,Monthly,0,12,organic_block,732.0,0,0,0,1,0.0,0,1,1,0,Young Adult (25-34),0.2261664665866347,0.559579081632653,Low,Medium,1,1,1,S0,General Buyers
1897,57,Male,Sandals,Footwear,51.0,Nevada,M,Gold,Fall,2.9,0,Standard,0,0,19,Venmo,Monthly,0,12,organic_block,612.0,0,0,0,0,0.0,0,0,0,1,Senior (50-70),0.196125650260104,0.5014617346938776,Low,Medium,0,1,2,S0,General Buyers
1898,53,Male,Sunglasses,Accessories,97.0,Alaska,L,Teal,Winter,2.9,0,Free Shipping,0,0,11,Debit Card,Fortnightly,0,26,organic_block,2522.0,1,0,0,1,0.0,0,0,0,1,Senior (50-70),0.2157735094037615,0.6618954081632653,Low,High,0,1,0,S1,High-Value Loyal
1899,59,Male,Pants,Clothing,97.0,Texas,L,Magenta,Fall,3.5,0,Next Day Air,0,0,25,Venmo,Monthly,0,12,organic_block,1164.0,1,0,0,0,0.0,0,0,0,0,Senior (50-70),0.280860344137655,0.7693239795918367,Low,High,1,1,1,S1,High-Value Loyal
1900,32,Male,Shorts,Clothing,40.0,New York,L,Maroon,Winter,4.2,0,Store Pickup,0,0,42,Paypal,Weekly,0,52,organic_block,2080.0,0,0,1,0,0.0,0,1,0,0,Young Adult (25-34),0.6370204081632653,0.6486836734693877,High,High,0,1,1,S0,General Buyers
1901,65,Male,Jewelry,Accessories,85.0,Iowa,S,Blue,Summer,3.3,0,Free Shipping,0,0,34,Cash,Quarterly,0,4,organic_block,340.0,1,0,0,0,0.0,0,0,0,0,Senior (50-70),0.2807466986794718,0.7507423469387755,Low,High,0,0,0,S1,High-Value Loyal
1902,56,Male,Socks,Clothing,76.0,Arizona,S,Beige,Winter,3.9,0,Store Pickup,0,0,50,Cash,Quarterly,0,4,organic_block,304.0,0,0,1,0,0.0,0,0,0,0,Senior (50-70),0.4267058823529411,0.829,Medium,High,0,0,1,S0,General Buyers
1903,31,Male,Sandals,Footwear,22.0,New Mexico,S,Olive,Spring,5.0,0,Store Pickup,0,0,21,Venmo,Monthly,0,12,organic_block,264.0,0,1,0,0,0.0,0,1,1,0,Young Adult (25-34),0.3763705482192877,0.5107908163265306,Medium,Medium,0,1,2,S0,General Buyers
1904,59,Male,Pants,Clothing,63.0,North Carolina,M,Gold,Summer,3.3,0,Standard,0,0,37,Bank Transfer,Weekly,0,52,organic_block,3276.0,0,0,0,0,0.0,0,0,0,0,Senior (50-70),0.534408163265306,0.6697984693877551,High,High,0,0,1,S0,General Buyers
1905,22,Male,T-Shirt,Clothing,71.0,Nevada,S,Silver,Spring,4.2,0,Free Shipping,0,0,46,Cash,Monthly,0,12,organic_block,852.0,0,0,1,0,0.0,0,1,0,0,Teen (18-24),0.4654317727090836,0.8047168367346939,High,High,0,0,1,S0,General Buyers
1906,47,Male,Boots,Footwear,35.0,Idaho,M,Teal,Summer,4.9,0,2-Day Shipping,0,0,14,Bank Transfer,Fortnightly,0,26,organic_block,910.0,0,1,0,0,0.0,0,1,1,0,Mid-Age (35-49),0.394140856342537,0.5259515306122449,Medium,Medium,1,0,2,S0,General Buyers
1907,23,Male,Backpack,Accessories,30.0,Vermont,M,Green,Spring,4.6,0,2-Day Shipping,0,0,24,Paypal,Fortnightly,0,26,organic_block,780.0,0,1,0,0,0.0,0,1,1,0,Teen (18-24),0.4313653461384553,0.5370969387755102,Medium,Medium,1,1,0,S0,General Buyers
1908,69,Male,Skirt,Clothing,74.0,New Mexico,L,Orange,Fall,4.8,0,Store Pickup,0,0,36,Credit Card,Every 3 Months,0,4,organic_block,296.0,0,0,0,0,0.0,0,1,1,0,Senior (50-70),0.4129915966386555,0.8028214285714286,Medium,High,0,1,1,S0,General Buyers
1909,18,Male,Scarf,Accessories,71.0,Georgia,Xl,Charcoal,Winter,2.7,0,Next Day Air,0,0,19,Debit Card,Bi-Weekly,0,26,organic_block,1846.0,0,0,0,0,0.0,0,0,0,1,Teen (18-24),0.2487531012404962,0.5769617346938776,Low,Medium,1,1,0,S0,General Buyers
1910,50,Male,Sweater,Clothing,84.0,Kentucky,S,Black,Spring,4.3,0,Store Pickup,0,0,12,Credit Card,Monthly,0,12,organic_block,1008.0,1,0,0,1,0.0,0,1,0,0,Senior (50-70),0.2652685074029611,0.6941224489795917,Low,High,0,1,1,S1,High-Value Loyal
1911,29,Male,Sandals,Footwear,38.0,New York,S,Yellow,Fall,3.8,0,Express,0,0,13,Debit Card,Quarterly,0,4,organic_block,152.0,0,1,0,1,0.0,0,0,0,0,Young Adult (25-34),0.1921752701080432,0.4679744897959184,Low,Medium,1,1,2,S5,Low-Value Occasional
1912,65,Male,Jewelry,Accessories,81.0,Arizona,M,Gray,Spring,4.9,0,Express,0,0,32,Debit Card,Bi-Weekly,0,26,organic_block,2106.0,1,0,0,0,0.0,0,1,1,0,Senior (50-70),0.5043449379751901,0.8190382653061224,High,High,1,1,0,S1,High-Value Loyal
1913,29,Male,Sweater,Clothing,56.0,Colorado,S,Charcoal,Winter,3.4,0,2-Day Shipping,0,0,5,Credit Card,Bi-Weekly,0,26,organic_block,1456.0,0,0,0,1,0.0,0,0,0,0,Young Adult (25-34),0.2190388155262104,0.4819081632653061,Low,Medium,1,1,1,S0,General Buyers
1914,49,Male,Skirt,Clothing,48.0,Kentucky,M,Peach,Winter,3.6,0,Express,0,0,29,Cash,Annually,0,1,organic_block,48.0,0,0,0,0,0.0,0,0,0,0,Mid-Age (35-49),0.2594285714285714,0.5813571428571429,Low,Medium,1,0,1,S0,General Buyers
1915,28,Male,Shorts,Clothing,97.0,Alaska,L,Green,Fall,3.4,0,Standard,0,0,40,Credit Card,Fortnightly,0,26,organic_block,2522.0,1,0,1,0,0.0,0,0,0,0,Young Adult (25-34),0.4333245298119247,0.8398545918367347,Medium,High,0,1,1,S1,High-Value Loyal
1916,51,Male,Backpack,Accessories,74.0,Alabama,M,Magenta,Fall,4.7,0,2-Day Shipping,0,0,44,Cash,Weekly,0,52,organic_block,3848.0,0,0,1,0,0.0,0,1,1,0,Senior (50-70),0.6892653061224491,0.8376377551020407,High,High,1,0,0,S0,General Buyers
1917,26,Male,Hoodie,Clothing,50.0,Connecticut,S,Beige,Winter,3.0,0,Next Day Air,0,0,3,Debit Card,Bi-Weekly,0,26,organic_block,1300.0,0,0,0,1,0.0,0,0,0,0,Young Adult (25-34),0.1747939175670268,0.4214540816326531,Low,Low,1,1,1,S0,General Buyers
1918,38,Male,Skirt,Clothing,71.0,Hawaii,L,Black,Winter,3.4,0,Free Shipping,0,0,35,Paypal,Bi-Weekly,0,26,organic_block,1846.0,0,0,0,0,0.0,0,0,0,0,Mid-Age (35-49),0.4027122849139656,0.7005943877551021,Medium,High,0,1,1,S0,General Buyers
1919,35,Male,Skirt,Clothing,33.0,Idaho,S,Purple,Summer,4.6,0,Standard,0,0,33,Debit Card,Monthly,0,12,organic_block,396.0,0,1,0,0,0.0,0,1,1,0,Mid-Age (35-49),0.4178399359743897,0.596140306122449,Medium,Medium,0,1,1,S0,General Buyers
1920,34,Male,Backpack,Accessories,56.0,Virginia,M,Olive,Summer,3.1,0,Express,0,0,20,Paypal,Bi-Weekly,0,26,organic_block,1456.0,0,0,0,0,0.0,0,0,0,0,Young Adult (25-34),0.286875550220088,0.5404387755102041,Low,Medium,1,1,0,S0,General Buyers
1921,51,Male,Blouse,Clothing,84.0,Connecticut,M,Purple,Spring,2.8,0,Standard,0,0,40,Cash,Every 3 Months,0,4,organic_block,336.0,1,0,1,0,0.0,0,0,0,1,Senior (50-70),0.2774813925570227,0.7469795918367347,Low,High,0,0,1,S1,High-Value Loyal
1922,47,Male,Shirt,Clothing,36.0,Michigan,M,Green,Fall,3.5,0,Store Pickup,0,0,13,Venmo,Annually,0,1,organic_block,36.0,0,1,0,1,0.0,0,0,0,0,Mid-Age (35-49),0.153469387755102,0.4412244897959184,Low,Medium,0,1,1,S5,Low-Value Occasional
1923,18,Male,Gloves,Accessories,63.0,Kentucky,S,Peach,Summer,4.6,0,Standard,0,0,9,Paypal,Monthly,0,12,organic_block,756.0,0,0,0,1,0.0,0,1,1,0,Teen (18-24),0.2709011604641856,0.6049413265306122,Low,High,0,1,0,S0,General Buyers
1924,64,Male,Sandals,Footwear,36.0,Nebraska,Xl,Blue,Summer,4.3,0,Standard,0,0,7,Cash,Annually,0,1,organic_block,36.0,0,1,0,1,0.0,0,1,0,0,Senior (50-70),0.180734693877551,0.4586122448979591,Low,Medium,0,0,2,S5,Low-Value Occasional
1925,30,Male,Jacket,Outerwear,63.0,Michigan,M,Gray,Fall,4.8,0,Free Shipping,0,0,42,Paypal,Quarterly,0,4,organic_block,252.0,0,0,1,0,0.0,0,1,1,0,Young Adult (25-34),0.4497262905162065,0.7853086734693878,Medium,High,0,1,3,S0,General Buyers
1926,59,Male,Sneakers,Footwear,32.0,Utah,L,Black,Winter,2.9,0,Express,0,0,44,Credit Card,Fortnightly,0,26,organic_block,832.0,0,1,1,0,0.0,0,0,0,1,Senior (50-70),0.4178143257302921,0.5458877551020409,Medium,Medium,1,1,2,S0,General Buyers
1927,66,Male,Backpack,Accessories,93.0,New Mexico,M,Silver,Spring,3.0,0,Express,0,0,6,Paypal,Annually,0,1,organic_block,93.0,1,0,0,1,0.0,0,0,0,0,Senior (50-70),0.0706122448979592,0.6248852040816326,Low,High,1,1,0,S1,High-Value Loyal
1928,40,Male,Pants,Clothing,29.0,Florida,M,Pink,Summer,2.9,0,Standard,0,0,8,Cash,Every 3 Months,0,4,organic_block,116.0,0,1,0,1,0.0,0,0,0,1,Mid-Age (35-49),0.089563025210084,0.3490892857142857,Low,Low,0,0,1,S5,Low-Value Occasional
1929,25,Male,Sunglasses,Accessories,92.0,Mississippi,S,Lavender,Summer,3.7,0,Standard,0,0,10,Paypal,Weekly,0,52,organic_block,4784.0,1,0,0,1,0.0,0,0,0,0,Young Adult (25-34),0.4011020408163265,0.6829183673469388,Medium,High,0,1,0,S1,High-Value Loyal
1930,59,Male,Jeans,Clothing,33.0,Hawaii,L,Brown,Fall,4.7,0,Standard,0,0,46,Venmo,Quarterly,0,4,organic_block,132.0,0,1,1,0,0.0,0,1,1,0,Senior (50-70),0.4662160864345738,0.6684668367346939,High,High,0,1,1,S0,General Buyers
1931,66,Male,Pants,Clothing,52.0,North Carolina,L,Turquoise,Spring,3.5,0,Store Pickup,0,0,26,Cash,Weekly,0,52,organic_block,2704.0,0,0,0,0,0.0,0,0,0,0,Senior (50-70),0.4830612244897959,0.5775510204081633,High,Medium,0,0,1,S0,General Buyers
1932,54,Male,Jewelry,Accessories,42.0,Illinois,S,Olive,Spring,2.7,0,Store Pickup,0,0,6,Debit Card,Every 3 Months,0,4,organic_block,168.0,0,0,0,1,0.0,0,0,0,1,Senior (50-70),0.0613181272509003,0.3837602040816327,Low,Low,0,1,0,S0,General Buyers
1933,42,Male,Hoodie,Clothing,36.0,Maryland,M,White,Spring,5.0,0,Free Shipping,0,0,47,Credit Card,Every 3 Months,0,4,organic_block,144.0,0,1,1,0,0.0,0,1,1,0,Mid-Age (35-49),0.4963385354141656,0.7046938775510204,High,High,0,1,1,S0,General Buyers
1934,48,Male,Sandals,Footwear,67.0,Montana,L,Violet,Summer,4.1,0,Next Day Air,0,0,28,Venmo,Annually,0,1,organic_block,67.0,0,0,0,0,0.0,0,1,0,0,Mid-Age (35-49),0.2933061224489796,0.6893801020408162,Low,High,1,1,2,S0,General Buyers
1935,34,Male,Jacket,Outerwear,43.0,Michigan,L,Gold,Winter,2.7,0,Free Shipping,0,0,23,Bank Transfer,Annually,0,1,organic_block,43.0,0,0,0,0,0.0,0,0,0,1,Young Adult (25-34),0.1506938775510204,0.4748698979591836,Low,Medium,0,0,3,S0,General Buyers
1936,19,Male,Blouse,Clothing,68.0,North Carolina,Xl,Violet,Spring,4.8,0,Free Shipping,0,0,45,Cash,Fortnightly,0,26,organic_block,1768.0,0,0,1,0,0.0,0,1,1,0,Teen (18-24),0.575936774709884,0.8224897959183674,High,High,0,0,1,S0,General Buyers
1937,70,Male,Jewelry,Accessories,60.0,Minnesota,S,Teal,Summer,4.3,0,2-Day Shipping,0,0,44,Paypal,Every 3 Months,0,4,organic_block,240.0,0,0,1,0,0.0,0,1,0,0,Senior (50-70),0.4219711884753901,0.7523877551020408,Medium,High,1,1,0,S0,General Buyers
1938,43,Male,Socks,Clothing,53.0,Delaware,M,Olive,Summer,4.5,0,2-Day Shipping,0,0,11,Bank Transfer,Monthly,0,12,organic_block,636.0,0,0,0,1,0.0,0,1,1,0,Mid-Age (35-49),0.2751460584233693,0.5653954081632653,Low,Medium,1,0,1,S0,General Buyers
1939,46,Male,Jeans,Clothing,23.0,Kentucky,L,Blue,Spring,3.8,0,Standard,0,0,39,Debit Card,Bi-Weekly,0,26,organic_block,598.0,0,1,1,0,0.0,0,0,0,0,Mid-Age (35-49),0.4592020808323329,0.5350025510204082,High,Medium,0,1,1,S0,General Buyers
1940,66,Male,Gloves,Accessories,57.0,Ohio,L,Magenta,Winter,3.7,0,Store Pickup,0,0,20,Paypal,Every 3 Months,0,4,organic_block,228.0,0,0,0,0,0.0,0,0,0,0,Senior (50-70),0.2270324129651861,0.5808137755102041,Low,Medium,0,1,0,S0,General Buyers
1941,50,Male,Hat,Accessories,89.0,Alaska,L,Gray,Fall,3.9,0,2-Day Shipping,0,0,48,Paypal,Fortnightly,0,26,organic_block,2314.0,1,0,1,0,0.0,0,0,0,0,Senior (50-70),0.5223041216486595,0.8756709183673469,High,High,1,1,0,S1,High-Value Loyal
1942,55,Male,Shoes,Footwear,99.0,Vermont,Xl,Peach,Winter,3.3,0,Standard,0,0,46,Credit Card,Quarterly,0,4,organic_block,396.0,1,0,1,0,0.0,0,0,0,0,Senior (50-70),0.3542160864345738,0.873216836734694,Medium,High,0,1,2,S1,High-Value Loyal
1943,63,Male,Pants,Clothing,28.0,Alabama,M,Cyan,Fall,3.4,0,Express,0,0,22,Paypal,Monthly,0,12,organic_block,336.0,0,1,0,0,0.0,0,0,0,0,Senior (50-70),0.2544929971988795,0.4461428571428571,Low,Medium,1,1,1,S0,General Buyers
1944,32,Male,Socks,Clothing,53.0,Wisconsin,L,Violet,Summer,3.8,0,Next Day Air,0,0,45,Cash,Annually,0,1,organic_block,53.0,0,0,1,0,0.0,0,0,0,0,Young Adult (25-34),0.3733877551020408,0.6968647959183673,Medium,High,1,0,1,S0,General Buyers
1945,30,Male,Hoodie,Clothing,45.0,Arkansas,M,Gold,Winter,2.7,0,Free Shipping,0,0,49,Cash,Every 3 Months,0,4,organic_block,180.0,0,0,1,0,0.0,0,0,0,1,Young Adult (25-34),0.3245834333733493,0.6162729591836735,Medium,High,0,0,1,S0,General Buyers
1946,35,Male,Hoodie,Clothing,38.0,Georgia,M,Gold,Winter,2.9,0,2-Day Shipping,0,0,9,Credit Card,Every 3 Months,0,4,organic_block,152.0,0,1,0,1,0.0,0,0,0,1,Mid-Age (35-49),0.0956854741896758,0.3935663265306123,Low,Low,1,1,1,S5,Low-Value Occasional
1947,59,Male,Pants,Clothing,49.0,Louisiana,M,White,Summer,4.5,0,Standard,0,0,41,Credit Card,Quarterly,0,4,organic_block,196.0,0,0,1,0,0.0,0,1,1,0,Senior (50-70),0.4196038415366147,0.7009566326530612,Medium,High,0,1,1,S0,General Buyers
1948,59,Male,Shirt,Clothing,32.0,New York,M,Gray,Summer,2.6,0,Store Pickup,0,0,2,Paypal,Monthly,0,12,organic_block,384.0,0,1,0,1,0.0,0,0,0,1,Senior (50-70),0.0680440176070428,0.3136020408163265,Low,Low,0,1,1,S5,Low-Value Occasional
1949,54,Male,T-Shirt,Clothing,37.0,Connecticut,L,Brown,Winter,3.1,0,Next Day Air,0,0,39,Paypal,Bi-Weekly,0,26,organic_block,962.0,0,1,1,0,0.0,0,0,0,0,Senior (50-70),0.4032020808323329,0.5542525510204082,Medium,Medium,1,1,1,S0,General Buyers
1950,63,Male,Dress,Clothing,80.0,Nebraska,L,Gray,Winter,4.7,0,Store Pickup,0,0,12,Paypal,Quarterly,0,4,organic_block,320.0,0,0,0,1,0.0,0,1,1,0,Senior (50-70),0.2580528211284514,0.7006224489795918,Low,High,0,1,1,S0,General Buyers
1951,43,Male,Backpack,Accessories,78.0,Arkansas,L,Blue,Summer,4.6,0,Free Shipping,0,0,26,Paypal,Every 3 Months,0,4,organic_block,312.0,0,0,0,0,0.0,0,1,1,0,Mid-Age (35-49),0.3357671068427371,0.7573010204081633,Medium,High,0,1,0,S0,General Buyers
1952,33,Male,Gloves,Accessories,53.0,Connecticut,L,Gold,Summer,2.7,0,Next Day Air,0,0,32,Bank Transfer,Bi-Weekly,0,26,organic_block,1378.0,0,0,0,0,0.0,0,0,0,1,Young Adult (25-34),0.3283449379751901,0.5645382653061224,Medium,Medium,1,0,0,S0,General Buyers
1953,57,Male,Shoes,Footwear,82.0,Maryland,L,Yellow,Summer,4.6,0,2-Day Shipping,0,0,50,Cash,Bi-Weekly,0,26,organic_block,2132.0,1,0,1,0,0.0,0,1,1,0,Senior (50-70),0.5905490196078431,0.89725,High,High,1,0,2,S1,High-Value Loyal
1954,25,Male,Skirt,Clothing,33.0,Colorado,Xl,Green,Spring,4.8,0,Standard,0,0,3,Paypal,Fortnightly,0,26,organic_block,858.0,0,1,0,1,0.0,0,1,1,0,Young Adult (25-34),0.3187939175670268,0.4550790816326531,Medium,Medium,0,1,1,S5,Low-Value Occasional
1955,26,Male,Gloves,Accessories,77.0,Colorado,M,Pink,Winter,4.2,0,Free Shipping,0,0,3,Venmo,Quarterly,0,4,organic_block,308.0,0,0,0,1,0.0,0,1,0,0,Young Adult (25-34),0.1629507803121248,0.6115790816326531,Low,High,0,1,0,S0,General Buyers
1956,50,Male,Hoodie,Clothing,56.0,Maine,M,Pink,Winter,4.9,0,Express,0,0,37,Cash,Monthly,0,12,organic_block,672.0,0,0,0,0,0.0,0,1,1,0,Senior (50-70),0.4663297318927571,0.7351734693877551,High,High,1,0,1,S0,General Buyers
1957,70,Male,Socks,Clothing,37.0,Oklahoma,M,Pink,Winter,4.9,0,Express,0,0,20,Credit Card,Fortnightly,0,26,organic_block,962.0,0,1,0,0,0.0,0,1,1,0,Senior (50-70),0.430875550220088,0.5653137755102041,Medium,Medium,1,1,1,S0,General Buyers
1958,68,Male,Gloves,Accessories,54.0,South Carolina,M,Cyan,Spring,4.5,0,Store Pickup,0,0,26,Cash,Bi-Weekly,0,26,organic_block,1404.0,0,0,0,0,0.0,0,1,1,0,Senior (50-70),0.4356102440976391,0.6463010204081633,Medium,High,0,0,0,S0,General Buyers
1959,39,Male,Shorts,Clothing,67.0,Nevada,M,Gray,Winter,2.7,0,Store Pickup,0,0,47,Cash,Quarterly,0,4,organic_block,268.0,0,0,1,0,0.0,0,0,0,1,Mid-Age (35-49),0.3123385354141657,0.7023188775510204,Medium,High,0,0,1,S0,General Buyers
1960,46,Male,Shoes,Footwear,90.0,Colorado,M,White,Fall,3.1,0,Store Pickup,0,0,7,Credit Card,Every 3 Months,0,4,organic_block,360.0,1,0,0,1,0.0,0,0,0,0,Mid-Age (35-49),0.0994405762304922,0.6228622448979592,Low,High,0,1,2,S1,High-Value Loyal
1961,57,Male,Jeans,Clothing,72.0,Massachusetts,L,Red,Summer,3.3,0,2-Day Shipping,0,0,40,Credit Card,Annually,0,1,organic_block,72.0,0,0,1,0,0.0,0,0,0,0,Senior (50-70),0.3027755102040816,0.7244795918367347,Low,High,1,1,1,S0,General Buyers
1962,47,Male,Boots,Footwear,59.0,Nevada,L,Black,Summer,2.6,0,Free Shipping,0,0,45,Debit Card,Quarterly,0,4,organic_block,236.0,0,0,1,0,0.0,0,0,0,1,Mid-Age (35-49),0.292093637454982,0.6511147959183674,Low,High,0,1,2,S0,General Buyers
1963,40,Male,Hat,Accessories,45.0,Iowa,M,Silver,Fall,4.4,0,Standard,0,0,20,Paypal,Fortnightly,0,26,organic_block,1170.0,0,0,0,0,0.0,0,1,0,0,Mid-Age (35-49),0.390875550220088,0.5703137755102041,Medium,Medium,0,1,0,S0,General Buyers
1964,52,Male,Shorts,Clothing,30.0,Michigan,L,Pink,Spring,3.9,0,Standard,0,0,11,Credit Card,Weekly,0,52,organic_block,1560.0,0,1,0,1,0.0,0,0,0,0,Senior (50-70),0.4232244897959183,0.4287704081632653,Medium,Medium,0,1,1,S5,Low-Value Occasional
1965,40,Male,Pants,Clothing,51.0,West Virginia,S,Cyan,Summer,4.6,0,Express,0,0,50,Debit Card,Monthly,0,12,organic_block,612.0,0,0,1,0,0.0,0,1,1,0,Mid-Age (35-49),0.521921568627451,0.761625,High,High,1,1,1,S0,General Buyers
1966,67,Male,Sweater,Clothing,90.0,Indiana,M,White,Fall,4.9,0,Express,0,0,25,Debit Card,Quarterly,0,4,organic_block,360.0,1,0,0,0,0.0,0,1,1,0,Senior (50-70),0.3536446578631453,0.8226989795918367,Medium,High,1,1,1,S1,High-Value Loyal
1967,67,Male,Jacket,Outerwear,95.0,Indiana,Xl,Purple,Winter,3.7,0,Express,0,0,5,Credit Card,Fortnightly,0,26,organic_block,2470.0,1,0,0,1,0.0,0,0,0,0,Senior (50-70),0.2430388155262105,0.6705331632653062,Low,High,1,1,3,S1,High-Value Loyal
1968,37,Male,Dress,Clothing,81.0,Georgia,L,Yellow,Fall,3.7,0,Standard,0,0,4,Venmo,Annually,0,1,organic_block,81.0,1,0,0,1,0.0,0,0,0,0,Mid-Age (35-49),0.1143673469387755,0.6041811224489797,Low,High,0,1,1,S1,High-Value Loyal
1969,67,Male,Shirt,Clothing,70.0,Minnesota,S,Blue,Spring,4.2,0,Standard,0,0,25,Credit Card,Weekly,0,52,organic_block,3640.0,0,0,0,0,0.0,0,1,0,0,Senior (50-70),0.5329387755102041,0.6931989795918367,High,High,0,1,1,S0,General Buyers
1970,64,Male,Dress,Clothing,32.0,Louisiana,S,Cyan,Winter,3.5,0,Next Day Air,0,0,11,Bank Transfer,Fortnightly,0,26,organic_block,832.0,0,1,0,1,0.0,0,0,0,0,Senior (50-70),0.2637735094037615,0.4135204081632653,Low,Low,1,0,1,S5,Low-Value Occasional
1971,28,Male,Belt,Accessories,94.0,Maryland,M,Indigo,Spring,2.9,0,Next Day Air,0,0,4,Credit Card,Bi-Weekly,0,26,organic_block,2444.0,1,0,0,1,0.0,0,0,0,1,Young Adult (25-34),0.1729163665466186,0.6130561224489797,Low,High,1,1,0,S1,High-Value Loyal
1972,54,Male,Hat,Accessories,29.0,Pennsylvania,Xl,Indigo,Spring,3.4,0,Next Day Air,0,0,1,Venmo,Monthly,0,12,organic_block,348.0,0,1,0,1,0.0,0,0,0,0,Senior (50-70),0.1259215686274509,0.343375,Low,Low,1,1,0,S5,Low-Value Occasional
1973,54,Male,Backpack,Accessories,31.0,Louisiana,M,Silver,Summer,3.3,0,Express,0,0,48,Paypal,Every 3 Months,0,4,organic_block,124.0,0,1,1,0,0.0,0,0,0,0,Senior (50-70),0.3664609843937574,0.5859209183673469,Medium,Medium,1,1,0,S0,General Buyers
1974,24,Male,Skirt,Clothing,20.0,Maryland,Xl,Red,Fall,4.5,0,Standard,0,0,9,Venmo,Every 3 Months,0,4,organic_block,80.0,0,1,0,1,0.0,0,1,1,0,Teen (18-24),0.2236854741896758,0.4108163265306122,Low,Low,0,1,1,S5,Low-Value Occasional
1975,27,Male,Gloves,Accessories,44.0,Tennessee,M,Peach,Winter,4.6,0,2-Day Shipping,0,0,2,Paypal,Fortnightly,0,26,organic_block,1144.0,0,0,0,1,0.0,0,1,1,0,Young Adult (25-34),0.296671468587435,0.4861020408163264,Low,Medium,1,1,0,S0,General Buyers
1976,53,Male,Jacket,Outerwear,77.0,Illinois,L,Turquoise,Fall,2.9,0,Express,0,0,4,Cash,Quarterly,0,4,organic_block,308.0,0,0,0,1,0.0,0,0,0,1,Senior (50-70),0.0650732292917166,0.5386811224489796,Low,Medium,1,0,3,S0,General Buyers
1977,32,Male,Handbag,Accessories,51.0,Wyoming,M,Pink,Spring,3.2,0,Next Day Air,0,0,43,Paypal,Fortnightly,0,26,organic_block,1326.0,0,0,1,0,0.0,0,0,0,0,Young Adult (25-34),0.4356918767507003,0.6419107142857143,Medium,High,1,1,0,S0,General Buyers
1978,24,Male,Sandals,Footwear,49.0,Florida,M,Teal,Summer,2.6,0,Free Shipping,0,0,32,Bank Transfer,Annually,0,1,organic_block,49.0,0,0,0,0,0.0,0,0,0,1,Teen (18-24),0.1977959183673469,0.5410382653061224,Low,Medium,0,0,2,S0,General Buyers
1979,45,Male,Sunglasses,Accessories,78.0,Massachusetts,L,Magenta,Spring,3.8,0,Store Pickup,0,0,1,Cash,Quarterly,0,4,organic_block,312.0,0,0,0,1,0.0,0,0,0,0,Mid-Age (35-49),0.1187058823529411,0.5817499999999999,Low,Medium,0,0,0,S0,General Buyers
1980,49,Male,Jeans,Clothing,98.0,Tennessee,L,Blue,Spring,2.8,0,Store Pickup,0,0,38,Debit Card,Fortnightly,0,26,organic_block,2548.0,1,0,1,0,0.0,0,0,0,1,Mid-Age (35-49),0.373079631852741,0.7980255102040816,Medium,High,0,1,1,S1,High-Value Loyal
1981,51,Male,Sandals,Footwear,94.0,Iowa,M,Green,Winter,4.4,0,Store Pickup,0,0,25,Paypal,Fortnightly,0,26,organic_block,2444.0,1,0,0,0,0.0,0,1,0,0,Senior (50-70),0.4214877951180472,0.8101989795918367,Medium,High,0,1,2,S1,High-Value Loyal
1982,69,Male,Shoes,Footwear,91.0,Michigan,L,Violet,Summer,4.7,0,Express,0,0,42,Paypal,Quarterly,0,4,organic_block,364.0,1,0,1,0,0.0,0,1,1,0,Senior (50-70),0.4417262905162065,0.9018086734693878,Medium,High,1,1,2,S1,High-Value Loyal
1983,41,Male,Sunglasses,Accessories,77.0,Kansas,M,Turquoise,Summer,2.7,0,2-Day Shipping,0,0,32,Paypal,Monthly,0,12,organic_block,924.0,0,0,0,0,0.0,0,0,0,1,Mid-Age (35-49),0.2597174869947979,0.6695382653061225,Low,High,1,1,0,S0,General Buyers
1984,59,Male,Scarf,Accessories,97.0,Georgia,M,Pink,Summer,2.6,0,Next Day Air,0,0,21,Debit Card,Quarterly,0,4,organic_block,388.0,1,0,0,0,0.0,0,0,0,1,Senior (50-70),0.1451548619447779,0.6949158163265305,Low,High,1,1,0,S1,High-Value Loyal
1985,26,Male,Skirt,Clothing,58.0,West Virginia,M,Black,Summer,3.4,0,2-Day Shipping,0,0,26,Paypal,Fortnightly,0,26,organic_block,1508.0,0,0,0,0,0.0,0,0,0,0,Young Adult (25-34),0.3476102440976391,0.5978010204081633,Medium,Medium,1,1,1,S0,General Buyers
1986,23,Male,Gloves,Accessories,97.0,Tennessee,M,Gold,Spring,3.9,0,2-Day Shipping,0,0,6,Credit Card,Fortnightly,0,26,organic_block,2522.0,1,0,0,1,0.0,0,0,0,0,Teen (18-24),0.2651612645058023,0.6963852040816326,Low,High,1,1,0,S1,High-Value Loyal
1987,62,Male,Coat,Outerwear,48.0,Arkansas,L,Green,Summer,3.4,0,2-Day Shipping,0,0,14,Venmo,Quarterly,0,4,organic_block,192.0,0,0,0,0,0.0,0,0,0,0,Senior (50-70),0.166297719087635,0.4928265306122448,Low,Medium,1,1,3,S0,General Buyers
1988,69,Male,Belt,Accessories,23.0,Vermont,Xl,White,Summer,3.4,0,Express,0,0,4,Cash,Quarterly,0,4,organic_block,92.0,0,1,0,1,0.0,0,0,0,0,Senior (50-70),0.1050732292917166,0.3324311224489796,Low,Low,1,0,0,S5,Low-Value Occasional
1989,46,Male,Pants,Clothing,79.0,Virginia,M,Gold,Winter,3.9,0,Free Shipping,0,0,26,Bank Transfer,Weekly,0,52,organic_block,4108.0,0,0,0,0,0.0,0,0,0,0,Mid-Age (35-49),0.5150612244897959,0.7196760204081633,High,High,0,0,1,S0,General Buyers
1990,35,Male,Jewelry,Accessories,42.0,Maryland,S,Charcoal,Spring,4.0,0,Express,0,0,39,Paypal,Bi-Weekly,0,26,organic_block,1092.0,0,0,1,0,0.0,0,1,0,0,Mid-Age (35-49),0.4752020808323329,0.6301275510204082,High,High,1,1,0,S0,General Buyers
1991,32,Male,Backpack,Accessories,95.0,Connecticut,L,White,Spring,3.4,0,2-Day Shipping,0,0,15,Paypal,Annually,0,1,organic_block,95.0,1,0,0,0,0.0,0,0,0,0,Young Adult (25-34),0.1577142857142857,0.7035535714285714,Low,High,1,1,0,S1,High-Value Loyal
1992,46,Male,Sneakers,Footwear,29.0,Missouri,M,Brown,Summer,3.7,0,Next Day Air,0,0,1,Venmo,Every 3 Months,0,4,organic_block,116.0,0,1,0,1,0.0,0,0,0,0,Mid-Age (35-49),0.1107058823529412,0.361375,Low,Low,1,1,2,S5,Low-Value Occasional
1993,33,Male,Hoodie,Clothing,98.0,New Jersey,L,Gold,Winter,4.9,0,2-Day Shipping,0,0,28,Venmo,Monthly,0,12,organic_block,1176.0,1,0,0,0,0.0,0,1,1,0,Young Adult (25-34),0.4112276910764306,0.8730051020408164,Medium,High,1,1,1,S1,High-Value Loyal
1994,32,Male,Blouse,Clothing,96.0,Arkansas,S,Purple,Spring,5.0,0,Express,0,0,17,Cash,Weekly,0,52,organic_block,4992.0,1,0,0,0,0.0,0,1,1,0,Young Adult (25-34),0.5479591836734694,0.8141326530612244,High,High,1,0,1,S1,High-Value Loyal
1995,33,Male,Sunglasses,Accessories,66.0,Nevada,M,Brown,Fall,2.9,0,Next Day Air,0,0,24,Credit Card,Weekly,0,52,organic_block,3432.0,0,0,0,0,0.0,0,0,0,1,Young Adult (25-34),0.4228163265306122,0.5925969387755102,Medium,Medium,1,1,0,S0,General Buyers
1996,67,Male,Boots,Footwear,80.0,Missouri,S,Teal,Spring,3.0,0,Standard,0,0,29,Debit Card,Quarterly,0,4,organic_block,320.0,0,0,0,0,0.0,0,0,0,0,Senior (50-70),0.2261344537815126,0.6853571428571428,Low,High,0,1,2,S0,General Buyers
1997,67,Male,Sneakers,Footwear,27.0,South Dakota,L,Indigo,Summer,3.3,0,Next Day Air,0,0,18,Cash,Every 3 Months,0,4,organic_block,108.0,0,1,0,0,0.0,0,0,0,0,Senior (50-70),0.1827875150060023,0.415359693877551,Low,Low,1,0,2,S0,General Buyers
1998,42,Male,Backpack,Accessories,25.0,Connecticut,M,Purple,Fall,4.7,0,Express,0,0,10,Debit Card,Bi-Weekly,0,26,organic_block,650.0,0,1,0,1,0.0,0,1,1,0,Mid-Age (35-49),0.3536510604241697,0.4497933673469387,Medium,Medium,1,1,0,S5,Low-Value Occasional
1999,20,Male,Pants,Clothing,45.0,Vermont,M,Orange,Fall,3.4,0,2-Day Shipping,0,0,19,Cash,Quarterly,0,4,organic_block,180.0,0,0,0,0,0.0,0,0,0,0,Teen (18-24),0.1969099639855942,0.5052117346938776,Low,Medium,1,0,1,S0,General Buyers
2000,39,Male,Socks,Clothing,89.0,Tennessee,L,Indigo,Winter,4.6,0,2-Day Shipping,0,0,26,Debit Card,Monthly,0,12,organic_block,1068.0,1,0,0,0,0.0,0,1,1,0,Mid-Age (35-49),0.3749827931172469,0.8054260204081632,Medium,High,1,1,1,S1,High-Value Loyal
2001,26,Male,Belt,Accessories,27.0,California,M,Lavender,Winter,3.6,0,2-Day Shipping,0,0,25,Cash,Bi-Weekly,0,26,organic_block,702.0,0,1,0,0,0.0,0,0,0,0,Young Adult (25-34),0.3574877951180472,0.4690739795918367,Medium,Medium,1,0,0,S0,General Buyers
2002,51,Male,Sunglasses,Accessories,90.0,Wyoming,S,Purple,Winter,2.6,0,Free Shipping,0,0,2,Debit Card,Fortnightly,0,26,organic_block,2340.0,1,0,0,1,0.0,0,0,0,1,Senior (50-70),0.1366714685874349,0.5673520408163265,Low,Medium,0,1,0,S0,General Buyers
2003,31,Male,Shirt,Clothing,65.0,New York,M,Red,Summer,2.7,0,Express,0,0,19,Paypal,Every 3 Months,0,4,organic_block,260.0,0,0,0,0,0.0,0,0,0,1,Young Adult (25-34),0.1409099639855942,0.5507117346938776,Low,Medium,1,1,1,S0,General Buyers
2004,68,Male,Sneakers,Footwear,72.0,Maine,S,Blue,Spring,3.1,0,Express,0,0,32,Cash,Quarterly,0,4,organic_block,288.0,0,0,0,0,0.0,0,0,0,0,Senior (50-70),0.2525018007202881,0.6716632653061225,Low,High,1,0,2,S0,General Buyers
2005,44,Male,Shoes,Footwear,70.0,Georgia,L,Blue,Fall,3.2,0,2-Day Shipping,0,0,13,Cash,Bi-Weekly,0,26,organic_block,1820.0,0,0,0,1,0.0,0,0,0,0,Mid-Age (35-49),0.2520184073629452,0.5719744897959185,Low,Medium,1,0,2,S0,General Buyers
2006,18,Male,Sandals,Footwear,82.0,Tennessee,M,Cyan,Winter,3.4,0,Store Pickup,0,0,30,Paypal,Fortnightly,0,26,organic_block,2132.0,1,0,0,0,0.0,0,0,0,0,Teen (18-24),0.3721000400160064,0.7232091836734694,Medium,High,0,1,2,S1,High-Value Loyal
2007,58,Male,Scarf,Accessories,97.0,New Mexico,S,Pink,Fall,4.4,0,Express,0,0,2,Credit Card,Annually,0,1,organic_block,97.0,1,0,0,1,0.0,0,1,0,0,Senior (50-70),0.1581224489795918,0.7059770408163265,Low,High,1,1,0,S1,High-Value Loyal
2008,26,Male,Shirt,Clothing,25.0,Virginia,M,Silver,Summer,3.2,0,2-Day Shipping,0,0,8,Paypal,Quarterly,0,4,organic_block,100.0,0,1,0,1,0.0,0,0,0,0,Young Adult (25-34),0.113563025210084,0.3495892857142857,Low,Low,1,1,1,S5,Low-Value Occasional
2009,57,Male,Skirt,Clothing,48.0,Florida,M,Gray,Spring,2.5,0,Free Shipping,0,0,27,Paypal,Every 3 Months,0,4,organic_block,192.0,0,0,0,0,0.0,0,0,0,1,Senior (50-70),0.1738895558223289,0.5051530612244898,Low,Medium,0,1,1,S0,General Buyers
2010,37,Male,Boots,Footwear,99.0,Alabama,M,Indigo,Summer,3.8,0,Next Day Air,0,0,26,Venmo,Bi-Weekly,0,26,organic_block,2574.0,1,0,0,0,0.0,0,0,0,0,Mid-Age (35-49),0.379610244097639,0.8011760204081633,Medium,High,1,1,2,S1,High-Value Loyal
2011,24,Male,Sweater,Clothing,21.0,Texas,M,Maroon,Summer,4.4,0,2-Day Shipping,0,0,3,Debit Card,Bi-Weekly,0,26,organic_block,546.0,0,1,0,1,0.0,0,1,0,0,Teen (18-24),0.2867939175670268,0.3785790816326531,Low,Low,1,1,1,S5,Low-Value Occasional
2012,57,Male,Sandals,Footwear,94.0,West Virginia,M,Beige,Spring,3.7,0,Express,0,0,4,Bank Transfer,Monthly,0,12,organic_block,1128.0,1,0,0,1,0.0,0,0,0,0,Senior (50-70),0.1682889155662265,0.6610561224489797,Low,High,1,0,2,S1,High-Value Loyal
2013,48,Male,Jeans,Clothing,53.0,Nevada,L,Green,Fall,3.2,0,Store Pickup,0,0,5,Cash,Fortnightly,0,26,organic_block,1378.0,0,0,0,1,0.0,0,0,0,0,Mid-Age (35-49),0.2030388155262105,0.4567831632653061,Low,Medium,0,0,1,S0,General Buyers
2014,39,Male,Backpack,Accessories,70.0,Virginia,M,Peach,Winter,4.9,0,Standard,0,0,25,Debit Card,Quarterly,0,4,organic_block,280.0,0,0,0,0,0.0,0,1,1,0,Mid-Age (35-49),0.3536446578631453,0.7351989795918368,Medium,High,0,1,0,S0,General Buyers
2015,51,Male,Skirt,Clothing,26.0,Wisconsin,L,Black,Summer,3.9,0,Standard,0,0,47,Paypal,Bi-Weekly,0,26,organic_block,676.0,0,1,1,0,0.0,0,0,0,0,Senior (50-70),0.5161816726690676,0.5949438775510204,High,Medium,0,1,1,S0,General Buyers
2016,57,Male,Belt,Accessories,82.0,Virginia,S,Pink,Summer,4.5,0,Next Day Air,0,0,8,Credit Card,Fortnightly,0,26,organic_block,2132.0,1,0,0,1,0.0,0,1,1,0,Senior (50-70),0.325406162464986,0.6769642857142857,Medium,High,1,1,0,S1,High-Value Loyal
2017,53,Male,Shoes,Footwear,47.0,Maine,S,Violet,Winter,3.4,0,Standard,0,0,20,Debit Card,Fortnightly,0,26,organic_block,1222.0,0,0,0,0,0.0,0,0,0,0,Senior (50-70),0.310875550220088,0.5190637755102041,Medium,Medium,0,1,2,S0,General Buyers
2018,70,Male,Socks,Clothing,32.0,Massachusetts,S,Green,Winter,4.1,0,Next Day Air,0,0,42,Bank Transfer,Every 3 Months,0,4,organic_block,128.0,0,1,1,0,0.0,0,1,0,0,Senior (50-70),0.3937262905162064,0.6076836734693877,Medium,High,1,0,1,S0,General Buyers
2019,60,Male,Backpack,Accessories,97.0,Arkansas,S,Gold,Fall,4.5,0,Store Pickup,0,0,20,Bank Transfer,Weekly,0,52,organic_block,5044.0,1,0,0,0,0.0,0,1,1,0,Senior (50-70),0.5263265306122449,0.803813775510204,High,High,0,0,0,S1,High-Value Loyal
2020,31,Male,Shirt,Clothing,68.0,Idaho,S,Red,Winter,4.7,0,Store Pickup,0,0,23,Cash,Fortnightly,0,26,organic_block,1768.0,0,0,0,0,0.0,0,1,1,0,Young Adult (25-34),0.4332428971588636,0.7042448979591837,Medium,High,0,0,1,S0,General Buyers
2021,41,Male,Sweater,Clothing,23.0,Pennsylvania,M,Beige,Winter,4.8,0,Next Day Air,0,0,26,Cash,Quarterly,0,4,organic_block,92.0,0,1,0,0,0.0,0,1,1,0,Mid-Age (35-49),0.3517671068427371,0.5286760204081633,Medium,Medium,1,0,1,S0,General Buyers
2022,62,Male,Handbag,Accessories,33.0,Maine,M,Green,Winter,4.4,0,Standard,0,0,48,Venmo,Quarterly,0,4,organic_block,132.0,0,1,1,0,0.0,0,1,0,0,Senior (50-70),0.4544609843937575,0.6606709183673469,Medium,High,0,1,0,S0,General Buyers
2023,59,Male,Jewelry,Accessories,38.0,Alabama,S,Black,Winter,4.0,0,Store Pickup,0,0,16,Cash,Bi-Weekly,0,26,organic_block,988.0,0,1,0,0,0.0,0,1,0,0,Senior (50-70),0.3343857543017207,0.4952806122448979,Medium,Medium,0,0,0,S0,General Buyers
2024,46,Male,Socks,Clothing,68.0,Idaho,S,Teal,Winter,4.1,0,Store Pickup,0,0,28,Cash,Bi-Weekly,0,26,organic_block,1768.0,0,0,0,0,0.0,0,1,0,0,Mid-Age (35-49),0.4158551420568227,0.6937551020408163,Medium,High,0,0,1,S0,General Buyers
2025,62,Male,Socks,Clothing,23.0,Arkansas,L,Silver,Fall,3.7,0,Express,0,0,39,Paypal,Weekly,0,52,organic_block,1196.0,0,1,1,0,0.0,0,0,0,0,Senior (50-70),0.5786530612244898,0.5290025510204082,High,Medium,1,1,1,S0,General Buyers
2026,42,Male,Shirt,Clothing,29.0,Delaware,M,Turquoise,Summer,3.0,0,Express,0,0,43,Debit Card,Fortnightly,0,26,organic_block,754.0,0,1,1,0,0.0,0,0,0,0,Mid-Age (35-49),0.4196918767507003,0.5336607142857144,Medium,Medium,1,1,1,S0,General Buyers
2027,37,Male,Scarf,Accessories,35.0,Maine,M,Orange,Winter,3.6,0,Express,0,0,45,Bank Transfer,Every 3 Months,0,4,organic_block,140.0,0,1,1,0,0.0,0,0,0,0,Mid-Age (35-49),0.372093637454982,0.6061147959183673,Medium,High,1,0,0,S0,General Buyers
2028,50,Male,Shoes,Footwear,73.0,Nebraska,S,Gold,Fall,4.8,0,Standard,0,0,50,Credit Card,Every 3 Months,0,4,organic_block,292.0,0,0,1,0,0.0,0,1,1,0,Senior (50-70),0.4987058823529411,0.869875,High,High,0,1,2,S0,General Buyers
2029,29,Male,Shoes,Footwear,84.0,Ohio,Xl,Purple,Fall,3.7,0,2-Day Shipping,0,0,10,Venmo,Bi-Weekly,0,26,organic_block,2184.0,1,0,0,1,0.0,0,0,0,0,Young Adult (25-34),0.2736510604241697,0.6479183673469389,Low,High,1,1,2,S1,High-Value Loyal
2030,25,Male,Scarf,Accessories,23.0,Montana,M,Pink,Spring,4.6,0,Next Day Air,0,0,40,Paypal,Quarterly,0,4,organic_block,92.0,0,1,1,0,0.0,0,1,1,0,Young Adult (25-34),0.4214813925570227,0.5881045918367347,Medium,Medium,1,1,0,S0,General Buyers
2031,66,Male,Sunglasses,Accessories,67.0,New Mexico,S,Green,Summer,2.8,0,Standard,0,0,38,Credit Card,Monthly,0,12,organic_block,804.0,0,0,1,0,0.0,0,0,0,1,Senior (50-70),0.3044521808723489,0.6624005102040816,Medium,High,0,1,0,S0,General Buyers
2032,21,Male,Socks,Clothing,51.0,North Carolina,L,Charcoal,Spring,4.0,0,Standard,0,0,2,Credit Card,Monthly,0,12,organic_block,612.0,0,0,0,1,0.0,0,1,0,0,Teen (18-24),0.1800440176070428,0.4807270408163265,Low,Medium,0,1,1,S0,General Buyers
2033,46,Male,Blouse,Clothing,36.0,South Carolina,M,Maroon,Winter,4.2,0,Next Day Air,0,0,13,Cash,Annually,0,1,organic_block,36.0,0,1,0,1,0.0,0,1,0,0,Mid-Age (35-49),0.209469387755102,0.4832244897959183,Low,Medium,1,0,1,S5,Low-Value Occasional
2034,57,Male,Jeans,Clothing,55.0,Illinois,L,Olive,Summer,3.6,0,Express,0,0,33,Venmo,Annually,0,1,organic_block,55.0,0,0,0,0,0.0,0,0,0,0,Senior (50-70),0.2839183673469387,0.632390306122449,Low,High,1,1,1,S0,General Buyers
2035,61,Male,Shorts,Clothing,30.0,Alabama,M,Peach,Spring,2.9,0,Store Pickup,0,0,27,Paypal,Monthly,0,12,organic_block,360.0,0,1,0,0,0.0,0,0,0,1,Senior (50-70),0.2451052420968387,0.4504030612244898,Low,Medium,0,1,1,S0,General Buyers
2036,53,Male,T-Shirt,Clothing,70.0,Oklahoma,S,Yellow,Summer,4.1,0,Express,0,0,43,Bank Transfer,Weekly,0,52,organic_block,3640.0,0,0,1,0,0.0,0,1,0,0,Senior (50-70),0.6351428571428571,0.7790357142857143,High,High,1,0,1,S0,General Buyers
2037,37,Male,Blouse,Clothing,63.0,Minnesota,S,Lavender,Winter,3.1,0,Next Day Air,0,0,46,Cash,Weekly,0,52,organic_block,3276.0,0,0,1,0,0.0,0,0,0,0,Mid-Age (35-49),0.5735102040816327,0.7037168367346939,High,High,1,0,1,S0,General Buyers
2038,39,Male,Belt,Accessories,87.0,Illinois,S,Green,Summer,4.3,0,Express,0,0,7,Venmo,Bi-Weekly,0,26,organic_block,2262.0,1,0,0,1,0.0,0,1,0,0,Mid-Age (35-49),0.3032837134853942,0.6817372448979592,Medium,High,1,1,0,S1,High-Value Loyal
2039,53,Male,Blouse,Clothing,70.0,Arkansas,L,Orange,Spring,4.4,0,Next Day Air,0,0,35,Credit Card,Fortnightly,0,26,organic_block,1820.0,0,0,0,0,0.0,0,1,0,0,Senior (50-70),0.4827122849139656,0.756219387755102,High,High,1,1,1,S0,General Buyers
2040,35,Male,T-Shirt,Clothing,51.0,Minnesota,M,Olive,Spring,3.1,0,Next Day Air,0,0,31,Debit Card,Bi-Weekly,0,26,organic_block,1326.0,0,0,0,0,0.0,0,0,0,0,Mid-Age (35-49),0.3542224889955983,0.5746862244897959,Medium,Medium,1,1,1,S0,General Buyers
2041,69,Male,Jewelry,Accessories,25.0,South Carolina,Xl,Gray,Spring,2.9,0,Free Shipping,0,0,42,Venmo,Quarterly,0,4,organic_block,100.0,0,1,1,0,0.0,0,0,0,1,Senior (50-70),0.2977262905162064,0.5050586734693878,Low,Medium,0,1,0,S0,General Buyers
2042,66,Male,Jacket,Outerwear,32.0,New York,S,Lavender,Winter,3.2,0,Next Day Air,0,0,14,Paypal,Bi-Weekly,0,26,organic_block,832.0,0,1,0,0,0.0,0,0,0,0,Senior (50-70),0.258140856342537,0.4108265306122449,Low,Low,1,1,3,S0,General Buyers
2043,19,Male,Shoes,Footwear,52.0,Alabama,M,Red,Spring,4.0,0,2-Day Shipping,0,0,35,Venmo,Monthly,0,12,organic_block,624.0,0,0,0,0,0.0,0,1,0,0,Teen (18-24),0.3820848339335734,0.653469387755102,Medium,High,1,1,2,S0,General Buyers
2044,47,Male,Gloves,Accessories,33.0,New York,M,Charcoal,Summer,2.7,0,Standard,0,0,49,Paypal,Weekly,0,52,organic_block,1716.0,0,1,1,0,0.0,0,0,0,1,Mid-Age (35-49),0.5598775510204081,0.5637729591836735,High,Medium,0,1,0,S0,General Buyers
2045,49,Male,Jeans,Clothing,68.0,Missouri,L,Orange,Spring,3.0,0,Free Shipping,0,0,17,Paypal,Fortnightly,0,26,organic_block,1768.0,0,0,0,0,0.0,0,0,0,0,Mid-Age (35-49),0.2605082032813125,0.5716326530612246,Low,Medium,0,1,1,S0,General Buyers
2046,31,Male,Jewelry,Accessories,20.0,Georgia,M,Red,Fall,4.4,0,Express,0,0,26,Paypal,Quarterly,0,4,organic_block,80.0,0,1,0,0,0.0,0,1,0,0,Young Adult (25-34),0.3197671068427371,0.4915510204081632,Medium,Medium,1,1,0,S0,General Buyers
2047,39,Male,Pants,Clothing,32.0,Oklahoma,M,Maroon,Winter,2.8,0,Free Shipping,0,0,30,Cash,Every 3 Months,0,4,organic_block,128.0,0,1,0,0,0.0,0,0,0,1,Mid-Age (35-49),0.2162569027611044,0.4684591836734694,Low,Medium,0,0,1,S0,General Buyers
2048,58,Male,Jewelry,Accessories,82.0,Connecticut,M,Silver,Summer,3.1,0,Store Pickup,0,0,32,Cash,Annually,0,1,organic_block,82.0,1,0,0,0,0.0,0,0,0,0,Senior (50-70),0.2377959183673469,0.7154132653061225,Low,High,0,0,0,S1,High-Value Loyal
2049,45,Male,Sneakers,Footwear,64.0,Michigan,Xl,Pink,Winter,3.9,0,Express,0,0,35,Bank Transfer,Quarterly,0,4,organic_block,256.0,0,0,0,0,0.0,0,0,0,0,Mid-Age (35-49),0.3348691476590636,0.699969387755102,Medium,High,1,0,2,S0,General Buyers
2050,68,Male,Boots,Footwear,24.0,Rhode Island,L,Blue,Fall,2.7,0,Standard,0,0,15,Venmo,Annually,0,1,organic_block,24.0,0,1,0,0,0.0,0,0,0,1,Senior (50-70),0.1017142857142857,0.3509285714285714,Low,Low,0,1,2,S0,General Buyers
2051,35,Male,Hat,Accessories,96.0,Mississippi,M,Teal,Summer,3.4,0,Store Pickup,0,0,10,Debit Card,Annually,0,1,organic_block,96.0,1,0,0,1,0.0,0,0,0,0,Mid-Age (35-49),0.1271020408163265,0.6824183673469388,Low,High,0,1,0,S1,High-Value Loyal
2052,65,Male,T-Shirt,Clothing,94.0,Massachusetts,L,Black,Spring,3.8,0,Free Shipping,0,0,14,Credit Card,Monthly,0,12,organic_block,1128.0,1,0,0,0,0.0,0,0,0,0,Senior (50-70),0.2375134053621448,0.7180765306122449,Low,High,0,1,1,S1,High-Value Loyal
2053,45,Male,Backpack,Accessories,48.0,New Hampshire,M,Gray,Winter,3.7,0,2-Day Shipping,0,0,30,Bank Transfer,Annually,0,1,organic_block,48.0,0,0,0,0,0.0,0,0,0,0,Mid-Age (35-49),0.2735510204081632,0.5924591836734694,Low,Medium,1,0,0,S0,General Buyers
2054,19,Male,Sunglasses,Accessories,60.0,Wyoming,S,Purple,Spring,4.5,0,2-Day Shipping,0,0,16,Credit Card,Fortnightly,0,26,organic_block,1560.0,0,0,0,0,0.0,0,1,1,0,Teen (18-24),0.3743857543017207,0.6215306122448979,Medium,High,1,1,0,S0,General Buyers
2055,65,Male,Sweater,Clothing,56.0,New Jersey,Xl,Gold,Spring,2.9,0,Express,0,0,14,Paypal,Annually,0,1,organic_block,56.0,0,0,0,0,0.0,0,0,0,1,Senior (50-70),0.1115918367346938,0.4978265306122449,Low,Medium,1,1,1,S0,General Buyers
2056,28,Male,Handbag,Accessories,33.0,Texas,M,Silver,Fall,3.4,0,2-Day Shipping,0,0,28,Bank Transfer,Weekly,0,52,organic_block,1716.0,0,1,0,0,0.0,0,0,0,0,Young Adult (25-34),0.4873061224489796,0.4986301020408163,High,Medium,1,0,0,S0,General Buyers
2057,55,Male,Backpack,Accessories,46.0,Minnesota,L,Blue,Spring,4.4,0,2-Day Shipping,0,0,29,Paypal,Monthly,0,12,organic_block,552.0,0,0,0,0,0.0,0,1,0,0,Senior (50-70),0.3773501400560224,0.6206071428571428,Medium,High,1,1,0,S0,General Buyers
2058,66,Male,Socks,Clothing,37.0,South Dakota,L,Yellow,Spring,4.2,0,Standard,0,0,5,Paypal,Every 3 Months,0,4,organic_block,148.0,0,1,0,1,0.0,0,1,0,0,Senior (50-70),0.1751956782713085,0.4467831632653061,Low,Medium,0,1,1,S5,Low-Value Occasional
2059,29,Male,Shirt,Clothing,98.0,Washington,M,Brown,Winter,3.3,0,Store Pickup,0,0,17,Bank Transfer,Quarterly,0,4,organic_block,392.0,1,0,0,0,0.0,0,0,0,0,Young Adult (25-34),0.1766650660264105,0.7208826530612245,Low,High,0,0,1,S1,High-Value Loyal
2060,56,Male,Shorts,Clothing,50.0,California,Xl,Beige,Spring,3.7,0,Express,0,0,50,Paypal,Weekly,0,52,organic_block,2600.0,0,0,1,0,0.0,0,0,0,0,Senior (50-70),0.6460000000000001,0.7032499999999999,High,High,1,1,1,S0,General Buyers
2061,21,Male,Belt,Accessories,63.0,Wisconsin,M,Blue,Fall,3.2,0,Next Day Air,0,0,23,Bank Transfer,Quarterly,0,4,organic_block,252.0,0,0,0,0,0.0,0,0,0,0,Teen (18-24),0.2053997599039616,0.5923698979591837,Low,Medium,1,0,0,S0,General Buyers
2062,32,Male,Sweater,Clothing,70.0,Michigan,S,Magenta,Summer,2.6,0,Store Pickup,0,0,22,Debit Card,Annually,0,1,organic_block,70.0,0,0,0,0,0.0,0,0,0,1,Young Adult (25-34),0.1365714285714285,0.5818928571428572,Low,Medium,0,1,1,S0,General Buyers
2063,54,Male,Coat,Outerwear,63.0,South Carolina,L,Silver,Fall,2.8,0,Standard,0,0,15,Cash,Quarterly,0,4,organic_block,252.0,0,0,0,0,0.0,0,0,0,1,Senior (50-70),0.1244201680672268,0.5275535714285714,Low,Medium,0,0,3,S0,General Buyers
2064,61,Male,Shorts,Clothing,86.0,Indiana,M,Cyan,Fall,2.9,0,Standard,0,0,32,Cash,Monthly,0,12,organic_block,1032.0,1,0,0,0,0.0,0,0,0,1,Senior (50-70),0.2757174869947979,0.7209132653061224,Low,High,0,0,1,S1,High-Value Loyal
2065,31,Male,Shoes,Footwear,99.0,Arkansas,M,Green,Summer,4.0,0,2-Day Shipping,0,0,5,Bank Transfer,Monthly,0,12,organic_block,1188.0,1,0,0,1,0.0,0,1,0,0,Young Adult (25-34),0.1984113645458183,0.7060331632653062,Low,High,1,0,2,S1,High-Value Loyal
2066,27,Male,Sneakers,Footwear,40.0,Oregon,M,Blue,Spring,2.9,0,Free Shipping,0,0,6,Bank Transfer,Bi-Weekly,0,26,organic_block,1040.0,0,0,0,1,0.0,0,0,0,1,Young Adult (25-34),0.1851612645058023,0.3870102040816326,Low,Low,0,0,2,S0,General Buyers
2067,64,Male,Sneakers,Footwear,92.0,Illinois,M,Olive,Fall,4.7,0,Store Pickup,0,0,44,Debit Card,Fortnightly,0,26,organic_block,2392.0,1,0,1,0,0.0,0,1,1,0,Senior (50-70),0.5618143257302921,0.9163877551020408,High,High,0,1,2,S1,High-Value Loyal
2068,60,Male,Pants,Clothing,21.0,Maryland,Xl,Beige,Fall,3.1,0,2-Day Shipping,0,0,23,Cash,Fortnightly,0,26,organic_block,546.0,0,1,0,0,0.0,0,0,0,0,Senior (50-70),0.3052428971588635,0.4026198979591837,Medium,Low,1,0,1,S0,General Buyers
2069,70,Male,Jewelry,Accessories,81.0,Vermont,Xl,Black,Summer,3.9,0,Store Pickup,0,0,44,Venmo,Monthly,0,12,organic_block,972.0,1,0,1,0,0.0,0,0,0,0,Senior (50-70),0.4291868747498999,0.8202627551020407,Medium,High,0,1,0,S1,High-Value Loyal
2070,36,Male,T-Shirt,Clothing,82.0,Texas,M,Indigo,Fall,3.4,0,Free Shipping,0,0,3,Debit Card,Quarterly,0,4,organic_block,328.0,1,0,0,1,0.0,0,0,0,0,Mid-Age (35-49),0.0989507803121248,0.5854540816326531,Low,Medium,0,1,1,S0,General Buyers
2071,56,Male,Jewelry,Accessories,88.0,Nebraska,Xl,Red,Spring,3.1,0,Express,0,0,14,Cash,Monthly,0,12,organic_block,1056.0,1,0,0,0,0.0,0,0,0,0,Senior (50-70),0.1815134053621448,0.6498265306122449,Low,High,1,0,0,S1,High-Value Loyal
2072,69,Male,Jacket,Outerwear,100.0,South Carolina,S,Yellow,Fall,4.8,0,Store Pickup,0,0,37,Paypal,Quarterly,0,4,organic_block,400.0,1,0,0,0,0.0,0,1,1,0,Senior (50-70),0.4191140456182473,0.9216734693877552,Medium,High,0,1,3,S1,High-Value Loyal
2073,39,Male,Backpack,Accessories,66.0,Massachusetts,M,Beige,Winter,3.9,0,Next Day Air,0,0,22,Bank Transfer,Weekly,0,52,organic_block,3432.0,0,0,0,0,0.0,0,0,0,0,Mid-Age (35-49),0.4905714285714285,0.6423928571428571,High,High,1,0,0,S0,General Buyers
2074,38,Male,Belt,Accessories,25.0,Texas,S,Green,Winter,3.5,0,Next Day Air,0,0,2,Paypal,Every 3 Months,0,4,organic_block,100.0,0,1,0,1,0.0,0,0,0,0,Mid-Age (35-49),0.100828331332533,0.3369770408163265,Low,Low,1,1,0,S5,Low-Value Occasional
2075,36,Male,Scarf,Accessories,53.0,Florida,M,White,Summer,3.1,0,Free Shipping,0,0,44,Debit Card,Fortnightly,0,26,organic_block,1378.0,0,0,1,0,0.0,0,0,0,0,Mid-Age (35-49),0.4338143257302921,0.6497627551020408,Medium,High,0,1,0,S0,General Buyers
2076,46,Male,Sweater,Clothing,28.0,South Carolina,S,Turquoise,Fall,4.7,0,Express,0,0,49,Debit Card,Monthly,0,12,organic_block,336.0,0,1,1,0,0.0,0,1,1,0,Mid-Age (35-49),0.5237991196478592,0.6618979591836734,High,High,1,1,1,S0,General Buyers
2077,59,Male,Gloves,Accessories,23.0,Florida,S,Indigo,Fall,4.6,0,Free Shipping,0,0,22,Debit Card,Bi-Weekly,0,26,organic_block,598.0,0,1,0,0,0.0,0,1,1,0,Senior (50-70),0.4191204481792717,0.4962678571428571,Medium,Medium,0,1,0,S0,General Buyers
2078,64,Male,Scarf,Accessories,34.0,Nebraska,L,Orange,Fall,3.3,0,Free Shipping,0,0,26,Bank Transfer,Annually,0,1,organic_block,34.0,0,1,0,0,0.0,0,0,0,0,Senior (50-70),0.2170612244897959,0.4868010204081632,Low,Medium,0,0,0,S0,General Buyers
2079,49,Male,Dress,Clothing,42.0,Hawaii,M,Blue,Spring,3.2,0,Next Day Air,0,0,40,Debit Card,Weekly,0,52,organic_block,2184.0,0,0,1,0,0.0,0,0,0,0,Mid-Age (35-49),0.5447755102040817,0.5872295918367347,High,Medium,1,1,1,S0,General Buyers
2080,32,Male,Jeans,Clothing,24.0,Montana,L,Violet,Summer,3.1,0,Next Day Air,0,0,16,Paypal,Quarterly,0,4,organic_block,96.0,0,1,0,0,0.0,0,0,0,0,Young Adult (25-34),0.1545426170468187,0.380030612244898,Low,Low,1,1,1,S0,General Buyers
2081,29,Male,Sunglasses,Accessories,47.0,South Dakota,S,Gray,Fall,3.5,0,Free Shipping,0,0,17,Debit Card,Bi-Weekly,0,26,organic_block,1222.0,0,0,0,0,0.0,0,0,0,0,Young Adult (25-34),0.3005082032813125,0.5097576530612244,Low,Medium,0,1,0,S0,General Buyers
2082,24,Male,Coat,Outerwear,78.0,Alabama,S,Cyan,Spring,4.3,0,Standard,0,0,48,Bank Transfer,Bi-Weekly,0,26,organic_block,2028.0,0,0,1,0,0.0,0,1,0,0,Teen (18-24),0.5543041216486594,0.8515459183673469,High,High,0,0,3,S0,General Buyers
2083,41,Male,Jeans,Clothing,89.0,Arkansas,M,Yellow,Summer,2.9,0,Free Shipping,0,0,28,Venmo,Every 3 Months,0,4,organic_block,356.0,1,0,0,0,0.0,0,0,0,1,Mid-Age (35-49),0.2120120048019207,0.7136301020408163,Low,High,0,1,1,S1,High-Value Loyal
2084,41,Male,Scarf,Accessories,59.0,Mississippi,L,Orange,Fall,2.7,0,Store Pickup,0,0,26,Credit Card,Fortnightly,0,26,organic_block,1534.0,0,0,0,0,0.0,0,0,0,1,Mid-Age (35-49),0.2916102440976391,0.5601760204081633,Low,Medium,0,1,0,S0,General Buyers
2085,32,Male,Blouse,Clothing,94.0,Vermont,S,Brown,Summer,4.0,0,Standard,0,0,43,Bank Transfer,Quarterly,0,4,organic_block,376.0,1,0,1,0,0.0,0,1,0,0,Young Adult (25-34),0.3918487394957983,0.8780357142857143,Medium,High,0,0,1,S1,High-Value Loyal
2086,69,Male,Jeans,Clothing,49.0,New York,M,Teal,Fall,4.6,0,Free Shipping,0,0,38,Debit Card,Weekly,0,52,organic_block,2548.0,0,0,1,0,0.0,0,1,1,0,Senior (50-70),0.6445306122448979,0.6916505102040816,High,High,0,1,1,S0,General Buyers
2087,65,Male,Dress,Clothing,89.0,North Dakota,L,Beige,Summer,4.7,0,2-Day Shipping,0,0,36,Cash,Every 3 Months,0,4,organic_block,356.0,1,0,0,0,0.0,0,1,1,0,Senior (50-70),0.4049915966386554,0.8624464285714286,Medium,High,1,0,1,S1,High-Value Loyal
2088,54,Male,Hat,Accessories,91.0,Wisconsin,M,Blue,Summer,4.7,0,Standard,0,0,1,Credit Card,Weekly,0,52,organic_block,4732.0,1,0,0,1,0.0,0,1,1,0,Senior (50-70),0.426,0.6926249999999999,Medium,High,0,1,0,S1,High-Value Loyal
2089,39,Male,Sandals,Footwear,89.0,California,L,Orange,Spring,4.0,0,Standard,0,0,49,Debit Card,Annually,0,1,organic_block,89.0,1,0,1,0,0.0,0,1,0,0,Mid-Age (35-49),0.4138775510204081,0.8867729591836734,Medium,High,0,1,2,S1,High-Value Loyal
2090,37,Male,Jacket,Outerwear,57.0,Maryland,L,Gold,Spring,3.6,0,Free Shipping,0,0,41,Credit Card,Every 3 Months,0,4,organic_block,228.0,0,0,1,0,0.0,0,0,0,0,Mid-Age (35-49),0.3476038415366146,0.6819566326530613,Medium,High,0,1,3,S0,General Buyers
2091,51,Male,Socks,Clothing,71.0,Massachusetts,S,Teal,Winter,3.4,0,Free Shipping,0,0,21,Debit Card,Monthly,0,12,organic_block,852.0,0,0,0,0,0.0,0,0,0,0,Senior (50-70),0.2483705482192877,0.6291658163265306,Low,High,0,1,1,S0,General Buyers
2092,26,Male,Jeans,Clothing,97.0,Washington,Xl,Beige,Fall,3.0,0,Next Day Air,0,0,24,Bank Transfer,Quarterly,0,4,organic_block,388.0,1,0,0,0,0.0,0,0,0,0,Young Adult (25-34),0.1955222088835534,0.7342219387755102,Low,High,1,0,1,S1,High-Value Loyal
2093,42,Male,Sandals,Footwear,45.0,Minnesota,M,Silver,Fall,2.6,0,Next Day Air,0,0,27,Bank Transfer,Weekly,0,52,organic_block,2340.0,0,0,0,0,0.0,0,0,0,1,Mid-Age (35-49),0.4171836734693878,0.4980280612244898,Medium,Medium,1,0,2,S0,General Buyers
2094,21,Male,Dress,Clothing,91.0,Washington,M,Maroon,Spring,4.2,0,Store Pickup,0,0,4,Debit Card,Annually,0,1,organic_block,91.0,1,0,0,1,0.0,0,1,0,0,Teen (18-24),0.1543673469387755,0.6779311224489796,Low,High,0,1,1,S1,High-Value Loyal
2095,53,Male,Socks,Clothing,25.0,South Carolina,M,Indigo,Spring,3.4,0,Standard,0,0,19,Venmo,Annually,0,1,organic_block,25.0,0,1,0,0,0.0,0,0,0,0,Senior (50-70),0.182204081632653,0.4177117346938775,Low,Low,0,1,1,S0,General Buyers
2096,36,Male,Hoodie,Clothing,63.0,New Mexico,M,Gray,Fall,4.0,0,Store Pickup,0,0,1,Bank Transfer,Fortnightly,0,26,organic_block,1638.0,0,0,0,1,0.0,0,1,0,0,Mid-Age (35-49),0.2425490196078431,0.528125,Low,Medium,0,0,1,S0,General Buyers
2097,21,Male,Dress,Clothing,52.0,North Carolina,L,Blue,Summer,4.7,0,Free Shipping,0,0,27,Debit Card,Annually,0,1,organic_block,52.0,0,0,0,0,0.0,0,1,1,0,Teen (18-24),0.3351836734693878,0.6546530612244897,Medium,High,0,1,1,S0,General Buyers
2098,33,Male,Sneakers,Footwear,43.0,Iowa,S,Cyan,Winter,3.9,0,Next Day Air,0,0,5,Credit Card,Weekly,0,52,organic_block,2236.0,0,0,0,1,0.0,0,0,0,0,Young Adult (25-34),0.3864897959183673,0.4550331632653061,Medium,Medium,1,1,2,S0,General Buyers
2099,49,Male,T-Shirt,Clothing,28.0,Louisiana,M,White,Summer,3.3,0,2-Day Shipping,0,0,20,Venmo,Quarterly,0,4,organic_block,112.0,0,1,0,0,0.0,0,0,0,0,Mid-Age (35-49),0.195032412965186,0.429938775510204,Low,Medium,1,1,1,S0,General Buyers
2100,31,Male,T-Shirt,Clothing,78.0,Oklahoma,L,Green,Summer,2.9,0,Express,0,0,50,Paypal,Annually,0,1,organic_block,78.0,0,0,1,0,0.0,0,0,0,1,Young Adult (25-34),0.3319999999999999,0.7777499999999999,Medium,High,1,1,1,S0,General Buyers
2101,68,Male,Sweater,Clothing,31.0,Michigan,M,Silver,Spring,4.4,0,Free Shipping,0,0,36,Cash,Fortnightly,0,26,organic_block,806.0,0,1,0,0,0.0,0,1,0,0,Senior (50-70),0.4888347338935574,0.5906964285714286,High,Medium,0,0,1,S0,General Buyers
2102,49,Male,Shirt,Clothing,23.0,Oregon,M,Blue,Winter,3.6,0,Next Day Air,0,0,12,Bank Transfer,Bi-Weekly,0,26,organic_block,598.0,0,1,0,1,0.0,0,0,0,0,Mid-Age (35-49),0.2778959583833533,0.3852474489795918,Low,Low,1,0,1,S5,Low-Value Occasional
2103,23,Male,Hat,Accessories,25.0,Idaho,M,Brown,Spring,4.5,0,Store Pickup,0,0,23,Cash,Monthly,0,12,organic_block,300.0,0,1,0,0,0.0,0,1,1,0,Teen (18-24),0.3486154461784714,0.5041198979591837,Medium,Medium,0,0,0,S0,General Buyers
2104,30,Male,Pants,Clothing,86.0,Indiana,S,Red,Summer,3.7,0,Store Pickup,0,0,21,Venmo,Weekly,0,52,organic_block,4472.0,1,0,0,0,0.0,0,0,0,0,Young Adult (25-34),0.4684489795918368,0.7127908163265306,High,High,0,1,1,S1,High-Value Loyal
2105,53,Male,Shoes,Footwear,88.0,New Mexico,M,Gold,Spring,2.8,0,Free Shipping,0,0,47,Venmo,Weekly,0,52,organic_block,4576.0,1,0,1,0,0.0,0,0,0,1,Senior (50-70),0.5556326530612246,0.8001938775510204,High,High,0,1,2,S1,High-Value Loyal
2106,65,Male,Gloves,Accessories,35.0,South Carolina,M,Silver,Spring,4.5,0,Free Shipping,0,0,38,Venmo,Bi-Weekly,0,26,organic_block,910.0,0,1,1,0,0.0,0,1,1,0,Senior (50-70),0.5090796318527411,0.6244005102040816,High,High,0,1,0,S0,General Buyers
2107,60,Male,Jewelry,Accessories,34.0,Vermont,M,Gray,Fall,4.4,0,Standard,0,0,40,Credit Card,Every 3 Months,0,4,organic_block,136.0,0,1,1,0,0.0,0,1,0,0,Senior (50-70),0.4054813925570228,0.6242295918367347,Medium,High,0,1,0,S0,General Buyers
2108,46,Male,Pants,Clothing,75.0,Delaware,M,Black,Winter,3.3,0,Standard,0,0,35,Paypal,Quarterly,0,4,organic_block,300.0,0,0,0,0,0.0,0,0,0,0,Mid-Age (35-49),0.2868691476590636,0.712094387755102,Low,High,0,1,1,S0,General Buyers
2109,54,Male,Hoodie,Clothing,46.0,North Dakota,Xl,Beige,Winter,4.2,0,Express,0,0,4,Credit Card,Quarterly,0,4,organic_block,184.0,0,0,0,1,0.0,0,1,0,0,Senior (50-70),0.1690732292917167,0.4810561224489795,Low,Medium,1,1,1,S0,General Buyers
2110,59,Male,Jewelry,Accessories,31.0,California,L,Peach,Fall,2.7,0,Free Shipping,0,0,28,Venmo,Every 3 Months,0,4,organic_block,124.0,0,1,0,0,0.0,0,0,0,1,Senior (50-70),0.1960120048019207,0.4478801020408163,Low,Medium,0,1,0,S0,General Buyers
2111,52,Male,Socks,Clothing,93.0,Montana,L,Cyan,Spring,3.9,0,Store Pickup,0,0,36,Debit Card,Every 3 Months,0,4,organic_block,372.0,1,0,0,0,0.0,0,0,0,0,Senior (50-70),0.3409915966386554,0.8319464285714285,Medium,High,0,1,1,S1,High-Value Loyal
2112,41,Male,Sunglasses,Accessories,85.0,Missouri,Xl,Pink,Spring,2.6,0,Free Shipping,0,0,15,Bank Transfer,Annually,0,1,organic_block,85.0,1,0,0,0,0.0,0,0,0,1,Mid-Age (35-49),0.0937142857142857,0.6118035714285714,Low,High,0,0,0,S1,High-Value Loyal
2113,43,Male,Belt,Accessories,68.0,Tennessee,M,Lavender,Fall,4.5,0,2-Day Shipping,0,0,7,Cash,Fortnightly,0,26,organic_block,1768.0,0,0,0,1,0.0,0,1,1,0,Mid-Age (35-49),0.3192837134853942,0.6106122448979592,Medium,High,1,0,0,S0,General Buyers
2114,63,Male,Dress,Clothing,40.0,Virginia,M,Brown,Spring,2.7,0,Store Pickup,0,0,29,Paypal,Every 3 Months,0,4,organic_block,160.0,0,0,0,0,0.0,0,0,0,1,Senior (50-70),0.2021344537815126,0.4923571428571428,Low,Medium,0,1,1,S0,General Buyers
2115,37,Male,Shirt,Clothing,51.0,Vermont,M,Magenta,Winter,2.9,0,Standard,0,0,12,Debit Card,Annually,0,1,organic_block,51.0,0,0,0,1,0.0,0,0,0,1,Mid-Age (35-49),0.0993469387755102,0.4657474489795918,Low,Medium,0,1,1,S0,General Buyers
2116,44,Male,Scarf,Accessories,85.0,Rhode Island,M,Violet,Winter,3.4,0,Store Pickup,0,0,16,Bank Transfer,Bi-Weekly,0,26,organic_block,2210.0,1,0,0,0,0.0,0,0,0,0,Mid-Age (35-49),0.2863857543017207,0.664905612244898,Low,High,0,0,0,S1,High-Value Loyal
2117,67,Male,Jacket,Outerwear,23.0,Kansas,M,Teal,Summer,2.9,0,Express,0,0,50,Debit Card,Bi-Weekly,0,26,organic_block,598.0,0,1,1,0,0.0,0,0,0,1,Senior (50-70),0.4545490196078431,0.5371250000000001,Medium,Medium,1,1,3,S0,General Buyers
2118,27,Male,Dress,Clothing,28.0,Colorado,L,Brown,Summer,3.8,0,Free Shipping,0,0,11,Debit Card,Annually,0,1,organic_block,28.0,0,1,0,1,0.0,0,0,0,0,Young Adult (25-34),0.1652244897959183,0.4140204081632652,Low,Low,0,1,1,S5,Low-Value Occasional
2119,60,Male,Socks,Clothing,44.0,Georgia,M,Olive,Fall,4.2,0,2-Day Shipping,0,0,28,Debit Card,Quarterly,0,4,organic_block,176.0,0,0,0,0,0.0,0,1,0,0,Senior (50-70),0.3160120048019207,0.5947551020408163,Medium,Medium,1,1,1,S0,General Buyers
2120,58,Male,Jewelry,Accessories,57.0,Nebraska,M,Indigo,Spring,3.5,0,Store Pickup,0,0,36,Venmo,Bi-Weekly,0,26,organic_block,1482.0,0,0,0,0,0.0,0,0,0,0,Senior (50-70),0.4168347338935574,0.6504464285714286,Medium,High,0,1,0,S0,General Buyers
2121,53,Male,Scarf,Accessories,98.0,Missouri,S,Red,Fall,3.1,0,Next Day Air,0,0,38,Paypal,Quarterly,0,4,organic_block,392.0,1,0,1,0,0.0,0,0,0,0,Senior (50-70),0.2892364945978391,0.8160255102040816,Low,High,1,1,0,S1,High-Value Loyal
2122,43,Male,Backpack,Accessories,68.0,Alaska,M,Olive,Winter,3.5,0,2-Day Shipping,0,0,32,Bank Transfer,Monthly,0,12,organic_block,816.0,0,0,0,0,0.0,0,0,0,0,Mid-Age (35-49),0.3237174869947979,0.6781632653061225,Medium,High,1,0,0,S0,General Buyers
2123,32,Male,Jacket,Outerwear,36.0,Virginia,L,Teal,Fall,4.0,0,Express,0,0,42,Debit Card,Weekly,0,52,organic_block,1872.0,0,1,1,0,0.0,0,1,0,0,Young Adult (25-34),0.6210204081632653,0.6191836734693877,High,High,1,1,3,S0,General Buyers
2124,54,Male,Coat,Outerwear,71.0,Nebraska,L,Cyan,Spring,3.7,0,Express,0,0,22,Debit Card,Bi-Weekly,0,26,organic_block,1846.0,0,0,0,0,0.0,0,0,0,0,Senior (50-70),0.3471204481792717,0.6522678571428571,Medium,High,1,1,3,S0,General Buyers
2125,47,Male,Skirt,Clothing,60.0,Rhode Island,M,Teal,Fall,4.2,0,Next Day Air,0,0,22,Venmo,Quarterly,0,4,organic_block,240.0,0,0,0,0,0.0,0,1,0,0,Mid-Age (35-49),0.2792773109243697,0.6341428571428571,Low,High,1,1,1,S0,General Buyers
2126,57,Male,Coat,Outerwear,87.0,New Hampshire,M,Beige,Fall,4.8,0,Store Pickup,0,0,31,Paypal,Quarterly,0,4,organic_block,348.0,1,0,0,0,0.0,0,1,1,0,Senior (50-70),0.3823793517406962,0.8341862244897958,Medium,High,0,1,3,S1,High-Value Loyal
2127,63,Male,Shoes,Footwear,38.0,Alabama,Xl,Magenta,Winter,4.1,0,Express,0,0,28,Credit Card,Monthly,0,12,organic_block,456.0,0,1,0,0,0.0,0,1,0,0,Senior (50-70),0.3472276910764305,0.5625051020408163,Medium,Medium,1,1,2,S0,General Buyers
2128,70,Male,Boots,Footwear,45.0,North Carolina,M,Indigo,Spring,4.5,0,2-Day Shipping,0,0,40,Debit Card,Weekly,0,52,organic_block,2340.0,0,0,1,0,0.0,0,1,1,0,Senior (50-70),0.6487755102040816,0.6783545918367347,High,High,1,1,2,S0,General Buyers
2129,62,Male,Coat,Outerwear,47.0,New Mexico,L,Cyan,Fall,2.7,0,2-Day Shipping,0,0,21,Paypal,Weekly,0,52,organic_block,2444.0,0,0,0,0,0.0,0,0,0,1,Senior (50-70),0.3884489795918368,0.4821658163265306,Medium,Medium,1,1,3,S0,General Buyers
2130,40,Male,Skirt,Clothing,57.0,Minnesota,L,Orange,Fall,2.8,0,Store Pickup,0,0,12,Paypal,Every 3 Months,0,4,organic_block,228.0,0,0,0,1,0.0,0,0,0,1,Mid-Age (35-49),0.1060528211284513,0.4859974489795918,Low,Medium,0,1,1,S0,General Buyers
2131,25,Male,Backpack,Accessories,68.0,Arizona,L,Violet,Summer,3.7,0,Free Shipping,0,0,33,Credit Card,Annually,0,1,organic_block,68.0,0,0,0,0,0.0,0,0,0,0,Young Adult (25-34),0.2919183673469387,0.695265306122449,Low,High,0,1,0,S0,General Buyers
2132,19,Male,Shorts,Clothing,52.0,Montana,M,Red,Fall,3.6,0,Express,0,0,9,Bank Transfer,Fortnightly,0,26,organic_block,1352.0,0,0,0,1,0.0,0,0,0,0,Teen (18-24),0.2595286114445778,0.4968163265306122,Low,Medium,1,0,1,S0,General Buyers
2133,25,Male,Skirt,Clothing,87.0,Vermont,M,Magenta,Fall,4.7,0,2-Day Shipping,0,0,15,Debit Card,Weekly,0,52,organic_block,4524.0,1,0,0,0,0.0,0,1,1,0,Young Adult (25-34),0.5117142857142858,0.7465535714285714,High,High,1,1,1,S1,High-Value Loyal
2134,21,Male,Hat,Accessories,34.0,Maine,M,Olive,Summer,3.8,0,Standard,0,0,13,Bank Transfer,Annually,0,1,organic_block,34.0,0,1,0,1,0.0,0,0,0,0,Teen (18-24),0.177469387755102,0.4504744897959183,Low,Medium,0,0,0,S5,Low-Value Occasional
2135,55,Male,Sandals,Footwear,41.0,Virginia,Xl,Maroon,Winter,2.9,0,Standard,0,0,35,Credit Card,Fortnightly,0,26,organic_block,1066.0,0,0,0,0,0.0,0,0,0,1,Senior (50-70),0.3627122849139655,0.5393443877551021,Medium,Medium,0,1,2,S0,General Buyers
2136,34,Male,Sunglasses,Accessories,94.0,California,S,Yellow,Winter,4.6,0,Next Day Air,0,0,1,Debit Card,Every 3 Months,0,4,organic_block,376.0,1,0,0,1,0.0,0,1,1,0,Young Adult (25-34),0.1827058823529411,0.69975,Low,High,1,1,0,S1,High-Value Loyal
2137,47,Male,Sunglasses,Accessories,93.0,New York,M,Red,Summer,2.8,0,Standard,0,0,25,Bank Transfer,Fortnightly,0,26,organic_block,2418.0,1,0,0,0,0.0,0,0,0,1,Mid-Age (35-49),0.2934877951180472,0.7098239795918367,Low,High,0,0,0,S1,High-Value Loyal
2138,27,Male,Socks,Clothing,51.0,Indiana,Xl,Purple,Winter,4.6,0,2-Day Shipping,0,0,20,Credit Card,Every 3 Months,0,4,organic_block,204.0,0,0,0,0,0.0,0,1,1,0,Young Adult (25-34),0.299032412965186,0.608563775510204,Low,High,1,1,1,S0,General Buyers
2139,67,Male,Sweater,Clothing,42.0,Mississippi,M,Teal,Fall,2.8,0,Next Day Air,0,0,36,Venmo,Quarterly,0,4,organic_block,168.0,0,0,0,0,0.0,0,0,0,1,Senior (50-70),0.2529915966386554,0.5428214285714286,Low,Medium,1,1,1,S0,General Buyers
2140,40,Male,Boots,Footwear,95.0,New York,M,Red,Winter,3.0,0,Free Shipping,0,0,33,Cash,Weekly,0,52,organic_block,4940.0,1,0,0,0,0.0,0,0,0,0,Mid-Age (35-49),0.4859183673469388,0.771390306122449,High,High,0,0,2,S1,High-Value Loyal
2141,53,Male,Handbag,Accessories,90.0,New Mexico,M,Brown,Fall,3.7,0,Standard,0,0,36,Cash,Fortnightly,0,26,organic_block,2340.0,1,0,0,0,0.0,0,0,0,0,Senior (50-70),0.4328347338935574,0.8068214285714286,Medium,High,0,0,0,S1,High-Value Loyal
2142,24,Male,Dress,Clothing,98.0,Kentucky,M,Peach,Winter,4.1,0,2-Day Shipping,0,0,32,Paypal,Annually,0,1,organic_block,98.0,1,0,0,0,0.0,0,1,0,0,Teen (18-24),0.3177959183673469,0.8454132653061225,Medium,High,1,1,1,S1,High-Value Loyal
2143,47,Male,Hat,Accessories,39.0,North Dakota,M,Maroon,Winter,4.3,0,Next Day Air,0,0,21,Venmo,Quarterly,0,4,organic_block,156.0,0,1,0,0,0.0,0,1,0,0,Mid-Age (35-49),0.2811548619447779,0.5431658163265306,Low,Medium,1,1,0,S0,General Buyers
2144,53,Male,Sandals,Footwear,66.0,Arkansas,L,Red,Fall,3.8,0,Next Day Air,0,0,48,Venmo,Bi-Weekly,0,26,organic_block,1716.0,0,0,1,0,0.0,0,0,0,0,Senior (50-70),0.5143041216486595,0.7690459183673469,High,High,1,1,2,S0,General Buyers
2145,47,Male,Shoes,Footwear,23.0,Maryland,L,Orange,Winter,3.7,0,Free Shipping,0,0,25,Paypal,Quarterly,0,4,organic_block,92.0,0,1,0,0,0.0,0,0,0,0,Mid-Age (35-49),0.2576446578631453,0.4575739795918367,Low,Medium,0,1,2,S0,General Buyers
2146,38,Male,Skirt,Clothing,73.0,Connecticut,S,White,Winter,4.8,0,Standard,0,0,32,Paypal,Annually,0,1,organic_block,73.0,0,0,0,0,0.0,0,1,1,0,Mid-Age (35-49),0.3737959183673469,0.7780382653061224,Medium,High,0,1,1,S0,General Buyers
2147,48,Male,Sunglasses,Accessories,23.0,Utah,Xl,White,Summer,4.6,0,Standard,0,0,45,Paypal,Every 3 Months,0,4,organic_block,92.0,0,1,1,0,0.0,0,1,1,0,Mid-Age (35-49),0.452093637454982,0.6136147959183673,Medium,High,0,1,0,S0,General Buyers
2148,47,Male,Skirt,Clothing,43.0,Missouri,S,Charcoal,Fall,4.8,0,Standard,0,0,4,Cash,Fortnightly,0,26,organic_block,1118.0,0,0,0,1,0.0,0,1,1,0,Mid-Age (35-49),0.3249163665466186,0.5039311224489795,Medium,Medium,0,0,1,S0,General Buyers
2149,19,Male,T-Shirt,Clothing,45.0,Nebraska,Xl,Turquoise,Winter,4.6,0,2-Day Shipping,0,0,19,Paypal,Bi-Weekly,0,26,organic_block,1170.0,0,0,0,0,0.0,0,1,1,0,Teen (18-24),0.4007531012404962,0.5772117346938775,Medium,Medium,1,1,1,S0,General Buyers
2150,38,Male,Sandals,Footwear,21.0,Hawaii,L,Orange,Winter,4.0,0,Standard,0,0,1,Bank Transfer,Weekly,0,52,organic_block,1092.0,0,1,0,1,0.0,0,1,0,0,Mid-Age (35-49),0.37,0.344375,Medium,Low,0,0,2,S5,Low-Value Occasional
2151,57,Male,Shirt,Clothing,40.0,Illinois,M,Orange,Spring,2.6,0,2-Day Shipping,0,0,12,Cash,Weekly,0,52,organic_block,2080.0,0,0,0,1,0.0,0,0,0,1,Senior (50-70),0.3253469387755102,0.3996224489795918,Medium,Low,1,0,1,S0,General Buyers
2152,70,Male,Jeans,Clothing,58.0,Vermont,L,Brown,Fall,2.6,0,2-Day Shipping,0,0,18,Venmo,Monthly,0,12,organic_block,696.0,0,0,0,0,0.0,0,0,0,1,Senior (50-70),0.1660032012805122,0.5089846938775511,Low,Medium,1,1,1,S0,General Buyers
2153,38,Male,Shorts,Clothing,48.0,New Jersey,L,Magenta,Summer,4.5,0,Next Day Air,0,0,43,Bank Transfer,Bi-Weekly,0,26,organic_block,1248.0,0,0,1,0,0.0,0,1,1,0,Mid-Age (35-49),0.5396918767507003,0.7067857142857142,High,High,1,0,1,S0,General Buyers
2154,35,Male,Shirt,Clothing,94.0,Kentucky,M,Violet,Fall,4.2,0,Free Shipping,0,0,31,Paypal,Annually,0,1,organic_block,94.0,1,0,0,0,0.0,0,1,0,0,Mid-Age (35-49),0.3196734693877551,0.8288112244897959,Medium,High,0,1,1,S1,High-Value Loyal
2155,46,Male,Scarf,Accessories,74.0,Wyoming,M,Violet,Spring,3.4,0,Store Pickup,0,0,33,Cash,Every 3 Months,0,4,organic_block,296.0,0,0,0,0,0.0,0,0,0,0,Mid-Age (35-49),0.2826242496998799,0.7035153061224491,Low,High,0,0,0,S0,General Buyers
2156,32,Male,Handbag,Accessories,51.0,Hawaii,L,Yellow,Fall,3.7,0,Store Pickup,0,0,46,Paypal,Monthly,0,12,organic_block,612.0,0,0,1,0,0.0,0,0,0,0,Young Adult (25-34),0.4254317727090836,0.6872168367346938,Medium,High,0,1,0,S0,General Buyers
2157,38,Male,Skirt,Clothing,83.0,Missouri,M,Maroon,Winter,3.6,0,Next Day Air,0,0,41,Debit Card,Bi-Weekly,0,26,organic_block,2158.0,1,0,1,0,0.0,0,0,0,0,Mid-Age (35-49),0.4554469787915166,0.7957066326530613,Medium,High,1,1,1,S1,High-Value Loyal
2158,41,Male,Handbag,Accessories,68.0,Mississippi,L,Turquoise,Winter,4.0,0,Next Day Air,0,0,41,Venmo,Fortnightly,0,26,organic_block,1768.0,0,0,1,0,0.0,0,1,0,0,Mid-Age (35-49),0.4874469787915166,0.7540816326530612,High,High,1,1,0,S0,General Buyers
2159,19,Male,Gloves,Accessories,84.0,Massachusetts,Xl,Olive,Spring,4.6,0,Standard,0,0,9,Bank Transfer,Fortnightly,0,26,organic_block,2184.0,1,0,0,1,0.0,0,1,1,0,Teen (18-24),0.3395286114445778,0.6968163265306122,Medium,High,0,0,0,S1,High-Value Loyal
2160,18,Male,Shirt,Clothing,58.0,Louisiana,M,Peach,Fall,3.0,0,Free Shipping,0,0,34,Cash,Annually,0,1,organic_block,58.0,0,0,0,0,0.0,0,0,0,0,Teen (18-24),0.2420408163265306,0.6146173469387755,Low,High,0,0,1,S0,General Buyers
2161,45,Male,Blouse,Clothing,92.0,West Virginia,L,Charcoal,Winter,3.3,0,Express,0,0,21,Paypal,Annually,0,1,organic_block,92.0,1,0,0,0,0.0,0,0,0,0,Mid-Age (35-49),0.1864489795918367,0.7150408163265307,Low,High,1,1,1,S1,High-Value Loyal
2162,23,Male,Dress,Clothing,69.0,Washington,S,Peach,Summer,3.8,0,Express,0,0,5,Debit Card,Fortnightly,0,26,organic_block,1794.0,0,0,0,1,0.0,0,0,0,0,Teen (18-24),0.2510388155262104,0.5627831632653061,Low,Medium,1,1,1,S0,General Buyers
2163,60,Male,Shorts,Clothing,48.0,Oregon,S,Black,Summer,2.7,0,Free Shipping,0,0,32,Paypal,Weekly,0,52,organic_block,2496.0,0,0,0,0,0.0,0,0,0,1,Senior (50-70),0.4557959183673469,0.5426632653061225,Medium,Medium,0,1,1,S0,General Buyers
2164,52,Male,Shoes,Footwear,60.0,New York,L,Gray,Spring,4.5,0,Express,0,0,44,Bank Transfer,Monthly,0,12,organic_block,720.0,0,0,1,0,0.0,0,1,1,0,Senior (50-70),0.4771868747498999,0.7643877551020408,High,High,1,0,2,S0,General Buyers
2165,42,Male,Sandals,Footwear,20.0,Iowa,S,Olive,Winter,4.8,0,Next Day Air,0,0,46,Paypal,Bi-Weekly,0,26,organic_block,520.0,0,1,1,0,0.0,0,1,1,0,Mid-Age (35-49),0.5820592236894757,0.6175918367346939,High,High,1,1,2,S0,General Buyers
2166,29,Male,Pants,Clothing,55.0,Idaho,M,Turquoise,Summer,4.2,0,Express,0,0,42,Credit Card,Every 3 Months,0,4,organic_block,220.0,0,0,1,0,0.0,0,1,0,0,Young Adult (25-34),0.4017262905162065,0.7143086734693878,Medium,High,1,1,1,S0,General Buyers
2167,31,Male,Jacket,Outerwear,88.0,New Jersey,S,Purple,Spring,3.5,0,Express,0,0,50,Credit Card,Bi-Weekly,0,26,organic_block,2288.0,1,0,1,0,0.0,0,0,0,0,Young Adult (25-34),0.5025490196078432,0.8574999999999999,High,High,1,1,3,S1,High-Value Loyal
2168,30,Male,Skirt,Clothing,48.0,Ohio,L,Green,Winter,4.9,0,Standard,0,0,33,Venmo,Fortnightly,0,26,organic_block,1248.0,0,0,0,0,0.0,0,1,1,0,Young Adult (25-34),0.510467386954782,0.679765306122449,High,High,0,1,1,S0,General Buyers
2169,23,Male,Handbag,Accessories,74.0,Connecticut,M,Beige,Spring,4.1,0,Next Day Air,0,0,32,Cash,Quarterly,0,4,organic_block,296.0,0,0,0,0,0.0,0,1,0,0,Teen (18-24),0.3325018007202881,0.7404132653061224,Medium,High,1,0,0,S0,General Buyers
2170,31,Male,Coat,Outerwear,42.0,Florida,M,Brown,Fall,2.9,0,Next Day Air,0,0,32,Bank Transfer,Bi-Weekly,0,26,organic_block,1092.0,0,0,0,0,0.0,0,0,0,1,Young Adult (25-34),0.34434493797519,0.5284132653061224,Medium,Medium,1,0,3,S0,General Buyers
2171,40,Male,Sweater,Clothing,32.0,South Carolina,M,Turquoise,Fall,4.0,0,Next Day Air,0,0,37,Venmo,Every 3 Months,0,4,organic_block,128.0,0,1,0,0,0.0,0,1,0,0,Mid-Age (35-49),0.3551140456182473,0.576173469387755,Medium,Medium,1,1,1,S0,General Buyers
2172,39,Male,Shorts,Clothing,98.0,Missouri,M,Yellow,Summer,4.6,0,Store Pickup,0,0,9,Cash,Fortnightly,0,26,organic_block,2548.0,1,0,0,1,0.0,0,1,1,0,Mid-Age (35-49),0.3395286114445778,0.7580663265306122,Medium,High,0,0,1,S1,High-Value Loyal
2173,28,Male,Skirt,Clothing,89.0,Rhode Island,S,Lavender,Fall,2.8,0,Store Pickup,0,0,6,Paypal,Fortnightly,0,26,organic_block,2314.0,1,0,0,1,0.0,0,0,0,1,Young Adult (25-34),0.1771612645058023,0.5953852040816326,Low,Medium,0,1,1,S0,General Buyers
2174,23,Male,Gloves,Accessories,97.0,Delaware,S,Cyan,Summer,5.0,0,2-Day Shipping,0,0,36,Venmo,Quarterly,0,4,organic_block,388.0,1,0,0,0,0.0,0,1,1,0,Teen (18-24),0.4289915966386555,0.9154464285714284,Medium,High,1,1,0,S1,High-Value Loyal
2175,42,Male,Backpack,Accessories,49.0,Colorado,S,Olive,Spring,2.9,0,Store Pickup,0,0,1,Cash,Annually,0,1,organic_block,49.0,0,0,0,1,0.0,0,0,0,1,Mid-Age (35-49),0.0319999999999999,0.400875,Low,Low,0,0,0,S0,General Buyers
2176,68,Male,Dress,Clothing,50.0,Nebraska,M,Silver,Spring,3.3,0,Free Shipping,0,0,48,Credit Card,Fortnightly,0,26,organic_block,1300.0,0,0,1,0,0.0,0,0,0,0,Senior (50-70),0.4743041216486594,0.669045918367347,High,High,0,1,1,S0,General Buyers
2177,24,Male,Belt,Accessories,91.0,Vermont,S,Red,Winter,3.4,0,2-Day Shipping,0,0,44,Debit Card,Quarterly,0,4,organic_block,364.0,1,0,1,0,0.0,0,0,0,0,Teen (18-24),0.3499711884753901,0.8340127551020409,Medium,High,1,1,0,S1,High-Value Loyal
2178,24,Male,Gloves,Accessories,93.0,Montana,Xl,Green,Winter,3.0,0,Express,0,0,9,Paypal,Bi-Weekly,0,26,organic_block,2418.0,1,0,0,1,0.0,0,0,0,0,Teen (18-24),0.2115286114445778,0.6401913265306123,Low,High,1,1,0,S1,High-Value Loyal
2179,21,Male,Jewelry,Accessories,98.0,Florida,M,Gold,Summer,4.7,0,Standard,0,0,32,Venmo,Annually,0,1,organic_block,98.0,1,0,0,0,0.0,0,1,1,0,Teen (18-24),0.365795918367347,0.8814132653061225,Medium,High,0,1,0,S1,High-Value Loyal
2180,49,Male,Socks,Clothing,82.0,Delaware,L,Lavender,Fall,2.9,0,Next Day Air,0,0,14,Paypal,Monthly,0,12,organic_block,984.0,1,0,0,0,0.0,0,0,0,1,Mid-Age (35-49),0.1655134053621448,0.6115765306122449,Low,High,1,1,1,S1,High-Value Loyal
2181,41,Male,Coat,Outerwear,37.0,Connecticut,M,Yellow,Summer,4.1,0,Store Pickup,0,0,43,Cash,Quarterly,0,4,organic_block,148.0,0,1,1,0,0.0,0,1,0,0,Mid-Age (35-49),0.3998487394957982,0.6346607142857142,Medium,High,0,0,3,S0,General Buyers
2182,22,Male,Handbag,Accessories,63.0,Hawaii,M,Black,Fall,3.2,0,Free Shipping,0,0,32,Bank Transfer,Bi-Weekly,0,26,organic_block,1638.0,0,0,0,0,0.0,0,0,0,0,Teen (18-24),0.3683449379751901,0.6382882653061225,Medium,High,0,0,0,S0,General Buyers
2183,42,Male,Blouse,Clothing,99.0,New Mexico,M,Maroon,Winter,2.7,0,Store Pickup,0,0,26,Venmo,Bi-Weekly,0,26,organic_block,2574.0,1,0,0,0,0.0,0,0,0,1,Mid-Age (35-49),0.2916102440976391,0.7351760204081633,Low,High,0,1,1,S1,High-Value Loyal
2184,30,Male,Shorts,Clothing,37.0,Kansas,M,Maroon,Spring,4.7,0,Store Pickup,0,0,2,Cash,Monthly,0,12,organic_block,444.0,0,1,0,1,0.0,0,1,1,0,Young Adult (25-34),0.2360440176070428,0.4614770408163265,Low,Medium,0,0,1,S5,Low-Value Occasional
2185,38,Male,Shoes,Footwear,34.0,Nevada,S,Gold,Spring,3.2,0,Free Shipping,0,0,16,Paypal,Every 3 Months,0,4,organic_block,136.0,0,1,0,0,0.0,0,0,0,0,Mid-Age (35-49),0.1625426170468187,0.4297806122448979,Low,Medium,0,1,2,S0,General Buyers
2186,40,Male,Shorts,Clothing,32.0,North Carolina,M,Violet,Winter,2.5,0,Express,0,0,50,Debit Card,Every 3 Months,0,4,organic_block,128.0,0,1,1,0,0.0,0,0,0,1,Mid-Age (35-49),0.3147058823529411,0.5525,Medium,Medium,1,1,1,S0,General Buyers
2187,55,Male,Sandals,Footwear,23.0,New Mexico,Xl,Teal,Winter,4.3,0,Next Day Air,0,0,6,Paypal,Every 3 Months,0,4,organic_block,92.0,0,1,0,1,0.0,0,1,0,0,Senior (50-70),0.1893181272509003,0.3966352040816326,Low,Low,1,1,2,S5,Low-Value Occasional
2188,37,Male,Blouse,Clothing,78.0,Idaho,M,Violet,Spring,4.4,0,Free Shipping,0,0,20,Paypal,Annually,0,1,organic_block,78.0,0,0,0,0,0.0,0,1,0,0,Mid-Age (35-49),0.2683265306122449,0.714688775510204,Low,High,0,1,1,S0,General Buyers
2189,41,Male,Coat,Outerwear,54.0,California,M,Brown,Winter,4.7,0,Next Day Air,0,0,9,Credit Card,Weekly,0,52,organic_block,2808.0,0,0,0,1,0.0,0,1,1,0,Mid-Age (35-49),0.4749795918367347,0.5715663265306122,High,Medium,1,1,3,S0,General Buyers
2190,38,Male,Blouse,Clothing,94.0,Wisconsin,Xl,Brown,Fall,4.0,0,Express,0,0,47,Credit Card,Bi-Weekly,0,26,organic_block,2444.0,1,0,1,0,0.0,0,1,0,0,Mid-Age (35-49),0.5241816726690676,0.8984438775510204,High,High,1,1,1,S1,High-Value Loyal
2191,42,Male,Belt,Accessories,75.0,Alaska,S,Maroon,Spring,4.6,0,Express,0,0,33,Credit Card,Annually,0,1,organic_block,75.0,0,0,0,0,0.0,0,1,1,0,Mid-Age (35-49),0.3639183673469387,0.7798903061224489,Medium,High,1,1,0,S0,General Buyers
2192,26,Male,Blouse,Clothing,69.0,Pennsylvania,S,Maroon,Summer,3.8,0,Next Day Air,0,0,46,Cash,Bi-Weekly,0,26,organic_block,1794.0,0,0,1,0,0.0,0,0,0,0,Young Adult (25-34),0.5020592236894758,0.7719668367346938,High,High,1,0,1,S0,General Buyers
2193,41,Male,Scarf,Accessories,35.0,Virginia,L,Yellow,Winter,3.2,0,Next Day Air,0,0,9,Credit Card,Monthly,0,12,organic_block,420.0,0,1,0,1,0.0,0,0,0,0,Mid-Age (35-49),0.1589011604641857,0.3984413265306122,Low,Low,1,1,0,S5,Low-Value Occasional
2194,27,Male,Shirt,Clothing,78.0,California,L,Turquoise,Spring,5.0,0,Express,0,0,8,Paypal,Monthly,0,12,organic_block,936.0,0,0,0,1,0.0,0,1,1,0,Young Adult (25-34),0.2967787114845938,0.6894642857142858,Low,High,1,1,1,S0,General Buyers
2195,61,Male,Socks,Clothing,29.0,Kentucky,M,Silver,Summer,3.5,0,Standard,0,0,48,Bank Transfer,Quarterly,0,4,organic_block,116.0,0,1,1,0,0.0,0,0,0,0,Senior (50-70),0.3824609843937575,0.589170918367347,Medium,Medium,0,0,1,S0,General Buyers
2196,58,Male,Jeans,Clothing,62.0,New York,M,Brown,Fall,3.7,0,Next Day Air,0,0,2,Cash,Monthly,0,12,organic_block,744.0,0,0,0,1,0.0,0,0,0,0,Senior (50-70),0.1560440176070428,0.5108520408163266,Low,Medium,1,0,1,S0,General Buyers
2197,25,Male,Dress,Clothing,58.0,Vermont,M,Gray,Spring,4.8,0,Next Day Air,0,0,31,Paypal,Weekly,0,52,organic_block,3016.0,0,0,0,0,0.0,0,1,1,0,Young Adult (25-34),0.617673469387755,0.7073112244897959,High,High,1,1,1,S0,General Buyers
2198,33,Male,Boots,Footwear,88.0,Pennsylvania,M,Indigo,Summer,3.7,0,2-Day Shipping,0,0,40,Venmo,Monthly,0,12,organic_block,1056.0,1,0,1,0,0.0,0,0,0,0,Young Adult (25-34),0.3886970788315326,0.8184795918367347,Medium,High,1,1,2,S1,High-Value Loyal
2199,57,Male,Scarf,Accessories,80.0,New York,L,Turquoise,Summer,3.5,0,Free Shipping,0,0,35,Venmo,Monthly,0,12,organic_block,960.0,0,0,0,0,0.0,0,0,0,0,Senior (50-70),0.3420848339335734,0.7459693877551019,Medium,High,0,1,0,S0,General Buyers
2200,39,Male,Scarf,Accessories,47.0,North Carolina,M,Maroon,Summer,4.9,0,Store Pickup,0,0,40,Debit Card,Monthly,0,12,organic_block,564.0,0,0,1,0,0.0,0,1,1,0,Mid-Age (35-49),0.4846970788315327,0.7111045918367347,High,High,0,1,0,S0,General Buyers
2201,60,Male,Gloves,Accessories,51.0,Wyoming,L,Charcoal,Summer,4.7,0,Next Day Air,0,0,27,Debit Card,Every 3 Months,0,4,organic_block,204.0,0,0,0,0,0.0,0,1,1,0,Senior (50-70),0.3498895558223289,0.6502780612244898,Medium,High,1,1,0,S0,General Buyers
2202,39,Male,Pants,Clothing,25.0,Ohio,L,Peach,Spring,4.9,0,2-Day Shipping,0,0,10,Venmo,Annually,0,1,organic_block,25.0,0,1,0,1,0.0,0,1,1,0,Mid-Age (35-49),0.2471020408163265,0.4617933673469387,Low,Medium,1,1,1,S5,Low-Value Occasional
2203,42,Male,Dress,Clothing,36.0,Alabama,M,Red,Summer,4.3,0,Next Day Air,0,0,23,Credit Card,Weekly,0,52,organic_block,1872.0,0,1,0,0,0.0,0,1,0,0,Mid-Age (35-49),0.5286938775510204,0.5402448979591836,High,Medium,1,1,1,S0,General Buyers
2204,53,Male,Dress,Clothing,79.0,Rhode Island,M,Indigo,Winter,3.1,0,Free Shipping,0,0,32,Cash,Quarterly,0,4,organic_block,316.0,0,0,0,0,0.0,0,0,0,0,Senior (50-70),0.2525018007202881,0.7022882653061224,Low,High,0,0,1,S0,General Buyers
2205,20,Male,Jeans,Clothing,41.0,Oregon,S,Lavender,Winter,3.4,0,2-Day Shipping,0,0,6,Debit Card,Monthly,0,12,organic_block,492.0,0,0,0,1,0.0,0,0,0,0,Teen (18-24),0.1565338135254101,0.4213852040816326,Low,Low,1,1,1,S0,General Buyers
2206,46,Male,Sweater,Clothing,68.0,North Dakota,Xl,Red,Fall,2.7,0,Express,0,0,27,Paypal,Weekly,0,52,organic_block,3536.0,0,0,0,0,0.0,0,0,0,1,Mid-Age (35-49),0.4251836734693878,0.6046530612244898,Medium,High,1,1,1,S0,General Buyers
2207,46,Male,Sandals,Footwear,51.0,Illinois,L,Green,Spring,2.6,0,Store Pickup,0,0,25,Bank Transfer,Fortnightly,0,26,organic_block,1326.0,0,0,0,0,0.0,0,0,0,1,Mid-Age (35-49),0.2774877951180472,0.5140739795918368,Low,Medium,0,0,2,S0,General Buyers
2208,69,Male,Handbag,Accessories,38.0,New Mexico,M,Gray,Fall,2.9,0,Next Day Air,0,0,11,Credit Card,Annually,0,1,organic_block,38.0,0,1,0,1,0.0,0,0,0,1,Senior (50-70),0.0932244897959183,0.4037704081632653,Low,Low,1,1,0,S5,Low-Value Occasional
2209,28,Male,Scarf,Accessories,46.0,Colorado,Xl,Violet,Summer,2.7,0,2-Day Shipping,0,0,23,Paypal,Monthly,0,12,organic_block,552.0,0,0,0,0,0.0,0,0,0,1,Young Adult (25-34),0.2046154461784714,0.4879948979591836,Low,Medium,1,1,0,S0,General Buyers
2210,42,Male,Sandals,Footwear,20.0,Utah,Xl,Beige,Summer,4.5,0,2-Day Shipping,0,0,44,Bank Transfer,Quarterly,0,4,organic_block,80.0,0,1,1,0,0.0,0,1,1,0,Mid-Age (35-49),0.4379711884753902,0.5893877551020408,Medium,Medium,1,0,2,S0,General Buyers
2211,30,Male,Sunglasses,Accessories,25.0,Virginia,M,Orange,Summer,3.1,0,Store Pickup,0,0,35,Paypal,Fortnightly,0,26,organic_block,650.0,0,1,0,0,0.0,0,0,0,0,Young Adult (25-34),0.3787122849139656,0.481344387755102,Medium,Medium,0,1,0,S0,General Buyers
2212,50,Male,Sweater,Clothing,89.0,Maine,L,Purple,Winter,3.2,0,Free Shipping,0,0,45,Debit Card,Every 3 Months,0,4,organic_block,356.0,1,0,1,0,0.0,0,0,0,0,Senior (50-70),0.340093637454982,0.8183647959183674,Medium,High,0,1,1,S1,High-Value Loyal
2213,59,Male,Pants,Clothing,77.0,Nebraska,M,Brown,Winter,3.3,0,Next Day Air,0,0,22,Bank Transfer,Quarterly,0,4,organic_block,308.0,0,0,0,0,0.0,0,0,0,0,Senior (50-70),0.2072773109243697,0.6545178571428572,Low,High,1,0,1,S0,General Buyers
2214,54,Male,Hat,Accessories,94.0,Hawaii,M,Maroon,Fall,2.9,0,Express,0,0,18,Debit Card,Quarterly,0,4,organic_block,376.0,1,0,0,0,0.0,0,0,0,1,Senior (50-70),0.1507875150060024,0.6844846938775511,Low,High,1,1,0,S1,High-Value Loyal
2215,50,Male,Belt,Accessories,100.0,Idaho,L,Gold,Fall,4.1,0,Standard,0,0,20,Debit Card,Weekly,0,52,organic_block,5200.0,1,0,0,0,0.0,0,1,0,0,Senior (50-70),0.4943265306122448,0.7929387755102041,High,High,0,1,0,S1,High-Value Loyal
2216,25,Male,Sandals,Footwear,96.0,West Virginia,M,Indigo,Winter,2.7,0,Express,0,0,28,Credit Card,Fortnightly,0,26,organic_block,2496.0,1,0,0,0,0.0,0,0,0,1,Young Adult (25-34),0.3038551420568227,0.7322551020408163,Medium,High,1,1,2,S1,High-Value Loyal
2217,41,Male,Pants,Clothing,36.0,Vermont,Xl,Silver,Winter,4.0,0,Store Pickup,0,0,15,Venmo,Bi-Weekly,0,26,organic_block,936.0,0,1,0,0,0.0,0,1,0,0,Mid-Age (35-49),0.3282633053221288,0.4814285714285714,Medium,Medium,0,1,1,S0,General Buyers
2218,35,Male,Jewelry,Accessories,27.0,Indiana,Xl,Red,Fall,2.6,0,Store Pickup,0,0,42,Bank Transfer,Fortnightly,0,26,organic_block,702.0,0,1,1,0,0.0,0,0,0,1,Mid-Age (35-49),0.3815694277711084,0.4958086734693877,Medium,Medium,0,0,0,S0,General Buyers
2219,67,Male,Sunglasses,Accessories,67.0,Idaho,M,Magenta,Winter,3.5,0,Store Pickup,0,0,20,Debit Card,Quarterly,0,4,organic_block,268.0,0,0,0,0,0.0,0,0,0,0,Senior (50-70),0.211032412965186,0.612563775510204,Low,High,0,1,0,S0,General Buyers
2220,33,Male,Blouse,Clothing,91.0,Minnesota,S,Purple,Fall,2.8,0,Store Pickup,0,0,16,Bank Transfer,Fortnightly,0,26,organic_block,2366.0,1,0,0,0,0.0,0,0,0,1,Young Adult (25-34),0.2383857543017206,0.6551556122448979,Low,High,0,0,1,S1,High-Value Loyal
2221,19,Male,Belt,Accessories,62.0,Wyoming,Xl,Beige,Fall,4.5,0,Store Pickup,0,0,47,Cash,Annually,0,1,organic_block,62.0,0,0,1,0,0.0,0,1,1,0,Teen (18-24),0.4416326530612245,0.7884438775510204,Medium,High,0,0,0,S0,General Buyers
2222,25,Male,Shorts,Clothing,88.0,Kansas,Xl,White,Fall,3.0,0,Free Shipping,0,0,34,Credit Card,Annually,0,1,organic_block,88.0,1,0,0,0,0.0,0,0,0,0,Young Adult (25-34),0.2420408163265306,0.7458673469387755,Low,High,0,1,1,S1,High-Value Loyal
2223,32,Male,Pants,Clothing,66.0,Georgia,M,Teal,Summer,4.4,0,Store Pickup,0,0,30,Credit Card,Weekly,0,52,organic_block,3432.0,0,0,0,0,0.0,0,1,0,0,Young Adult (25-34),0.5795510204081633,0.7132091836734694,High,High,0,1,1,S0,General Buyers
2224,30,Male,Sandals,Footwear,65.0,Kansas,M,Gray,Fall,4.7,0,Next Day Air,0,0,5,Paypal,Quarterly,0,4,organic_block,260.0,0,0,0,1,0.0,0,1,1,0,Young Adult (25-34),0.2151956782713085,0.5992831632653062,Low,High,1,1,2,S0,General Buyers
2225,18,Male,Gloves,Accessories,25.0,Nebraska,L,Charcoal,Winter,4.3,0,Standard,0,0,38,Cash,Quarterly,0,4,organic_block,100.0,0,1,1,0,0.0,0,1,0,0,Teen (18-24),0.3852364945978391,0.5686505102040816,Medium,Medium,0,0,0,S0,General Buyers
2226,38,Male,Belt,Accessories,64.0,Washington,S,Olive,Spring,4.8,0,Free Shipping,0,0,18,Credit Card,Annually,0,1,organic_block,64.0,0,0,0,0,0.0,0,1,1,0,Mid-Age (35-49),0.2880816326530612,0.667234693877551,Low,High,0,1,0,S0,General Buyers
2227,22,Male,Shirt,Clothing,72.0,Missouri,L,Blue,Spring,4.8,0,Store Pickup,0,0,28,Cash,Annually,0,1,organic_block,72.0,0,0,0,0,0.0,0,1,1,0,Teen (18-24),0.3493061224489796,0.7532551020408164,Medium,High,0,0,1,S0,General Buyers
2228,40,Male,Scarf,Accessories,74.0,Washington,S,Gray,Summer,4.4,0,Next Day Air,0,0,42,Credit Card,Fortnightly,0,26,organic_block,1924.0,0,0,1,0,0.0,0,1,0,0,Mid-Age (35-49),0.5255694277711085,0.8094336734693878,High,High,1,1,0,S0,General Buyers
2229,54,Male,Gloves,Accessories,50.0,Kansas,M,Green,Fall,3.7,0,Free Shipping,0,0,5,Credit Card,Weekly,0,52,organic_block,2600.0,0,0,0,1,0.0,0,0,0,0,Senior (50-70),0.3704897959183674,0.4736581632653061,Medium,Medium,0,1,0,S0,General Buyers
2230,70,Male,Pants,Clothing,97.0,Minnesota,M,Silver,Fall,3.9,0,Express,0,0,50,Venmo,Monthly,0,12,organic_block,1164.0,1,0,1,0,0.0,0,0,0,0,Senior (50-70),0.4659215686274509,0.920875,High,High,1,1,1,S1,High-Value Loyal
2231,52,Male,Sneakers,Footwear,36.0,Colorado,S,Teal,Spring,3.8,0,Express,0,0,33,Venmo,Fortnightly,0,26,organic_block,936.0,0,1,0,0,0.0,0,0,0,0,Senior (50-70),0.4224673869547818,0.561265306122449,Medium,Medium,1,1,2,S0,General Buyers
2232,34,Male,Jacket,Outerwear,49.0,Utah,M,Beige,Fall,4.1,0,Store Pickup,0,0,1,Credit Card,Weekly,0,52,organic_block,2548.0,0,0,0,1,0.0,0,1,0,0,Young Adult (25-34),0.378,0.4728749999999999,Medium,Medium,0,1,3,S0,General Buyers
2233,65,Male,Shoes,Footwear,64.0,North Carolina,L,Lavender,Spring,4.0,0,Store Pickup,0,0,14,Cash,Fortnightly,0,26,organic_block,1664.0,0,0,0,0,0.0,0,1,0,0,Senior (50-70),0.322140856342537,0.5988265306122449,Medium,High,0,0,2,S0,General Buyers
2234,38,Male,Blouse,Clothing,31.0,Florida,Xl,Gray,Summer,4.5,0,Express,0,0,48,Credit Card,Monthly,0,12,organic_block,372.0,0,1,1,0,0.0,0,1,1,0,Mid-Age (35-49),0.5016766706682673,0.6579209183673469,High,High,1,1,1,S0,General Buyers
2235,35,Male,Boots,Footwear,66.0,New Hampshire,S,Yellow,Winter,4.0,0,Express,0,0,26,Cash,Weekly,0,52,organic_block,3432.0,0,0,0,0,0.0,0,1,0,0,Mid-Age (35-49),0.5230612244897959,0.6688010204081632,High,High,1,0,2,S0,General Buyers
2236,40,Male,Socks,Clothing,82.0,Illinois,M,Gray,Spring,4.5,0,2-Day Shipping,0,0,44,Credit Card,Annually,0,1,organic_block,82.0,1,0,1,0,0.0,0,1,1,0,Mid-Age (35-49),0.423265306122449,0.8606377551020408,Medium,High,1,1,1,S1,High-Value Loyal
2237,23,Male,T-Shirt,Clothing,88.0,Louisiana,M,Yellow,Winter,2.7,0,Standard,0,0,18,Debit Card,Fortnightly,0,26,organic_block,2288.0,1,0,0,0,0.0,0,0,0,1,Teen (18-24),0.2426306522609043,0.646234693877551,Low,High,0,1,1,S1,High-Value Loyal
2238,45,Male,Sandals,Footwear,34.0,Alabama,S,Black,Summer,3.8,0,Next Day Air,0,0,31,Venmo,Every 3 Months,0,4,organic_block,136.0,0,1,0,0,0.0,0,0,0,0,Mid-Age (35-49),0.3023793517406963,0.5423112244897959,Low,Medium,1,1,2,S0,General Buyers
2239,40,Male,Sneakers,Footwear,84.0,Florida,L,Beige,Winter,3.8,0,Standard,0,0,18,Debit Card,Weekly,0,52,organic_block,4368.0,1,0,0,0,0.0,0,0,0,0,Mid-Age (35-49),0.4580816326530612,0.6947346938775509,High,High,0,1,2,S1,High-Value Loyal
2240,42,Male,Jewelry,Accessories,96.0,Alabama,L,Indigo,Summer,3.8,0,2-Day Shipping,0,0,41,Credit Card,Every 3 Months,0,4,organic_block,384.0,1,0,1,0,0.0,0,0,0,0,Mid-Age (35-49),0.3636038415366146,0.8645816326530612,Medium,High,1,1,0,S1,High-Value Loyal
2241,57,Male,Sandals,Footwear,71.0,California,L,Green,Winter,4.3,0,Next Day Air,0,0,18,Debit Card,Every 3 Months,0,4,organic_block,284.0,0,0,0,0,0.0,0,1,0,0,Senior (50-70),0.2627875150060024,0.667859693877551,Low,High,1,1,2,S0,General Buyers
2242,18,Male,Jacket,Outerwear,77.0,Maryland,M,Purple,Summer,3.5,0,Free Shipping,0,0,3,Bank Transfer,Bi-Weekly,0,26,organic_block,2002.0,0,0,0,1,0.0,0,0,0,0,Teen (18-24),0.2147939175670268,0.5695790816326531,Low,Medium,0,0,3,S0,General Buyers
2243,18,Male,Skirt,Clothing,66.0,Nevada,M,Orange,Spring,3.8,0,Next Day Air,0,0,5,Credit Card,Bi-Weekly,0,26,organic_block,1716.0,0,0,0,1,0.0,0,0,0,0,Teen (18-24),0.2510388155262104,0.549658163265306,Low,Medium,1,1,1,S0,General Buyers
2244,56,Male,Shirt,Clothing,21.0,Massachusetts,M,Teal,Winter,3.7,0,2-Day Shipping,0,0,13,Debit Card,Annually,0,1,organic_block,21.0,0,1,0,1,0.0,0,0,0,0,Senior (50-70),0.169469387755102,0.3875994897959183,Low,Low,1,1,1,S5,Low-Value Occasional
2245,35,Male,Shorts,Clothing,37.0,South Carolina,M,Gold,Summer,4.8,0,2-Day Shipping,0,0,22,Paypal,Annually,0,1,organic_block,37.0,0,1,0,0,0.0,0,1,1,0,Mid-Age (35-49),0.3125714285714285,0.5695178571428571,Medium,Medium,1,1,1,S0,General Buyers
2246,49,Male,Socks,Clothing,90.0,Delaware,L,Gray,Fall,4.9,0,Free Shipping,0,0,45,Paypal,Fortnightly,0,26,organic_block,2340.0,1,0,1,0,0.0,0,1,1,0,Mid-Age (35-49),0.583936774709884,0.9247397959183672,High,High,0,1,1,S1,High-Value Loyal
2247,49,Male,Jacket,Outerwear,96.0,Hawaii,M,Cyan,Fall,4.3,0,Store Pickup,0,0,39,Paypal,Every 3 Months,0,4,organic_block,384.0,1,0,1,0,0.0,0,1,0,0,Mid-Age (35-49),0.3913589435774309,0.884377551020408,Medium,High,0,1,3,S1,High-Value Loyal
2248,34,Male,Jewelry,Accessories,37.0,Florida,L,Teal,Summer,4.4,0,Next Day Air,0,0,18,Venmo,Annually,0,1,organic_block,37.0,0,1,0,0,0.0,0,1,0,0,Young Adult (25-34),0.2560816326530613,0.525109693877551,Low,Medium,1,1,0,S0,General Buyers
2249,63,Male,T-Shirt,Clothing,66.0,Rhode Island,M,Violet,Winter,3.4,0,Free Shipping,0,0,19,Paypal,Fortnightly,0,26,organic_block,1716.0,0,0,0,0,0.0,0,0,0,0,Senior (50-70),0.3047531012404962,0.5970867346938775,Medium,Medium,0,1,1,S0,General Buyers
2250,42,Male,Gloves,Accessories,45.0,Wyoming,Xl,Indigo,Spring,4.3,0,Next Day Air,0,0,29,Debit Card,Weekly,0,52,organic_block,2340.0,0,0,0,0,0.0,0,1,0,0,Mid-Age (35-49),0.5654285714285714,0.6102321428571428,High,High,1,1,0,S0,General Buyers
2251,41,Male,Shoes,Footwear,89.0,Colorado,L,Pink,Summer,4.6,0,Store Pickup,0,0,19,Credit Card,Weekly,0,52,organic_block,4628.0,1,0,0,0,0.0,0,1,1,0,Mid-Age (35-49),0.528204081632653,0.7697117346938775,High,High,0,1,2,S1,High-Value Loyal
2252,26,Male,Shoes,Footwear,94.0,Virginia,L,Gold,Fall,3.8,0,Free Shipping,0,0,22,Debit Card,Monthly,0,12,organic_block,1128.0,1,0,0,0,0.0,0,0,0,0,Young Adult (25-34),0.2864929971988795,0.7588928571428571,Low,High,0,1,2,S1,High-Value Loyal
2253,48,Male,Shoes,Footwear,96.0,Nebraska,S,Maroon,Summer,3.9,0,Express,0,0,21,Bank Transfer,Annually,0,1,organic_block,96.0,1,0,0,0,0.0,0,0,0,0,Mid-Age (35-49),0.2344489795918367,0.7685408163265305,Low,High,1,0,2,S1,High-Value Loyal
2254,62,Male,Hoodie,Clothing,31.0,Oklahoma,M,Brown,Spring,2.6,0,Store Pickup,0,0,22,Paypal,Monthly,0,12,organic_block,372.0,0,1,0,0,0.0,0,0,0,1,Senior (50-70),0.1904929971988795,0.4112678571428571,Low,Low,0,1,1,S0,General Buyers
2255,24,Male,Belt,Accessories,79.0,North Dakota,M,Gold,Winter,4.2,0,Store Pickup,0,0,44,Paypal,Every 3 Months,0,4,organic_block,316.0,0,0,1,0,0.0,0,1,0,0,Teen (18-24),0.4139711884753901,0.8295127551020408,Medium,High,0,1,0,S0,General Buyers
2256,48,Male,Coat,Outerwear,39.0,Michigan,L,Teal,Spring,4.6,0,Store Pickup,0,0,42,Bank Transfer,Quarterly,0,4,organic_block,156.0,0,1,1,0,0.0,0,1,1,0,Mid-Age (35-49),0.4337262905162065,0.6683086734693878,Medium,High,0,0,3,S0,General Buyers
2257,31,Male,Blouse,Clothing,22.0,California,M,Turquoise,Fall,5.0,0,Standard,0,0,33,Credit Card,Quarterly,0,4,organic_block,88.0,0,1,0,0,0.0,0,1,1,0,Young Adult (25-34),0.41062424969988,0.572015306122449,Medium,Medium,0,1,1,S0,General Buyers
2258,41,Male,Skirt,Clothing,32.0,Tennessee,L,Olive,Fall,4.2,0,Standard,0,0,6,Bank Transfer,Annually,0,1,organic_block,32.0,0,1,0,1,0.0,0,1,0,0,Mid-Age (35-49),0.1666122448979592,0.4300102040816326,Low,Medium,0,0,1,S5,Low-Value Occasional
2259,24,Male,T-Shirt,Clothing,71.0,Ohio,L,Cyan,Winter,4.3,0,Store Pickup,0,0,44,Credit Card,Every 3 Months,0,4,organic_block,284.0,0,0,1,0,0.0,0,1,0,0,Teen (18-24),0.4219711884753901,0.8005127551020408,Medium,High,0,1,1,S0,General Buyers
2260,60,Male,Jeans,Clothing,96.0,Florida,Xl,Beige,Spring,3.3,0,Free Shipping,0,0,24,Cash,Annually,0,1,organic_block,96.0,1,0,0,0,0.0,0,0,0,0,Senior (50-70),0.2048163265306122,0.7478469387755102,Low,High,0,0,1,S1,High-Value Loyal
2261,38,Male,Scarf,Accessories,82.0,Missouri,M,Blue,Fall,4.9,0,Express,0,0,16,Paypal,Quarterly,0,4,organic_block,328.0,1,0,0,0,0.0,0,1,1,0,Mid-Age (35-49),0.2985426170468188,0.741780612244898,Low,High,1,1,0,S1,High-Value Loyal
2262,58,Male,Backpack,Accessories,76.0,South Carolina,L,Gold,Spring,4.4,0,Standard,0,0,12,Bank Transfer,Fortnightly,0,26,organic_block,1976.0,0,0,0,1,0.0,0,1,0,0,Senior (50-70),0.3418959583833533,0.6651224489795918,Medium,High,0,0,0,S0,General Buyers
2263,53,Male,Backpack,Accessories,22.0,Arizona,M,Green,Winter,3.1,0,2-Day Shipping,0,0,50,Paypal,Monthly,0,12,organic_block,264.0,0,1,1,0,0.0,0,0,0,0,Senior (50-70),0.401921568627451,0.5447500000000001,Medium,Medium,1,1,0,S0,General Buyers
2264,44,Male,Scarf,Accessories,40.0,Indiana,Xl,Green,Winter,3.5,0,Store Pickup,0,0,42,Cash,Quarterly,0,4,organic_block,160.0,0,0,1,0,0.0,0,0,0,0,Mid-Age (35-49),0.3457262905162065,0.6066836734693877,Medium,High,0,0,0,S0,General Buyers
2265,51,Male,Hat,Accessories,92.0,North Dakota,M,Turquoise,Summer,3.9,0,2-Day Shipping,0,0,50,Paypal,Monthly,0,12,organic_block,1104.0,1,0,1,0,0.0,0,0,0,0,Senior (50-70),0.4659215686274509,0.8989999999999999,High,High,1,1,0,S1,High-Value Loyal
2266,36,Male,Coat,Outerwear,94.0,Montana,Xl,Yellow,Fall,3.9,0,Store Pickup,0,0,10,Paypal,Quarterly,0,4,organic_block,376.0,1,0,0,1,0.0,0,0,0,0,Mid-Age (35-49),0.1818079231692677,0.7036683673469387,Low,High,0,1,3,S1,High-Value Loyal
2267,20,Male,Dress,Clothing,44.0,Missouri,M,Yellow,Fall,4.3,0,Store Pickup,0,0,32,Debit Card,Weekly,0,52,organic_block,2288.0,0,0,0,0,0.0,0,1,0,0,Teen (18-24),0.5837959183673469,0.6211632653061224,High,High,0,1,1,S0,General Buyers
2268,32,Male,Gloves,Accessories,49.0,Kentucky,S,Blue,Spring,3.8,0,Express,0,0,37,Venmo,Weekly,0,52,organic_block,2548.0,0,0,0,0,0.0,0,0,0,0,Young Adult (25-34),0.5744081632653061,0.6385484693877551,High,High,1,1,0,S0,General Buyers
2269,66,Male,Sweater,Clothing,26.0,Georgia,L,Charcoal,Spring,2.7,0,2-Day Shipping,0,0,15,Bank Transfer,Monthly,0,12,organic_block,312.0,0,1,0,0,0.0,0,0,0,1,Senior (50-70),0.1556358543417367,0.3596785714285714,Low,Low,1,0,1,S0,General Buyers
2270,49,Male,Skirt,Clothing,38.0,Kentucky,M,Yellow,Fall,4.4,0,Store Pickup,0,0,27,Credit Card,Annually,0,1,organic_block,38.0,0,1,0,0,0.0,0,1,0,0,Mid-Age (35-49),0.3111836734693878,0.5754030612244898,Medium,Medium,0,1,1,S0,General Buyers
2271,27,Male,Blouse,Clothing,72.0,Georgia,L,Purple,Spring,3.5,0,Express,0,0,7,Venmo,Weekly,0,52,organic_block,3744.0,0,0,0,1,0.0,0,0,0,0,Young Adult (25-34),0.366734693877551,0.5681122448979592,Medium,Medium,1,1,1,S0,General Buyers
2272,29,Male,Dress,Clothing,99.0,Alaska,M,Green,Summer,3.4,0,Free Shipping,0,0,49,Paypal,Quarterly,0,4,organic_block,396.0,1,0,1,0,0.0,0,0,0,0,Young Adult (25-34),0.3805834333733493,0.8945229591836735,Medium,High,0,1,1,S1,High-Value Loyal
2273,29,Male,Jacket,Outerwear,38.0,Maine,L,Charcoal,Spring,4.0,0,Standard,0,0,44,Paypal,Monthly,0,12,organic_block,456.0,0,1,1,0,0.0,0,1,0,0,Young Adult (25-34),0.4371868747498999,0.6381377551020407,Medium,High,0,1,3,S0,General Buyers
2274,55,Male,Coat,Outerwear,96.0,New Mexico,L,Silver,Winter,4.8,0,Express,0,0,13,Paypal,Bi-Weekly,0,26,organic_block,2496.0,1,0,0,1,0.0,0,1,1,0,Senior (50-70),0.3800184073629452,0.7817244897959184,Medium,High,1,1,3,S1,High-Value Loyal
2275,57,Male,Dress,Clothing,27.0,New York,L,Turquoise,Spring,4.5,0,Next Day Air,0,0,38,Paypal,Fortnightly,0,26,organic_block,702.0,0,1,1,0,0.0,0,1,1,0,Senior (50-70),0.5090796318527411,0.5894005102040816,High,Medium,1,1,1,S0,General Buyers
2276,29,Male,Shorts,Clothing,24.0,Oklahoma,M,Gray,Winter,4.4,0,Standard,0,0,10,Debit Card,Weekly,0,52,organic_block,1248.0,0,1,0,1,0.0,0,1,0,0,Young Adult (25-34),0.4571020408163265,0.4274183673469388,Medium,Low,0,1,1,S5,Low-Value Occasional
2277,31,Male,Jeans,Clothing,82.0,Wyoming,L,Red,Summer,4.1,0,2-Day Shipping,0,0,25,Debit Card,Weekly,0,52,organic_block,4264.0,1,0,0,0,0.0,0,1,0,0,Young Adult (25-34),0.5249387755102041,0.7396989795918367,High,High,1,1,1,S1,High-Value Loyal
2278,25,Male,Hat,Accessories,56.0,Alabama,M,Beige,Summer,4.6,0,Next Day Air,0,0,18,Credit Card,Quarterly,0,4,organic_block,224.0,0,0,0,0,0.0,0,1,1,0,Young Adult (25-34),0.2867875150060024,0.620234693877551,Low,High,1,1,0,S0,General Buyers
2279,61,Male,Gloves,Accessories,25.0,Maryland,M,Maroon,Fall,3.8,0,Store Pickup,0,0,6,Cash,Every 3 Months,0,4,organic_block,100.0,0,1,0,1,0.0,0,0,0,0,Senior (50-70),0.1493181272509003,0.3753852040816327,Low,Low,0,0,0,S5,Low-Value Occasional
2280,53,Male,Sneakers,Footwear,67.0,West Virginia,L,Indigo,Spring,2.9,0,Free Shipping,0,0,35,Bank Transfer,Quarterly,0,4,organic_block,268.0,0,0,0,0,0.0,0,0,0,1,Senior (50-70),0.2548691476590636,0.6530943877551021,Low,High,0,0,2,S0,General Buyers
2281,22,Male,Shoes,Footwear,21.0,Kentucky,M,Red,Summer,2.8,0,Standard,0,0,31,Credit Card,Fortnightly,0,26,organic_block,546.0,0,1,0,0,0.0,0,0,0,1,Teen (18-24),0.3302224889955982,0.4254362244897959,Medium,Low,0,1,2,S0,General Buyers
2282,28,Male,Hoodie,Clothing,27.0,Kansas,Xl,Maroon,Summer,3.0,0,Store Pickup,0,0,41,Bank Transfer,Annually,0,1,organic_block,27.0,0,1,1,0,0.0,0,0,0,0,Young Adult (25-34),0.2848979591836734,0.5147066326530613,Low,Medium,0,0,1,S0,General Buyers
2283,18,Male,Sneakers,Footwear,97.0,Idaho,S,Red,Fall,4.2,0,2-Day Shipping,0,0,8,Credit Card,Annually,0,1,organic_block,97.0,1,0,0,1,0.0,0,1,0,0,Teen (18-24),0.1788571428571428,0.7245892857142856,Low,High,1,1,2,S1,High-Value Loyal
2284,44,Male,Handbag,Accessories,45.0,Ohio,S,Black,Winter,4.1,0,Free Shipping,0,0,34,Credit Card,Fortnightly,0,26,organic_block,1170.0,0,0,0,0,0.0,0,1,0,0,Mid-Age (35-49),0.4525898359343737,0.6237423469387755,Medium,High,0,1,0,S0,General Buyers
2285,32,Male,Blouse,Clothing,63.0,Iowa,Xl,Black,Fall,4.1,0,Express,0,0,20,Venmo,Annually,0,1,organic_block,63.0,0,0,0,0,0.0,0,1,0,0,Young Adult (25-34),0.2443265306122448,0.6310637755102041,Low,High,1,1,1,S0,General Buyers
2286,34,Male,Belt,Accessories,100.0,Michigan,L,Pink,Summer,4.6,0,2-Day Shipping,0,0,38,Paypal,Every 3 Months,0,4,organic_block,400.0,1,0,1,0,0.0,0,1,1,0,Young Adult (25-34),0.409236494597839,0.9147755102040817,Medium,High,1,1,0,S1,High-Value Loyal
2287,67,Male,Socks,Clothing,38.0,South Dakota,L,Blue,Spring,2.5,0,Store Pickup,0,0,35,Venmo,Quarterly,0,4,organic_block,152.0,0,1,0,0,0.0,0,0,0,1,Senior (50-70),0.2228691476590636,0.502219387755102,Low,Medium,0,1,1,S0,General Buyers
2288,66,Male,Blouse,Clothing,45.0,Nebraska,L,Green,Summer,3.0,0,Store Pickup,0,0,6,Debit Card,Annually,0,1,organic_block,45.0,0,0,0,1,0.0,0,0,0,0,Senior (50-70),0.0706122448979592,0.4148852040816326,Low,Low,0,1,1,S0,General Buyers
2289,28,Male,Jewelry,Accessories,91.0,California,M,Orange,Fall,3.8,0,Next Day Air,0,0,50,Paypal,Weekly,0,52,organic_block,4732.0,1,0,1,0,0.0,0,0,0,0,Young Adult (25-34),0.654,0.8886249999999999,High,High,1,1,0,S1,High-Value Loyal
2290,70,Male,Shorts,Clothing,82.0,Nevada,M,Orange,Fall,4.1,0,Free Shipping,0,0,47,Venmo,Weekly,0,52,organic_block,4264.0,1,0,1,0,0.0,0,1,0,0,Senior (50-70),0.6596326530612245,0.8519438775510204,High,High,0,1,1,S1,High-Value Loyal
2291,37,Male,Boots,Footwear,48.0,Kansas,L,Magenta,Winter,3.3,0,Standard,0,0,23,Paypal,Quarterly,0,4,organic_block,192.0,0,0,0,0,0.0,0,0,0,0,Mid-Age (35-49),0.2133997599039616,0.5327448979591837,Low,Medium,0,1,2,S0,General Buyers
2292,28,Male,Coat,Outerwear,30.0,Ohio,M,Indigo,Spring,5.0,0,2-Day Shipping,0,0,13,Credit Card,Quarterly,0,4,organic_block,120.0,0,1,0,1,0.0,0,1,1,0,Young Adult (25-34),0.2881752701080432,0.5049744897959184,Low,Medium,1,1,3,S5,Low-Value Occasional
2293,43,Male,T-Shirt,Clothing,34.0,Vermont,S,Beige,Spring,3.8,0,Next Day Air,0,0,31,Debit Card,Monthly,0,12,organic_block,408.0,0,1,0,0,0.0,0,0,0,0,Mid-Age (35-49),0.3415950380152061,0.5423112244897959,Medium,Medium,1,1,1,S0,General Buyers
2294,37,Male,Sweater,Clothing,68.0,Georgia,L,Green,Fall,3.3,0,Express,0,0,16,Debit Card,Every 3 Months,0,4,organic_block,272.0,0,0,0,0,0.0,0,0,0,0,Mid-Age (35-49),0.1705426170468187,0.584530612244898,Low,Medium,1,1,1,S0,General Buyers
2295,54,Male,Sunglasses,Accessories,95.0,Maryland,M,Red,Winter,5.0,0,Express,0,0,40,Debit Card,Annually,0,1,organic_block,95.0,1,0,1,0,0.0,0,1,1,0,Senior (50-70),0.4387755102040816,0.9271045918367348,Medium,High,1,1,0,S1,High-Value Loyal
2296,50,Male,Hat,Accessories,22.0,Connecticut,L,Beige,Spring,2.9,0,2-Day Shipping,0,0,45,Paypal,Quarterly,0,4,organic_block,88.0,0,1,1,0,0.0,0,0,0,1,Senior (50-70),0.316093637454982,0.5072397959183673,Medium,Medium,1,1,0,S0,General Buyers
2297,46,Male,Gloves,Accessories,88.0,Washington,M,Green,Fall,2.5,0,Next Day Air,0,0,50,Venmo,Every 3 Months,0,4,organic_block,352.0,1,0,1,0,0.0,0,0,0,1,Mid-Age (35-49),0.3147058823529411,0.7975,Medium,High,1,1,0,S1,High-Value Loyal
2298,60,Male,Socks,Clothing,83.0,California,M,Orange,Summer,4.7,0,Standard,0,0,1,Bank Transfer,Quarterly,0,4,organic_block,332.0,1,0,0,1,0.0,0,1,1,0,Senior (50-70),0.1907058823529412,0.657625,Low,High,0,0,1,S1,High-Value Loyal
2299,40,Male,Handbag,Accessories,87.0,Montana,L,Cyan,Spring,2.9,0,2-Day Shipping,0,0,10,Cash,Every 3 Months,0,4,organic_block,348.0,1,0,0,1,0.0,0,0,0,1,Mid-Age (35-49),0.1018079231692677,0.6130433673469388,Low,High,1,0,0,S1,High-Value Loyal
2300,64,Male,Coat,Outerwear,57.0,Idaho,M,Violet,Summer,3.7,0,Store Pickup,0,0,48,Credit Card,Every 3 Months,0,4,organic_block,228.0,0,0,1,0,0.0,0,0,0,0,Senior (50-70),0.3984609843937575,0.7236709183673469,Medium,High,0,1,3,S0,General Buyers
2301,18,Male,Coat,Outerwear,88.0,Pennsylvania,Xl,Lavender,Summer,4.4,0,2-Day Shipping,0,0,38,Credit Card,Monthly,0,12,organic_block,1056.0,1,0,1,0,0.0,0,1,0,0,Teen (18-24),0.4324521808723489,0.8502755102040817,Medium,High,1,1,3,S1,High-Value Loyal
2302,37,Male,Pants,Clothing,20.0,Maine,L,Turquoise,Winter,2.9,0,Next Day Air,0,0,21,Debit Card,Annually,0,1,organic_block,20.0,0,1,0,0,0.0,0,0,0,1,Mid-Age (35-49),0.1544489795918367,0.3760408163265306,Low,Low,1,1,1,S0,General Buyers
2303,36,Male,Belt,Accessories,39.0,Montana,L,Pink,Summer,3.6,0,Store Pickup,0,0,38,Venmo,Monthly,0,12,organic_block,468.0,0,1,1,0,0.0,0,0,0,0,Mid-Age (35-49),0.3684521808723489,0.5879005102040817,Medium,Medium,0,1,0,S0,General Buyers
2304,51,Male,Sunglasses,Accessories,71.0,New Jersey,S,Beige,Spring,4.8,0,2-Day Shipping,0,0,31,Credit Card,Fortnightly,0,26,organic_block,1846.0,0,0,0,0,0.0,0,1,1,0,Senior (50-70),0.4902224889955982,0.7641862244897959,High,High,1,1,0,S0,General Buyers
2305,26,Male,Hoodie,Clothing,73.0,Louisiana,L,Silver,Winter,4.7,0,Free Shipping,0,0,9,Debit Card,Fortnightly,0,26,organic_block,1898.0,0,0,0,1,0.0,0,1,1,0,Young Adult (25-34),0.3475286114445778,0.6546913265306122,Medium,High,0,1,1,S0,General Buyers
2306,68,Male,Handbag,Accessories,63.0,Maine,M,Gold,Summer,2.6,0,Free Shipping,0,0,47,Cash,Weekly,0,52,organic_block,3276.0,0,0,1,0,0.0,0,0,0,1,Senior (50-70),0.5396326530612245,0.6788188775510204,High,High,0,0,0,S0,General Buyers
2307,27,Male,Gloves,Accessories,78.0,Florida,L,Silver,Winter,3.4,0,Standard,0,0,8,Cash,Bi-Weekly,0,26,organic_block,2028.0,0,0,0,1,0.0,0,0,0,0,Young Adult (25-34),0.2374061624649859,0.5934642857142858,Low,Medium,0,0,0,S0,General Buyers
2308,28,Male,Skirt,Clothing,96.0,Missouri,L,Green,Fall,3.5,0,Next Day Air,0,0,30,Debit Card,Annually,0,1,organic_block,96.0,1,0,0,0,0.0,0,0,0,0,Young Adult (25-34),0.2575510204081632,0.7904591836734693,Low,High,1,1,1,S1,High-Value Loyal
2309,49,Male,Sunglasses,Accessories,81.0,North Dakota,M,Teal,Winter,3.4,0,2-Day Shipping,0,0,22,Bank Transfer,Quarterly,0,4,organic_block,324.0,1,0,0,0,0.0,0,0,0,0,Mid-Age (35-49),0.2152773109243697,0.6780178571428572,Low,High,1,0,0,S1,High-Value Loyal
2310,70,Male,Dress,Clothing,95.0,Connecticut,S,Gold,Fall,5.0,0,2-Day Shipping,0,0,3,Bank Transfer,Quarterly,0,4,organic_block,380.0,1,0,0,1,0.0,0,1,1,0,Senior (50-70),0.2269507803121248,0.7383290816326531,Low,High,1,0,1,S1,High-Value Loyal
2311,30,Male,Gloves,Accessories,68.0,Virginia,M,Cyan,Spring,4.6,0,Standard,0,0,15,Paypal,Monthly,0,12,organic_block,816.0,0,0,0,0,0.0,0,1,1,0,Young Adult (25-34),0.3076358543417367,0.6574285714285714,Medium,High,0,1,0,S0,General Buyers
2312,27,Male,Sneakers,Footwear,28.0,Montana,L,Gold,Spring,4.8,0,2-Day Shipping,0,0,10,Bank Transfer,Every 3 Months,0,4,organic_block,112.0,0,1,0,1,0.0,0,1,1,0,Young Adult (25-34),0.2538079231692677,0.4689183673469388,Low,Medium,1,0,2,S5,Low-Value Occasional
2313,19,Male,T-Shirt,Clothing,30.0,Vermont,L,Violet,Summer,3.7,0,Free Shipping,0,0,19,Cash,Every 3 Months,0,4,organic_block,120.0,0,1,0,0,0.0,0,0,0,0,Teen (18-24),0.2209099639855942,0.4575867346938775,Low,Medium,0,0,1,S0,General Buyers
2314,64,Male,Dress,Clothing,31.0,Georgia,M,Black,Summer,4.7,0,Next Day Air,0,0,36,Bank Transfer,Fortnightly,0,26,organic_block,806.0,0,1,0,0,0.0,0,1,1,0,Senior (50-70),0.5128347338935575,0.6086964285714286,High,High,1,0,1,S0,General Buyers
2315,42,Male,Handbag,Accessories,95.0,Virginia,Xl,Brown,Winter,4.4,0,Express,0,0,12,Bank Transfer,Every 3 Months,0,4,organic_block,380.0,1,0,0,1,0.0,0,1,0,0,Mid-Age (35-49),0.2340528211284514,0.7482474489795918,Low,High,1,0,0,S1,High-Value Loyal
2316,69,Male,Socks,Clothing,79.0,Vermont,M,Indigo,Winter,3.5,0,2-Day Shipping,0,0,49,Debit Card,Quarterly,0,4,organic_block,316.0,0,0,1,0,0.0,0,0,0,0,Senior (50-70),0.3885834333733493,0.8130229591836735,Medium,High,1,1,1,S0,General Buyers
2317,28,Male,Sneakers,Footwear,39.0,Montana,L,Yellow,Winter,3.8,0,Standard,0,0,7,Debit Card,Annually,0,1,organic_block,39.0,0,1,0,1,0.0,0,0,0,0,Young Adult (25-34),0.140734693877551,0.4417372448979592,Low,Medium,0,1,2,S5,Low-Value Occasional
2318,47,Male,Jacket,Outerwear,34.0,New Jersey,M,Purple,Summer,4.7,0,Next Day Air,0,0,28,Bank Transfer,Monthly,0,12,organic_block,408.0,0,1,0,0,0.0,0,1,1,0,Mid-Age (35-49),0.3952276910764306,0.5810051020408163,Medium,Medium,1,0,3,S0,General Buyers
2319,69,Male,Hoodie,Clothing,28.0,Wyoming,L,White,Spring,3.1,0,Store Pickup,0,0,30,Credit Card,Annually,0,1,organic_block,28.0,0,1,0,0,0.0,0,0,0,0,Senior (50-70),0.2255510204081632,0.4689591836734694,Low,Medium,0,1,1,S0,General Buyers
2320,56,Male,Sandals,Footwear,38.0,Maine,Xl,Turquoise,Winter,5.0,0,Free Shipping,0,0,29,Paypal,Monthly,0,12,organic_block,456.0,0,1,0,0,0.0,0,1,1,0,Senior (50-70),0.4253501400560224,0.6216071428571428,Medium,High,0,1,2,S0,General Buyers
2321,28,Male,Shoes,Footwear,55.0,New Mexico,M,Olive,Spring,3.7,0,Free Shipping,0,0,9,Debit Card,Every 3 Months,0,4,organic_block,220.0,0,0,0,1,0.0,0,0,0,0,Young Adult (25-34),0.1596854741896758,0.5159413265306123,Low,Medium,0,1,2,S0,General Buyers
2322,50,Male,Sandals,Footwear,31.0,Colorado,M,Beige,Winter,3.0,0,Next Day Air,0,0,27,Debit Card,Fortnightly,0,26,organic_block,806.0,0,1,0,0,0.0,0,0,0,0,Senior (50-70),0.3217326930772308,0.4607780612244898,Medium,Medium,1,1,2,S0,General Buyers
2323,39,Male,Coat,Outerwear,84.0,Connecticut,S,Lavender,Spring,4.5,0,Store Pickup,0,0,21,Venmo,Fortnightly,0,26,organic_block,2184.0,1,0,0,0,0.0,0,1,1,0,Mid-Age (35-49),0.4049979991996799,0.7520408163265305,Medium,High,0,1,3,S1,High-Value Loyal
2324,35,Male,Gloves,Accessories,93.0,Maryland,L,White,Winter,4.7,0,Express,0,0,36,Credit Card,Monthly,0,12,organic_block,1116.0,1,0,0,0,0.0,0,1,1,0,Mid-Age (35-49),0.4442072829131653,0.8799464285714286,Medium,High,1,1,0,S1,High-Value Loyal
2325,59,Male,Coat,Outerwear,28.0,Oregon,L,Brown,Winter,3.5,0,Free Shipping,0,0,19,Debit Card,Annually,0,1,organic_block,28.0,0,1,0,0,0.0,0,0,0,0,Senior (50-70),0.190204081632653,0.4368367346938775,Low,Medium,0,1,3,S0,General Buyers
2326,44,Male,Boots,Footwear,55.0,New York,M,Charcoal,Summer,4.4,0,2-Day Shipping,0,0,47,Cash,Weekly,0,52,organic_block,2860.0,0,0,1,0,0.0,0,1,0,0,Mid-Age (35-49),0.6836326530612246,0.7518188775510204,High,High,1,0,2,S0,General Buyers
2327,66,Male,Skirt,Clothing,63.0,Oklahoma,L,Maroon,Winter,2.6,0,Standard,0,0,38,Bank Transfer,Annually,0,1,organic_block,63.0,0,0,1,0,0.0,0,0,0,1,Senior (50-70),0.2345306122448979,0.6329005102040817,Low,High,0,0,1,S0,General Buyers
2328,20,Male,Skirt,Clothing,94.0,Alabama,M,Red,Winter,4.2,0,2-Day Shipping,0,0,22,Venmo,Bi-Weekly,0,26,organic_block,2444.0,1,0,0,0,0.0,0,1,0,0,Teen (18-24),0.3871204481792717,0.7828928571428572,Medium,High,1,1,1,S1,High-Value Loyal
2329,45,Male,Pants,Clothing,36.0,North Dakota,M,Maroon,Fall,2.6,0,Express,0,0,29,Venmo,Bi-Weekly,0,26,organic_block,936.0,0,1,0,0,0.0,0,0,0,1,Mid-Age (35-49),0.3019775910364145,0.4688571428571428,Low,Medium,1,1,1,S0,General Buyers
2330,49,Male,Hat,Accessories,97.0,Nebraska,S,Teal,Spring,4.8,0,Free Shipping,0,0,42,Bank Transfer,Annually,0,1,organic_block,97.0,1,0,1,0,0.0,0,1,1,0,Mid-Age (35-49),0.4350204081632653,0.9340586734693878,Medium,High,0,0,0,S1,High-Value Loyal
2331,60,Male,Backpack,Accessories,63.0,Arizona,L,Orange,Summer,2.9,0,Store Pickup,0,0,47,Paypal,Every 3 Months,0,4,organic_block,252.0,0,0,1,0,0.0,0,0,0,1,Senior (50-70),0.3283385354141656,0.6968188775510205,Medium,High,0,1,0,S0,General Buyers
2332,61,Male,Scarf,Accessories,77.0,Illinois,S,Olive,Spring,4.3,0,2-Day Shipping,0,0,10,Credit Card,Bi-Weekly,0,26,organic_block,2002.0,0,0,0,1,0.0,0,1,0,0,Senior (50-70),0.3216510604241697,0.6532933673469388,Medium,High,1,1,0,S0,General Buyers
2333,36,Male,Scarf,Accessories,53.0,South Carolina,Xl,Olive,Fall,2.6,0,Store Pickup,0,0,10,Venmo,Monthly,0,12,organic_block,636.0,0,0,0,1,0.0,0,0,0,1,Mid-Age (35-49),0.1170236094437775,0.4462933673469387,Low,Medium,0,1,0,S0,General Buyers
2334,33,Male,Shirt,Clothing,77.0,Kansas,M,Beige,Spring,3.8,0,Next Day Air,0,0,1,Paypal,Every 3 Months,0,4,organic_block,308.0,0,0,0,1,0.0,0,0,0,0,Young Adult (25-34),0.1187058823529411,0.577375,Low,Medium,1,1,1,S0,General Buyers
2335,49,Male,Boots,Footwear,79.0,Kansas,L,Green,Summer,4.2,0,Standard,0,0,7,Credit Card,Monthly,0,12,organic_block,948.0,0,0,0,1,0.0,0,1,0,0,Mid-Age (35-49),0.226656262505002,0.6407372448979591,Low,High,0,1,2,S0,General Buyers
2336,31,Male,Coat,Outerwear,37.0,Idaho,M,Black,Summer,3.9,0,Store Pickup,0,0,10,Venmo,Fortnightly,0,26,organic_block,962.0,0,1,0,1,0.0,0,0,0,0,Young Adult (25-34),0.2896510604241696,0.4542933673469387,Low,Medium,0,1,3,S5,Low-Value Occasional
2337,19,Male,Belt,Accessories,94.0,California,M,Green,Winter,3.1,0,Free Shipping,0,0,11,Credit Card,Weekly,0,52,organic_block,4888.0,1,0,0,1,0.0,0,0,0,0,Teen (18-24),0.3592244897959183,0.6607704081632653,Medium,High,0,1,0,S1,High-Value Loyal
2338,39,Male,Boots,Footwear,76.0,North Dakota,S,Violet,Fall,3.6,0,Store Pickup,0,0,5,Cash,Annually,0,1,organic_block,76.0,0,0,0,1,0.0,0,0,0,0,Mid-Age (35-49),0.1124897959183673,0.5814081632653061,Low,Medium,0,0,2,S0,General Buyers
2339,66,Male,Sneakers,Footwear,68.0,Georgia,S,Silver,Fall,4.0,0,Express,0,0,21,Paypal,Quarterly,0,4,organic_block,272.0,0,0,0,0,0.0,0,1,0,0,Senior (50-70),0.2571548619447779,0.6520408163265305,Low,High,1,1,2,S0,General Buyers
2340,25,Male,Shirt,Clothing,65.0,Illinois,L,Maroon,Spring,3.4,0,Next Day Air,0,0,24,Bank Transfer,Quarterly,0,4,organic_block,260.0,0,0,0,0,0.0,0,0,0,0,Young Adult (25-34),0.2275222088835534,0.6182219387755102,Low,High,1,0,1,S0,General Buyers
2341,63,Male,Blouse,Clothing,24.0,Delaware,M,Cyan,Summer,2.6,0,Standard,0,0,37,Credit Card,Fortnightly,0,26,organic_block,624.0,0,1,0,0,0.0,0,0,0,1,Senior (50-70),0.3509571828731492,0.4571734693877551,Medium,Medium,0,1,1,S0,General Buyers
2342,56,Male,Jacket,Outerwear,31.0,Connecticut,L,Teal,Summer,4.5,0,Express,0,0,22,Venmo,Every 3 Months,0,4,organic_block,124.0,0,1,0,0,0.0,0,1,1,0,Senior (50-70),0.3032773109243697,0.5252678571428571,Medium,Medium,1,1,3,S0,General Buyers
2343,20,Male,Skirt,Clothing,89.0,Tennessee,M,Olive,Fall,4.9,0,Standard,0,0,16,Debit Card,Fortnightly,0,26,organic_block,2314.0,1,0,0,0,0.0,0,1,1,0,Teen (18-24),0.4063857543017207,0.772405612244898,Medium,High,0,1,1,S1,High-Value Loyal
2344,58,Male,Socks,Clothing,49.0,Maryland,M,Red,Summer,4.4,0,2-Day Shipping,0,0,44,Paypal,Monthly,0,12,organic_block,588.0,0,0,1,0,0.0,0,1,0,0,Senior (50-70),0.4691868747498999,0.7102627551020407,High,High,1,1,1,S0,General Buyers
2345,34,Male,Sandals,Footwear,92.0,Rhode Island,Xl,Lavender,Fall,3.5,0,Express,0,0,14,Venmo,Bi-Weekly,0,26,organic_block,2392.0,1,0,0,0,0.0,0,0,0,0,Young Adult (25-34),0.282140856342537,0.6913265306122449,Low,High,1,1,2,S1,High-Value Loyal
2346,28,Male,T-Shirt,Clothing,32.0,New York,S,Orange,Winter,3.3,0,Express,0,0,23,Bank Transfer,Every 3 Months,0,4,organic_block,128.0,0,1,0,0,0.0,0,0,0,0,Young Adult (25-34),0.2133997599039616,0.4627448979591836,Low,Medium,1,0,1,S0,General Buyers
2347,22,Male,Jacket,Outerwear,67.0,New Mexico,L,Brown,Winter,3.1,0,Standard,0,0,46,Debit Card,Fortnightly,0,26,organic_block,1742.0,0,0,1,0,0.0,0,0,0,0,Teen (18-24),0.4460592236894758,0.721216836734694,Medium,High,0,1,3,S0,General Buyers
2348,37,Male,Belt,Accessories,64.0,California,S,Gray,Fall,4.2,0,Express,0,0,46,Cash,Every 3 Months,0,4,organic_block,256.0,0,0,1,0,0.0,0,1,0,0,Mid-Age (35-49),0.4262160864345738,0.7740918367346938,Medium,High,1,0,0,S0,General Buyers
2349,54,Male,Shoes,Footwear,84.0,Maine,M,Orange,Spring,4.9,0,Next Day Air,0,0,16,Paypal,Every 3 Months,0,4,organic_block,336.0,1,0,0,0,0.0,0,1,1,0,Senior (50-70),0.2985426170468188,0.7505306122448979,Low,High,1,1,2,S1,High-Value Loyal
2350,65,Male,Blouse,Clothing,34.0,New York,M,Orange,Fall,3.9,0,Standard,0,0,40,Credit Card,Every 3 Months,0,4,organic_block,136.0,0,1,1,0,0.0,0,0,0,0,Senior (50-70),0.3654813925570228,0.5942295918367346,Medium,Medium,0,1,1,S0,General Buyers
2351,57,Male,Shoes,Footwear,26.0,Hawaii,M,Turquoise,Winter,4.2,0,Free Shipping,0,0,21,Cash,Annually,0,1,organic_block,26.0,0,1,0,0,0.0,0,1,0,0,Senior (50-70),0.2584489795918367,0.4802908163265306,Low,Medium,0,0,2,S0,General Buyers
2352,38,Male,Sweater,Clothing,50.0,New Hampshire,S,Cyan,Fall,4.9,0,Store Pickup,0,0,25,Paypal,Bi-Weekly,0,26,organic_block,1300.0,0,0,0,0,0.0,0,1,1,0,Mid-Age (35-49),0.4614877951180473,0.6476989795918368,High,High,0,1,1,S0,General Buyers
2353,70,Male,Boots,Footwear,46.0,Nebraska,M,Yellow,Fall,2.8,0,Store Pickup,0,0,25,Bank Transfer,Quarterly,0,4,organic_block,184.0,0,0,0,0,0.0,0,0,0,1,Senior (50-70),0.1856446578631452,0.5041989795918367,Low,Medium,0,0,2,S0,General Buyers
2354,56,Male,Handbag,Accessories,71.0,Montana,M,White,Fall,4.1,0,Standard,0,0,25,Debit Card,Every 3 Months,0,4,organic_block,284.0,0,0,0,0,0.0,0,1,0,0,Senior (50-70),0.2896446578631452,0.6915739795918366,Low,High,0,1,0,S0,General Buyers
2355,56,Male,Blouse,Clothing,78.0,Wisconsin,M,Blue,Summer,4.8,0,Next Day Air,0,0,27,Venmo,Monthly,0,12,organic_block,936.0,0,0,0,0,0.0,0,1,1,0,Senior (50-70),0.3971052420968387,0.7744030612244898,Medium,High,1,1,1,S0,General Buyers
2356,22,Male,Skirt,Clothing,35.0,Tennessee,S,Purple,Winter,4.1,0,Next Day Air,0,0,12,Cash,Monthly,0,12,organic_block,420.0,0,1,0,1,0.0,0,1,0,0,Teen (18-24),0.2492685074029611,0.4677474489795918,Low,Medium,1,0,1,S5,Low-Value Occasional
2357,57,Male,Backpack,Accessories,58.0,Montana,M,Gray,Summer,3.0,0,Free Shipping,0,0,27,Debit Card,Quarterly,0,4,organic_block,232.0,0,0,0,0,0.0,0,0,0,0,Senior (50-70),0.2138895558223289,0.5789030612244899,Low,Medium,0,1,0,S0,General Buyers
2358,53,Male,Shirt,Clothing,67.0,Michigan,L,Cyan,Fall,4.2,0,2-Day Shipping,0,0,40,Credit Card,Bi-Weekly,0,26,organic_block,1742.0,0,0,1,0,0.0,0,1,0,0,Senior (50-70),0.4973245298119247,0.7566045918367347,High,High,1,1,1,S0,General Buyers
2359,53,Male,Sweater,Clothing,93.0,Texas,L,Pink,Spring,3.8,0,Standard,0,0,38,Credit Card,Quarterly,0,4,organic_block,372.0,1,0,1,0,0.0,0,0,0,0,Senior (50-70),0.3452364945978391,0.8361505102040815,Medium,High,0,1,1,S1,High-Value Loyal
2360,19,Male,Scarf,Accessories,81.0,Pennsylvania,S,Gold,Spring,3.3,0,2-Day Shipping,0,0,44,Bank Transfer,Every 3 Months,0,4,organic_block,324.0,1,0,1,0,0.0,0,0,0,0,Teen (18-24),0.3419711884753901,0.7842627551020408,Medium,High,1,0,0,S1,High-Value Loyal
2361,49,Male,Handbag,Accessories,80.0,New York,L,Silver,Fall,4.7,0,2-Day Shipping,0,0,27,Venmo,Every 3 Months,0,4,organic_block,320.0,0,0,0,0,0.0,0,1,1,0,Mid-Age (35-49),0.3498895558223289,0.7771530612244898,Medium,High,1,1,0,S0,General Buyers
2362,44,Male,Scarf,Accessories,64.0,Alabama,M,Gray,Spring,4.3,0,2-Day Shipping,0,0,30,Credit Card,Every 3 Months,0,4,organic_block,256.0,0,0,0,0,0.0,0,1,0,0,Mid-Age (35-49),0.3362569027611044,0.6984591836734694,Medium,High,1,1,0,S0,General Buyers
2363,27,Male,Jeans,Clothing,41.0,Virginia,M,Brown,Fall,2.7,0,Standard,0,0,24,Credit Card,Monthly,0,12,organic_block,492.0,0,0,0,0,0.0,0,0,0,1,Young Adult (25-34),0.2107378951580632,0.4712219387755102,Low,Medium,0,1,1,S0,General Buyers
2364,60,Male,Socks,Clothing,79.0,Pennsylvania,Xl,Pink,Winter,4.2,0,Express,0,0,38,Cash,Bi-Weekly,0,26,organic_block,2054.0,0,0,1,0,0.0,0,1,0,0,Senior (50-70),0.485079631852741,0.7989005102040816,High,High,1,0,1,S0,General Buyers
2365,62,Male,Sunglasses,Accessories,60.0,Mississippi,L,Maroon,Winter,4.2,0,Free Shipping,0,0,4,Paypal,Quarterly,0,4,organic_block,240.0,0,0,0,1,0.0,0,1,0,0,Senior (50-70),0.1690732292917167,0.5423061224489796,Low,Medium,0,1,0,S0,General Buyers
2366,52,Male,Sneakers,Footwear,91.0,Wyoming,S,Peach,Winter,2.5,0,Next Day Air,0,0,32,Venmo,Monthly,0,12,organic_block,1092.0,1,0,0,0,0.0,0,0,0,1,Senior (50-70),0.2437174869947979,0.7187882653061224,Low,High,1,1,2,S1,High-Value Loyal
2367,30,Male,Shoes,Footwear,66.0,New Mexico,L,Brown,Winter,3.6,0,Express,0,0,32,Credit Card,Fortnightly,0,26,organic_block,1716.0,0,0,0,0,0.0,0,0,0,0,Young Adult (25-34),0.4003449379751901,0.6754132653061224,Medium,High,1,1,2,S0,General Buyers
2368,66,Male,Socks,Clothing,85.0,North Dakota,L,Green,Winter,3.4,0,Standard,0,0,28,Bank Transfer,Bi-Weekly,0,26,organic_block,2210.0,1,0,0,0,0.0,0,0,0,0,Senior (50-70),0.3598551420568227,0.7261301020408164,Medium,High,0,0,1,S1,High-Value Loyal
2369,29,Male,Sunglasses,Accessories,38.0,New Jersey,M,Lavender,Summer,3.3,0,Standard,0,0,6,Debit Card,Every 3 Months,0,4,organic_block,152.0,0,1,0,1,0.0,0,0,0,0,Young Adult (25-34),0.1093181272509003,0.4022602040816326,Low,Low,0,1,0,S5,Low-Value Occasional
2370,24,Male,Sweater,Clothing,23.0,Vermont,M,Cyan,Winter,4.6,0,Standard,0,0,24,Paypal,Monthly,0,12,organic_block,276.0,0,1,0,0,0.0,0,1,1,0,Teen (18-24),0.3627378951580632,0.5064719387755102,Medium,Medium,0,1,1,S0,General Buyers
2371,51,Male,Shoes,Footwear,71.0,Alaska,M,Black,Spring,3.9,0,Store Pickup,0,0,38,Venmo,Weekly,0,52,organic_block,3692.0,0,0,1,0,0.0,0,0,0,0,Senior (50-70),0.5885306122448979,0.7459005102040815,High,High,0,1,2,S0,General Buyers
2372,67,Male,Socks,Clothing,25.0,Indiana,M,Charcoal,Winter,3.7,0,Next Day Air,0,0,28,Debit Card,Annually,0,1,organic_block,25.0,0,1,0,0,0.0,0,0,0,0,Senior (50-70),0.2613061224489796,0.4816301020408163,Low,Medium,1,1,1,S0,General Buyers
2373,50,Male,Boots,Footwear,39.0,Alabama,Xl,Silver,Spring,3.1,0,Express,0,0,9,Paypal,Fortnightly,0,26,organic_block,1014.0,0,1,0,1,0.0,0,0,0,0,Senior (50-70),0.2195286114445778,0.4099413265306122,Low,Low,1,1,2,S5,Low-Value Occasional
2374,37,Male,Hoodie,Clothing,20.0,Michigan,M,Gray,Spring,4.9,0,Express,0,0,21,Debit Card,Every 3 Months,0,4,organic_block,80.0,0,1,0,0,0.0,0,1,1,0,Mid-Age (35-49),0.3291548619447779,0.4960408163265306,Medium,Medium,1,1,1,S0,General Buyers
2375,69,Male,Gloves,Accessories,73.0,Washington,L,Peach,Winter,4.7,0,Standard,0,0,31,Debit Card,Monthly,0,12,organic_block,876.0,0,0,0,0,0.0,0,1,1,0,Senior (50-70),0.4135950380152061,0.7669362244897959,Medium,High,0,1,0,S0,General Buyers
2376,60,Male,Backpack,Accessories,63.0,Virginia,L,Peach,Fall,2.9,0,Next Day Air,0,0,18,Credit Card,Quarterly,0,4,organic_block,252.0,0,0,0,0,0.0,0,0,0,1,Senior (50-70),0.1507875150060024,0.548859693877551,Low,Medium,1,1,0,S0,General Buyers
2377,21,Male,Gloves,Accessories,94.0,Tennessee,Xl,Cyan,Spring,4.1,0,Express,0,0,5,Cash,Weekly,0,52,organic_block,4888.0,1,0,0,1,0.0,0,1,0,0,Teen (18-24),0.4024897959183673,0.6901581632653061,Medium,High,1,0,0,S1,High-Value Loyal
2378,44,Male,Blouse,Clothing,94.0,South Dakota,L,Magenta,Fall,4.0,0,Next Day Air,0,0,22,Cash,Annually,0,1,organic_block,94.0,1,0,0,0,0.0,0,1,0,0,Mid-Age (35-49),0.2485714285714285,0.7708928571428572,Low,High,1,0,1,S1,High-Value Loyal
2379,26,Male,Scarf,Accessories,71.0,New Hampshire,L,Teal,Summer,2.7,0,Store Pickup,0,0,37,Paypal,Bi-Weekly,0,26,organic_block,1846.0,0,0,0,0,0.0,0,0,0,1,Young Adult (25-34),0.3589571828731492,0.6687984693877551,Medium,High,0,1,0,S0,General Buyers
2380,40,Male,Hat,Accessories,77.0,South Dakota,M,Peach,Spring,4.0,0,2-Day Shipping,0,0,22,Debit Card,Monthly,0,12,organic_block,924.0,0,0,0,0,0.0,0,1,0,0,Mid-Age (35-49),0.3024929971988795,0.6965178571428571,Low,High,1,1,0,S0,General Buyers
2381,41,Male,Scarf,Accessories,66.0,Pennsylvania,M,Black,Fall,2.5,0,Next Day Air,0,0,36,Paypal,Fortnightly,0,26,organic_block,1716.0,0,0,0,0,0.0,0,0,0,1,Mid-Age (35-49),0.3368347338935574,0.6298214285714285,Medium,High,1,1,0,S0,General Buyers
2382,62,Male,Sandals,Footwear,23.0,Wisconsin,M,Teal,Summer,4.5,0,Free Shipping,0,0,23,Paypal,Annually,0,1,organic_block,23.0,0,1,0,0,0.0,0,1,1,0,Senior (50-70),0.2946938775510204,0.4953698979591837,Low,Medium,0,1,2,S0,General Buyers
2383,39,Male,Sweater,Clothing,60.0,California,M,Turquoise,Spring,3.9,0,Express,0,0,44,Debit Card,Weekly,0,52,organic_block,3120.0,0,0,1,0,0.0,0,0,0,0,Mid-Age (35-49),0.625265306122449,0.7283877551020408,High,High,1,1,1,S0,General Buyers
2384,53,Male,Backpack,Accessories,72.0,Rhode Island,L,Gold,Spring,4.9,0,2-Day Shipping,0,0,25,Bank Transfer,Annually,0,1,organic_block,72.0,0,0,0,0,0.0,0,1,1,0,Senior (50-70),0.3389387755102041,0.7439489795918367,Medium,High,1,0,0,S0,General Buyers
2385,24,Male,Blouse,Clothing,35.0,Alabama,L,Green,Winter,3.3,0,2-Day Shipping,0,0,40,Paypal,Quarterly,0,4,organic_block,140.0,0,1,1,0,0.0,0,0,0,0,Teen (18-24),0.3174813925570228,0.5626045918367347,Medium,Medium,1,1,1,S0,General Buyers
2386,41,Male,Scarf,Accessories,31.0,Oklahoma,M,Brown,Fall,3.8,0,Express,0,0,12,Paypal,Weekly,0,52,organic_block,1612.0,0,1,0,1,0.0,0,0,0,0,Mid-Age (35-49),0.4213469387755102,0.4322474489795918,Medium,Medium,1,1,0,S5,Low-Value Occasional
2387,19,Male,Socks,Clothing,33.0,Illinois,L,Blue,Summer,2.9,0,Standard,0,0,14,Venmo,Monthly,0,12,organic_block,396.0,0,1,0,0,0.0,0,0,0,1,Teen (18-24),0.1655134053621448,0.3972015306122449,Low,Low,0,1,1,S0,General Buyers
2388,36,Male,Hat,Accessories,95.0,Tennessee,M,Gold,Summer,4.0,0,2-Day Shipping,0,0,14,Debit Card,Monthly,0,12,organic_block,1140.0,1,0,0,0,0.0,0,1,0,0,Mid-Age (35-49),0.2535134053621448,0.7344515306122449,Low,High,1,1,0,S1,High-Value Loyal
2389,21,Male,Dress,Clothing,68.0,Alabama,M,Peach,Fall,4.1,0,Store Pickup,0,0,10,Debit Card,Annually,0,1,organic_block,68.0,0,0,0,1,0.0,0,1,0,0,Teen (18-24),0.1831020408163265,0.6019183673469387,Low,High,0,1,1,S0,General Buyers
2390,25,Male,Coat,Outerwear,87.0,Kansas,M,Violet,Spring,3.1,0,Store Pickup,0,0,17,Bank Transfer,Every 3 Months,0,4,organic_block,348.0,1,0,0,0,0.0,0,0,0,0,Young Adult (25-34),0.1606650660264105,0.6607576530612245,Low,High,0,0,3,S1,High-Value Loyal
2391,65,Male,Shirt,Clothing,64.0,Arizona,Xl,Yellow,Winter,4.6,0,Express,0,0,24,Debit Card,Fortnightly,0,26,organic_block,1664.0,0,0,0,0,0.0,0,1,1,0,Senior (50-70),0.4313653461384553,0.6858469387755103,Medium,High,1,1,1,S0,General Buyers
2392,42,Male,Shirt,Clothing,74.0,Michigan,M,Black,Winter,4.6,0,Next Day Air,0,0,31,Bank Transfer,Quarterly,0,4,organic_block,296.0,0,0,0,0,0.0,0,1,1,0,Mid-Age (35-49),0.3663793517406962,0.7653112244897959,Medium,High,1,0,1,S0,General Buyers
2393,40,Male,Jeans,Clothing,62.0,Missouri,L,Silver,Spring,2.6,0,2-Day Shipping,0,0,36,Cash,Annually,0,1,organic_block,62.0,0,0,0,0,0.0,0,0,0,1,Mid-Age (35-49),0.2222857142857142,0.6183214285714286,Low,High,1,0,1,S0,General Buyers
2394,58,Male,Socks,Clothing,97.0,Louisiana,M,Brown,Winter,5.0,0,2-Day Shipping,0,0,38,Paypal,Every 3 Months,0,4,organic_block,388.0,1,0,1,0,0.0,0,1,1,0,Senior (50-70),0.4412364945978391,0.9256505102040816,Medium,High,1,1,1,S1,High-Value Loyal
2395,40,Male,Sandals,Footwear,47.0,Connecticut,L,Peach,Fall,2.9,0,2-Day Shipping,0,0,23,Debit Card,Fortnightly,0,26,organic_block,1222.0,0,0,0,0,0.0,0,0,0,1,Mid-Age (35-49),0.2892428971588635,0.5043698979591836,Low,Medium,1,1,2,S0,General Buyers
2396,62,Male,Blouse,Clothing,83.0,Connecticut,M,Cyan,Winter,3.5,0,2-Day Shipping,0,0,47,Paypal,Bi-Weekly,0,26,organic_block,2158.0,1,0,1,0,0.0,0,0,0,0,Senior (50-70),0.4841816726690676,0.8203188775510204,High,High,1,1,1,S1,High-Value Loyal
2397,38,Male,Shirt,Clothing,82.0,Oregon,M,Olive,Spring,3.7,0,2-Day Shipping,0,0,20,Venmo,Weekly,0,52,organic_block,4264.0,1,0,0,0,0.0,0,0,0,0,Mid-Age (35-49),0.4623265306122449,0.6901887755102041,High,High,1,1,1,S1,High-Value Loyal
2398,37,Male,Sunglasses,Accessories,26.0,West Virginia,L,Black,Fall,2.9,0,Store Pickup,0,0,41,Venmo,Monthly,0,12,organic_block,312.0,0,1,1,0,0.0,0,0,0,1,Mid-Age (35-49),0.3308195278111244,0.5043316326530612,Medium,Medium,0,1,0,S0,General Buyers
2399,65,Male,Jacket,Outerwear,81.0,Florida,M,Orange,Winter,4.3,0,Free Shipping,0,0,44,Bank Transfer,Fortnightly,0,26,organic_block,2106.0,1,0,1,0,0.0,0,1,0,0,Senior (50-70),0.5298143257302921,0.8442627551020407,High,High,0,0,3,S1,High-Value Loyal
2400,55,Male,Dress,Clothing,44.0,New Hampshire,L,Beige,Spring,3.2,0,Store Pickup,0,0,31,Cash,Monthly,0,12,organic_block,528.0,0,0,0,0,0.0,0,0,0,0,Senior (50-70),0.2935950380152061,0.550061224489796,Low,Medium,0,0,1,S0,General Buyers
2401,43,Male,Sunglasses,Accessories,88.0,Oregon,M,Peach,Winter,4.2,0,Next Day Air,0,0,11,Credit Card,Bi-Weekly,0,26,organic_block,2288.0,1,0,0,1,0.0,0,1,0,0,Mid-Age (35-49),0.3197735094037615,0.7005204081632653,Medium,High,1,1,0,S1,High-Value Loyal
2402,43,Male,Boots,Footwear,76.0,Oregon,M,Pink,Winter,4.2,0,Standard,0,0,25,Paypal,Bi-Weekly,0,26,organic_block,1976.0,0,0,0,0,0.0,0,1,0,0,Mid-Age (35-49),0.4054877951180472,0.7194489795918367,Medium,High,0,1,2,S0,General Buyers
2403,45,Male,Scarf,Accessories,89.0,Utah,M,Brown,Winter,3.8,0,Free Shipping,0,0,31,Cash,Weekly,0,52,organic_block,4628.0,1,0,0,0,0.0,0,0,0,0,Mid-Age (35-49),0.5376734693877551,0.7829362244897958,High,High,0,0,0,S1,High-Value Loyal
2404,64,Male,Shorts,Clothing,22.0,Missouri,M,Magenta,Fall,4.4,0,Standard,0,0,40,Debit Card,Weekly,0,52,organic_block,1144.0,0,1,1,0,0.0,0,1,0,0,Senior (50-70),0.6407755102040816,0.5717295918367347,High,Medium,0,1,1,S0,General Buyers
2405,28,Male,Shorts,Clothing,33.0,West Virginia,L,Cyan,Winter,3.1,0,2-Day Shipping,0,0,23,Credit Card,Bi-Weekly,0,26,organic_block,858.0,0,1,0,0,0.0,0,0,0,0,Young Adult (25-34),0.3052428971588635,0.4551198979591837,Medium,Medium,1,1,1,S0,General Buyers
2406,69,Male,Jeans,Clothing,97.0,California,Xl,Silver,Fall,5.0,0,Standard,0,0,5,Debit Card,Quarterly,0,4,organic_block,388.0,1,0,0,1,0.0,0,1,1,0,Senior (50-70),0.2391956782713085,0.7572831632653062,Low,High,0,1,1,S1,High-Value Loyal
2407,54,Male,Scarf,Accessories,57.0,California,M,Indigo,Winter,4.7,0,Standard,0,0,26,Paypal,Weekly,0,52,organic_block,2964.0,0,0,0,0,0.0,0,1,1,0,Senior (50-70),0.5790612244897959,0.6714260204081632,High,High,0,1,0,S0,General Buyers
2408,52,Male,Shorts,Clothing,38.0,Illinois,M,Beige,Summer,3.0,0,Express,0,0,11,Credit Card,Bi-Weekly,0,26,organic_block,988.0,0,1,0,1,0.0,0,0,0,0,Senior (50-70),0.2237735094037615,0.4097704081632652,Low,Low,1,1,1,S5,Low-Value Occasional
2409,23,Male,Sneakers,Footwear,55.0,Hawaii,Xl,Black,Fall,4.2,0,Next Day Air,0,0,44,Debit Card,Every 3 Months,0,4,organic_block,220.0,0,0,1,0,0.0,0,1,0,0,Teen (18-24),0.4139711884753901,0.7245127551020408,Medium,High,1,1,2,S0,General Buyers
2410,26,Male,Jewelry,Accessories,37.0,Washington,L,Yellow,Spring,3.0,0,Store Pickup,0,0,47,Cash,Every 3 Months,0,4,organic_block,148.0,0,1,1,0,0.0,0,0,0,0,Young Adult (25-34),0.3363385354141657,0.5890688775510204,Medium,Medium,0,0,0,S0,General Buyers
2411,48,Male,Shoes,Footwear,43.0,Wisconsin,M,Maroon,Summer,3.7,0,Free Shipping,0,0,46,Paypal,Monthly,0,12,organic_block,516.0,0,0,1,0,0.0,0,0,0,0,Mid-Age (35-49),0.4254317727090836,0.6522168367346939,Medium,High,0,1,2,S0,General Buyers
2412,49,Male,Hoodie,Clothing,96.0,Virginia,M,Cyan,Summer,2.7,0,Free Shipping,0,0,35,Cash,Every 3 Months,0,4,organic_block,384.0,1,0,0,0,0.0,0,0,0,1,Mid-Age (35-49),0.2388691476590636,0.767969387755102,Low,High,0,0,1,S1,High-Value Loyal
2413,53,Male,Jacket,Outerwear,51.0,Oregon,M,Pink,Winter,4.3,0,2-Day Shipping,0,0,8,Bank Transfer,Bi-Weekly,0,26,organic_block,1326.0,0,0,0,1,0.0,0,1,0,0,Senior (50-70),0.309406162464986,0.5293392857142857,Medium,Medium,1,0,3,S0,General Buyers
2414,69,Male,Shorts,Clothing,95.0,Pennsylvania,Xl,Violet,Fall,2.7,0,2-Day Shipping,0,0,30,Bank Transfer,Weekly,0,52,organic_block,4940.0,1,0,0,0,0.0,0,0,0,1,Senior (50-70),0.4435510204081633,0.7380841836734694,Medium,High,1,0,1,S1,High-Value Loyal
2415,26,Male,Socks,Clothing,26.0,Virginia,M,Lavender,Summer,3.7,0,Next Day Air,0,0,14,Credit Card,Bi-Weekly,0,26,organic_block,676.0,0,1,0,0,0.0,0,0,0,0,Young Adult (25-34),0.298140856342537,0.4145765306122449,Low,Low,1,1,1,S0,General Buyers
2416,21,Male,Coat,Outerwear,34.0,Hawaii,Xl,Lavender,Fall,4.3,0,Standard,0,0,30,Bank Transfer,Weekly,0,52,organic_block,1768.0,0,1,0,0,0.0,0,1,0,0,Teen (18-24),0.5715510204081633,0.5672091836734694,High,Medium,0,0,3,S0,General Buyers
2417,59,Male,Sandals,Footwear,83.0,Nebraska,S,Black,Summer,4.0,0,Next Day Air,0,0,26,Credit Card,Every 3 Months,0,4,organic_block,332.0,1,0,0,0,0.0,0,1,0,0,Senior (50-70),0.2877671068427371,0.7431760204081632,Low,High,1,1,2,S1,High-Value Loyal
2418,21,Male,Backpack,Accessories,24.0,Alaska,M,Olive,Fall,3.3,0,Standard,0,0,32,Venmo,Fortnightly,0,26,organic_block,624.0,0,1,0,0,0.0,0,0,0,0,Teen (18-24),0.3763449379751901,0.4736632653061224,Medium,Medium,0,1,0,S0,General Buyers
2419,22,Male,Pants,Clothing,69.0,Michigan,S,Indigo,Fall,4.0,0,Next Day Air,0,0,47,Cash,Every 3 Months,0,4,organic_block,276.0,0,0,1,0,0.0,0,1,0,0,Teen (18-24),0.4163385354141656,0.7890688775510204,Medium,High,1,0,1,S0,General Buyers
2420,26,Male,Sweater,Clothing,40.0,North Carolina,M,Blue,Fall,2.7,0,Next Day Air,0,0,11,Credit Card,Every 3 Months,0,4,organic_block,160.0,0,0,0,1,0.0,0,0,0,1,Young Adult (25-34),0.0919303721488595,0.4005204081632653,Low,Low,1,1,1,S0,General Buyers
2421,41,Male,Jacket,Outerwear,87.0,North Carolina,S,Green,Winter,4.2,0,Free Shipping,0,0,28,Paypal,Annually,0,1,organic_block,87.0,1,0,0,0,0.0,0,1,0,0,Mid-Age (35-49),0.3013061224489796,0.7828801020408163,Low,High,0,1,3,S1,High-Value Loyal
2422,37,Male,Sneakers,Footwear,46.0,Minnesota,L,Pink,Spring,4.6,0,Standard,0,0,2,Debit Card,Every 3 Months,0,4,organic_block,184.0,0,0,0,1,0.0,0,1,1,0,Mid-Age (35-49),0.188828331332533,0.4948520408163265,Low,Medium,0,1,2,S0,General Buyers
2423,30,Male,Jewelry,Accessories,82.0,Georgia,M,Peach,Winter,4.8,0,Store Pickup,0,0,45,Credit Card,Weekly,0,52,organic_block,4264.0,1,0,1,0,0.0,0,1,1,0,Young Adult (25-34),0.7033877551020409,0.8837397959183674,High,High,0,1,0,S1,High-Value Loyal
2424,49,Male,Backpack,Accessories,81.0,West Virginia,M,Purple,Summer,2.8,0,Free Shipping,0,0,7,Credit Card,Every 3 Months,0,4,organic_block,324.0,1,0,0,1,0.0,0,0,0,1,Mid-Age (35-49),0.0754405762304921,0.5654872448979591,Low,Medium,0,1,0,S0,General Buyers
2425,49,Male,Jewelry,Accessories,57.0,Delaware,M,Peach,Winter,4.5,0,Next Day Air,0,0,28,Bank Transfer,Bi-Weekly,0,26,organic_block,1482.0,0,0,0,0,0.0,0,1,1,0,Mid-Age (35-49),0.4478551420568227,0.6696301020408163,Medium,High,1,0,0,S0,General Buyers
2426,58,Male,Shoes,Footwear,49.0,North Dakota,S,Olive,Summer,3.0,0,2-Day Shipping,0,0,34,Bank Transfer,Quarterly,0,4,organic_block,196.0,0,0,0,0,0.0,0,0,0,0,Senior (50-70),0.2567466986794717,0.5752423469387755,Low,Medium,1,0,2,S0,General Buyers
2427,70,Male,Jacket,Outerwear,42.0,Florida,M,Olive,Fall,4.6,0,Free Shipping,0,0,26,Debit Card,Every 3 Months,0,4,organic_block,168.0,0,0,0,0,0.0,0,1,1,0,Senior (50-70),0.3357671068427371,0.5998010204081633,Medium,High,0,1,3,S0,General Buyers
2428,27,Male,Jacket,Outerwear,26.0,Oregon,M,Purple,Spring,3.3,0,Standard,0,0,45,Cash,Quarterly,0,4,organic_block,104.0,0,1,1,0,0.0,0,0,0,0,Young Adult (25-34),0.348093637454982,0.5487397959183674,Medium,Medium,0,0,3,S0,General Buyers
2429,65,Male,T-Shirt,Clothing,38.0,Idaho,M,Violet,Spring,4.4,0,Next Day Air,0,0,34,Debit Card,Annually,0,1,organic_block,38.0,0,1,0,0,0.0,0,1,0,0,Senior (50-70),0.3540408163265306,0.6111173469387755,Medium,High,1,1,1,S0,General Buyers
2430,57,Male,Sneakers,Footwear,57.0,Virginia,Xl,Maroon,Summer,4.4,0,Standard,0,0,47,Credit Card,Fortnightly,0,26,organic_block,1482.0,0,0,1,0,0.0,0,1,0,0,Senior (50-70),0.5561816726690676,0.7605688775510204,High,High,0,1,2,S0,General Buyers
2431,20,Male,Jacket,Outerwear,100.0,North Dakota,Xl,White,Summer,4.3,0,Express,0,0,42,Cash,Quarterly,0,4,organic_block,400.0,1,0,1,0,0.0,0,1,0,0,Teen (18-24),0.4097262905162064,0.9171836734693878,Medium,High,1,0,3,S1,High-Value Loyal
2432,34,Male,Hoodie,Clothing,73.0,Alabama,S,Olive,Fall,3.4,0,Express,0,0,27,Bank Transfer,Every 3 Months,0,4,organic_block,292.0,0,0,0,0,0.0,0,0,0,0,Young Adult (25-34),0.2458895558223289,0.6685280612244898,Low,High,1,0,1,S0,General Buyers
2433,59,Male,Jacket,Outerwear,66.0,Hawaii,M,Peach,Winter,2.8,0,Store Pickup,0,0,43,Venmo,Monthly,0,12,organic_block,792.0,0,0,1,0,0.0,0,0,0,1,Senior (50-70),0.3350644257703081,0.6835357142857142,Medium,High,0,1,3,S0,General Buyers
2434,54,Male,T-Shirt,Clothing,73.0,Oregon,M,Blue,Spring,3.4,0,Standard,0,0,16,Cash,Bi-Weekly,0,26,organic_block,1898.0,0,0,0,0,0.0,0,0,0,0,Senior (50-70),0.2863857543017207,0.612405612244898,Low,High,0,0,1,S0,General Buyers
2435,36,Male,Gloves,Accessories,45.0,Utah,M,Brown,Spring,5.0,0,Store Pickup,0,0,40,Credit Card,Monthly,0,12,organic_block,540.0,0,0,1,0,0.0,0,1,1,0,Mid-Age (35-49),0.4926970788315326,0.7083545918367348,High,High,0,1,0,S0,General Buyers
2436,21,Male,Sneakers,Footwear,27.0,Hawaii,S,Black,Fall,4.5,0,Free Shipping,0,0,29,Cash,Bi-Weekly,0,26,organic_block,702.0,0,1,0,0,0.0,0,1,1,0,Teen (18-24),0.4539775910364145,0.5434821428571428,Medium,Medium,0,0,2,S0,General Buyers
2437,52,Male,T-Shirt,Clothing,24.0,Connecticut,M,Yellow,Fall,2.7,0,Store Pickup,0,0,38,Credit Card,Quarterly,0,4,organic_block,96.0,0,1,1,0,0.0,0,0,0,1,Senior (50-70),0.2572364945978391,0.4682755102040816,Low,Medium,0,1,1,S0,General Buyers
2438,43,Male,Sneakers,Footwear,59.0,Wyoming,Xl,Magenta,Winter,3.4,0,Store Pickup,0,0,34,Credit Card,Weekly,0,52,organic_block,3068.0,0,0,0,0,0.0,0,0,0,0,Mid-Age (35-49),0.5240408163265305,0.6429923469387755,High,High,0,1,2,S0,General Buyers
2439,32,Male,Jeans,Clothing,20.0,Delaware,S,Cyan,Winter,3.4,0,Express,0,0,30,Venmo,Weekly,0,52,organic_block,1040.0,0,1,0,0,0.0,0,0,0,0,Young Adult (25-34),0.4995510204081633,0.4519591836734694,High,Medium,1,1,1,S0,General Buyers
2440,55,Male,Handbag,Accessories,44.0,Arkansas,M,Maroon,Summer,2.8,0,Standard,0,0,45,Bank Transfer,Annually,0,1,organic_block,44.0,0,0,1,0,0.0,0,0,0,1,Senior (50-70),0.2933877551020408,0.5974897959183674,Low,Medium,0,0,0,S0,General Buyers
2441,31,Male,Socks,Clothing,90.0,Indiana,M,Red,Spring,4.7,0,Standard,0,0,47,Bank Transfer,Annually,0,1,organic_block,90.0,1,0,1,0,0.0,0,1,1,0,Young Adult (25-34),0.4576326530612245,0.9229438775510204,Medium,High,0,0,1,S1,High-Value Loyal
2442,45,Male,Jewelry,Accessories,36.0,California,M,Black,Fall,4.7,0,Free Shipping,0,0,5,Credit Card,Monthly,0,12,organic_block,432.0,0,1,0,1,0.0,0,1,1,0,Mid-Age (35-49),0.2544113645458183,0.4724081632653061,Low,Medium,0,1,0,S5,Low-Value Occasional
2443,53,Male,Blouse,Clothing,95.0,Wyoming,L,Violet,Winter,4.7,0,Free Shipping,0,0,50,Debit Card,Bi-Weekly,0,26,organic_block,2470.0,1,0,1,0,0.0,0,1,1,0,Senior (50-70),0.5985490196078431,0.960125,High,High,0,1,1,S1,High-Value Loyal
2444,24,Male,Backpack,Accessories,30.0,South Dakota,M,Green,Spring,3.4,0,2-Day Shipping,0,0,24,Bank Transfer,Bi-Weekly,0,26,organic_block,780.0,0,1,0,0,0.0,0,0,0,0,Teen (18-24),0.3353653461384553,0.4650969387755102,Medium,Medium,1,0,0,S0,General Buyers
2445,47,Male,Scarf,Accessories,65.0,West Virginia,S,Gold,Fall,3.7,0,Express,0,0,15,Debit Card,Bi-Weekly,0,26,organic_block,1690.0,0,0,0,0,0.0,0,0,0,0,Mid-Age (35-49),0.3042633053221288,0.5903035714285714,Medium,Medium,1,1,0,S0,General Buyers
2446,63,Male,Scarf,Accessories,96.0,Tennessee,M,Brown,Summer,4.1,0,Store Pickup,0,0,50,Cash,Weekly,0,52,organic_block,4992.0,1,0,1,0,0.0,0,1,0,0,Senior (50-70),0.678,0.9285,High,High,0,0,0,S1,High-Value Loyal
2447,38,Male,Shirt,Clothing,65.0,Alaska,L,Peach,Spring,2.9,0,2-Day Shipping,0,0,7,Credit Card,Monthly,0,12,organic_block,780.0,0,0,0,1,0.0,0,0,0,1,Mid-Age (35-49),0.122656262505002,0.5014872448979592,Low,Medium,1,1,1,S0,General Buyers
2448,59,Male,Pants,Clothing,47.0,South Dakota,L,Peach,Fall,3.2,0,Store Pickup,0,0,10,Venmo,Fortnightly,0,26,organic_block,1222.0,0,0,0,1,0.0,0,0,0,0,Senior (50-70),0.2336510604241697,0.4560433673469388,Low,Medium,0,1,1,S0,General Buyers
2449,54,Male,Hat,Accessories,25.0,Tennessee,S,Violet,Fall,3.0,0,Free Shipping,0,0,38,Paypal,Bi-Weekly,0,26,organic_block,650.0,0,1,1,0,0.0,0,0,0,0,Senior (50-70),0.3890796318527411,0.4906505102040817,Medium,Medium,0,1,0,S0,General Buyers
2450,26,Male,Coat,Outerwear,56.0,Alabama,S,Violet,Fall,4.1,0,Express,0,0,31,Venmo,Fortnightly,0,26,organic_block,1456.0,0,0,0,0,0.0,0,1,0,0,Young Adult (25-34),0.4342224889955982,0.6565612244897959,Medium,High,1,1,3,S0,General Buyers
2451,68,Male,T-Shirt,Clothing,76.0,North Carolina,M,Magenta,Fall,4.5,0,Standard,0,0,7,Venmo,Quarterly,0,4,organic_block,304.0,0,0,0,1,0.0,0,1,1,0,Senior (50-70),0.2114405762304922,0.6456122448979592,Low,High,0,1,1,S0,General Buyers
2452,41,Male,Socks,Clothing,60.0,Oklahoma,M,Purple,Fall,3.4,0,Store Pickup,0,0,27,Venmo,Monthly,0,12,organic_block,720.0,0,0,0,0,0.0,0,0,0,0,Mid-Age (35-49),0.2851052420968387,0.6116530612244898,Low,High,0,1,1,S0,General Buyers
2453,68,Male,Shirt,Clothing,67.0,New York,L,Purple,Winter,4.1,0,Express,0,0,45,Bank Transfer,Every 3 Months,0,4,organic_block,268.0,0,0,1,0,0.0,0,1,0,0,Senior (50-70),0.4120936374549819,0.7761147959183673,Medium,High,1,0,1,S0,General Buyers
2454,21,Male,Sweater,Clothing,95.0,Iowa,Xl,Cyan,Spring,4.6,0,Store Pickup,0,0,13,Cash,Annually,0,1,organic_block,95.0,1,0,0,1,0.0,0,1,1,0,Teen (18-24),0.241469387755102,0.7653494897959184,Low,High,0,0,1,S1,High-Value Loyal
2455,32,Male,Gloves,Accessories,72.0,Alaska,M,Magenta,Winter,4.6,0,Express,0,0,33,Venmo,Annually,0,1,organic_block,72.0,0,0,0,0,0.0,0,1,1,0,Young Adult (25-34),0.3639183673469387,0.766765306122449,Medium,High,1,1,0,S0,General Buyers
2456,20,Male,Belt,Accessories,98.0,Alaska,L,Lavender,Spring,3.4,0,Express,0,0,25,Cash,Every 3 Months,0,4,organic_block,392.0,1,0,0,0,0.0,0,0,0,0,Teen (18-24),0.2336446578631452,0.7676989795918367,Low,High,1,0,0,S1,High-Value Loyal
2457,59,Male,Jeans,Clothing,83.0,Nebraska,M,Green,Winter,3.3,0,2-Day Shipping,0,0,5,Paypal,Monthly,0,12,organic_block,996.0,1,0,0,1,0.0,0,0,0,0,Senior (50-70),0.1424113645458183,0.5940331632653062,Low,Medium,1,1,1,S0,General Buyers
2458,53,Male,Handbag,Accessories,37.0,Delaware,M,Maroon,Fall,3.6,0,2-Day Shipping,0,0,23,Cash,Quarterly,0,4,organic_block,148.0,0,1,0,0,0.0,0,0,0,0,Senior (50-70),0.2373997599039616,0.5026198979591836,Low,Medium,1,0,0,S0,General Buyers
2459,66,Male,T-Shirt,Clothing,85.0,Texas,L,Turquoise,Fall,4.6,0,Free Shipping,0,0,17,Bank Transfer,Weekly,0,52,organic_block,4420.0,1,0,0,0,0.0,0,1,1,0,Senior (50-70),0.5159591836734694,0.7420076530612244,High,High,0,0,1,S1,High-Value Loyal
2460,47,Male,Socks,Clothing,36.0,Missouri,L,Violet,Fall,4.3,0,2-Day Shipping,0,0,14,Cash,Weekly,0,52,organic_block,1872.0,0,1,0,0,0.0,0,1,0,0,Mid-Age (35-49),0.4735918367346938,0.4943265306122448,High,Medium,1,0,1,S0,General Buyers
2461,58,Male,Jeans,Clothing,36.0,Maine,S,Lavender,Winter,4.0,0,Store Pickup,0,0,28,Credit Card,Annually,0,1,organic_block,36.0,0,1,0,0,0.0,0,1,0,0,Senior (50-70),0.2853061224489795,0.5477551020408163,Low,Medium,0,1,1,S0,General Buyers
2462,28,Male,Scarf,Accessories,86.0,Pennsylvania,L,Red,Summer,4.8,0,Next Day Air,0,0,19,Credit Card,Weekly,0,52,organic_block,4472.0,1,0,0,0,0.0,0,1,1,0,Young Adult (25-34),0.544204081632653,0.7685867346938775,High,High,1,1,0,S1,High-Value Loyal
2463,68,Male,Pants,Clothing,99.0,Missouri,Xl,Orange,Spring,4.3,0,Standard,0,0,31,Bank Transfer,Bi-Weekly,0,26,organic_block,2574.0,1,0,0,0,0.0,0,1,0,0,Senior (50-70),0.4502224889955982,0.8566862244897959,Medium,High,0,0,1,S1,High-Value Loyal
2464,60,Male,Blouse,Clothing,21.0,Mississippi,Xl,Indigo,Summer,3.3,0,Standard,0,0,25,Cash,Bi-Weekly,0,26,organic_block,546.0,0,1,0,0,0.0,0,0,0,0,Senior (50-70),0.3334877951180472,0.4248239795918367,Medium,Low,0,0,1,S0,General Buyers
2465,47,Male,Jacket,Outerwear,84.0,Hawaii,L,Teal,Winter,2.8,0,Express,0,0,4,Cash,Bi-Weekly,0,26,organic_block,2184.0,1,0,0,1,0.0,0,0,0,1,Mid-Age (35-49),0.1649163665466186,0.5633061224489796,Low,Medium,1,0,3,S0,General Buyers
2466,18,Male,Sandals,Footwear,63.0,Texas,M,Brown,Spring,4.4,0,Free Shipping,0,0,20,Bank Transfer,Weekly,0,52,organic_block,3276.0,0,0,0,0,0.0,0,1,0,0,Teen (18-24),0.5183265306122449,0.6490637755102041,High,High,0,0,2,S0,General Buyers
2467,32,Male,Shorts,Clothing,84.0,South Dakota,S,Pink,Summer,3.7,0,Express,0,0,37,Cash,Annually,0,1,organic_block,84.0,1,0,0,0,0.0,0,0,0,0,Young Adult (25-34),0.3164081632653062,0.7856734693877552,Medium,High,1,0,1,S1,High-Value Loyal
2468,27,Male,Shorts,Clothing,72.0,New Jersey,M,Lavender,Spring,3.6,0,Express,0,0,28,Credit Card,Annually,0,1,organic_block,72.0,0,0,0,0,0.0,0,0,0,0,Young Adult (25-34),0.2533061224489796,0.6812551020408164,Low,High,1,1,1,S0,General Buyers
2469,65,Male,Skirt,Clothing,21.0,Connecticut,L,Cyan,Winter,3.7,0,2-Day Shipping,0,0,6,Venmo,Weekly,0,52,organic_block,1092.0,0,1,0,1,0.0,0,0,0,0,Senior (50-70),0.3766122448979592,0.3518852040816326,Medium,Low,1,1,1,S5,Low-Value Occasional
2470,68,Male,Sandals,Footwear,92.0,Maryland,M,Yellow,Fall,5.0,0,Standard,0,0,27,Paypal,Annually,0,1,organic_block,92.0,1,0,0,0,0.0,0,1,1,0,Senior (50-70),0.3591836734693877,0.8476530612244898,Medium,High,0,1,2,S1,High-Value Loyal
2471,55,Male,Blouse,Clothing,72.0,Arizona,Xl,Pink,Fall,2.7,0,Next Day Air,0,0,29,Credit Card,Fortnightly,0,26,organic_block,1872.0,0,0,0,0,0.0,0,0,0,1,Senior (50-70),0.3099775910364145,0.6323571428571428,Medium,High,1,1,1,S0,General Buyers
2472,30,Male,Sandals,Footwear,83.0,Oklahoma,M,Gray,Spring,4.3,0,Store Pickup,0,0,1,Cash,Annually,0,1,organic_block,83.0,1,0,0,1,0.0,0,1,0,0,Young Adult (25-34),0.144,0.633625,Low,High,0,0,2,S1,High-Value Loyal
2473,24,Male,Shirt,Clothing,73.0,Utah,M,Peach,Summer,4.1,0,Standard,0,0,31,Credit Card,Annually,0,1,organic_block,73.0,0,0,0,0,0.0,0,1,0,0,Teen (18-24),0.3116734693877551,0.7309362244897959,Medium,High,0,1,1,S0,General Buyers
2474,57,Male,Socks,Clothing,98.0,Arkansas,M,Red,Winter,2.6,0,Next Day Air,0,0,28,Cash,Quarterly,0,4,organic_block,392.0,1,0,0,0,0.0,0,0,0,1,Senior (50-70),0.1880120048019207,0.7350051020408164,Low,High,1,0,1,S1,High-Value Loyal
2475,23,Male,T-Shirt,Clothing,76.0,North Carolina,M,Olive,Fall,3.2,0,Store Pickup,0,0,19,Bank Transfer,Quarterly,0,4,organic_block,304.0,0,0,0,0,0.0,0,0,0,0,Teen (18-24),0.1809099639855942,0.6288367346938776,Low,High,0,0,1,S0,General Buyers
2476,69,Male,Dress,Clothing,43.0,California,S,Lavender,Summer,3.5,0,Next Day Air,0,0,36,Venmo,Monthly,0,12,organic_block,516.0,0,0,0,0,0.0,0,0,0,0,Senior (50-70),0.3482072829131653,0.5891964285714286,Medium,Medium,1,1,1,S0,General Buyers
2477,60,Male,Hat,Accessories,60.0,Colorado,M,Turquoise,Summer,3.7,0,Next Day Air,0,0,28,Cash,Monthly,0,12,organic_block,720.0,0,0,0,0,0.0,0,0,0,0,Senior (50-70),0.3152276910764305,0.6347551020408164,Medium,High,1,0,0,S0,General Buyers
2478,25,Male,Gloves,Accessories,40.0,California,L,Turquoise,Spring,3.8,0,2-Day Shipping,0,0,29,Paypal,Weekly,0,52,organic_block,2080.0,0,0,0,0,0.0,0,0,0,0,Young Adult (25-34),0.5254285714285714,0.5583571428571428,High,Medium,1,1,0,S0,General Buyers
2479,18,Male,Socks,Clothing,93.0,Vermont,S,Maroon,Winter,4.8,0,2-Day Shipping,0,0,9,Bank Transfer,Every 3 Months,0,4,organic_block,372.0,1,0,0,1,0.0,0,1,1,0,Teen (18-24),0.2476854741896758,0.7481913265306123,Low,High,1,0,1,S1,High-Value Loyal
2480,37,Male,Dress,Clothing,98.0,Kansas,S,Olive,Fall,4.2,0,Standard,0,0,26,Credit Card,Every 3 Months,0,4,organic_block,392.0,1,0,0,0,0.0,0,1,0,0,Mid-Age (35-49),0.3037671068427371,0.8208010204081633,Medium,High,0,1,1,S1,High-Value Loyal
2481,61,Male,Socks,Clothing,91.0,Ohio,Xl,Maroon,Summer,2.9,0,Next Day Air,0,0,7,Credit Card,Fortnightly,0,26,organic_block,2366.0,1,0,0,1,0.0,0,0,0,1,Senior (50-70),0.1912837134853941,0.6152372448979592,Low,High,1,1,1,S1,High-Value Loyal
2482,41,Male,Belt,Accessories,92.0,New Jersey,Xl,Cyan,Fall,2.9,0,Free Shipping,0,0,35,Debit Card,Weekly,0,52,organic_block,4784.0,1,0,0,0,0.0,0,0,0,1,Mid-Age (35-49),0.4901632653061224,0.7624693877551021,High,High,0,1,0,S1,High-Value Loyal
2483,69,Male,Handbag,Accessories,87.0,Arizona,S,Peach,Winter,4.8,0,Next Day Air,0,0,46,Credit Card,Every 3 Months,0,4,organic_block,348.0,1,0,1,0,0.0,0,1,1,0,Senior (50-70),0.4742160864345738,0.9107168367346938,High,High,1,1,0,S1,High-Value Loyal
2484,32,Male,Skirt,Clothing,96.0,Arizona,S,Teal,Fall,2.9,0,Standard,0,0,8,Debit Card,Monthly,0,12,organic_block,1152.0,1,0,0,1,0.0,0,0,0,1,Young Adult (25-34),0.1287787114845938,0.6422142857142856,Low,High,0,1,1,S1,High-Value Loyal
2485,60,Male,Hoodie,Clothing,97.0,New Hampshire,M,Green,Summer,4.8,0,2-Day Shipping,0,0,50,Cash,Every 3 Months,0,4,organic_block,388.0,1,0,1,0,0.0,0,1,1,0,Senior (50-70),0.4987058823529411,0.974875,High,High,1,0,1,S1,High-Value Loyal
2486,43,Male,Blouse,Clothing,55.0,Louisiana,M,Beige,Spring,4.6,0,2-Day Shipping,0,0,37,Bank Transfer,Annually,0,1,organic_block,55.0,0,0,0,0,0.0,0,1,1,0,Mid-Age (35-49),0.3884081632653061,0.712798469387755,Medium,High,1,0,1,S0,General Buyers
2487,61,Male,Jeans,Clothing,58.0,Texas,L,Magenta,Spring,4.4,0,Store Pickup,0,0,6,Credit Card,Fortnightly,0,26,organic_block,1508.0,0,0,0,1,0.0,0,1,0,0,Senior (50-70),0.3051612645058023,0.5557602040816326,Medium,Medium,0,1,1,S0,General Buyers
2488,57,Male,Boots,Footwear,21.0,Montana,L,Violet,Spring,3.0,0,Next Day Air,0,0,16,Paypal,Bi-Weekly,0,26,organic_block,546.0,0,1,0,0,0.0,0,0,0,0,Senior (50-70),0.2543857543017207,0.3609056122448979,Low,Low,1,1,2,S0,General Buyers
2489,56,Male,Handbag,Accessories,82.0,New Hampshire,Xl,Charcoal,Summer,4.4,0,Express,0,0,30,Paypal,Monthly,0,12,organic_block,984.0,1,0,0,0,0.0,0,1,0,0,Senior (50-70),0.3834725890356142,0.7832091836734694,Medium,High,1,1,0,S1,High-Value Loyal
2490,66,Male,Coat,Outerwear,34.0,South Dakota,M,Green,Winter,3.9,0,Express,0,0,50,Venmo,Quarterly,0,4,organic_block,136.0,0,1,1,0,0.0,0,0,0,0,Senior (50-70),0.4267058823529411,0.64525,Medium,High,1,1,3,S0,General Buyers
2491,52,Male,Blouse,Clothing,78.0,Montana,M,Gray,Spring,4.0,0,Free Shipping,0,0,5,Cash,Every 3 Months,0,4,organic_block,312.0,0,0,0,1,0.0,0,1,0,0,Senior (50-70),0.1591956782713085,0.614158163265306,Low,High,0,0,1,S0,General Buyers
2492,63,Male,Handbag,Accessories,47.0,North Carolina,M,Magenta,Spring,2.5,0,Express,0,0,15,Bank Transfer,Monthly,0,12,organic_block,564.0,0,0,0,0,0.0,0,0,0,1,Senior (50-70),0.1396358543417367,0.4395535714285714,Low,Medium,1,0,0,S0,General Buyers
2493,50,Male,Sunglasses,Accessories,96.0,South Dakota,S,Silver,Summer,4.1,0,Next Day Air,0,0,34,Bank Transfer,Bi-Weekly,0,26,organic_block,2496.0,1,0,0,0,0.0,0,1,0,0,Senior (50-70),0.4525898359343737,0.8468673469387754,Medium,High,1,0,0,S1,High-Value Loyal
2494,21,Male,Socks,Clothing,23.0,Maine,S,Beige,Fall,4.8,0,2-Day Shipping,0,0,6,Venmo,Every 3 Months,0,4,organic_block,92.0,0,1,0,1,0.0,0,1,1,0,Teen (18-24),0.2293181272509003,0.4266352040816327,Low,Low,1,1,1,S5,Low-Value Occasional
2495,42,Male,Shoes,Footwear,27.0,Oklahoma,S,Peach,Winter,2.6,0,Store Pickup,0,0,26,Debit Card,Annually,0,1,organic_block,27.0,0,1,0,0,0.0,0,0,0,1,Mid-Age (35-49),0.1610612244897959,0.4141760204081632,Low,Low,0,1,2,S0,General Buyers
2496,40,Male,Backpack,Accessories,37.0,Nebraska,Xl,Orange,Spring,3.1,0,Free Shipping,0,0,34,Credit Card,Every 3 Months,0,4,organic_block,148.0,0,1,0,0,0.0,0,0,0,0,Mid-Age (35-49),0.2647466986794717,0.5287423469387755,Low,Medium,0,1,0,S0,General Buyers
2497,67,Male,Scarf,Accessories,79.0,Illinois,S,Yellow,Summer,3.2,0,Store Pickup,0,0,37,Credit Card,Weekly,0,52,organic_block,4108.0,0,0,0,0,0.0,0,0,0,0,Senior (50-70),0.5264081632653062,0.7337984693877552,High,High,0,1,0,S0,General Buyers
2498,35,Male,Backpack,Accessories,40.0,Colorado,M,Violet,Summer,4.2,0,Standard,0,0,28,Bank Transfer,Annually,0,1,organic_block,40.0,0,0,0,0,0.0,0,1,0,0,Mid-Age (35-49),0.3013061224489796,0.5772551020408163,Low,Medium,0,0,0,S0,General Buyers
2499,18,Male,Coat,Outerwear,39.0,Massachusetts,S,Green,Fall,2.6,0,Next Day Air,0,0,38,Cash,Fortnightly,0,26,organic_block,1014.0,0,1,1,0,0.0,0,0,0,1,Teen (18-24),0.357079631852741,0.5279005102040817,Medium,Medium,1,0,3,S0,General Buyers
2500,52,Male,Hoodie,Clothing,73.0,Louisiana,L,Pink,Summer,3.1,0,Next Day Air,0,0,2,Cash,Quarterly,0,4,organic_block,292.0,0,0,0,1,0.0,0,0,0,0,Senior (50-70),0.068828331332533,0.5229770408163266,Low,Medium,1,0,1,S0,General Buyers
2501,59,Male,Gloves,Accessories,84.0,Massachusetts,M,Violet,Fall,2.9,0,Store Pickup,0,0,32,Cash,Bi-Weekly,0,26,organic_block,2184.0,1,0,0,0,0.0,0,0,0,1,Senior (50-70),0.34434493797519,0.7121632653061225,Medium,High,0,0,0,S1,High-Value Loyal
2502,49,Male,Shorts,Clothing,94.0,West Virginia,M,Violet,Fall,4.6,0,Free Shipping,0,0,30,Venmo,Bi-Weekly,0,26,organic_block,2444.0,1,0,0,0,0.0,0,1,1,0,Mid-Age (35-49),0.4681000400160063,0.8477091836734694,High,High,0,1,1,S1,High-Value Loyal
2503,46,Male,Skirt,Clothing,47.0,Idaho,L,Pink,Spring,4.1,0,Standard,0,0,17,Paypal,Every 3 Months,0,4,organic_block,188.0,0,0,0,0,0.0,0,1,0,0,Mid-Age (35-49),0.2406650660264105,0.5457576530612245,Low,Medium,0,1,1,S0,General Buyers
2504,69,Male,Boots,Footwear,77.0,Ohio,M,Violet,Summer,2.5,0,Store Pickup,0,0,5,Debit Card,Bi-Weekly,0,26,organic_block,2002.0,0,0,0,1,0.0,0,0,0,1,Senior (50-70),0.1470388155262104,0.519783163265306,Low,Medium,0,1,2,S0,General Buyers
2505,56,Male,Shorts,Clothing,94.0,Rhode Island,M,Turquoise,Winter,4.0,0,Store Pickup,0,0,31,Cash,Bi-Weekly,0,26,organic_block,2444.0,1,0,0,0,0.0,0,1,0,0,Senior (50-70),0.4262224889955982,0.8168112244897959,Medium,High,0,0,1,S1,High-Value Loyal
2506,27,Male,Handbag,Accessories,75.0,Illinois,M,Cyan,Summer,3.5,0,Express,0,0,43,Paypal,Quarterly,0,4,organic_block,300.0,0,0,1,0,0.0,0,0,0,0,Young Adult (25-34),0.3518487394957983,0.7649107142857143,Medium,High,1,1,0,S0,General Buyers
2507,57,Male,Dress,Clothing,82.0,New York,Xl,Orange,Spring,4.4,0,Free Shipping,0,0,19,Venmo,Annually,0,1,organic_block,82.0,1,0,0,0,0.0,0,1,0,0,Senior (50-70),0.2622040816326531,0.7270867346938775,Low,High,0,1,1,S1,High-Value Loyal
2508,58,Male,Shoes,Footwear,36.0,Louisiana,M,Cyan,Fall,2.9,0,Store Pickup,0,0,32,Credit Card,Every 3 Months,0,4,organic_block,144.0,0,1,0,0,0.0,0,0,0,1,Senior (50-70),0.2365018007202881,0.5021632653061224,Low,Medium,0,1,2,S0,General Buyers
2509,23,Male,Sneakers,Footwear,90.0,California,Xl,Indigo,Spring,3.1,0,2-Day Shipping,0,0,5,Debit Card,Bi-Weekly,0,26,organic_block,2340.0,1,0,0,1,0.0,0,0,0,0,Teen (18-24),0.1950388155262105,0.6126581632653061,Low,High,1,1,2,S1,High-Value Loyal
2510,19,Male,Socks,Clothing,48.0,Washington,M,Black,Spring,4.4,0,Free Shipping,0,0,9,Bank Transfer,Quarterly,0,4,organic_block,192.0,0,0,0,1,0.0,0,1,0,0,Teen (18-24),0.2156854741896758,0.5273163265306122,Low,Medium,0,0,1,S0,General Buyers
2511,40,Male,Jacket,Outerwear,42.0,South Dakota,L,Purple,Winter,4.4,0,Standard,0,0,48,Credit Card,Weekly,0,52,organic_block,2184.0,0,0,1,0,0.0,0,1,0,0,Mid-Age (35-49),0.6897551020408162,0.700045918367347,High,High,0,1,3,S0,General Buyers
2512,54,Male,Backpack,Accessories,33.0,Idaho,M,Cyan,Summer,2.7,0,Store Pickup,0,0,1,Paypal,Quarterly,0,4,organic_block,132.0,0,1,0,1,0.0,0,0,0,1,Senior (50-70),0.0307058823529411,0.318875,Low,Low,0,1,0,S5,Low-Value Occasional
2513,50,Male,Socks,Clothing,63.0,North Dakota,M,Green,Summer,4.9,0,Free Shipping,0,0,20,Credit Card,Monthly,0,12,organic_block,756.0,0,0,0,0,0.0,0,1,1,0,Senior (50-70),0.3622480992396959,0.6790637755102041,Medium,High,0,1,1,S0,General Buyers
2514,69,Male,Handbag,Accessories,53.0,Washington,L,Teal,Winter,3.5,0,2-Day Shipping,0,0,42,Cash,Annually,0,1,organic_block,53.0,0,0,1,0,0.0,0,0,0,0,Senior (50-70),0.3310204081632653,0.6635586734693877,Medium,High,1,0,0,S0,General Buyers
2515,42,Male,Hat,Accessories,37.0,Alaska,L,Teal,Spring,4.8,0,Free Shipping,0,0,45,Paypal,Bi-Weekly,0,26,organic_block,962.0,0,1,1,0,0.0,0,1,1,0,Mid-Age (35-49),0.575936774709884,0.6868647959183674,High,High,0,1,0,S0,General Buyers
2516,37,Male,Blouse,Clothing,92.0,Kansas,M,Magenta,Summer,4.2,0,2-Day Shipping,0,0,41,Cash,Monthly,0,12,organic_block,1104.0,1,0,1,0,0.0,0,1,0,0,Mid-Age (35-49),0.4348195278111244,0.8710816326530612,Medium,High,1,0,1,S1,High-Value Loyal
2517,46,Male,Shorts,Clothing,73.0,Utah,Xl,Brown,Spring,4.6,0,Standard,0,0,36,Debit Card,Quarterly,0,4,organic_block,292.0,0,0,0,0,0.0,0,1,1,0,Mid-Age (35-49),0.3969915966386554,0.7864464285714285,Medium,High,0,1,1,S0,General Buyers
2518,64,Male,Shirt,Clothing,38.0,Wyoming,L,Orange,Spring,2.9,0,Standard,0,0,10,Venmo,Annually,0,1,organic_block,38.0,0,1,0,1,0.0,0,0,0,1,Senior (50-70),0.0871020408163265,0.3986683673469388,Low,Low,0,1,1,S5,Low-Value Occasional
2519,20,Male,Boots,Footwear,51.0,Maine,Xl,Blue,Fall,4.0,0,Store Pickup,0,0,31,Venmo,Annually,0,1,organic_block,51.0,0,0,0,0,0.0,0,1,0,0,Teen (18-24),0.3036734693877551,0.6286862244897958,Medium,High,0,1,2,S0,General Buyers
2520,40,Male,Jacket,Outerwear,90.0,Michigan,L,Magenta,Spring,4.9,0,Standard,0,0,21,Credit Card,Quarterly,0,4,organic_block,360.0,1,0,0,0,0.0,0,1,1,0,Mid-Age (35-49),0.3291548619447779,0.8022908163265307,Medium,High,0,1,3,S1,High-Value Loyal
2521,64,Male,Jacket,Outerwear,56.0,Illinois,L,Magenta,Summer,3.1,0,Next Day Air,0,0,16,Cash,Every 3 Months,0,4,organic_block,224.0,0,0,0,0,0.0,0,0,0,0,Senior (50-70),0.1545426170468187,0.520030612244898,Low,Medium,1,0,3,S0,General Buyers
2522,29,Male,Handbag,Accessories,33.0,Minnesota,M,Magenta,Fall,4.4,0,Standard,0,0,18,Paypal,Every 3 Months,0,4,organic_block,132.0,0,1,0,0,0.0,0,1,0,0,Young Adult (25-34),0.2707875150060024,0.5076096938775511,Low,Medium,0,1,0,S0,General Buyers
2523,20,Male,Belt,Accessories,53.0,Massachusetts,S,Olive,Winter,2.5,0,2-Day Shipping,0,0,20,Debit Card,Weekly,0,52,organic_block,2756.0,0,0,0,0,0.0,0,0,0,1,Teen (18-24),0.3663265306122449,0.491313775510204,Medium,Medium,1,1,0,S0,General Buyers
2524,43,Male,Handbag,Accessories,24.0,New Jersey,S,Cyan,Spring,3.4,0,Express,0,0,21,Bank Transfer,Annually,0,1,organic_block,24.0,0,1,0,0,0.0,0,0,0,0,Mid-Age (35-49),0.1944489795918367,0.4235408163265306,Low,Low,1,0,0,S0,General Buyers
2525,60,Male,Coat,Outerwear,59.0,Kansas,M,Purple,Spring,3.7,0,Express,0,0,23,Credit Card,Quarterly,0,4,organic_block,236.0,0,0,0,0,0.0,0,0,0,0,Senior (50-70),0.2453997599039616,0.6048698979591838,Low,High,1,1,3,S0,General Buyers
2526,39,Male,Sweater,Clothing,72.0,Kentucky,M,Purple,Winter,4.2,0,Standard,0,0,20,Paypal,Weekly,0,52,organic_block,3744.0,0,0,0,0,0.0,0,1,0,0,Mid-Age (35-49),0.5023265306122449,0.676438775510204,High,High,0,1,1,S0,General Buyers
2527,47,Male,Shorts,Clothing,28.0,Rhode Island,S,Peach,Spring,3.4,0,Express,0,0,30,Paypal,Bi-Weekly,0,26,organic_block,728.0,0,1,0,0,0.0,0,0,0,0,Mid-Age (35-49),0.3721000400160064,0.4869591836734694,Medium,Medium,1,1,1,S0,General Buyers
2528,19,Male,Pants,Clothing,36.0,Illinois,M,Gold,Fall,3.6,0,Express,0,0,33,Bank Transfer,Every 3 Months,0,4,organic_block,144.0,0,1,0,0,0.0,0,0,0,0,Teen (18-24),0.29862424969988,0.549265306122449,Low,Medium,1,0,1,S0,General Buyers
2529,52,Male,Jewelry,Accessories,47.0,Alabama,S,Peach,Fall,4.7,0,2-Day Shipping,0,0,31,Debit Card,Monthly,0,12,organic_block,564.0,0,0,0,0,0.0,0,1,1,0,Senior (50-70),0.4135950380152061,0.6531862244897959,Medium,High,1,1,0,S0,General Buyers
2530,34,Male,Gloves,Accessories,62.0,Tennessee,M,Magenta,Spring,4.7,0,Next Day Air,0,0,48,Bank Transfer,Monthly,0,12,organic_block,744.0,0,0,1,0,0.0,0,1,1,0,Young Adult (25-34),0.5176766706682673,0.8055459183673469,High,High,1,0,0,S0,General Buyers
2531,25,Male,Skirt,Clothing,98.0,Massachusetts,S,Cyan,Spring,3.6,0,Free Shipping,0,0,28,Debit Card,Weekly,0,52,organic_block,5096.0,1,0,0,0,0.0,0,0,0,0,Young Adult (25-34),0.5033061224489797,0.7950051020408164,High,High,0,1,1,S1,High-Value Loyal
2532,43,Male,Sandals,Footwear,28.0,Texas,M,Violet,Summer,4.6,0,Free Shipping,0,0,7,Cash,Every 3 Months,0,4,organic_block,112.0,0,1,0,1,0.0,0,1,1,0,Mid-Age (35-49),0.2194405762304921,0.4416122448979591,Low,Medium,0,0,2,S5,Low-Value Occasional
2533,55,Male,Socks,Clothing,86.0,Nebraska,S,Charcoal,Summer,2.6,0,Next Day Air,0,0,4,Debit Card,Weekly,0,52,organic_block,4472.0,1,0,0,1,0.0,0,0,0,1,Senior (50-70),0.2763673469387755,0.5600561224489795,Low,Medium,1,1,1,S0,General Buyers
2534,66,Male,Jewelry,Accessories,46.0,Pennsylvania,S,Blue,Summer,3.1,0,Standard,0,0,49,Cash,Bi-Weekly,0,26,organic_block,1196.0,0,0,1,0,0.0,0,0,0,0,Senior (50-70),0.4644265706282513,0.6446479591836735,High,High,0,0,0,S0,General Buyers
2535,41,Male,Sunglasses,Accessories,42.0,Virginia,Xl,Red,Fall,3.2,0,Free Shipping,0,0,22,Cash,Weekly,0,52,organic_block,2184.0,0,0,0,0,0.0,0,0,0,0,Mid-Age (35-49),0.4345714285714286,0.4953928571428572,Medium,Medium,0,0,0,S0,General Buyers
2536,47,Male,Coat,Outerwear,80.0,Vermont,S,Purple,Winter,3.9,0,Express,0,0,39,Bank Transfer,Fortnightly,0,26,organic_block,2080.0,0,0,1,0,0.0,0,0,0,0,Mid-Age (35-49),0.4672020808323329,0.7903775510204081,High,High,1,0,3,S0,General Buyers
2537,51,Male,Belt,Accessories,39.0,Oklahoma,L,Gray,Spring,4.9,0,Express,0,0,45,Paypal,Every 3 Months,0,4,organic_block,156.0,0,1,1,0,0.0,0,1,1,0,Senior (50-70),0.476093637454982,0.7016147959183673,High,High,1,1,0,S0,General Buyers
2538,44,Male,Coat,Outerwear,49.0,Maine,M,Purple,Summer,4.1,0,2-Day Shipping,0,0,30,Paypal,Fortnightly,0,26,organic_block,1274.0,0,0,0,0,0.0,0,1,0,0,Mid-Age (35-49),0.4281000400160063,0.6208341836734693,Medium,High,1,1,3,S0,General Buyers
2539,18,Male,Scarf,Accessories,32.0,New Jersey,M,Silver,Summer,4.2,0,Next Day Air,0,0,33,Credit Card,Bi-Weekly,0,26,organic_block,832.0,0,1,0,0,0.0,0,1,0,0,Teen (18-24),0.4544673869547819,0.5677653061224489,Medium,Medium,1,1,0,S0,General Buyers
2540,33,Male,Sandals,Footwear,73.0,Massachusetts,M,Purple,Fall,4.1,0,Next Day Air,0,0,24,Cash,Bi-Weekly,0,26,organic_block,1898.0,0,0,0,0,0.0,0,1,0,0,Young Adult (25-34),0.3913653461384553,0.6952219387755102,Medium,High,1,0,2,S0,General Buyers
2541,24,Male,Belt,Accessories,42.0,New Jersey,M,Charcoal,Summer,3.9,0,Free Shipping,0,0,11,Debit Card,Quarterly,0,4,organic_block,168.0,0,0,0,1,0.0,0,0,0,0,Teen (18-24),0.1879303721488595,0.4812704081632653,Low,Medium,0,1,0,S0,General Buyers
2542,33,Male,Scarf,Accessories,58.0,Washington,M,Silver,Spring,2.7,0,Next Day Air,0,0,13,Venmo,Every 3 Months,0,4,organic_block,232.0,0,0,0,1,0.0,0,0,0,1,Young Adult (25-34),0.1041752701080432,0.4894744897959183,Low,Medium,1,1,0,S0,General Buyers
2543,61,Male,Jewelry,Accessories,22.0,Arkansas,M,White,Winter,3.7,0,Express,0,0,27,Paypal,Annually,0,1,organic_block,22.0,0,1,0,0,0.0,0,0,0,0,Senior (50-70),0.2551836734693877,0.4634030612244898,Low,Medium,1,1,0,S0,General Buyers
2544,27,Male,Scarf,Accessories,56.0,West Virginia,L,Peach,Spring,2.7,0,Next Day Air,0,0,30,Paypal,Bi-Weekly,0,26,organic_block,1456.0,0,0,0,0,0.0,0,0,0,1,Young Adult (25-34),0.3161000400160064,0.5674591836734694,Medium,Medium,1,1,0,S0,General Buyers
2545,46,Male,Pants,Clothing,70.0,Delaware,M,Red,Spring,2.5,0,Next Day Air,0,0,39,Venmo,Quarterly,0,4,organic_block,280.0,0,0,1,0,0.0,0,0,0,1,Mid-Age (35-49),0.2473589435774309,0.6626275510204082,Low,High,1,1,1,S0,General Buyers
2546,38,Male,Shoes,Footwear,50.0,Texas,L,Olive,Spring,3.9,0,Free Shipping,0,0,10,Debit Card,Annually,0,1,organic_block,50.0,0,0,0,1,0.0,0,0,0,0,Mid-Age (35-49),0.1671020408163265,0.5111683673469387,Low,Medium,0,1,2,S0,General Buyers
2547,63,Male,Boots,Footwear,21.0,Texas,L,Gray,Summer,3.0,0,Express,0,0,4,Credit Card,Quarterly,0,4,organic_block,84.0,0,1,0,1,0.0,0,0,0,0,Senior (50-70),0.0730732292917167,0.2996811224489796,Low,Low,1,1,2,S5,Low-Value Occasional
2548,47,Male,Jacket,Outerwear,97.0,Mississippi,M,Beige,Summer,3.2,0,2-Day Shipping,0,0,16,Cash,Weekly,0,52,organic_block,5044.0,1,0,0,0,0.0,0,0,0,0,Mid-Age (35-49),0.3978367346938776,0.705405612244898,Medium,High,1,0,3,S1,High-Value Loyal
2549,42,Male,Backpack,Accessories,63.0,Texas,L,Pink,Winter,3.8,0,Standard,0,0,34,Credit Card,Monthly,0,12,organic_block,756.0,0,0,0,0,0.0,0,0,0,0,Mid-Age (35-49),0.3599623849539816,0.6844923469387755,Medium,High,0,1,0,S0,General Buyers
2550,41,Male,Jacket,Outerwear,60.0,Virginia,M,Red,Fall,2.7,0,Standard,0,0,11,Debit Card,Every 3 Months,0,4,organic_block,240.0,0,0,0,1,0.0,0,0,0,1,Mid-Age (35-49),0.0919303721488595,0.4880204081632653,Low,Medium,0,1,3,S0,General Buyers
2551,53,Male,Boots,Footwear,52.0,New Hampshire,Xl,Peach,Fall,3.0,0,Store Pickup,0,0,30,Debit Card,Fortnightly,0,26,organic_block,1352.0,0,0,0,0,0.0,0,0,0,0,Senior (50-70),0.3401000400160063,0.5679591836734694,Medium,Medium,0,1,2,S0,General Buyers
2552,29,Male,Shoes,Footwear,32.0,Minnesota,M,Maroon,Winter,4.1,0,Next Day Air,0,0,40,Debit Card,Annually,0,1,organic_block,32.0,0,1,1,0,0.0,0,1,0,0,Young Adult (25-34),0.3667755102040816,0.5974795918367347,Medium,Medium,1,1,2,S0,General Buyers
2553,61,Male,Belt,Accessories,48.0,Maryland,Xl,Purple,Spring,3.2,0,2-Day Shipping,0,0,13,Credit Card,Annually,0,1,organic_block,48.0,0,0,0,1,0.0,0,0,0,0,Senior (50-70),0.129469387755102,0.4757244897959184,Low,Medium,1,1,0,S0,General Buyers
2554,69,Male,Jewelry,Accessories,25.0,Vermont,M,Maroon,Summer,4.5,0,Store Pickup,0,0,28,Venmo,Every 3 Months,0,4,organic_block,100.0,0,1,0,0,0.0,0,1,1,0,Senior (50-70),0.3400120048019208,0.5296301020408163,Medium,Medium,0,1,0,S0,General Buyers
2555,51,Male,Jewelry,Accessories,68.0,Kansas,M,Gray,Summer,4.3,0,Store Pickup,0,0,49,Debit Card,Bi-Weekly,0,26,organic_block,1768.0,0,0,1,0,0.0,0,1,0,0,Senior (50-70),0.5604265706282513,0.8128979591836735,High,High,0,1,0,S0,General Buyers
2556,24,Male,Pants,Clothing,74.0,Idaho,M,Gray,Fall,3.5,0,Standard,0,0,23,Credit Card,Weekly,0,52,organic_block,3848.0,0,0,0,0,0.0,0,0,0,0,Teen (18-24),0.4646938775510204,0.6584948979591836,High,High,0,1,1,S0,General Buyers
2557,24,Male,T-Shirt,Clothing,88.0,Montana,Xl,Magenta,Fall,3.1,0,Standard,0,0,4,Bank Transfer,Quarterly,0,4,organic_block,352.0,1,0,0,1,0.0,0,0,0,0,Teen (18-24),0.0810732292917167,0.5988061224489796,Low,High,0,0,1,S1,High-Value Loyal
2558,70,Male,Shorts,Clothing,23.0,Oklahoma,L,Cyan,Spring,3.9,0,Standard,0,0,17,Paypal,Fortnightly,0,26,organic_block,598.0,0,1,0,0,0.0,0,0,0,0,Senior (50-70),0.3325082032813125,0.4287576530612245,Medium,Medium,0,1,1,S0,General Buyers
2559,49,Male,Hoodie,Clothing,32.0,California,M,Silver,Fall,2.7,0,Express,0,0,24,Paypal,Fortnightly,0,26,organic_block,832.0,0,1,0,0,0.0,0,0,0,1,Mid-Age (35-49),0.2793653461384554,0.4318469387755102,Low,Medium,1,1,1,S0,General Buyers
2560,48,Male,Belt,Accessories,71.0,Mississippi,S,Green,Winter,4.0,0,Free Shipping,0,0,21,Debit Card,Every 3 Months,0,4,organic_block,284.0,0,0,0,0,0.0,0,1,0,0,Mid-Age (35-49),0.2571548619447779,0.6651658163265305,Low,High,0,1,0,S0,General Buyers
2561,58,Male,Boots,Footwear,62.0,California,M,Violet,Spring,2.7,0,Next Day Air,0,0,17,Debit Card,Bi-Weekly,0,26,organic_block,1612.0,0,0,0,0,0.0,0,0,0,1,Senior (50-70),0.2365082032813125,0.5273826530612244,Low,Medium,1,1,2,S0,General Buyers
2562,32,Male,Hoodie,Clothing,20.0,New York,L,Magenta,Spring,2.7,0,Free Shipping,0,0,22,Debit Card,Quarterly,0,4,organic_block,80.0,0,1,0,0,0.0,0,0,0,1,Young Adult (25-34),0.1592773109243697,0.3691428571428571,Low,Low,0,1,1,S0,General Buyers
2563,57,Male,Shorts,Clothing,62.0,Arizona,Xl,Yellow,Spring,4.7,0,Standard,0,0,27,Cash,Fortnightly,0,26,organic_block,1612.0,0,0,0,0,0.0,0,1,1,0,Senior (50-70),0.4577326930772309,0.6984030612244898,High,High,0,0,1,S0,General Buyers
2564,69,Male,Backpack,Accessories,81.0,Massachusetts,Xl,Gray,Winter,4.5,0,Standard,0,0,1,Venmo,Every 3 Months,0,4,organic_block,324.0,1,0,0,1,0.0,0,1,1,0,Senior (50-70),0.1747058823529412,0.636875,Low,High,0,1,0,S1,High-Value Loyal
2565,42,Male,Scarf,Accessories,90.0,Kentucky,L,Indigo,Winter,3.0,0,2-Day Shipping,0,0,27,Bank Transfer,Weekly,0,52,organic_block,4680.0,1,0,0,0,0.0,0,0,0,0,Mid-Age (35-49),0.4491836734693878,0.7189030612244898,Medium,High,1,0,0,S1,High-Value Loyal
2566,30,Male,Socks,Clothing,43.0,Vermont,S,Indigo,Fall,3.6,0,Store Pickup,0,0,8,Venmo,Quarterly,0,4,organic_block,172.0,0,0,0,1,0.0,0,0,0,0,Young Adult (25-34),0.145563025210084,0.4523392857142857,Low,Medium,0,1,1,S0,General Buyers
2567,35,Male,Handbag,Accessories,38.0,Missouri,S,Yellow,Fall,3.3,0,Standard,0,0,43,Paypal,Quarterly,0,4,organic_block,152.0,0,1,1,0,0.0,0,0,0,0,Mid-Age (35-49),0.3358487394957983,0.5910357142857143,Medium,Medium,0,1,0,S0,General Buyers
2568,19,Male,Sunglasses,Accessories,25.0,Michigan,Xl,Gold,Spring,4.3,0,Store Pickup,0,0,24,Cash,Fortnightly,0,26,organic_block,650.0,0,1,0,0,0.0,0,1,0,0,Teen (18-24),0.4073653461384553,0.4972219387755102,Medium,Medium,0,0,0,S0,General Buyers
2569,52,Male,T-Shirt,Clothing,98.0,Texas,Xl,Green,Winter,4.3,0,Express,0,0,29,Paypal,Fortnightly,0,26,organic_block,2548.0,1,0,0,0,0.0,0,1,0,0,Senior (50-70),0.4379775910364145,0.8421071428571428,Medium,High,1,1,1,S1,High-Value Loyal
2570,42,Male,Dress,Clothing,75.0,New York,M,Charcoal,Spring,4.8,0,Free Shipping,0,0,10,Bank Transfer,Bi-Weekly,0,26,organic_block,1950.0,0,0,0,1,0.0,0,1,1,0,Mid-Age (35-49),0.3616510604241696,0.6745433673469388,Medium,High,0,0,1,S0,General Buyers
2571,36,Male,Sneakers,Footwear,27.0,New Mexico,Xl,Olive,Spring,4.0,0,Store Pickup,0,0,12,Paypal,Fortnightly,0,26,organic_block,702.0,0,1,0,1,0.0,0,1,0,0,Mid-Age (35-49),0.3098959583833533,0.4267474489795918,Medium,Low,0,1,2,S5,Low-Value Occasional
2572,45,Male,Sunglasses,Accessories,27.0,Mississippi,L,Black,Winter,3.5,0,Standard,0,0,48,Cash,Fortnightly,0,26,organic_block,702.0,0,1,1,0,0.0,0,0,0,0,Mid-Age (35-49),0.4903041216486594,0.580420918367347,High,Medium,0,0,0,S0,General Buyers
2573,54,Male,Blouse,Clothing,42.0,Washington,M,Silver,Fall,3.9,0,Next Day Air,0,0,40,Bank Transfer,Quarterly,0,4,organic_block,168.0,0,0,1,0,0.0,0,0,0,0,Senior (50-70),0.3654813925570228,0.6292295918367347,Medium,High,1,0,1,S0,General Buyers
2574,54,Male,T-Shirt,Clothing,90.0,New Mexico,M,Red,Summer,4.4,0,Store Pickup,0,0,1,Bank Transfer,Annually,0,1,organic_block,90.0,1,0,0,1,0.0,0,1,0,0,Senior (50-70),0.152,0.6702499999999999,Low,High,0,0,1,S1,High-Value Loyal
2575,27,Male,Hat,Accessories,63.0,Florida,M,Brown,Summer,4.6,0,2-Day Shipping,0,0,26,Credit Card,Fortnightly,0,26,organic_block,1638.0,0,0,0,0,0.0,0,1,1,0,Young Adult (25-34),0.443610244097639,0.6916760204081632,Medium,High,1,1,0,S0,General Buyers
2576,53,Male,Shorts,Clothing,96.0,Minnesota,M,Silver,Fall,4.0,0,Express,0,0,9,Paypal,Annually,0,1,organic_block,96.0,1,0,0,1,0.0,0,1,0,0,Senior (50-70),0.1689795918367347,0.7133163265306122,Low,High,1,1,1,S1,High-Value Loyal
2577,20,Male,Hoodie,Clothing,40.0,New Hampshire,M,Silver,Winter,4.2,0,Free Shipping,0,0,19,Debit Card,Quarterly,0,4,organic_block,160.0,0,0,0,0,0.0,0,1,0,0,Teen (18-24),0.2609099639855942,0.5313367346938775,Low,Medium,0,1,1,S0,General Buyers
2578,52,Male,Socks,Clothing,39.0,Minnesota,L,Black,Fall,4.5,0,Next Day Air,0,0,37,Bank Transfer,Monthly,0,12,organic_block,468.0,0,1,0,0,0.0,0,1,1,0,Senior (50-70),0.4343297318927571,0.6367984693877551,Medium,High,1,0,1,S0,General Buyers
2579,54,Male,Sunglasses,Accessories,48.0,Vermont,M,Purple,Fall,3.9,0,Free Shipping,0,0,3,Cash,Quarterly,0,4,organic_block,192.0,0,0,0,1,0.0,0,0,0,0,Senior (50-70),0.1389507803121248,0.466704081632653,Low,Medium,0,0,0,S0,General Buyers
2580,65,Male,Blouse,Clothing,20.0,Minnesota,M,Purple,Summer,3.7,0,Express,0,0,40,Venmo,Weekly,0,52,organic_block,1040.0,0,1,1,0,0.0,0,0,0,0,Senior (50-70),0.5847755102040817,0.5209795918367347,High,Medium,1,1,1,S0,General Buyers
2581,43,Male,Jeans,Clothing,29.0,Massachusetts,S,Turquoise,Summer,3.6,0,Store Pickup,0,0,13,Bank Transfer,Quarterly,0,4,organic_block,116.0,0,1,0,1,0.0,0,0,0,0,Mid-Age (35-49),0.1761752701080432,0.4165994897959184,Low,Low,0,0,1,S5,Low-Value Occasional
2582,57,Male,Dress,Clothing,81.0,Wyoming,M,Gold,Winter,4.7,0,Express,0,0,48,Credit Card,Monthly,0,12,organic_block,972.0,1,0,1,0,0.0,0,1,1,0,Senior (50-70),0.5176766706682673,0.8886709183673469,High,High,1,1,1,S1,High-Value Loyal
2583,19,Male,Dress,Clothing,98.0,South Dakota,S,Indigo,Fall,3.6,0,2-Day Shipping,0,0,4,Venmo,Every 3 Months,0,4,organic_block,392.0,1,0,0,1,0.0,0,0,0,0,Teen (18-24),0.1210732292917167,0.6725561224489796,Low,High,1,1,1,S1,High-Value Loyal
2584,69,Male,Jeans,Clothing,93.0,Oklahoma,M,Lavender,Fall,2.5,0,Next Day Air,0,0,9,Cash,Weekly,0,52,organic_block,4836.0,1,0,0,1,0.0,0,0,0,1,Senior (50-70),0.2989795918367346,0.6101913265306123,Low,High,1,0,1,S1,High-Value Loyal
2585,26,Male,Socks,Clothing,30.0,Florida,L,Blue,Summer,2.9,0,Store Pickup,0,0,26,Bank Transfer,Bi-Weekly,0,26,organic_block,780.0,0,1,0,0,0.0,0,0,0,1,Young Adult (25-34),0.307610244097639,0.4453010204081633,Medium,Medium,0,0,1,S0,General Buyers
2586,57,Male,Sunglasses,Accessories,37.0,Wisconsin,L,Maroon,Fall,4.4,0,Free Shipping,0,0,19,Debit Card,Weekly,0,52,organic_block,1924.0,0,1,0,0,0.0,0,1,0,0,Senior (50-70),0.5122040816326531,0.5302117346938776,High,Medium,0,1,0,S0,General Buyers
2587,20,Male,Coat,Outerwear,28.0,Maine,L,Yellow,Winter,4.6,0,Express,0,0,1,Credit Card,Every 3 Months,0,4,organic_block,112.0,0,1,0,1,0.0,0,1,1,0,Teen (18-24),0.1827058823529411,0.4109999999999999,Low,Low,1,1,3,S5,Low-Value Occasional
2588,55,Male,Scarf,Accessories,29.0,Connecticut,M,Purple,Winter,3.7,0,Express,0,0,29,Paypal,Every 3 Months,0,4,organic_block,116.0,0,1,0,0,0.0,0,0,0,0,Senior (50-70),0.2821344537815126,0.5042321428571428,Low,Medium,1,1,0,S0,General Buyers
2589,44,Male,Backpack,Accessories,49.0,Delaware,M,Peach,Summer,3.2,0,Free Shipping,0,0,38,Venmo,Bi-Weekly,0,26,organic_block,1274.0,0,0,1,0,0.0,0,0,0,0,Mid-Age (35-49),0.4050796318527411,0.6076505102040817,Medium,High,0,1,0,S0,General Buyers
2590,52,Male,Pants,Clothing,53.0,North Dakota,M,Silver,Winter,4.9,0,2-Day Shipping,0,0,31,Paypal,Annually,0,1,organic_block,53.0,0,0,0,0,0.0,0,1,1,0,Senior (50-70),0.3756734693877551,0.6914362244897959,Medium,High,1,1,1,S0,General Buyers
2591,57,Male,Gloves,Accessories,66.0,California,M,Turquoise,Summer,5.0,0,Free Shipping,0,0,35,Venmo,Annually,0,1,organic_block,66.0,0,0,0,0,0.0,0,1,1,0,Senior (50-70),0.4081632653061224,0.7747193877551021,Medium,High,0,1,0,S0,General Buyers
2592,40,Male,Jacket,Outerwear,61.0,New Mexico,S,Olive,Spring,3.3,0,Express,0,0,40,Cash,Quarterly,0,4,organic_block,244.0,0,0,1,0,0.0,0,0,0,0,Mid-Age (35-49),0.3174813925570228,0.6763545918367347,Medium,High,1,0,3,S0,General Buyers
2593,23,Male,Shorts,Clothing,23.0,Iowa,Xl,Peach,Summer,4.4,0,Store Pickup,0,0,13,Venmo,Quarterly,0,4,organic_block,92.0,0,1,0,1,0.0,0,1,0,0,Teen (18-24),0.2401752701080432,0.4383494897959183,Low,Medium,0,1,1,S5,Low-Value Occasional
2594,36,Male,Pants,Clothing,36.0,Colorado,S,Indigo,Fall,4.7,0,Store Pickup,0,0,9,Bank Transfer,Every 3 Months,0,4,organic_block,144.0,0,1,0,1,0.0,0,1,1,0,Mid-Age (35-49),0.2396854741896759,0.4928163265306122,Low,Medium,0,0,1,S5,Low-Value Occasional
2595,59,Male,Skirt,Clothing,81.0,Montana,L,Indigo,Fall,3.6,0,Free Shipping,0,0,25,Cash,Every 3 Months,0,4,organic_block,324.0,1,0,0,0,0.0,0,0,0,0,Senior (50-70),0.2496446578631452,0.7053239795918367,Low,High,0,0,1,S1,High-Value Loyal
2596,29,Male,Blouse,Clothing,56.0,Iowa,Xl,Maroon,Summer,3.2,0,Free Shipping,0,0,3,Bank Transfer,Bi-Weekly,0,26,organic_block,1456.0,0,0,0,1,0.0,0,0,0,0,Young Adult (25-34),0.1907939175670268,0.4597040816326531,Low,Medium,0,0,1,S0,General Buyers
2597,63,Male,Shirt,Clothing,78.0,Louisiana,L,Black,Spring,3.0,0,Next Day Air,0,0,35,Credit Card,Monthly,0,12,organic_block,936.0,0,0,0,0,0.0,0,0,0,0,Senior (50-70),0.3020848339335734,0.7072193877551021,Low,High,1,1,1,S0,General Buyers
2598,60,Male,Jewelry,Accessories,25.0,Alabama,Xl,Teal,Summer,4.4,0,Store Pickup,0,0,13,Venmo,Bi-Weekly,0,26,organic_block,650.0,0,1,0,1,0.0,0,1,0,0,Senior (50-70),0.3480184073629452,0.4470994897959184,Medium,Medium,0,1,0,S5,Low-Value Occasional
2599,64,Male,Backpack,Accessories,86.0,Nevada,Xl,Olive,Fall,3.3,0,Express,0,0,31,Debit Card,Annually,0,1,organic_block,86.0,1,0,0,0,0.0,0,0,0,0,Senior (50-70),0.247673469387755,0.7398112244897959,Low,High,1,1,0,S1,High-Value Loyal
2600,63,Male,Jewelry,Accessories,99.0,Vermont,M,Gold,Winter,3.4,0,Express,0,0,48,Credit Card,Monthly,0,12,organic_block,1188.0,1,0,1,0,0.0,0,0,0,0,Senior (50-70),0.4136766706682672,0.8894209183673469,Medium,High,1,1,0,S1,High-Value Loyal
2601,21,Male,Belt,Accessories,83.0,New York,M,Gray,Fall,3.9,0,Express,0,0,6,Bank Transfer,Bi-Weekly,0,26,organic_block,2158.0,1,0,0,1,0.0,0,0,0,0,Teen (18-24),0.2651612645058023,0.6351352040816326,Low,High,1,0,0,S1,High-Value Loyal
2602,61,Male,Dress,Clothing,33.0,Mississippi,L,Orange,Winter,2.9,0,Store Pickup,0,0,43,Cash,Monthly,0,12,organic_block,396.0,0,1,1,0,0.0,0,0,0,1,Senior (50-70),0.3430644257703081,0.5451607142857142,Medium,Medium,0,0,1,S0,General Buyers
2603,65,Male,Coat,Outerwear,44.0,South Carolina,M,Black,Fall,2.9,0,Free Shipping,0,0,1,Venmo,Quarterly,0,4,organic_block,176.0,0,0,0,1,0.0,0,0,0,1,Senior (50-70),0.0467058823529411,0.379,Low,Low,0,1,3,S0,General Buyers
2604,69,Male,Dress,Clothing,58.0,Washington,M,Teal,Spring,2.7,0,2-Day Shipping,0,0,8,Cash,Annually,0,1,organic_block,58.0,0,0,0,1,0.0,0,0,0,1,Senior (50-70),0.0588571428571428,0.4639642857142857,Low,Medium,1,0,1,S0,General Buyers
2605,47,Male,Sweater,Clothing,54.0,Colorado,M,Beige,Spring,3.4,0,Store Pickup,0,0,6,Debit Card,Weekly,0,52,organic_block,2808.0,0,0,0,1,0.0,0,0,0,0,Mid-Age (35-49),0.3526122448979591,0.4782602040816326,Medium,Medium,0,1,1,S0,General Buyers
2606,41,Male,Hoodie,Clothing,93.0,Nevada,M,White,Spring,3.7,0,2-Day Shipping,0,0,32,Venmo,Fortnightly,0,26,organic_block,2418.0,1,0,0,0,0.0,0,0,0,0,Mid-Age (35-49),0.4083449379751901,0.7995382653061225,Medium,High,1,1,1,S1,High-Value Loyal
2607,68,Male,Shoes,Footwear,98.0,Nevada,L,Turquoise,Spring,4.7,0,Standard,0,0,46,Bank Transfer,Bi-Weekly,0,26,organic_block,2548.0,1,0,1,0,0.0,0,1,1,0,Senior (50-70),0.5740592236894758,0.952841836734694,High,High,0,0,2,S1,High-Value Loyal
2608,41,Male,Shoes,Footwear,36.0,Oklahoma,Xl,Teal,Spring,3.1,0,Express,0,0,38,Paypal,Every 3 Months,0,4,organic_block,144.0,0,1,1,0,0.0,0,0,0,0,Mid-Age (35-49),0.2892364945978391,0.5447755102040817,Low,Medium,1,1,2,S0,General Buyers
2609,42,Male,Jacket,Outerwear,68.0,Mississippi,L,Orange,Fall,4.2,0,2-Day Shipping,0,0,48,Credit Card,Fortnightly,0,26,organic_block,1768.0,0,0,1,0,0.0,0,1,0,0,Mid-Age (35-49),0.5463041216486595,0.8017959183673469,High,High,1,1,3,S0,General Buyers
2610,66,Male,Backpack,Accessories,95.0,Arkansas,M,Black,Summer,3.0,0,Store Pickup,0,0,18,Debit Card,Bi-Weekly,0,26,organic_block,2470.0,1,0,0,0,0.0,0,0,0,0,Senior (50-70),0.2666306522609043,0.6948596938775511,Low,High,0,1,0,S1,High-Value Loyal
2611,66,Male,Jeans,Clothing,93.0,West Virginia,M,Violet,Spring,3.1,0,Express,0,0,25,Cash,Quarterly,0,4,organic_block,372.0,1,0,0,0,0.0,0,0,0,0,Senior (50-70),0.2096446578631452,0.7278239795918368,Low,High,1,0,1,S1,High-Value Loyal
2612,33,Male,Jacket,Outerwear,99.0,Michigan,L,Maroon,Fall,4.2,0,2-Day Shipping,0,0,4,Cash,Fortnightly,0,26,organic_block,2574.0,1,0,0,1,0.0,0,1,0,0,Young Adult (25-34),0.2769163665466186,0.7129311224489796,Low,High,1,0,3,S1,High-Value Loyal
2613,55,Male,Sunglasses,Accessories,22.0,Louisiana,M,Turquoise,Winter,3.8,0,Next Day Air,0,0,27,Venmo,Quarterly,0,4,organic_block,88.0,0,1,0,0,0.0,0,0,0,0,Senior (50-70),0.2778895558223289,0.4694030612244898,Low,Medium,1,1,0,S0,General Buyers
2614,58,Male,Gloves,Accessories,88.0,South Dakota,M,Gold,Fall,2.9,0,Express,0,0,14,Bank Transfer,Monthly,0,12,organic_block,1056.0,1,0,0,0,0.0,0,0,0,1,Senior (50-70),0.1655134053621448,0.6378265306122449,Low,High,1,0,0,S1,High-Value Loyal
2615,18,Male,Jacket,Outerwear,65.0,North Dakota,M,Turquoise,Spring,4.2,0,Express,0,0,36,Bank Transfer,Fortnightly,0,26,organic_block,1690.0,0,0,0,0,0.0,0,1,0,0,Teen (18-24),0.4728347338935574,0.7274464285714285,High,High,1,0,3,S0,General Buyers
2616,49,Male,T-Shirt,Clothing,62.0,Arizona,M,Maroon,Fall,3.1,0,2-Day Shipping,0,0,6,Debit Card,Quarterly,0,4,organic_block,248.0,0,0,0,1,0.0,0,0,0,0,Mid-Age (35-49),0.0933181272509003,0.4952602040816326,Low,Medium,1,1,1,S0,General Buyers
2617,61,Male,Sandals,Footwear,55.0,Georgia,Xl,Purple,Spring,3.6,0,Express,0,0,46,Cash,Annually,0,1,organic_block,55.0,0,0,1,0,0.0,0,0,0,0,Senior (50-70),0.3635102040816326,0.6987168367346939,Medium,High,1,0,2,S0,General Buyers
2618,31,Male,Shorts,Clothing,97.0,Idaho,S,Maroon,Spring,4.8,0,Standard,0,0,29,Bank Transfer,Annually,0,1,organic_block,97.0,1,0,0,0,0.0,0,1,1,0,Young Adult (25-34),0.3554285714285714,0.8677321428571428,Medium,High,0,0,1,S1,High-Value Loyal
2619,70,Male,Handbag,Accessories,77.0,Louisiana,L,Brown,Fall,4.1,0,Express,0,0,12,Venmo,Monthly,0,12,organic_block,924.0,0,0,0,1,0.0,0,1,0,0,Senior (50-70),0.2492685074029611,0.6514974489795918,Low,High,1,1,0,S0,General Buyers
2620,68,Male,Pants,Clothing,40.0,Connecticut,L,Indigo,Winter,3.9,0,Free Shipping,0,0,47,Credit Card,Weekly,0,52,organic_block,2080.0,0,0,1,0,0.0,0,0,0,0,Senior (50-70),0.6436326530612245,0.6561938775510204,High,High,0,1,1,S0,General Buyers
2621,27,Male,Blouse,Clothing,23.0,Ohio,S,Lavender,Winter,3.0,0,Standard,0,0,28,Debit Card,Annually,0,1,organic_block,23.0,0,1,0,0,0.0,0,0,0,0,Young Adult (25-34),0.2053061224489795,0.4308801020408163,Low,Medium,0,1,1,S0,General Buyers
2622,48,Male,Shoes,Footwear,46.0,Maine,M,Beige,Winter,3.0,0,Express,0,0,21,Bank Transfer,Annually,0,1,organic_block,46.0,0,0,0,0,0.0,0,0,0,0,Mid-Age (35-49),0.1624489795918367,0.4957908163265306,Low,Medium,1,0,2,S0,General Buyers
2623,63,Male,Backpack,Accessories,75.0,New Hampshire,M,Yellow,Spring,4.9,0,2-Day Shipping,0,0,15,Credit Card,Annually,0,1,organic_block,75.0,0,0,0,0,0.0,0,1,1,0,Senior (50-70),0.2777142857142857,0.7060535714285714,Low,High,1,1,0,S0,General Buyers
2624,49,Male,Shoes,Footwear,76.0,Massachusetts,M,Gold,Fall,4.8,0,Next Day Air,0,0,38,Cash,Annually,0,1,organic_block,76.0,0,0,1,0,0.0,0,1,1,0,Mid-Age (35-49),0.4105306122448979,0.8217755102040816,Medium,High,1,0,2,S0,General Buyers
2625,19,Male,Dress,Clothing,59.0,South Dakota,M,Indigo,Summer,3.3,0,Standard,0,0,19,Credit Card,Annually,0,1,organic_block,59.0,0,0,0,0,0.0,0,0,0,0,Teen (18-24),0.174204081632653,0.5604617346938776,Low,Medium,0,1,1,S0,General Buyers
2626,30,Male,Skirt,Clothing,51.0,Colorado,L,Cyan,Summer,2.7,0,Standard,0,0,31,Credit Card,Weekly,0,52,organic_block,2652.0,0,0,0,0,0.0,0,0,0,1,Young Adult (25-34),0.4496734693877551,0.5506862244897959,Medium,Medium,0,1,1,S0,General Buyers
2627,50,Male,Jacket,Outerwear,46.0,Rhode Island,Xl,Silver,Fall,4.2,0,Express,0,0,30,Credit Card,Every 3 Months,0,4,organic_block,184.0,0,0,0,0,0.0,0,1,0,0,Senior (50-70),0.3282569027611044,0.6137091836734694,Medium,High,1,1,3,S0,General Buyers
2628,66,Male,Shirt,Clothing,26.0,Missouri,L,Silver,Fall,3.6,0,Next Day Air,0,0,40,Bank Transfer,Quarterly,0,4,organic_block,104.0,0,1,1,0,0.0,0,0,0,0,Senior (50-70),0.3414813925570228,0.5412295918367347,Medium,Medium,1,0,1,S0,General Buyers
2629,25,Male,Hoodie,Clothing,51.0,Wyoming,M,Silver,Summer,3.8,0,Next Day Air,0,0,42,Credit Card,Bi-Weekly,0,26,organic_block,1326.0,0,0,1,0,0.0,0,0,0,0,Young Adult (25-34),0.4775694277711084,0.6728086734693878,High,High,1,1,1,S0,General Buyers
2630,61,Male,Scarf,Accessories,44.0,New Hampshire,M,Peach,Winter,3.8,0,Free Shipping,0,0,25,Venmo,Annually,0,1,organic_block,44.0,0,0,0,0,0.0,0,0,0,0,Senior (50-70),0.250938775510204,0.5554489795918367,Low,Medium,0,1,0,S0,General Buyers
2631,29,Male,Skirt,Clothing,82.0,Maine,S,Pink,Spring,4.2,0,Free Shipping,0,0,20,Cash,Quarterly,0,4,organic_block,328.0,1,0,0,0,0.0,0,1,0,0,Young Adult (25-34),0.2670324129651861,0.720188775510204,Low,High,0,0,1,S1,High-Value Loyal
2632,53,Male,Skirt,Clothing,44.0,Connecticut,S,Violet,Summer,2.7,0,Express,0,0,3,Cash,Weekly,0,52,organic_block,2288.0,0,0,0,1,0.0,0,0,0,1,Senior (50-70),0.2782448979591836,0.377204081632653,Low,Low,1,0,1,S0,General Buyers
2633,24,Male,Scarf,Accessories,27.0,Alaska,M,Black,Fall,5.0,0,Next Day Air,0,0,14,Cash,Annually,0,1,organic_block,27.0,0,1,0,0,0.0,0,1,1,0,Teen (18-24),0.2795918367346939,0.4969515306122449,Low,Medium,1,0,0,S0,General Buyers
2634,51,Male,Sunglasses,Accessories,90.0,Alaska,M,Purple,Fall,4.7,0,Next Day Air,0,0,32,Credit Card,Fortnightly,0,26,organic_block,2340.0,1,0,0,0,0.0,0,1,1,0,Senior (50-70),0.4883449379751901,0.8464132653061224,High,High,1,1,0,S1,High-Value Loyal
2635,26,Male,Sandals,Footwear,58.0,North Carolina,S,Black,Summer,3.2,0,Store Pickup,0,0,20,Paypal,Every 3 Months,0,4,organic_block,232.0,0,0,0,0,0.0,0,0,0,0,Young Adult (25-34),0.187032412965186,0.5551887755102041,Low,Medium,0,1,2,S0,General Buyers
2636,59,Male,Hoodie,Clothing,80.0,Colorado,Xl,Peach,Spring,2.9,0,2-Day Shipping,0,0,34,Paypal,Fortnightly,0,26,organic_block,2080.0,0,0,0,0,0.0,0,0,0,1,Senior (50-70),0.3565898359343737,0.7048673469387755,Medium,High,1,1,1,S0,General Buyers
2637,41,Male,Jacket,Outerwear,40.0,Utah,S,Magenta,Winter,4.2,0,Store Pickup,0,0,6,Venmo,Annually,0,1,organic_block,40.0,0,0,0,1,0.0,0,1,0,0,Mid-Age (35-49),0.1666122448979592,0.4650102040816326,Low,Medium,0,1,3,S0,General Buyers
2638,20,Male,Pants,Clothing,23.0,Alabama,M,Magenta,Spring,3.7,0,Store Pickup,0,0,2,Paypal,Annually,0,1,organic_block,23.0,0,1,0,1,0.0,0,0,0,0,Teen (18-24),0.1021224489795918,0.3402270408163265,Low,Low,0,1,1,S5,Low-Value Occasional
2639,22,Male,Shirt,Clothing,34.0,Hawaii,S,Black,Spring,4.2,0,Store Pickup,0,0,35,Credit Card,Annually,0,1,organic_block,34.0,0,1,0,0,0.0,0,1,0,0,Teen (18-24),0.3441632653061224,0.586719387755102,Medium,Medium,0,1,1,S0,General Buyers
2640,18,Male,Blouse,Clothing,35.0,New Hampshire,Xl,Pink,Winter,2.6,0,Free Shipping,0,0,33,Debit Card,Quarterly,0,4,organic_block,140.0,0,1,0,0,0.0,0,0,0,1,Teen (18-24),0.2186242496998799,0.484890306122449,Low,Medium,0,1,1,S0,General Buyers
2641,30,Male,Skirt,Clothing,75.0,Indiana,L,Olive,Summer,4.0,0,Store Pickup,0,0,45,Venmo,Bi-Weekly,0,26,organic_block,1950.0,0,0,1,0,0.0,0,1,0,0,Young Adult (25-34),0.511936774709884,0.8051147959183673,High,High,0,1,1,S0,General Buyers
2642,25,Male,Sunglasses,Accessories,60.0,Vermont,Xl,Olive,Winter,2.7,0,Next Day Air,0,0,20,Bank Transfer,Every 3 Months,0,4,organic_block,240.0,0,0,0,0,0.0,0,0,0,1,Young Adult (25-34),0.147032412965186,0.5339387755102041,Low,Medium,1,0,0,S0,General Buyers
2643,39,Male,Belt,Accessories,87.0,Iowa,L,Peach,Summer,4.0,0,Store Pickup,0,0,48,Bank Transfer,Annually,0,1,organic_block,87.0,1,0,1,0,0.0,0,1,0,0,Mid-Age (35-49),0.4077551020408163,0.8729209183673469,Medium,High,0,0,0,S1,High-Value Loyal
2644,49,Male,Gloves,Accessories,41.0,Maryland,S,Silver,Spring,2.9,0,Next Day Air,0,0,37,Cash,Monthly,0,12,organic_block,492.0,0,0,0,0,0.0,0,0,0,1,Mid-Age (35-49),0.3063297318927571,0.5495484693877551,Medium,Medium,1,0,0,S0,General Buyers
2645,25,Male,Pants,Clothing,83.0,New Mexico,M,Turquoise,Spring,3.3,0,Standard,0,0,4,Bank Transfer,Every 3 Months,0,4,organic_block,332.0,1,0,0,1,0.0,0,0,0,0,Young Adult (25-34),0.0970732292917166,0.5889311224489796,Low,Medium,0,0,1,S0,General Buyers
2646,23,Male,Scarf,Accessories,81.0,Louisiana,L,Olive,Spring,4.0,0,Store Pickup,0,0,24,Bank Transfer,Bi-Weekly,0,26,organic_block,2106.0,1,0,0,0,0.0,0,1,0,0,Teen (18-24),0.3833653461384553,0.7242219387755101,Medium,High,0,0,0,S1,High-Value Loyal
2647,33,Male,T-Shirt,Clothing,56.0,New Mexico,S,Lavender,Summer,3.9,0,Next Day Air,0,0,4,Debit Card,Every 3 Months,0,4,organic_block,224.0,0,0,0,1,0.0,0,0,0,0,Young Adult (25-34),0.1450732292917166,0.5068061224489796,Low,Medium,1,1,1,S0,General Buyers
2648,60,Male,Shoes,Footwear,58.0,South Carolina,M,Red,Summer,3.3,0,2-Day Shipping,0,0,25,Debit Card,Annually,0,1,organic_block,58.0,0,0,0,0,0.0,0,0,0,0,Senior (50-70),0.210938775510204,0.5866989795918367,Low,Medium,1,1,2,S0,General Buyers
2649,51,Male,Pants,Clothing,84.0,Illinois,M,Gray,Spring,3.9,0,Next Day Air,0,0,14,Paypal,Bi-Weekly,0,26,organic_block,2184.0,1,0,0,0,0.0,0,0,0,0,Senior (50-70),0.3141408563425369,0.6803265306122449,Medium,High,1,1,1,S1,High-Value Loyal
2650,23,Male,Gloves,Accessories,21.0,Minnesota,M,Magenta,Fall,3.9,0,Store Pickup,0,0,14,Bank Transfer,Fortnightly,0,26,organic_block,546.0,0,1,0,0,0.0,0,0,0,0,Teen (18-24),0.3141408563425369,0.4047015306122449,Medium,Low,0,0,0,S0,General Buyers
2651,20,Male,Socks,Clothing,35.0,Oregon,L,Maroon,Summer,4.2,0,Standard,0,0,46,Credit Card,Every 3 Months,0,4,organic_block,140.0,0,1,1,0,0.0,0,1,0,0,Teen (18-24),0.4262160864345738,0.6472168367346939,Medium,High,0,1,1,S0,General Buyers
2652,51,Male,Sneakers,Footwear,43.0,Tennessee,M,Cyan,Summer,4.6,0,Store Pickup,0,0,27,Paypal,Quarterly,0,4,organic_block,172.0,0,0,0,0,0.0,0,1,1,0,Senior (50-70),0.3418895558223289,0.6092780612244898,Medium,High,0,1,2,S0,General Buyers
2653,23,Female,Shorts,Clothing,20.0,Maryland,L,Cyan,Summer,3.3,0,2-Day Shipping,0,0,46,Credit Card,Monthly,0,12,organic_block,240.0,0,1,1,0,0.0,0,0,0,0,Teen (18-24),0.3934317727090836,0.5275918367346939,Medium,Medium,1,1,1,S0,General Buyers
2654,67,Female,Blouse,Clothing,36.0,Wisconsin,L,Lavender,Fall,4.8,0,Express,0,0,24,Venmo,Every 3 Months,0,4,organic_block,144.0,0,1,0,0,0.0,0,1,1,0,Senior (50-70),0.3395222088835534,0.5753469387755102,Medium,Medium,1,1,1,S0,General Buyers
2655,23,Female,Coat,Outerwear,70.0,Idaho,S,Pink,Fall,4.1,0,Next Day Air,0,0,4,Paypal,Annually,0,1,organic_block,70.0,0,0,0,1,0.0,0,1,0,0,Teen (18-24),0.1463673469387754,0.5800561224489795,Low,Medium,1,1,3,S0,General Buyers
2656,26,Female,Sunglasses,Accessories,83.0,Wyoming,M,Gray,Summer,3.4,0,Standard,0,0,2,Credit Card,Fortnightly,0,26,organic_block,2158.0,1,0,0,1,0.0,0,0,0,0,Young Adult (25-34),0.2006714685874349,0.5847270408163265,Low,Medium,0,1,0,S0,General Buyers
2657,52,Female,Shorts,Clothing,76.0,Indiana,L,Yellow,Winter,3.6,0,Express,0,0,29,Bank Transfer,Fortnightly,0,26,organic_block,1976.0,0,0,0,0,0.0,0,0,0,0,Senior (50-70),0.3819775910364145,0.7038571428571427,Medium,High,1,0,1,S0,General Buyers
2658,52,Female,Dress,Clothing,81.0,Texas,M,Pink,Summer,2.7,0,Express,0,0,7,Credit Card,Fortnightly,0,26,organic_block,2106.0,1,0,0,1,0.0,0,0,0,1,Senior (50-70),0.1752837134853941,0.5594872448979591,Low,Medium,1,1,1,S0,General Buyers
2659,52,Female,Handbag,Accessories,47.0,Ohio,Xl,Indigo,Summer,3.2,0,Next Day Air,0,0,39,Paypal,Monthly,0,12,organic_block,564.0,0,0,1,0,0.0,0,0,0,0,Senior (50-70),0.3425746298519407,0.6040025510204081,Medium,High,1,1,0,S0,General Buyers
2660,35,Female,Boots,Footwear,35.0,Kansas,L,Gray,Summer,4.4,0,2-Day Shipping,0,0,46,Credit Card,Fortnightly,0,26,organic_block,910.0,0,1,1,0,0.0,0,1,0,0,Mid-Age (35-49),0.5500592236894758,0.6592168367346939,High,High,1,1,2,S0,General Buyers
2661,24,Female,Pants,Clothing,85.0,South Carolina,L,Yellow,Spring,4.9,0,Express,0,0,44,Venmo,Annually,0,1,organic_block,85.0,1,0,1,0,0.0,0,1,1,0,Teen (18-24),0.455265306122449,0.8977627551020408,Medium,High,1,1,1,S1,High-Value Loyal
2662,43,Female,Boots,Footwear,96.0,Michigan,Xl,Olive,Fall,4.8,0,Express,0,0,20,Bank Transfer,Annually,0,1,organic_block,96.0,1,0,0,0,0.0,0,1,1,0,Mid-Age (35-49),0.3003265306122449,0.817438775510204,Low,High,1,0,2,S1,High-Value Loyal
2663,25,Female,Skirt,Clothing,98.0,Nebraska,M,Cyan,Summer,2.8,0,2-Day Shipping,0,0,44,Paypal,Fortnightly,0,26,organic_block,2548.0,1,0,1,0,0.0,0,0,0,1,Young Adult (25-34),0.4098143257302921,0.8286377551020409,Medium,High,1,1,1,S1,High-Value Loyal
2664,46,Female,Sneakers,Footwear,52.0,Wisconsin,L,Silver,Fall,2.9,0,Free Shipping,0,0,23,Bank Transfer,Annually,0,1,organic_block,52.0,0,0,0,0,0.0,0,0,0,1,Mid-Age (35-49),0.1666938775510204,0.5262448979591836,Low,Medium,0,0,2,S0,General Buyers
2665,22,Female,Jewelry,Accessories,84.0,Illinois,L,Silver,Winter,3.2,0,Store Pickup,0,0,37,Paypal,Weekly,0,52,organic_block,4368.0,1,0,0,0,0.0,0,0,0,0,Teen (18-24),0.5264081632653062,0.7556734693877551,High,High,0,1,0,S1,High-Value Loyal
2666,70,Female,T-Shirt,Clothing,71.0,Louisiana,L,Red,Winter,3.5,0,Store Pickup,0,0,4,Venmo,Weekly,0,52,organic_block,3692.0,0,0,0,1,0.0,0,0,0,0,Senior (50-70),0.3483673469387755,0.5484311224489795,Medium,Medium,0,1,1,S0,General Buyers
2667,49,Female,Sandals,Footwear,95.0,Ohio,S,Brown,Winter,4.1,0,Store Pickup,0,0,14,Venmo,Fortnightly,0,26,organic_block,2470.0,1,0,0,0,0.0,0,1,0,0,Mid-Age (35-49),0.330140856342537,0.7404515306122449,Medium,High,0,1,2,S1,High-Value Loyal
2668,48,Female,Boots,Footwear,47.0,Maryland,M,Orange,Summer,4.1,0,Free Shipping,0,0,31,Cash,Fortnightly,0,26,organic_block,1222.0,0,0,0,0,0.0,0,1,0,0,Mid-Age (35-49),0.4342224889955982,0.6171862244897959,Medium,High,0,0,2,S0,General Buyers
2669,59,Female,Coat,Outerwear,75.0,Texas,M,Black,Summer,4.8,0,Next Day Air,0,0,9,Paypal,Quarterly,0,4,organic_block,300.0,0,0,0,1,0.0,0,1,1,0,Senior (50-70),0.2476854741896758,0.6694413265306122,Low,High,1,1,3,S0,General Buyers
2670,39,Female,Belt,Accessories,28.0,Illinois,L,Teal,Spring,2.8,0,Free Shipping,0,0,31,Credit Card,Weekly,0,52,organic_block,1456.0,0,1,0,0,0.0,0,0,0,1,Mid-Age (35-49),0.457673469387755,0.4560612244897959,High,Medium,0,1,0,S0,General Buyers
2671,30,Female,Sunglasses,Accessories,44.0,Pennsylvania,M,Yellow,Fall,4.7,0,Express,0,0,26,Bank Transfer,Bi-Weekly,0,26,organic_block,1144.0,0,0,0,0,0.0,0,1,1,0,Young Adult (25-34),0.4516102440976391,0.6145510204081632,Medium,High,1,0,0,S0,General Buyers
2672,37,Female,Sandals,Footwear,64.0,Alabama,Xl,Gray,Winter,4.8,0,2-Day Shipping,0,0,41,Paypal,Every 3 Months,0,4,organic_block,256.0,0,0,1,0,0.0,0,1,1,0,Mid-Age (35-49),0.4436038415366146,0.7845816326530612,Medium,High,1,1,2,S0,General Buyers
2673,56,Female,Boots,Footwear,28.0,West Virginia,M,Maroon,Spring,2.9,0,Standard,0,0,13,Cash,Annually,0,1,organic_block,28.0,0,1,0,1,0.0,0,0,0,1,Senior (50-70),0.105469387755102,0.3702244897959184,Low,Low,0,0,2,S5,Low-Value Occasional
2674,67,Female,Hoodie,Clothing,21.0,Nevada,M,Olive,Summer,2.6,0,2-Day Shipping,0,0,4,Cash,Monthly,0,12,organic_block,252.0,0,1,0,1,0.0,0,0,0,1,Senior (50-70),0.0802889155662265,0.2756811224489796,Low,Low,1,0,1,S5,Low-Value Occasional
2675,40,Female,Hat,Accessories,41.0,Florida,S,Charcoal,Fall,3.3,0,Express,0,0,15,Cash,Every 3 Months,0,4,organic_block,164.0,0,0,0,0,0.0,0,0,0,0,Mid-Age (35-49),0.1644201680672268,0.4613035714285714,Low,Medium,1,0,0,S0,General Buyers
2676,24,Female,Shorts,Clothing,38.0,Virginia,M,Peach,Winter,3.4,0,Free Shipping,0,0,38,Cash,Bi-Weekly,0,26,organic_block,988.0,0,1,1,0,0.0,0,0,0,0,Teen (18-24),0.421079631852741,0.5715255102040817,Medium,Medium,0,0,1,S0,General Buyers
2677,43,Female,Backpack,Accessories,77.0,Kentucky,M,Maroon,Spring,3.6,0,Free Shipping,0,0,3,Cash,Fortnightly,0,26,organic_block,2002.0,0,0,0,1,0.0,0,0,0,0,Mid-Age (35-49),0.2227939175670268,0.5755790816326531,Low,Medium,0,0,0,S0,General Buyers
2678,45,Female,Shorts,Clothing,43.0,Connecticut,L,Olive,Spring,3.8,0,Next Day Air,0,0,6,Paypal,Every 3 Months,0,4,organic_block,172.0,0,0,0,1,0.0,0,0,0,0,Mid-Age (35-49),0.1493181272509003,0.4541352040816326,Low,Medium,1,1,1,S0,General Buyers
2679,33,Female,Belt,Accessories,91.0,Montana,M,Magenta,Spring,3.4,0,2-Day Shipping,0,0,34,Credit Card,Bi-Weekly,0,26,organic_block,2366.0,1,0,0,0,0.0,0,0,0,0,Young Adult (25-34),0.3965898359343737,0.7829923469387755,Medium,High,1,1,0,S1,High-Value Loyal
2680,53,Female,Shorts,Clothing,68.0,Montana,S,Yellow,Spring,3.8,0,Express,0,0,7,Debit Card,Quarterly,0,4,organic_block,272.0,0,0,0,1,0.0,0,0,0,0,Senior (50-70),0.1554405762304921,0.5686122448979591,Low,Medium,1,1,1,S0,General Buyers
2681,44,Female,Socks,Clothing,37.0,Nebraska,L,Indigo,Fall,3.3,0,Next Day Air,0,0,21,Venmo,Annually,0,1,organic_block,37.0,0,1,0,0,0.0,0,0,0,0,Mid-Age (35-49),0.1864489795918367,0.4744158163265305,Low,Medium,1,1,1,S0,General Buyers
2682,23,Female,Shoes,Footwear,23.0,Massachusetts,L,Olive,Summer,4.8,0,Standard,0,0,17,Debit Card,Monthly,0,12,organic_block,276.0,0,1,0,0,0.0,0,1,1,0,Teen (18-24),0.3358807523009203,0.4827576530612244,Medium,Medium,0,1,2,S0,General Buyers
2683,59,Female,Sneakers,Footwear,65.0,North Carolina,L,Maroon,Winter,3.9,0,2-Day Shipping,0,0,5,Venmo,Every 3 Months,0,4,organic_block,260.0,0,0,0,1,0.0,0,0,0,0,Senior (50-70),0.1511956782713085,0.5512831632653061,Low,Medium,1,1,2,S0,General Buyers
2684,68,Female,Backpack,Accessories,30.0,Montana,M,Indigo,Summer,4.2,0,Next Day Air,0,0,21,Cash,Fortnightly,0,26,organic_block,780.0,0,1,0,0,0.0,0,1,0,0,Senior (50-70),0.3809979991996798,0.4977908163265306,Medium,Medium,1,0,0,S0,General Buyers
2685,46,Female,Dress,Clothing,45.0,Washington,M,Gray,Summer,4.7,0,Free Shipping,0,0,42,Credit Card,Bi-Weekly,0,26,organic_block,1170.0,0,0,1,0,0.0,0,1,1,0,Mid-Age (35-49),0.5495694277711085,0.7005586734693877,High,High,0,1,1,S0,General Buyers
2686,56,Female,Boots,Footwear,25.0,Virginia,M,Gray,Winter,2.7,0,Express,0,0,49,Credit Card,Quarterly,0,4,organic_block,100.0,0,1,1,0,0.0,0,0,0,1,Senior (50-70),0.3245834333733493,0.5287729591836734,Medium,Medium,1,1,2,S0,General Buyers
2687,40,Female,Socks,Clothing,72.0,Georgia,M,Black,Winter,3.8,0,2-Day Shipping,0,0,33,Cash,Fortnightly,0,26,organic_block,1872.0,0,0,0,0,0.0,0,0,0,0,Mid-Age (35-49),0.4224673869547818,0.7187653061224489,Medium,High,1,0,1,S0,General Buyers
2688,61,Female,Dress,Clothing,75.0,Delaware,M,White,Fall,3.6,0,2-Day Shipping,0,0,12,Debit Card,Bi-Weekly,0,26,organic_block,1950.0,0,0,0,1,0.0,0,0,0,0,Senior (50-70),0.2778959583833533,0.6127474489795919,Low,High,1,1,1,S0,General Buyers
2689,53,Female,Handbag,Accessories,63.0,West Virginia,Xl,Turquoise,Spring,2.9,0,2-Day Shipping,0,0,18,Credit Card,Every 3 Months,0,4,organic_block,252.0,0,0,0,0,0.0,0,0,0,1,Senior (50-70),0.1507875150060024,0.548859693877551,Low,Medium,1,1,0,S0,General Buyers
2690,29,Female,Blouse,Clothing,35.0,Wyoming,M,Orange,Fall,3.9,0,Standard,0,0,47,Paypal,Quarterly,0,4,organic_block,140.0,0,1,1,0,0.0,0,0,0,0,Young Adult (25-34),0.4083385354141656,0.6343188775510203,Medium,High,0,1,1,S0,General Buyers
2691,44,Female,Belt,Accessories,32.0,New Mexico,L,Yellow,Summer,4.7,0,Free Shipping,0,0,18,Bank Transfer,Weekly,0,52,organic_block,1664.0,0,1,0,0,0.0,0,1,1,0,Mid-Age (35-49),0.5300816326530613,0.5212346938775511,High,Medium,0,0,0,S0,General Buyers
2692,43,Female,Pants,Clothing,25.0,Nebraska,L,Blue,Winter,3.3,0,2-Day Shipping,0,0,48,Cash,Monthly,0,12,organic_block,300.0,0,1,1,0,0.0,0,0,0,0,Mid-Age (35-49),0.4056766706682672,0.559670918367347,Medium,Medium,1,0,1,S0,General Buyers
2693,40,Female,Sneakers,Footwear,90.0,Washington,Xl,Violet,Spring,4.2,0,Free Shipping,0,0,18,Debit Card,Every 3 Months,0,4,organic_block,360.0,1,0,0,0,0.0,0,1,0,0,Mid-Age (35-49),0.2547875150060024,0.744984693877551,Low,High,0,1,2,S1,High-Value Loyal
2694,55,Female,Boots,Footwear,70.0,Hawaii,L,Lavender,Summer,2.6,0,Standard,0,0,46,Cash,Quarterly,0,4,organic_block,280.0,0,0,1,0,0.0,0,0,0,1,Senior (50-70),0.2982160864345738,0.7043418367346939,Low,High,0,0,2,S0,General Buyers
2695,66,Female,Sunglasses,Accessories,27.0,Louisiana,M,Olive,Spring,4.9,0,Express,0,0,34,Credit Card,Every 3 Months,0,4,organic_block,108.0,0,1,0,0,0.0,0,1,1,0,Senior (50-70),0.4087466986794718,0.5929923469387754,Medium,Medium,1,1,0,S0,General Buyers
2696,50,Female,Hat,Accessories,92.0,Tennessee,M,Orange,Fall,3.6,0,Standard,0,0,10,Paypal,Bi-Weekly,0,26,organic_block,2392.0,1,0,0,1,0.0,0,0,0,0,Senior (50-70),0.2656510604241697,0.6769183673469388,Low,High,0,1,0,S1,High-Value Loyal
2697,57,Female,Coat,Outerwear,20.0,South Dakota,M,White,Spring,4.7,0,Free Shipping,0,0,12,Debit Card,Monthly,0,12,organic_block,240.0,0,1,0,1,0.0,0,1,1,0,Senior (50-70),0.2972685074029612,0.4381224489795918,Low,Medium,0,1,3,S5,Low-Value Occasional
2698,42,Female,Jacket,Outerwear,52.0,Delaware,L,Red,Winter,3.2,0,Standard,0,0,36,Bank Transfer,Quarterly,0,4,organic_block,208.0,0,0,0,0,0.0,0,0,0,0,Mid-Age (35-49),0.2849915966386555,0.6105714285714285,Low,High,0,0,3,S0,General Buyers
2699,55,Female,Hoodie,Clothing,57.0,Virginia,M,Magenta,Summer,3.6,0,Store Pickup,0,0,34,Venmo,Quarterly,0,4,organic_block,228.0,0,0,0,0,0.0,0,0,0,0,Senior (50-70),0.3047466986794718,0.6462423469387755,Medium,High,0,1,1,S0,General Buyers
2700,25,Female,Boots,Footwear,96.0,Utah,M,Violet,Fall,3.6,0,2-Day Shipping,0,0,49,Debit Card,Annually,0,1,organic_block,96.0,1,0,1,0,0.0,0,0,0,0,Young Adult (25-34),0.3818775510204081,0.8933979591836734,Medium,High,1,1,2,S1,High-Value Loyal
2701,22,Female,T-Shirt,Clothing,68.0,California,Xl,Olive,Winter,3.2,0,Standard,0,0,36,Cash,Weekly,0,52,organic_block,3536.0,0,0,0,0,0.0,0,0,0,0,Teen (18-24),0.5202857142857144,0.6805714285714286,High,High,0,0,1,S0,General Buyers
2702,49,Female,Sweater,Clothing,30.0,Idaho,L,Silver,Summer,2.8,0,Store Pickup,0,0,18,Bank Transfer,Fortnightly,0,26,organic_block,780.0,0,1,0,0,0.0,0,0,0,1,Mid-Age (35-49),0.2506306522609043,0.398484693877551,Low,Low,0,0,1,S0,General Buyers
2703,70,Female,Shoes,Footwear,37.0,Texas,L,Gray,Fall,4.0,0,Next Day Air,0,0,39,Debit Card,Fortnightly,0,26,organic_block,962.0,0,1,1,0,0.0,0,1,0,0,Senior (50-70),0.4752020808323329,0.6082525510204081,High,High,1,1,2,S0,General Buyers
2704,56,Female,Scarf,Accessories,42.0,Tennessee,Xl,Olive,Winter,4.4,0,Free Shipping,0,0,34,Paypal,Weekly,0,52,organic_block,2184.0,0,0,0,0,0.0,0,1,0,0,Senior (50-70),0.6040408163265306,0.6286173469387755,High,High,0,1,0,S0,General Buyers
2705,52,Female,Dress,Clothing,54.0,Tennessee,L,Beige,Spring,3.4,0,Next Day Air,0,0,35,Debit Card,Weekly,0,52,organic_block,2808.0,0,0,0,0,0.0,0,0,0,0,Senior (50-70),0.5301632653061225,0.6262193877551021,High,High,1,1,1,S0,General Buyers
2706,65,Female,Jacket,Outerwear,81.0,Washington,S,Turquoise,Spring,5.0,0,Store Pickup,0,0,1,Credit Card,Bi-Weekly,0,26,organic_block,2106.0,1,0,0,1,0.0,0,1,1,0,Senior (50-70),0.3225490196078431,0.666875,Medium,High,0,1,3,S1,High-Value Loyal
2707,24,Female,Shoes,Footwear,40.0,Alabama,S,Blue,Spring,3.1,0,Express,0,0,48,Debit Card,Quarterly,0,4,organic_block,160.0,0,0,1,0,0.0,0,0,0,0,Teen (18-24),0.3504609843937575,0.613295918367347,Medium,High,1,1,2,S0,General Buyers
2708,32,Female,Backpack,Accessories,88.0,Nebraska,M,Pink,Fall,4.2,0,Standard,0,0,19,Cash,Weekly,0,52,organic_block,4576.0,1,0,0,0,0.0,0,1,0,0,Young Adult (25-34),0.496204081632653,0.7413367346938775,High,High,0,0,0,S1,High-Value Loyal
2709,57,Female,Dress,Clothing,94.0,Alabama,M,Teal,Summer,3.3,0,Store Pickup,0,0,44,Debit Card,Weekly,0,52,organic_block,4888.0,1,0,1,0,0.0,0,0,0,0,Senior (50-70),0.577265306122449,0.8411377551020408,High,High,0,1,1,S1,High-Value Loyal
2710,35,Female,Shirt,Clothing,54.0,Illinois,S,Cyan,Winter,2.9,0,Standard,0,0,9,Credit Card,Bi-Weekly,0,26,organic_block,1404.0,0,0,0,1,0.0,0,0,0,1,Mid-Age (35-49),0.2035286114445778,0.4635663265306122,Low,Medium,0,1,1,S0,General Buyers
2711,69,Female,Jacket,Outerwear,51.0,Wisconsin,L,Purple,Summer,4.7,0,Standard,0,0,3,Bank Transfer,Fortnightly,0,26,organic_block,1326.0,0,0,0,1,0.0,0,1,1,0,Senior (50-70),0.3107939175670268,0.5278290816326531,Medium,Medium,0,0,3,S0,General Buyers
2712,30,Female,Sunglasses,Accessories,22.0,Nebraska,L,Red,Spring,4.0,0,Standard,0,0,50,Venmo,Monthly,0,12,organic_block,264.0,0,1,1,0,0.0,0,1,0,0,Young Adult (25-34),0.4739215686274509,0.59875,High,Medium,0,1,0,S0,General Buyers
2713,37,Female,Jacket,Outerwear,95.0,North Dakota,L,Brown,Fall,4.6,0,Standard,0,0,7,Debit Card,Quarterly,0,4,organic_block,380.0,1,0,0,1,0.0,0,1,1,0,Mid-Age (35-49),0.2194405762304921,0.7347372448979591,Low,High,0,1,3,S1,High-Value Loyal
2714,19,Female,Coat,Outerwear,57.0,Mississippi,M,Magenta,Fall,3.8,0,2-Day Shipping,0,0,20,Debit Card,Annually,0,1,organic_block,57.0,0,0,0,0,0.0,0,0,0,0,Teen (18-24),0.2203265306122449,0.586813775510204,Low,Medium,1,1,3,S0,General Buyers
2715,53,Female,Sweater,Clothing,45.0,Iowa,S,Olive,Winter,3.6,0,Store Pickup,0,0,16,Credit Card,Bi-Weekly,0,26,organic_block,1170.0,0,0,0,0,0.0,0,0,0,0,Senior (50-70),0.3023857543017207,0.5019056122448979,Low,Medium,0,1,1,S0,General Buyers
2716,25,Female,Sneakers,Footwear,92.0,Mississippi,Xl,Pink,Winter,4.1,0,Express,0,0,29,Paypal,Fortnightly,0,26,organic_block,2392.0,1,0,0,0,0.0,0,1,0,0,Young Adult (25-34),0.4219775910364145,0.8038571428571428,Medium,High,1,1,2,S1,High-Value Loyal
2717,47,Female,Shoes,Footwear,40.0,Colorado,L,Black,Spring,2.7,0,Store Pickup,0,0,21,Debit Card,Weekly,0,52,organic_block,2080.0,0,0,0,0,0.0,0,0,0,1,Mid-Age (35-49),0.3884489795918368,0.4515408163265306,Medium,Medium,0,1,2,S0,General Buyers
2718,18,Female,Sunglasses,Accessories,62.0,Nebraska,Xl,Beige,Winter,4.3,0,Free Shipping,0,0,19,Credit Card,Every 3 Months,0,4,organic_block,248.0,0,0,0,0,0.0,0,1,0,0,Teen (18-24),0.2689099639855942,0.6335867346938776,Low,High,0,1,0,S0,General Buyers
2719,22,Female,Shorts,Clothing,90.0,Virginia,M,Peach,Winter,4.9,0,Next Day Air,0,0,10,Venmo,Bi-Weekly,0,26,organic_block,2340.0,1,0,0,1,0.0,0,1,1,0,Teen (18-24),0.3696510604241697,0.7461683673469387,Medium,High,1,1,1,S1,High-Value Loyal
2720,69,Female,Hoodie,Clothing,82.0,Louisiana,S,Peach,Fall,4.2,0,Free Shipping,0,0,4,Bank Transfer,Monthly,0,12,organic_block,984.0,1,0,0,1,0.0,0,1,0,0,Senior (50-70),0.2082889155662265,0.6385561224489796,Low,High,0,0,1,S1,High-Value Loyal
2721,55,Female,Scarf,Accessories,52.0,Maryland,M,Peach,Spring,2.8,0,Store Pickup,0,0,45,Bank Transfer,Quarterly,0,4,organic_block,208.0,0,0,1,0,0.0,0,0,0,1,Senior (50-70),0.308093637454982,0.6324897959183673,Medium,High,0,0,0,S0,General Buyers
2722,19,Female,Sandals,Footwear,70.0,Minnesota,S,Teal,Spring,4.9,0,Free Shipping,0,0,17,Paypal,Fortnightly,0,26,organic_block,1820.0,0,0,0,0,0.0,0,1,1,0,Teen (18-24),0.4125082032813125,0.6943826530612245,Medium,High,0,1,2,S0,General Buyers
2723,23,Female,Hat,Accessories,83.0,Maine,M,Green,Spring,2.8,0,2-Day Shipping,0,0,22,Paypal,Fortnightly,0,26,organic_block,2158.0,1,0,0,0,0.0,0,0,0,1,Teen (18-24),0.2751204481792716,0.6507678571428571,Low,High,1,1,0,S1,High-Value Loyal
2724,54,Female,Shoes,Footwear,49.0,Texas,Xl,Brown,Summer,2.9,0,Store Pickup,0,0,3,Paypal,Every 3 Months,0,4,organic_block,196.0,0,0,0,1,0.0,0,0,0,1,Senior (50-70),0.0589507803121248,0.411079081632653,Low,Low,0,1,2,S0,General Buyers
2725,52,Female,Sneakers,Footwear,91.0,Missouri,M,Brown,Spring,2.5,0,Next Day Air,0,0,11,Debit Card,Fortnightly,0,26,organic_block,2366.0,1,0,0,1,0.0,0,0,0,1,Senior (50-70),0.1837735094037615,0.6116454081632653,Low,High,1,1,2,S1,High-Value Loyal
2726,64,Female,Backpack,Accessories,99.0,Mississippi,S,Violet,Summer,2.7,0,Free Shipping,0,0,4,Debit Card,Annually,0,1,organic_block,99.0,1,0,0,1,0.0,0,0,0,1,Senior (50-70),0.0343673469387755,0.6229311224489796,Low,High,0,1,0,S1,High-Value Loyal
2727,33,Female,Belt,Accessories,92.0,Michigan,L,Blue,Winter,3.3,0,Free Shipping,0,0,11,Paypal,Bi-Weekly,0,26,organic_block,2392.0,1,0,0,1,0.0,0,0,0,0,Young Adult (25-34),0.2477735094037614,0.6640204081632654,Low,High,0,1,0,S1,High-Value Loyal
2728,40,Female,Shirt,Clothing,87.0,Colorado,L,Charcoal,Winter,3.7,0,2-Day Shipping,0,0,47,Credit Card,Fortnightly,0,26,organic_block,2262.0,1,0,1,0,0.0,0,0,0,0,Mid-Age (35-49),0.5001816726690677,0.8498188775510205,High,High,1,1,1,S1,High-Value Loyal
2729,26,Female,Skirt,Clothing,28.0,Florida,M,Pink,Winter,4.0,0,Express,0,0,17,Debit Card,Weekly,0,52,organic_block,1456.0,0,1,0,0,0.0,0,1,0,0,Young Adult (25-34),0.4679591836734694,0.4566326530612244,High,Medium,1,1,1,S0,General Buyers
2730,31,Female,Gloves,Accessories,71.0,Montana,S,Violet,Summer,4.1,0,Free Shipping,0,0,32,Credit Card,Monthly,0,12,organic_block,852.0,0,0,0,0,0.0,0,1,0,0,Young Adult (25-34),0.3717174869947979,0.7272882653061225,Medium,High,0,1,0,S0,General Buyers
2731,23,Female,Gloves,Accessories,32.0,Wisconsin,M,Teal,Winter,4.1,0,Store Pickup,0,0,37,Bank Transfer,Annually,0,1,organic_block,32.0,0,1,0,0,0.0,0,1,0,0,Teen (18-24),0.3484081632653061,0.582173469387755,Medium,Medium,0,0,0,S0,General Buyers
2732,52,Female,Handbag,Accessories,33.0,Wisconsin,M,Red,Summer,2.5,0,2-Day Shipping,0,0,44,Bank Transfer,Quarterly,0,4,organic_block,132.0,0,1,1,0,0.0,0,0,0,1,Senior (50-70),0.2779711884753901,0.5262627551020408,Low,Medium,1,0,0,S0,General Buyers
2733,21,Female,Socks,Clothing,75.0,Delaware,L,Orange,Winter,4.2,0,Store Pickup,0,0,27,Debit Card,Every 3 Months,0,4,organic_block,300.0,0,0,0,0,0.0,0,1,0,0,Teen (18-24),0.3098895558223289,0.7252780612244898,Medium,High,0,1,1,S0,General Buyers
2734,31,Female,Backpack,Accessories,83.0,North Carolina,M,Magenta,Summer,4.7,0,Express,0,0,46,Paypal,Annually,0,1,organic_block,83.0,1,0,1,0,0.0,0,1,1,0,Young Adult (25-34),0.4515102040816326,0.8872168367346939,Medium,High,1,1,0,S1,High-Value Loyal
2735,63,Female,Jeans,Clothing,93.0,New York,Xl,Yellow,Summer,2.7,0,2-Day Shipping,0,0,13,Cash,Bi-Weekly,0,26,organic_block,2418.0,1,0,0,1,0.0,0,0,0,1,Senior (50-70),0.2120184073629452,0.6425994897959184,Low,High,1,0,1,S1,High-Value Loyal
2736,46,Female,Skirt,Clothing,29.0,California,M,Yellow,Spring,3.0,0,Express,0,0,2,Paypal,Bi-Weekly,0,26,organic_block,754.0,0,1,0,1,0.0,0,0,0,0,Mid-Age (35-49),0.1686714685874349,0.3244770408163265,Low,Low,1,1,1,S5,Low-Value Occasional
2737,44,Female,Hoodie,Clothing,25.0,Montana,M,Pink,Spring,4.8,0,Store Pickup,0,0,45,Credit Card,Annually,0,1,organic_block,25.0,0,1,1,0,0.0,0,1,1,0,Mid-Age (35-49),0.4533877551020408,0.6343647959183674,Medium,High,0,1,1,S0,General Buyers
2738,57,Female,Jewelry,Accessories,76.0,North Carolina,S,Indigo,Spring,4.4,0,Free Shipping,0,0,35,Cash,Every 3 Months,0,4,organic_block,304.0,0,0,0,0,0.0,0,1,0,0,Senior (50-70),0.3748691476590636,0.782469387755102,Medium,High,0,0,0,S0,General Buyers
2739,50,Female,Sneakers,Footwear,81.0,Ohio,M,Charcoal,Summer,4.3,0,2-Day Shipping,0,0,39,Venmo,Every 3 Months,0,4,organic_block,324.0,1,0,1,0,0.0,0,1,0,0,Senior (50-70),0.3913589435774309,0.8187525510204081,Medium,High,1,1,2,S1,High-Value Loyal
2740,33,Female,Shirt,Clothing,80.0,Alaska,Xl,Blue,Winter,2.5,0,Store Pickup,0,0,39,Credit Card,Every 3 Months,0,4,organic_block,320.0,0,0,1,0,0.0,0,0,0,1,Young Adult (25-34),0.2473589435774309,0.7063775510204081,Low,High,0,1,1,S0,General Buyers
2741,19,Female,Sunglasses,Accessories,70.0,Pennsylvania,M,Lavender,Summer,4.9,0,Free Shipping,0,0,34,Bank Transfer,Fortnightly,0,26,organic_block,1820.0,0,0,0,0,0.0,0,1,1,0,Teen (18-24),0.5165898359343738,0.7811173469387755,High,High,0,0,0,S0,General Buyers
2742,68,Female,Dress,Clothing,81.0,Maine,L,Yellow,Fall,4.9,0,2-Day Shipping,0,0,41,Venmo,Monthly,0,12,organic_block,972.0,1,0,1,0,0.0,0,1,1,0,Senior (50-70),0.4908195278111245,0.8649566326530612,High,High,1,1,1,S1,High-Value Loyal
2743,27,Female,Shoes,Footwear,86.0,Texas,M,Black,Spring,3.9,0,Free Shipping,0,0,47,Debit Card,Annually,0,1,organic_block,86.0,1,0,1,0,0.0,0,0,0,0,Young Adult (25-34),0.3936326530612244,0.8574438775510204,Medium,High,0,1,2,S1,High-Value Loyal
2744,61,Female,Belt,Accessories,94.0,New Jersey,S,Beige,Fall,4.1,0,2-Day Shipping,0,0,17,Venmo,Quarterly,0,4,organic_block,376.0,1,0,0,0,0.0,0,1,0,0,Senior (50-70),0.2406650660264105,0.7513826530612244,Low,High,1,1,0,S1,High-Value Loyal
2745,38,Female,Shirt,Clothing,66.0,Wyoming,M,Silver,Winter,3.3,0,Store Pickup,0,0,40,Credit Card,Monthly,0,12,organic_block,792.0,0,0,1,0,0.0,0,0,0,0,Mid-Age (35-49),0.3566970788315326,0.6982295918367347,Medium,High,0,1,1,S0,General Buyers
2746,28,Female,Boots,Footwear,98.0,Michigan,M,Magenta,Summer,4.1,0,Standard,0,0,44,Paypal,Bi-Weekly,0,26,organic_block,2548.0,1,0,1,0,0.0,0,1,0,0,Young Adult (25-34),0.5138143257302921,0.9066377551020408,High,High,0,1,2,S1,High-Value Loyal
2747,39,Female,Hoodie,Clothing,25.0,Ohio,M,Orange,Fall,3.7,0,Standard,0,0,21,Paypal,Every 3 Months,0,4,organic_block,100.0,0,1,0,0,0.0,0,0,0,0,Mid-Age (35-49),0.2331548619447779,0.4459158163265306,Low,Medium,0,1,1,S0,General Buyers
2748,18,Female,Jeans,Clothing,62.0,West Virginia,M,Teal,Winter,3.1,0,Free Shipping,0,0,21,Credit Card,Every 3 Months,0,4,organic_block,248.0,0,0,0,0,0.0,0,0,0,0,Teen (18-24),0.1851548619447779,0.5717908163265306,Low,Medium,0,1,1,S0,General Buyers
2749,24,Female,Jacket,Outerwear,98.0,Virginia,L,Turquoise,Spring,3.0,0,Free Shipping,0,0,16,Venmo,Annually,0,1,organic_block,98.0,1,0,0,0,0.0,0,0,0,0,Teen (18-24),0.1318367346938775,0.697780612244898,Low,High,0,1,3,S1,High-Value Loyal
2750,64,Female,Jacket,Outerwear,53.0,Vermont,M,Cyan,Spring,3.4,0,Standard,0,0,15,Bank Transfer,Annually,0,1,organic_block,53.0,0,0,0,0,0.0,0,0,0,0,Senior (50-70),0.1577142857142857,0.5198035714285715,Low,Medium,0,0,3,S0,General Buyers
2751,51,Female,Sandals,Footwear,66.0,Alaska,L,Pink,Spring,2.7,0,2-Day Shipping,0,0,26,Paypal,Every 3 Months,0,4,organic_block,264.0,0,0,0,0,0.0,0,0,0,1,Senior (50-70),0.1837671068427371,0.5908010204081633,Low,Medium,1,1,2,S0,General Buyers
2752,27,Female,Dress,Clothing,52.0,Minnesota,S,Indigo,Fall,3.1,0,Free Shipping,0,0,50,Venmo,Monthly,0,12,organic_block,624.0,0,0,1,0,0.0,0,0,0,0,Young Adult (25-34),0.401921568627451,0.676,Medium,High,0,1,1,S0,General Buyers
2753,48,Female,Sweater,Clothing,64.0,Colorado,S,Peach,Winter,4.0,0,Free Shipping,0,0,30,Venmo,Bi-Weekly,0,26,organic_block,1664.0,0,0,0,0,0.0,0,1,0,0,Mid-Age (35-49),0.4201000400160063,0.6804591836734694,Medium,High,0,1,1,S0,General Buyers
2754,69,Female,Gloves,Accessories,59.0,Rhode Island,M,Beige,Spring,3.6,0,Next Day Air,0,0,48,Paypal,Quarterly,0,4,organic_block,236.0,0,0,1,0,0.0,0,0,0,0,Senior (50-70),0.3904609843937575,0.7264209183673469,Medium,High,1,1,0,S0,General Buyers
2755,59,Female,Sunglasses,Accessories,61.0,New Jersey,L,Gold,Summer,3.6,0,Free Shipping,0,0,21,Venmo,Bi-Weekly,0,26,organic_block,1586.0,0,0,0,0,0.0,0,0,0,0,Senior (50-70),0.3329979991996799,0.5974158163265306,Medium,Medium,0,1,0,S0,General Buyers
2756,59,Female,Belt,Accessories,97.0,Nevada,M,Indigo,Winter,3.3,0,Store Pickup,0,0,18,Credit Card,Annually,0,1,organic_block,97.0,1,0,0,0,0.0,0,0,0,0,Senior (50-70),0.1680816326530612,0.721609693877551,Low,High,0,1,0,S1,High-Value Loyal
2757,42,Female,Hat,Accessories,23.0,Minnesota,L,Violet,Winter,4.1,0,Free Shipping,0,0,41,Paypal,Monthly,0,12,organic_block,276.0,0,1,1,0,0.0,0,1,0,0,Mid-Age (35-49),0.4268195278111244,0.5632066326530613,Medium,Medium,0,1,0,S0,General Buyers
2758,39,Female,Hat,Accessories,98.0,Delaware,Xl,Brown,Fall,4.3,0,Next Day Air,0,0,11,Venmo,Monthly,0,12,organic_block,1176.0,1,0,0,1,0.0,0,1,0,0,Mid-Age (35-49),0.2591460584233693,0.7502704081632653,Low,High,1,1,0,S1,High-Value Loyal
2759,32,Female,Blouse,Clothing,98.0,Illinois,M,Purple,Summer,3.2,0,Standard,0,0,8,Bank Transfer,Bi-Weekly,0,26,organic_block,2548.0,1,0,0,1,0.0,0,0,0,0,Young Adult (25-34),0.221406162464986,0.6689642857142857,Low,High,0,0,1,S1,High-Value Loyal
2760,68,Female,Shoes,Footwear,59.0,Washington,M,Turquoise,Summer,3.9,0,Free Shipping,0,0,42,Cash,Every 3 Months,0,4,organic_block,236.0,0,0,1,0,0.0,0,0,0,0,Senior (50-70),0.3777262905162065,0.7138086734693877,Medium,High,0,0,2,S0,General Buyers
2761,41,Female,Skirt,Clothing,82.0,Alaska,S,Violet,Fall,5.0,0,Next Day Air,0,0,41,Credit Card,Bi-Weekly,0,26,organic_block,2132.0,1,0,1,0,0.0,0,1,1,0,Mid-Age (35-49),0.5674469787915166,0.8753316326530612,High,High,1,1,1,S1,High-Value Loyal
2762,31,Female,Sneakers,Footwear,82.0,Michigan,M,Purple,Fall,3.4,0,Next Day Air,0,0,3,Credit Card,Every 3 Months,0,4,organic_block,328.0,1,0,0,1,0.0,0,0,0,0,Young Adult (25-34),0.0989507803121248,0.5854540816326531,Low,Medium,1,1,2,S0,General Buyers
2763,58,Female,T-Shirt,Clothing,41.0,Georgia,M,Charcoal,Fall,3.8,0,Store Pickup,0,0,10,Debit Card,Every 3 Months,0,4,organic_block,164.0,0,0,0,1,0.0,0,0,0,0,Senior (50-70),0.1738079231692677,0.4657933673469387,Low,Medium,0,1,1,S0,General Buyers
2764,28,Female,Handbag,Accessories,52.0,West Virginia,M,Green,Fall,2.9,0,2-Day Shipping,0,0,35,Venmo,Quarterly,0,4,organic_block,208.0,0,0,0,0,0.0,0,0,0,1,Young Adult (25-34),0.2548691476590636,0.587469387755102,Low,Medium,1,1,0,S0,General Buyers
2765,63,Female,Sweater,Clothing,41.0,Arizona,Xl,White,Spring,2.6,0,Next Day Air,0,0,2,Debit Card,Weekly,0,52,organic_block,2132.0,0,0,0,1,0.0,0,0,0,1,Senior (50-70),0.2641224489795918,0.3529770408163265,Low,Low,1,1,1,S0,General Buyers
2766,64,Female,Gloves,Accessories,70.0,Colorado,M,Purple,Summer,4.3,0,2-Day Shipping,0,0,24,Credit Card,Quarterly,0,4,organic_block,280.0,0,0,0,0,0.0,0,1,0,0,Senior (50-70),0.2995222088835534,0.6940969387755102,Low,High,1,1,0,S0,General Buyers
2767,66,Female,Dress,Clothing,91.0,Tennessee,M,Cyan,Winter,2.8,0,Standard,0,0,47,Credit Card,Monthly,0,12,organic_block,1092.0,1,0,1,0,0.0,0,0,0,1,Senior (50-70),0.3595542216886754,0.8133188775510204,Medium,High,0,1,1,S1,High-Value Loyal
2768,31,Female,Dress,Clothing,95.0,Iowa,M,Green,Spring,4.5,0,Free Shipping,0,0,31,Cash,Monthly,0,12,organic_block,1140.0,1,0,0,0,0.0,0,1,1,0,Young Adult (25-34),0.3975950380152061,0.851186224489796,Medium,High,0,0,1,S1,High-Value Loyal
2769,55,Female,Blouse,Clothing,25.0,Kansas,M,Beige,Spring,3.8,0,2-Day Shipping,0,0,28,Paypal,Bi-Weekly,0,26,organic_block,650.0,0,1,0,0,0.0,0,0,0,0,Senior (50-70),0.3918551420568227,0.4876301020408162,Medium,Medium,1,1,1,S0,General Buyers
2770,32,Female,Shirt,Clothing,89.0,Oklahoma,L,Lavender,Fall,3.0,0,Standard,0,0,13,Cash,Weekly,0,52,organic_block,4628.0,1,0,0,1,0.0,0,0,0,0,Young Adult (25-34),0.363469387755102,0.6430994897959184,Medium,High,0,0,1,S1,High-Value Loyal
2771,50,Female,Boots,Footwear,44.0,Nebraska,S,Blue,Fall,3.3,0,Express,0,0,22,Bank Transfer,Quarterly,0,4,organic_block,176.0,0,0,0,0,0.0,0,0,0,0,Senior (50-70),0.2072773109243697,0.5101428571428571,Low,Medium,1,0,2,S0,General Buyers
2772,58,Female,Jacket,Outerwear,52.0,Maryland,S,Beige,Summer,3.1,0,2-Day Shipping,0,0,12,Bank Transfer,Fortnightly,0,26,organic_block,1352.0,0,0,0,1,0.0,0,0,0,0,Senior (50-70),0.2378959583833533,0.4821224489795919,Low,Medium,1,0,3,S0,General Buyers
2773,18,Female,Backpack,Accessories,94.0,Pennsylvania,L,Blue,Spring,3.5,0,Store Pickup,0,0,10,Bank Transfer,Every 3 Months,0,4,organic_block,376.0,1,0,0,1,0.0,0,0,0,0,Teen (18-24),0.1498079231692677,0.6796683673469388,Low,High,0,0,0,S1,High-Value Loyal
2774,39,Female,Pants,Clothing,98.0,Arizona,S,Maroon,Spring,4.6,0,Express,0,0,45,Bank Transfer,Quarterly,0,4,organic_block,392.0,1,0,1,0,0.0,0,1,1,0,Mid-Age (35-49),0.452093637454982,0.9417397959183672,Medium,High,1,0,1,S1,High-Value Loyal
2775,56,Female,Boots,Footwear,40.0,Oklahoma,L,Yellow,Fall,4.1,0,Standard,0,0,42,Credit Card,Quarterly,0,4,organic_block,160.0,0,0,1,0,0.0,0,1,0,0,Senior (50-70),0.3937262905162064,0.6426836734693877,Medium,High,0,1,2,S0,General Buyers
2776,37,Female,Socks,Clothing,25.0,Montana,L,Red,Fall,3.6,0,Free Shipping,0,0,16,Debit Card,Weekly,0,52,organic_block,1300.0,0,1,0,0,0.0,0,0,0,0,Mid-Age (35-49),0.4298367346938775,0.4144056122448979,Medium,Low,0,1,1,S0,General Buyers
2777,46,Female,Scarf,Accessories,62.0,Wyoming,L,Green,Fall,2.9,0,Free Shipping,0,0,6,Bank Transfer,Annually,0,1,organic_block,62.0,0,0,0,1,0.0,0,0,0,1,Mid-Age (35-49),0.0626122448979591,0.4832602040816326,Low,Medium,0,0,0,S0,General Buyers
2778,52,Female,Blouse,Clothing,24.0,Idaho,M,Magenta,Fall,4.8,0,Standard,0,0,28,Credit Card,Every 3 Months,0,4,organic_block,96.0,0,1,0,0,0.0,0,1,1,0,Senior (50-70),0.3640120048019207,0.5432551020408163,Medium,Medium,0,1,1,S0,General Buyers
2779,70,Female,Belt,Accessories,57.0,Pennsylvania,L,Yellow,Spring,3.2,0,Standard,0,0,24,Credit Card,Bi-Weekly,0,26,organic_block,1482.0,0,0,0,0,0.0,0,0,0,0,Senior (50-70),0.3193653461384553,0.5712219387755102,Medium,Medium,0,1,0,S0,General Buyers
2780,61,Female,Sunglasses,Accessories,66.0,Montana,L,Blue,Winter,4.3,0,Express,0,0,14,Credit Card,Fortnightly,0,26,organic_block,1716.0,0,0,0,0,0.0,0,1,0,0,Senior (50-70),0.346140856342537,0.6255765306122448,Medium,High,1,1,0,S0,General Buyers
2781,33,Female,Boots,Footwear,70.0,Ohio,M,Charcoal,Winter,4.1,0,Next Day Air,0,0,29,Paypal,Fortnightly,0,26,organic_block,1820.0,0,0,0,0,0.0,0,1,0,0,Young Adult (25-34),0.4219775910364145,0.7076071428571428,Medium,High,1,1,2,S0,General Buyers
2782,65,Female,Sandals,Footwear,39.0,Mississippi,M,Blue,Spring,4.6,0,Standard,0,0,33,Paypal,Weekly,0,52,organic_block,2028.0,0,1,0,0,0.0,0,1,1,0,Senior (50-70),0.6139183673469388,0.6223903061224489,High,High,0,1,2,S0,General Buyers
2783,41,Female,Gloves,Accessories,34.0,Idaho,S,Cyan,Spring,3.8,0,Free Shipping,0,0,30,Paypal,Annually,0,1,organic_block,34.0,0,1,0,0,0.0,0,0,0,0,Mid-Age (35-49),0.2815510204081632,0.5372091836734694,Low,Medium,0,1,0,S0,General Buyers
2784,19,Female,Skirt,Clothing,38.0,Virginia,M,Silver,Spring,4.5,0,Next Day Air,0,0,26,Credit Card,Quarterly,0,4,organic_block,152.0,0,1,0,0,0.0,0,1,1,0,Teen (18-24),0.3277671068427371,0.5763010204081633,Medium,Medium,1,1,1,S0,General Buyers
2785,33,Female,Skirt,Clothing,70.0,Idaho,M,Black,Winter,3.1,0,Express,0,0,12,Paypal,Every 3 Months,0,4,organic_block,280.0,0,0,0,1,0.0,0,0,0,0,Young Adult (25-34),0.1300528211284514,0.5608724489795919,Low,Medium,1,1,1,S0,General Buyers
2786,53,Female,Blouse,Clothing,80.0,Louisiana,S,Green,Summer,2.9,0,Next Day Air,0,0,13,Bank Transfer,Monthly,0,12,organic_block,960.0,0,0,0,1,0.0,0,0,0,1,Senior (50-70),0.159390956382553,0.5977244897959184,Low,Medium,1,0,1,S0,General Buyers
2787,54,Female,Handbag,Accessories,51.0,Colorado,M,Violet,Spring,3.8,0,Next Day Air,0,0,41,Debit Card,Every 3 Months,0,4,organic_block,204.0,0,0,1,0,0.0,0,0,0,0,Senior (50-70),0.3636038415366146,0.6677066326530612,Medium,High,1,1,0,S0,General Buyers
2788,36,Female,Boots,Footwear,79.0,West Virginia,Xl,Pink,Spring,4.1,0,Next Day Air,0,0,4,Venmo,Fortnightly,0,26,organic_block,2054.0,0,0,0,1,0.0,0,1,0,0,Mid-Age (35-49),0.2689163665466186,0.6194311224489796,Low,High,1,1,2,S0,General Buyers
2789,56,Female,Boots,Footwear,92.0,Rhode Island,M,Olive,Summer,3.1,0,Free Shipping,0,0,2,Credit Card,Annually,0,1,organic_block,92.0,1,0,0,1,0.0,0,0,0,0,Senior (50-70),0.0541224489795918,0.6061020408163266,Low,High,0,1,2,S1,High-Value Loyal
2790,28,Female,Sweater,Clothing,85.0,North Carolina,L,Orange,Fall,5.0,0,Express,0,0,28,Credit Card,Bi-Weekly,0,26,organic_block,2210.0,1,0,0,0,0.0,0,1,1,0,Young Adult (25-34),0.4878551420568227,0.8221301020408164,High,High,1,1,1,S1,High-Value Loyal
2791,34,Female,Socks,Clothing,63.0,Maine,M,Black,Spring,4.5,0,Free Shipping,0,0,24,Debit Card,Annually,0,1,organic_block,63.0,0,0,0,0,0.0,0,1,1,0,Young Adult (25-34),0.3008163265306123,0.6754719387755103,Low,High,0,1,1,S0,General Buyers
2792,43,Female,Gloves,Accessories,60.0,Iowa,M,Yellow,Fall,2.8,0,Express,0,0,14,Venmo,Fortnightly,0,26,organic_block,1560.0,0,0,0,0,0.0,0,0,0,1,Mid-Age (35-49),0.226140856342537,0.5093265306122449,Low,Medium,1,1,0,S0,General Buyers
2793,54,Female,Shorts,Clothing,44.0,Kentucky,L,Violet,Winter,3.2,0,Express,0,0,11,Credit Card,Weekly,0,52,organic_block,2288.0,0,0,0,1,0.0,0,0,0,0,Senior (50-70),0.3672244897959184,0.4480204081632652,Medium,Medium,1,1,1,S0,General Buyers
2794,37,Female,Boots,Footwear,57.0,Massachusetts,M,Silver,Spring,3.1,0,Standard,0,0,27,Debit Card,Bi-Weekly,0,26,organic_block,1482.0,0,0,0,0,0.0,0,0,0,0,Mid-Age (35-49),0.3297326930772308,0.5805280612244899,Medium,Medium,0,1,2,S0,General Buyers
2795,33,Female,Jacket,Outerwear,24.0,New York,M,Gold,Fall,3.3,0,Standard,0,0,7,Cash,Fortnightly,0,26,organic_block,624.0,0,1,0,1,0.0,0,0,0,0,Young Adult (25-34),0.2232837134853941,0.3461122448979591,Low,Low,0,0,3,S5,Low-Value Occasional
2796,33,Female,Scarf,Accessories,35.0,Nebraska,M,Magenta,Winter,3.4,0,Store Pickup,0,0,49,Paypal,Annually,0,1,organic_block,35.0,0,1,1,0,0.0,0,0,0,0,Young Adult (25-34),0.3658775510204081,0.6145229591836735,Medium,High,0,1,0,S0,General Buyers
2797,55,Female,Jacket,Outerwear,73.0,Oklahoma,M,Red,Winter,3.8,0,Store Pickup,0,0,21,Cash,Annually,0,1,organic_block,73.0,0,0,0,0,0.0,0,0,0,0,Senior (50-70),0.2264489795918367,0.6619158163265305,Low,High,0,0,3,S0,General Buyers
2798,63,Female,Jewelry,Accessories,42.0,Oklahoma,M,Green,Winter,3.5,0,Express,0,0,10,Venmo,Every 3 Months,0,4,organic_block,168.0,0,0,0,1,0.0,0,0,0,0,Senior (50-70),0.1498079231692677,0.4521683673469387,Low,Medium,1,1,0,S0,General Buyers
2799,52,Female,Hoodie,Clothing,20.0,Rhode Island,Xl,Red,Winter,4.8,0,Store Pickup,0,0,37,Paypal,Weekly,0,52,organic_block,1040.0,0,1,0,0,0.0,0,1,1,0,Senior (50-70),0.654408163265306,0.5716734693877551,High,Medium,0,1,1,S0,General Buyers
2800,23,Female,T-Shirt,Clothing,89.0,Maine,L,Pink,Spring,3.9,0,Free Shipping,0,0,9,Bank Transfer,Every 3 Months,0,4,organic_block,356.0,1,0,0,1,0.0,0,0,0,0,Teen (18-24),0.1756854741896758,0.6766913265306121,Low,High,0,0,1,S1,High-Value Loyal
2801,70,Female,Shirt,Clothing,76.0,Arkansas,L,Violet,Fall,3.4,0,Free Shipping,0,0,14,Cash,Bi-Weekly,0,26,organic_block,1976.0,0,0,0,0,0.0,0,0,0,0,Senior (50-70),0.274140856342537,0.6153265306122448,Low,High,0,0,1,S0,General Buyers
2802,64,Female,Shirt,Clothing,56.0,New Mexico,M,Indigo,Winter,2.6,0,Express,0,0,30,Paypal,Annually,0,1,organic_block,56.0,0,0,0,0,0.0,0,0,0,1,Senior (50-70),0.1855510204081632,0.5614591836734694,Low,Medium,1,1,1,S0,General Buyers
2803,22,Female,Coat,Outerwear,100.0,Hawaii,L,Red,Fall,3.1,0,Store Pickup,0,0,42,Credit Card,Fortnightly,0,26,organic_block,2600.0,1,0,1,0,0.0,0,0,0,0,Teen (18-24),0.4215694277711085,0.8451836734693878,Medium,High,0,1,3,S1,High-Value Loyal
2804,46,Female,T-Shirt,Clothing,44.0,Idaho,M,Violet,Winter,3.3,0,Free Shipping,0,0,31,Bank Transfer,Monthly,0,12,organic_block,528.0,0,0,0,0,0.0,0,0,0,0,Mid-Age (35-49),0.3015950380152061,0.556061224489796,Low,Medium,0,0,1,S0,General Buyers
2805,65,Female,Hoodie,Clothing,76.0,South Carolina,M,Cyan,Spring,2.8,0,Standard,0,0,48,Bank Transfer,Every 3 Months,0,4,organic_block,304.0,0,0,1,0,0.0,0,0,0,1,Senior (50-70),0.3264609843937574,0.7527959183673469,Medium,High,0,0,1,S0,General Buyers
2806,18,Female,Sunglasses,Accessories,97.0,Nevada,S,Black,Fall,4.3,0,Standard,0,0,48,Cash,Quarterly,0,4,organic_block,388.0,1,0,1,0,0.0,0,1,0,0,Teen (18-24),0.4464609843937575,0.9346709183673468,Medium,High,0,0,0,S1,High-Value Loyal
2807,45,Female,Blouse,Clothing,39.0,South Carolina,L,Purple,Spring,2.7,0,Standard,0,0,50,Credit Card,Annually,0,1,organic_block,39.0,0,1,1,0,0.0,0,0,0,1,Mid-Age (35-49),0.316,0.595125,Medium,Medium,0,1,1,S0,General Buyers
2808,56,Female,Hoodie,Clothing,100.0,Maryland,M,Charcoal,Spring,4.4,0,2-Day Shipping,0,0,10,Debit Card,Fortnightly,0,26,organic_block,2600.0,1,0,0,1,0.0,0,1,0,0,Senior (50-70),0.3296510604241697,0.7599183673469387,Medium,High,1,1,1,S1,High-Value Loyal
2809,49,Female,Skirt,Clothing,62.0,Tennessee,M,Beige,Spring,3.9,0,Free Shipping,0,0,45,Paypal,Every 3 Months,0,4,organic_block,248.0,0,0,1,0,0.0,0,0,0,0,Mid-Age (35-49),0.396093637454982,0.7422397959183673,Medium,High,0,1,1,S0,General Buyers
2810,66,Female,Shorts,Clothing,98.0,Arkansas,Xl,Teal,Summer,3.0,0,Standard,0,0,27,Debit Card,Quarterly,0,4,organic_block,392.0,1,0,0,0,0.0,0,0,0,0,Senior (50-70),0.2138895558223289,0.7539030612244898,Low,High,0,1,1,S1,High-Value Loyal
2811,27,Female,Jeans,Clothing,31.0,Arizona,M,Purple,Summer,4.0,0,Standard,0,0,10,Debit Card,Fortnightly,0,26,organic_block,806.0,0,1,0,1,0.0,0,1,0,0,Young Adult (25-34),0.2976510604241696,0.4340433673469387,Low,Medium,0,1,1,S5,Low-Value Occasional
2812,69,Female,Jacket,Outerwear,89.0,Ohio,M,Blue,Fall,3.7,0,Store Pickup,0,0,19,Credit Card,Quarterly,0,4,organic_block,356.0,1,0,0,0,0.0,0,0,0,0,Senior (50-70),0.2209099639855942,0.7157117346938775,Low,High,0,1,3,S1,High-Value Loyal
2813,66,Female,Hoodie,Clothing,91.0,North Dakota,Xl,Magenta,Fall,3.8,0,Store Pickup,0,0,1,Credit Card,Every 3 Months,0,4,organic_block,364.0,1,0,0,1,0.0,0,0,0,0,Senior (50-70),0.1187058823529411,0.6386249999999999,Low,High,0,1,1,S1,High-Value Loyal
2814,45,Female,Shirt,Clothing,50.0,Vermont,S,Maroon,Summer,3.3,0,2-Day Shipping,0,0,39,Debit Card,Quarterly,0,4,organic_block,200.0,0,0,1,0,0.0,0,0,0,0,Mid-Age (35-49),0.3113589435774309,0.6231275510204082,Medium,High,1,1,1,S0,General Buyers
2815,31,Female,T-Shirt,Clothing,32.0,Minnesota,L,Gold,Winter,3.6,0,Standard,0,0,14,Bank Transfer,Monthly,0,12,organic_block,384.0,0,1,0,0,0.0,0,0,0,0,Young Adult (25-34),0.2215134053621448,0.4348265306122449,Low,Medium,0,0,1,S0,General Buyers
2816,33,Female,Blouse,Clothing,67.0,Idaho,L,Black,Fall,3.9,0,Free Shipping,0,0,40,Venmo,Every 3 Months,0,4,organic_block,268.0,0,0,1,0,0.0,0,0,0,0,Young Adult (25-34),0.3654813925570228,0.7386045918367347,Medium,High,0,1,1,S0,General Buyers
2817,43,Female,Skirt,Clothing,28.0,Maryland,M,Black,Spring,3.5,0,Free Shipping,0,0,45,Venmo,Weekly,0,52,organic_block,1456.0,0,1,1,0,0.0,0,0,0,0,Mid-Age (35-49),0.5993877551020408,0.5694897959183673,High,Medium,0,1,1,S0,General Buyers
2818,25,Female,Backpack,Accessories,65.0,South Carolina,Xl,Yellow,Winter,3.4,0,Standard,0,0,6,Venmo,Weekly,0,52,organic_block,3380.0,0,0,0,1,0.0,0,0,0,0,Young Adult (25-34),0.3526122448979591,0.5263852040816327,Medium,Medium,0,1,0,S0,General Buyers
2819,46,Female,Shorts,Clothing,73.0,California,M,Turquoise,Fall,4.7,0,Next Day Air,0,0,12,Debit Card,Annually,0,1,organic_block,73.0,0,0,0,1,0.0,0,1,1,0,Mid-Age (35-49),0.2433469387755102,0.6699974489795918,Low,High,1,1,1,S0,General Buyers
2820,67,Female,Shirt,Clothing,27.0,Georgia,L,Lavender,Spring,3.0,0,Free Shipping,0,0,19,Cash,Monthly,0,12,organic_block,324.0,0,1,0,0,0.0,0,0,0,0,Senior (50-70),0.204125650260104,0.4024617346938776,Low,Low,0,0,1,S0,General Buyers
2821,26,Female,Backpack,Accessories,89.0,Vermont,L,Yellow,Summer,3.9,0,Free Shipping,0,0,5,Cash,Bi-Weekly,0,26,organic_block,2314.0,1,0,0,1,0.0,0,0,0,0,Young Adult (25-34),0.2590388155262104,0.6562831632653061,Low,High,0,0,0,S1,High-Value Loyal
2822,35,Female,Shoes,Footwear,72.0,Georgia,L,Olive,Summer,4.5,0,Standard,0,0,37,Venmo,Monthly,0,12,organic_block,864.0,0,0,0,0,0.0,0,1,1,0,Mid-Age (35-49),0.4343297318927571,0.7811734693877551,Medium,High,0,1,2,S0,General Buyers
2823,61,Female,Skirt,Clothing,37.0,New Jersey,S,Brown,Fall,4.1,0,Standard,0,0,33,Paypal,Quarterly,0,4,organic_block,148.0,0,1,0,0,0.0,0,1,0,0,Senior (50-70),0.3386242496998799,0.583640306122449,Medium,Medium,0,1,1,S0,General Buyers
2824,26,Female,Dress,Clothing,63.0,Utah,M,Olive,Summer,4.5,0,Standard,0,0,47,Debit Card,Bi-Weekly,0,26,organic_block,1638.0,0,0,1,0,0.0,0,1,1,0,Young Adult (25-34),0.5641816726690676,0.7928188775510204,High,High,0,1,1,S0,General Buyers
2825,39,Female,Hat,Accessories,90.0,Utah,M,Purple,Fall,4.0,0,Free Shipping,0,0,49,Debit Card,Quarterly,0,4,organic_block,360.0,1,0,1,0,0.0,0,1,0,0,Mid-Age (35-49),0.4285834333733493,0.8911479591836734,Medium,High,0,1,0,S1,High-Value Loyal
2826,69,Female,Handbag,Accessories,62.0,North Carolina,M,Yellow,Winter,4.3,0,2-Day Shipping,0,0,28,Bank Transfer,Annually,0,1,organic_block,62.0,0,0,0,0,0.0,0,1,0,0,Senior (50-70),0.3093061224489796,0.6795051020408163,Medium,High,1,0,0,S0,General Buyers
2827,32,Female,Handbag,Accessories,43.0,Florida,L,Brown,Fall,3.6,0,Express,0,0,23,Venmo,Annually,0,1,organic_block,43.0,0,0,0,0,0.0,0,0,0,0,Young Adult (25-34),0.2226938775510204,0.5288698979591837,Low,Medium,1,1,0,S0,General Buyers
2828,20,Female,Blouse,Clothing,96.0,Wisconsin,M,Magenta,Fall,3.1,0,Next Day Air,0,0,11,Bank Transfer,Bi-Weekly,0,26,organic_block,2496.0,1,0,0,1,0.0,0,0,0,0,Teen (18-24),0.2317735094037615,0.6695204081632653,Low,High,1,0,1,S1,High-Value Loyal
2829,25,Female,Scarf,Accessories,83.0,Tennessee,L,Lavender,Fall,2.6,0,Standard,0,0,33,Paypal,Quarterly,0,4,organic_block,332.0,1,0,0,0,0.0,0,0,0,1,Young Adult (25-34),0.2186242496998799,0.694890306122449,Low,High,0,1,0,S1,High-Value Loyal
2830,56,Female,Jewelry,Accessories,67.0,Arizona,Xl,Teal,Fall,3.4,0,Next Day Air,0,0,47,Cash,Weekly,0,52,organic_block,3484.0,0,0,1,0,0.0,0,0,0,0,Senior (50-70),0.6036326530612245,0.7443188775510204,High,High,1,0,0,S0,General Buyers
2831,63,Female,Skirt,Clothing,90.0,Oregon,L,Cyan,Spring,2.9,0,Store Pickup,0,0,13,Venmo,Every 3 Months,0,4,organic_block,360.0,1,0,0,1,0.0,0,0,0,1,Senior (50-70),0.1201752701080432,0.6414744897959184,Low,High,0,1,1,S1,High-Value Loyal
2832,34,Female,Hoodie,Clothing,53.0,Virginia,L,Pink,Winter,5.0,0,Express,0,0,4,Credit Card,Weekly,0,52,organic_block,2756.0,0,0,0,1,0.0,0,1,1,0,Young Adult (25-34),0.4683673469387755,0.5596811224489796,High,Medium,1,1,1,S0,General Buyers
2833,29,Female,Scarf,Accessories,37.0,Maryland,M,Magenta,Summer,4.6,0,Standard,0,0,40,Paypal,Quarterly,0,4,organic_block,148.0,0,1,1,0,0.0,0,1,1,0,Young Adult (25-34),0.4214813925570227,0.6493545918367347,Medium,High,0,1,0,S0,General Buyers
2834,43,Female,Jeans,Clothing,56.0,Arkansas,M,Teal,Fall,3.3,0,Free Shipping,0,0,19,Cash,Monthly,0,12,organic_block,672.0,0,0,0,0,0.0,0,0,0,0,Mid-Age (35-49),0.228125650260104,0.5473367346938776,Low,Medium,0,0,1,S0,General Buyers
2835,39,Female,Jacket,Outerwear,43.0,Texas,M,Indigo,Fall,2.9,0,2-Day Shipping,0,0,17,Credit Card,Weekly,0,52,organic_block,2236.0,0,0,0,0,0.0,0,0,0,1,Mid-Age (35-49),0.3799591836734693,0.4562576530612245,Medium,Medium,1,1,3,S0,General Buyers
2836,33,Female,T-Shirt,Clothing,84.0,Vermont,S,Pink,Winter,4.9,0,Free Shipping,0,0,7,Venmo,Annually,0,1,organic_block,84.0,1,0,0,1,0.0,0,1,1,0,Young Adult (25-34),0.228734693877551,0.7046122448979592,Low,High,0,1,1,S1,High-Value Loyal
2837,51,Female,Pants,Clothing,50.0,Wyoming,M,Charcoal,Winter,5.0,0,2-Day Shipping,0,0,21,Cash,Bi-Weekly,0,26,organic_block,1300.0,0,0,0,0,0.0,0,1,1,0,Senior (50-70),0.4449979991996798,0.6332908163265306,Medium,High,1,0,1,S0,General Buyers
2838,65,Female,Shoes,Footwear,88.0,Alabama,M,Brown,Summer,4.5,0,Express,0,0,44,Paypal,Weekly,0,52,organic_block,4576.0,1,0,1,0,0.0,0,1,1,0,Senior (50-70),0.6732653061224491,0.8868877551020408,High,High,1,1,2,S1,High-Value Loyal
2839,51,Female,Jacket,Outerwear,50.0,Maine,M,Blue,Fall,3.7,0,Free Shipping,0,0,2,Bank Transfer,Weekly,0,52,organic_block,2600.0,0,0,0,1,0.0,0,0,0,0,Senior (50-70),0.3521224489795919,0.4583520408163265,Medium,Medium,0,0,3,S0,General Buyers
2840,70,Female,Scarf,Accessories,80.0,South Dakota,L,Teal,Summer,2.8,0,Store Pickup,0,0,30,Bank Transfer,Monthly,0,12,organic_block,960.0,0,0,0,0,0.0,0,0,0,1,Senior (50-70),0.2554725890356142,0.6784591836734694,Low,High,0,0,0,S0,General Buyers
2841,40,Female,T-Shirt,Clothing,47.0,West Virginia,L,Pink,Spring,3.5,0,Store Pickup,0,0,41,Cash,Annually,0,1,organic_block,47.0,0,0,1,0,0.0,0,0,0,0,Mid-Age (35-49),0.3248979591836735,0.6322066326530613,Medium,High,0,0,1,S0,General Buyers
2842,19,Female,Dress,Clothing,33.0,Ohio,Xl,Magenta,Winter,3.0,0,2-Day Shipping,0,0,31,Cash,Weekly,0,52,organic_block,1716.0,0,1,0,0,0.0,0,0,0,0,Teen (18-24),0.4736734693877551,0.4899362244897959,High,Medium,1,0,1,S0,General Buyers
2843,28,Female,Coat,Outerwear,100.0,Arizona,L,Green,Fall,4.3,0,Standard,0,0,48,Debit Card,Quarterly,0,4,organic_block,400.0,1,0,1,0,0.0,0,1,0,0,Young Adult (25-34),0.4464609843937575,0.9477959183673468,Medium,High,0,1,3,S1,High-Value Loyal
2844,51,Female,Sweater,Clothing,26.0,Ohio,M,White,Summer,3.6,0,Store Pickup,0,0,41,Venmo,Weekly,0,52,organic_block,1352.0,0,1,1,0,0.0,0,0,0,0,Senior (50-70),0.5828979591836735,0.5463316326530612,High,Medium,0,1,1,S0,General Buyers
2845,32,Female,Hat,Accessories,79.0,New Mexico,M,Indigo,Summer,4.4,0,Standard,0,0,42,Venmo,Annually,0,1,organic_block,79.0,0,0,1,0,0.0,0,1,0,0,Young Adult (25-34),0.4030204081632653,0.8313086734693877,Medium,High,0,1,0,S0,General Buyers
2846,26,Female,Backpack,Accessories,77.0,South Dakota,L,Lavender,Summer,4.1,0,Express,0,0,39,Debit Card,Every 3 Months,0,4,organic_block,308.0,0,0,1,0,0.0,0,1,0,0,Young Adult (25-34),0.3753589435774309,0.7892525510204081,Medium,High,1,1,0,S0,General Buyers
2847,50,Female,Socks,Clothing,36.0,Oklahoma,Xl,Black,Fall,2.8,0,Next Day Air,0,0,15,Paypal,Bi-Weekly,0,26,organic_block,936.0,0,1,0,0,0.0,0,0,0,1,Senior (50-70),0.2322633053221288,0.4094285714285713,Low,Low,1,1,1,S0,General Buyers
2848,68,Female,Jewelry,Accessories,21.0,Connecticut,L,Charcoal,Winter,2.8,0,Free Shipping,0,0,3,Paypal,Every 3 Months,0,4,organic_block,84.0,0,1,0,1,0.0,0,0,0,1,Senior (50-70),0.0509507803121248,0.282579081632653,Low,Low,0,1,0,S5,Low-Value Occasional
2849,33,Female,Boots,Footwear,72.0,Wisconsin,L,Gray,Fall,4.9,0,Store Pickup,0,0,28,Bank Transfer,Quarterly,0,4,organic_block,288.0,0,0,0,0,0.0,0,1,1,0,Young Adult (25-34),0.3720120048019208,0.7592551020408164,Medium,High,0,0,2,S0,General Buyers
2850,56,Female,Coat,Outerwear,25.0,New Hampshire,M,Gold,Spring,4.1,0,Express,0,0,27,Paypal,Bi-Weekly,0,26,organic_block,650.0,0,1,0,0,0.0,0,1,0,0,Senior (50-70),0.4097326930772308,0.5005280612244898,Medium,Medium,1,1,3,S0,General Buyers
2851,57,Female,Sweater,Clothing,79.0,Nebraska,M,Silver,Spring,3.0,0,Store Pickup,0,0,36,Debit Card,Annually,0,1,organic_block,79.0,0,0,0,0,0.0,0,0,0,0,Senior (50-70),0.2542857142857143,0.7166964285714286,Low,High,0,1,1,S0,General Buyers
2852,58,Female,Blouse,Clothing,73.0,Nevada,L,Teal,Summer,3.0,0,Store Pickup,0,0,42,Debit Card,Monthly,0,12,organic_block,876.0,0,0,1,0,0.0,0,0,0,0,Senior (50-70),0.3449419767907163,0.7210586734693878,Medium,High,0,1,1,S0,General Buyers
2853,40,Female,Belt,Accessories,71.0,New York,M,Magenta,Spring,3.0,0,Store Pickup,0,0,30,Venmo,Weekly,0,52,organic_block,3692.0,0,0,0,0,0.0,0,0,0,0,Mid-Age (35-49),0.4675510204081633,0.6510841836734693,High,High,0,1,0,S0,General Buyers
2854,37,Female,Hat,Accessories,48.0,Pennsylvania,M,Magenta,Winter,3.2,0,Next Day Air,0,0,9,Paypal,Weekly,0,52,organic_block,2496.0,0,0,0,1,0.0,0,0,0,0,Mid-Age (35-49),0.3549795918367346,0.4553163265306122,Medium,Medium,1,1,0,S0,General Buyers
2855,36,Female,Sandals,Footwear,28.0,Delaware,M,Beige,Fall,2.7,0,Store Pickup,0,0,25,Venmo,Monthly,0,12,organic_block,336.0,0,1,0,0,0.0,0,0,0,1,Mid-Age (35-49),0.216860344137655,0.4194489795918367,Low,Low,0,1,2,S0,General Buyers
2856,29,Female,Boots,Footwear,95.0,Mississippi,S,Maroon,Winter,3.8,0,2-Day Shipping,0,0,33,Paypal,Quarterly,0,4,organic_block,380.0,1,0,0,0,0.0,0,0,0,0,Young Adult (25-34),0.3146242496998799,0.8193903061224489,Medium,High,1,1,2,S1,High-Value Loyal
2857,65,Female,Jacket,Outerwear,48.0,Iowa,M,Indigo,Winter,3.5,0,2-Day Shipping,0,0,31,Credit Card,Monthly,0,12,organic_block,576.0,0,0,0,0,0.0,0,0,0,0,Senior (50-70),0.3175950380152061,0.5855612244897959,Medium,Medium,1,1,3,S0,General Buyers
2858,44,Female,Dress,Clothing,93.0,Utah,S,Maroon,Spring,3.8,0,Next Day Air,0,0,35,Debit Card,Monthly,0,12,organic_block,1116.0,1,0,0,0,0.0,0,0,0,0,Mid-Age (35-49),0.3660848339335734,0.8208443877551019,Medium,High,1,1,1,S1,High-Value Loyal
2859,34,Female,Jeans,Clothing,87.0,Maryland,L,Teal,Summer,3.8,0,2-Day Shipping,0,0,46,Bank Transfer,Monthly,0,12,organic_block,1044.0,1,0,1,0,0.0,0,0,0,0,Young Adult (25-34),0.4334317727090836,0.8507168367346938,Medium,High,1,0,1,S1,High-Value Loyal
2860,31,Female,Shorts,Clothing,32.0,Utah,L,Yellow,Fall,3.4,0,Express,0,0,29,Bank Transfer,Annually,0,1,organic_block,32.0,0,1,0,0,0.0,0,0,0,0,Young Adult (25-34),0.2434285714285713,0.4993571428571428,Low,Medium,1,0,1,S0,General Buyers
2861,28,Female,Shirt,Clothing,38.0,Rhode Island,M,Gold,Spring,2.9,0,Next Day Air,0,0,49,Bank Transfer,Weekly,0,52,organic_block,1976.0,0,1,1,0,0.0,0,0,0,1,Young Adult (25-34),0.5758775510204082,0.5976479591836734,High,Medium,1,0,1,S0,General Buyers
2862,66,Female,Coat,Outerwear,54.0,Maryland,M,Teal,Fall,3.4,0,Free Shipping,0,0,27,Credit Card,Monthly,0,12,organic_block,648.0,0,0,0,0,0.0,0,0,0,0,Senior (50-70),0.2851052420968387,0.5854030612244898,Low,Medium,0,1,3,S0,General Buyers
2863,68,Female,Coat,Outerwear,75.0,Hawaii,S,Violet,Summer,4.7,0,Store Pickup,0,0,5,Bank Transfer,Every 3 Months,0,4,organic_block,300.0,0,0,0,1,0.0,0,1,1,0,Senior (50-70),0.2151956782713085,0.6430331632653061,Low,High,0,0,3,S0,General Buyers
2864,37,Female,T-Shirt,Clothing,56.0,Connecticut,M,Yellow,Fall,3.9,0,2-Day Shipping,0,0,18,Venmo,Monthly,0,12,organic_block,672.0,0,0,0,0,0.0,0,0,0,0,Mid-Age (35-49),0.2700032012805122,0.578234693877551,Low,Medium,1,1,1,S0,General Buyers
2865,58,Female,Sweater,Clothing,43.0,Illinois,S,Maroon,Fall,3.6,0,Store Pickup,0,0,31,Venmo,Weekly,0,52,organic_block,2236.0,0,0,0,0,0.0,0,0,0,0,Senior (50-70),0.5216734693877552,0.569686224489796,High,Medium,0,1,1,S0,General Buyers
2866,28,Female,Skirt,Clothing,97.0,California,M,Silver,Fall,3.7,0,Free Shipping,0,0,27,Cash,Fortnightly,0,26,organic_block,2522.0,1,0,0,0,0.0,0,0,0,0,Young Adult (25-34),0.3777326930772309,0.7915280612244897,Medium,High,0,0,1,S1,High-Value Loyal
2867,54,Female,Blouse,Clothing,75.0,Connecticut,S,Violet,Summer,3.1,0,Free Shipping,0,0,19,Cash,Annually,0,1,organic_block,75.0,0,0,0,0,0.0,0,0,0,0,Senior (50-70),0.1582040816326531,0.6184617346938776,Low,High,0,0,1,S0,General Buyers
2868,21,Female,Sneakers,Footwear,55.0,Colorado,L,White,Summer,4.9,0,Next Day Air,0,0,33,Cash,Fortnightly,0,26,organic_block,1430.0,0,0,0,0,0.0,0,1,1,0,Teen (18-24),0.510467386954782,0.7103903061224489,High,High,1,0,2,S0,General Buyers
2869,45,Female,Backpack,Accessories,49.0,Colorado,M,Black,Winter,2.6,0,Next Day Air,0,0,42,Paypal,Every 3 Months,0,4,organic_block,196.0,0,0,1,0,0.0,0,0,0,1,Mid-Age (35-49),0.2737262905162065,0.5920586734693878,Low,Medium,1,1,0,S0,General Buyers
2870,57,Female,Socks,Clothing,58.0,Georgia,M,White,Summer,4.2,0,Standard,0,0,16,Bank Transfer,Weekly,0,52,organic_block,3016.0,0,0,0,0,0.0,0,1,0,0,Senior (50-70),0.4778367346938775,0.594780612244898,High,Medium,0,0,1,S0,General Buyers
2871,47,Female,Jewelry,Accessories,34.0,North Dakota,M,Blue,Winter,4.8,0,Free Shipping,0,0,49,Debit Card,Every 3 Months,0,4,organic_block,136.0,0,1,1,0,0.0,0,1,1,0,Mid-Age (35-49),0.4925834333733493,0.6941479591836734,High,High,0,1,0,S0,General Buyers
2872,46,Female,Shorts,Clothing,43.0,Idaho,S,Black,Summer,2.7,0,2-Day Shipping,0,0,40,Venmo,Bi-Weekly,0,26,organic_block,1118.0,0,0,1,0,0.0,0,0,0,1,Mid-Age (35-49),0.3773245298119247,0.5616045918367347,Medium,Medium,1,1,1,S0,General Buyers
2873,63,Female,Jewelry,Accessories,48.0,Connecticut,L,Olive,Fall,2.6,0,Next Day Air,0,0,5,Cash,Annually,0,1,organic_block,48.0,0,0,0,1,0.0,0,0,0,1,Senior (50-70),0.0324897959183673,0.3989081632653061,Low,Low,1,0,0,S0,General Buyers
2874,44,Female,Sweater,Clothing,40.0,Montana,M,Teal,Spring,2.6,0,Free Shipping,0,0,8,Bank Transfer,Monthly,0,12,organic_block,480.0,0,0,0,1,0.0,0,0,0,1,Mid-Age (35-49),0.1047787114845938,0.3792142857142857,Low,Low,0,0,1,S0,General Buyers
2875,36,Female,Shirt,Clothing,29.0,Colorado,L,Silver,Summer,3.1,0,Standard,0,0,2,Debit Card,Annually,0,1,organic_block,29.0,0,1,0,1,0.0,0,0,0,0,Mid-Age (35-49),0.0541224489795918,0.3304770408163265,Low,Low,0,1,1,S5,Low-Value Occasional
2876,24,Female,Pants,Clothing,81.0,Kentucky,M,Pink,Fall,2.6,0,Free Shipping,0,0,14,Debit Card,Weekly,0,52,organic_block,4212.0,1,0,0,0,0.0,0,0,0,1,Teen (18-24),0.3375918367346939,0.5892015306122449,Medium,Medium,0,1,1,S0,General Buyers
2877,65,Female,Hoodie,Clothing,84.0,New Mexico,M,Charcoal,Spring,3.4,0,2-Day Shipping,0,0,5,Bank Transfer,Fortnightly,0,26,organic_block,2184.0,1,0,0,1,0.0,0,0,0,0,Senior (50-70),0.2190388155262104,0.6044081632653062,Low,High,1,0,1,S1,High-Value Loyal
2878,32,Female,Socks,Clothing,46.0,New Jersey,M,Silver,Summer,3.6,0,Standard,0,0,34,Venmo,Monthly,0,12,organic_block,552.0,0,0,0,0,0.0,0,0,0,0,Young Adult (25-34),0.3439623849539816,0.5981173469387755,Medium,Medium,0,1,1,S0,General Buyers
2879,63,Female,Dress,Clothing,86.0,California,L,Turquoise,Summer,4.3,0,Next Day Air,0,0,13,Bank Transfer,Annually,0,1,organic_block,86.0,1,0,0,1,0.0,0,1,0,0,Senior (50-70),0.217469387755102,0.7079744897959183,Low,High,1,0,1,S1,High-Value Loyal
2880,62,Female,Blouse,Clothing,57.0,North Dakota,Xl,Turquoise,Winter,4.9,0,Free Shipping,0,0,31,Venmo,Annually,0,1,organic_block,57.0,0,0,0,0,0.0,0,1,1,0,Senior (50-70),0.3756734693877551,0.708936224489796,Medium,High,0,1,1,S0,General Buyers
2881,19,Female,Skirt,Clothing,61.0,Florida,L,Beige,Winter,4.8,0,Store Pickup,0,0,43,Paypal,Quarterly,0,4,organic_block,244.0,0,0,1,0,0.0,0,1,1,0,Teen (18-24),0.4558487394957983,0.7816607142857143,Medium,High,0,1,1,S0,General Buyers
2882,38,Female,Backpack,Accessories,90.0,Texas,M,Cyan,Winter,4.2,0,Free Shipping,0,0,6,Bank Transfer,Annually,0,1,organic_block,90.0,1,0,0,1,0.0,0,1,0,0,Mid-Age (35-49),0.1666122448979592,0.6837602040816326,Low,High,0,0,0,S1,High-Value Loyal
2883,59,Female,Blouse,Clothing,51.0,Oklahoma,L,Gold,Winter,2.6,0,Store Pickup,0,0,23,Credit Card,Bi-Weekly,0,26,organic_block,1326.0,0,0,0,0,0.0,0,0,0,1,Senior (50-70),0.2652428971588635,0.5038698979591837,Low,Medium,0,1,1,S0,General Buyers
2884,22,Female,Socks,Clothing,48.0,Rhode Island,Xl,Silver,Spring,3.2,0,Standard,0,0,10,Paypal,Weekly,0,52,organic_block,2496.0,0,0,0,1,0.0,0,0,0,0,Teen (18-24),0.3611020408163266,0.4604183673469387,Medium,Medium,0,1,1,S0,General Buyers
2885,55,Female,Boots,Footwear,50.0,Arkansas,M,Purple,Summer,3.4,0,2-Day Shipping,0,0,47,Credit Card,Every 3 Months,0,4,organic_block,200.0,0,0,1,0,0.0,0,0,0,0,Senior (50-70),0.3683385354141656,0.6699438775510205,Medium,High,1,1,2,S0,General Buyers
2886,29,Female,Backpack,Accessories,82.0,Nevada,M,Yellow,Summer,3.5,0,Next Day Air,0,0,14,Credit Card,Bi-Weekly,0,26,organic_block,2132.0,1,0,0,0,0.0,0,0,0,0,Young Adult (25-34),0.282140856342537,0.647576530612245,Low,High,1,1,0,S1,High-Value Loyal
2887,42,Female,Hat,Accessories,33.0,Utah,L,Blue,Spring,4.2,0,Free Shipping,0,0,29,Paypal,Weekly,0,52,organic_block,1716.0,0,1,0,0,0.0,0,1,0,0,Mid-Age (35-49),0.5574285714285714,0.5517321428571429,High,Medium,0,1,0,S0,General Buyers
2888,23,Female,Sandals,Footwear,28.0,Kentucky,L,Blue,Winter,2.8,0,Express,0,0,12,Cash,Bi-Weekly,0,26,organic_block,728.0,0,1,0,1,0.0,0,0,0,1,Teen (18-24),0.2138959583833533,0.3591224489795918,Low,Low,1,0,2,S5,Low-Value Occasional
2889,70,Female,Hoodie,Clothing,42.0,Wisconsin,L,Green,Spring,5.0,0,2-Day Shipping,0,0,25,Debit Card,Quarterly,0,4,organic_block,168.0,0,0,0,0,0.0,0,1,1,0,Senior (50-70),0.3616446578631452,0.6186989795918367,Medium,High,1,1,1,S0,General Buyers
2890,64,Female,Sunglasses,Accessories,43.0,Minnesota,M,Charcoal,Fall,3.3,0,Store Pickup,0,0,21,Venmo,Annually,0,1,organic_block,43.0,0,0,0,0,0.0,0,0,0,0,Senior (50-70),0.1864489795918367,0.5006658163265306,Low,Medium,0,1,0,S0,General Buyers
2891,39,Female,Jeans,Clothing,55.0,North Dakota,M,Violet,Winter,3.7,0,Free Shipping,0,0,23,Credit Card,Monthly,0,12,organic_block,660.0,0,0,0,0,0.0,0,0,0,0,Mid-Age (35-49),0.2846154461784714,0.5873698979591837,Low,Medium,0,1,1,S0,General Buyers
2892,47,Female,T-Shirt,Clothing,73.0,Ohio,Xl,Black,Winter,2.5,0,Free Shipping,0,0,10,Paypal,Monthly,0,12,organic_block,876.0,0,0,0,1,0.0,0,0,0,1,Mid-Age (35-49),0.1090236094437775,0.5277933673469388,Low,Medium,0,1,1,S0,General Buyers
2893,22,Female,Dress,Clothing,39.0,Nevada,M,Teal,Spring,3.2,0,Standard,0,0,47,Credit Card,Monthly,0,12,organic_block,468.0,0,1,1,0,0.0,0,0,0,0,Teen (18-24),0.3915542216886755,0.6098188775510205,Medium,High,0,1,1,S0,General Buyers
2894,69,Female,Belt,Accessories,20.0,Kentucky,S,Orange,Spring,3.1,0,Free Shipping,0,0,44,Debit Card,Every 3 Months,0,4,organic_block,80.0,0,1,1,0,0.0,0,0,0,0,Senior (50-70),0.3259711884753902,0.5053877551020408,Medium,Medium,0,1,0,S0,General Buyers
2895,35,Female,Jewelry,Accessories,32.0,Kentucky,S,Brown,Spring,3.5,0,Standard,0,0,41,Venmo,Annually,0,1,organic_block,32.0,0,1,1,0,0.0,0,0,0,0,Mid-Age (35-49),0.3248979591836735,0.5665816326530613,Medium,Medium,0,1,0,S0,General Buyers
2896,56,Female,Hoodie,Clothing,86.0,Montana,L,Green,Summer,4.6,0,Standard,0,0,29,Bank Transfer,Monthly,0,12,organic_block,1032.0,1,0,0,0,0.0,0,1,1,0,Senior (50-70),0.3933501400560223,0.8076071428571429,Medium,High,0,0,1,S1,High-Value Loyal
2897,30,Female,Blouse,Clothing,91.0,Delaware,M,Silver,Summer,3.3,0,Free Shipping,0,0,2,Venmo,Every 3 Months,0,4,organic_block,364.0,1,0,0,1,0.0,0,0,0,0,Young Adult (25-34),0.084828331332533,0.6137270408163266,Low,High,0,1,1,S1,High-Value Loyal
2898,43,Female,Jacket,Outerwear,59.0,Montana,L,Violet,Fall,2.5,0,Free Shipping,0,0,2,Cash,Fortnightly,0,26,organic_block,1534.0,0,0,0,1,0.0,0,0,0,1,Mid-Age (35-49),0.1286714685874349,0.4257270408163265,Low,Low,0,0,3,S0,General Buyers
2899,23,Female,Sneakers,Footwear,33.0,New Jersey,Xl,Peach,Summer,4.6,0,Express,0,0,29,Credit Card,Annually,0,1,organic_block,33.0,0,1,0,0,0.0,0,1,1,0,Teen (18-24),0.3394285714285714,0.5757321428571428,Medium,Medium,1,1,2,S0,General Buyers
2900,50,Female,Boots,Footwear,64.0,Nebraska,M,Gold,Spring,4.2,0,2-Day Shipping,0,0,22,Bank Transfer,Fortnightly,0,26,organic_block,1664.0,0,0,0,0,0.0,0,1,0,0,Senior (50-70),0.3871204481792717,0.6516428571428571,Medium,High,1,0,2,S0,General Buyers
2901,41,Female,Blouse,Clothing,67.0,Maryland,Xl,Violet,Winter,4.0,0,Standard,0,0,23,Cash,Bi-Weekly,0,26,organic_block,1742.0,0,0,0,0,0.0,0,1,0,0,Mid-Age (35-49),0.3772428971588635,0.6578698979591836,Medium,High,0,0,1,S0,General Buyers
2902,41,Female,Blouse,Clothing,43.0,Alabama,L,Olive,Winter,2.6,0,Free Shipping,0,0,46,Credit Card,Quarterly,0,4,organic_block,172.0,0,0,1,0,0.0,0,0,0,1,Mid-Age (35-49),0.2982160864345738,0.5862168367346938,Low,Medium,0,1,1,S0,General Buyers
2903,27,Female,Boots,Footwear,32.0,North Carolina,S,Orange,Spring,4.6,0,Standard,0,0,19,Paypal,Bi-Weekly,0,26,organic_block,832.0,0,1,0,0,0.0,0,1,1,0,Young Adult (25-34),0.4007531012404962,0.5203367346938775,Medium,Medium,0,1,2,S0,General Buyers
2904,38,Female,Scarf,Accessories,39.0,Delaware,S,Teal,Spring,3.5,0,2-Day Shipping,0,0,24,Credit Card,Every 3 Months,0,4,organic_block,156.0,0,1,0,0,0.0,0,0,0,0,Mid-Age (35-49),0.2355222088835534,0.5104719387755101,Low,Medium,1,1,0,S0,General Buyers
2905,41,Female,Sandals,Footwear,41.0,Iowa,M,Gray,Spring,4.0,0,2-Day Shipping,0,0,43,Venmo,Monthly,0,12,organic_block,492.0,0,0,1,0,0.0,0,1,0,0,Mid-Age (35-49),0.4310644257703081,0.6461607142857143,Medium,High,1,1,2,S0,General Buyers
2906,58,Female,Sunglasses,Accessories,53.0,New York,L,Black,Winter,4.8,0,Standard,0,0,14,Debit Card,Fortnightly,0,26,organic_block,1378.0,0,0,0,0,0.0,0,1,1,0,Senior (50-70),0.386140856342537,0.5987015306122448,Medium,Medium,0,1,0,S0,General Buyers
2907,58,Female,Coat,Outerwear,27.0,Virginia,M,Indigo,Spring,3.9,0,Standard,0,0,7,Venmo,Annually,0,1,organic_block,27.0,0,1,0,1,0.0,0,0,0,0,Senior (50-70),0.148734693877551,0.3952372448979592,Low,Low,0,1,3,S5,Low-Value Occasional
2908,19,Female,Sunglasses,Accessories,82.0,Maryland,Xl,Lavender,Summer,3.7,0,Next Day Air,0,0,50,Paypal,Bi-Weekly,0,26,organic_block,2132.0,1,0,1,0,0.0,0,0,0,0,Teen (18-24),0.5185490196078432,0.84325,High,High,1,1,0,S1,High-Value Loyal
2909,43,Female,Blouse,Clothing,87.0,Texas,M,Beige,Winter,3.1,0,Store Pickup,0,0,15,Debit Card,Every 3 Months,0,4,organic_block,348.0,1,0,0,0,0.0,0,0,0,0,Mid-Age (35-49),0.1484201680672269,0.6505535714285714,Low,High,0,1,1,S1,High-Value Loyal
2910,27,Female,Backpack,Accessories,78.0,Louisiana,M,Indigo,Winter,3.0,0,Next Day Air,0,0,40,Credit Card,Every 3 Months,0,4,organic_block,312.0,0,0,1,0,0.0,0,0,0,0,Young Adult (25-34),0.2934813925570227,0.7327295918367347,Low,High,1,1,0,S0,General Buyers
2911,32,Female,Belt,Accessories,32.0,Mississippi,M,Blue,Summer,2.9,0,Store Pickup,0,0,41,Credit Card,Monthly,0,12,organic_block,384.0,0,1,1,0,0.0,0,0,0,1,Young Adult (25-34),0.3308195278111244,0.5305816326530612,Medium,Medium,0,1,0,S0,General Buyers
2912,28,Female,Socks,Clothing,38.0,Ohio,Xl,Orange,Fall,2.9,0,Next Day Air,0,0,34,Venmo,Quarterly,0,4,organic_block,152.0,0,1,0,0,0.0,0,0,0,1,Young Adult (25-34),0.2487466986794717,0.5211173469387755,Low,Medium,1,1,1,S0,General Buyers
2913,48,Female,Shoes,Footwear,37.0,Oregon,M,Yellow,Winter,4.0,0,Standard,0,0,27,Cash,Bi-Weekly,0,26,organic_block,962.0,0,1,0,0,0.0,0,1,0,0,Mid-Age (35-49),0.4017326930772308,0.5470280612244898,Medium,Medium,0,0,2,S0,General Buyers
2914,43,Female,Coat,Outerwear,83.0,Wyoming,L,Cyan,Winter,3.5,0,Express,0,0,12,Cash,Every 3 Months,0,4,organic_block,332.0,1,0,0,1,0.0,0,0,0,0,Mid-Age (35-49),0.1620528211284514,0.6417474489795918,Low,High,1,0,3,S1,High-Value Loyal
2915,45,Female,Sweater,Clothing,72.0,Pennsylvania,M,Yellow,Fall,3.8,0,Express,0,0,1,Debit Card,Bi-Weekly,0,26,organic_block,1872.0,0,0,0,1,0.0,0,0,0,0,Mid-Age (35-49),0.2265490196078431,0.5555,Low,Medium,1,1,1,S0,General Buyers
2916,26,Female,Shirt,Clothing,30.0,Oregon,M,Cyan,Fall,4.5,0,Express,0,0,39,Debit Card,Bi-Weekly,0,26,organic_block,780.0,0,1,1,0,0.0,0,1,1,0,Young Adult (25-34),0.515202080832333,0.6076275510204081,High,High,1,1,1,S0,General Buyers
2917,62,Female,Shorts,Clothing,66.0,Oklahoma,M,Green,Winter,2.7,0,Express,0,0,13,Credit Card,Bi-Weekly,0,26,organic_block,1716.0,0,0,0,1,0.0,0,0,0,1,Senior (50-70),0.2120184073629452,0.5244744897959184,Low,Medium,1,1,1,S0,General Buyers
2918,58,Female,Shirt,Clothing,45.0,Colorado,Xl,White,Winter,2.9,0,Store Pickup,0,0,50,Venmo,Annually,0,1,organic_block,45.0,0,0,1,0,0.0,0,0,0,1,Senior (50-70),0.3319999999999999,0.633375,Medium,High,0,1,1,S0,General Buyers
2919,19,Female,Sunglasses,Accessories,73.0,New York,S,Black,Fall,4.9,0,Free Shipping,0,0,36,Cash,Weekly,0,52,organic_block,3796.0,0,0,0,0,0.0,0,1,1,0,Teen (18-24),0.6562857142857144,0.8044464285714286,High,High,0,0,0,S0,General Buyers
2920,64,Female,Shoes,Footwear,67.0,Minnesota,L,Charcoal,Winter,3.8,0,Standard,0,0,31,Debit Card,Monthly,0,12,organic_block,804.0,0,0,0,0,0.0,0,0,0,0,Senior (50-70),0.3415950380152061,0.6866862244897959,Medium,High,0,1,2,S0,General Buyers
2921,33,Female,Sunglasses,Accessories,72.0,Texas,Xl,Brown,Spring,4.9,0,Free Shipping,0,0,3,Debit Card,Bi-Weekly,0,26,organic_block,1872.0,0,0,0,1,0.0,0,1,1,0,Young Adult (25-34),0.3267939175670268,0.6317040816326531,Medium,High,0,1,0,S0,General Buyers
2922,20,Female,Handbag,Accessories,24.0,Wisconsin,M,Cyan,Fall,4.6,0,Standard,0,0,11,Cash,Fortnightly,0,26,organic_block,624.0,0,1,0,1,0.0,0,1,1,0,Teen (18-24),0.3517735094037615,0.4445204081632653,Medium,Medium,0,0,0,S5,Low-Value Occasional
2923,45,Female,Sunglasses,Accessories,68.0,Kentucky,L,Beige,Winter,3.5,0,Express,0,0,16,Paypal,Quarterly,0,4,organic_block,272.0,0,0,0,0,0.0,0,0,0,0,Mid-Age (35-49),0.1865426170468187,0.5965306122448979,Low,Medium,1,1,0,S0,General Buyers
2924,28,Female,Shirt,Clothing,70.0,Pennsylvania,M,Magenta,Spring,4.2,0,2-Day Shipping,0,0,12,Cash,Quarterly,0,4,organic_block,280.0,0,0,0,1,0.0,0,1,0,0,Young Adult (25-34),0.2180528211284514,0.6268724489795918,Low,High,1,0,1,S0,General Buyers
2925,47,Female,Shirt,Clothing,64.0,Rhode Island,L,Indigo,Winter,3.7,0,Free Shipping,0,0,37,Debit Card,Every 3 Months,0,4,organic_block,256.0,0,0,0,0,0.0,0,0,0,0,Mid-Age (35-49),0.3311140456182473,0.698173469387755,Medium,High,0,1,1,S0,General Buyers
2926,54,Female,Sweater,Clothing,91.0,Illinois,M,Maroon,Spring,2.8,0,Store Pickup,0,0,43,Credit Card,Every 3 Months,0,4,organic_block,364.0,1,0,1,0,0.0,0,0,0,1,Senior (50-70),0.2958487394957982,0.7929107142857142,Low,High,0,1,1,S1,High-Value Loyal
2927,64,Female,Handbag,Accessories,82.0,Maryland,M,Gray,Winter,4.8,0,2-Day Shipping,0,0,9,Cash,Weekly,0,52,organic_block,4264.0,1,0,0,1,0.0,0,1,1,0,Senior (50-70),0.4829795918367346,0.7000663265306123,High,High,1,0,0,S1,High-Value Loyal
2928,45,Female,Shirt,Clothing,24.0,Missouri,M,Black,Summer,2.7,0,Express,0,0,15,Venmo,Bi-Weekly,0,26,organic_block,624.0,0,1,0,0,0.0,0,0,0,1,Mid-Age (35-49),0.2242633053221288,0.3509285714285714,Low,Low,1,1,1,S0,General Buyers
2929,40,Female,Jewelry,Accessories,80.0,Alabama,L,Yellow,Spring,3.6,0,Store Pickup,0,0,17,Credit Card,Weekly,0,52,organic_block,4160.0,0,0,0,0,0.0,0,0,0,0,Mid-Age (35-49),0.4359591836734694,0.6601326530612244,Medium,High,0,1,0,S0,General Buyers
2930,31,Female,Socks,Clothing,53.0,Maine,Xl,White,Winter,4.5,0,Next Day Air,0,0,42,Venmo,Fortnightly,0,26,organic_block,1378.0,0,0,1,0,0.0,0,1,1,0,Young Adult (25-34),0.5335694277711085,0.7235586734693877,High,High,1,1,1,S0,General Buyers
2931,38,Female,T-Shirt,Clothing,50.0,Mississippi,M,Orange,Spring,4.0,0,Free Shipping,0,0,14,Venmo,Monthly,0,12,organic_block,600.0,0,0,0,0,0.0,0,1,0,0,Mid-Age (35-49),0.2535134053621448,0.5375765306122449,Low,Medium,0,1,1,S0,General Buyers
2932,36,Female,Jewelry,Accessories,31.0,Alabama,M,Magenta,Fall,4.5,0,2-Day Shipping,0,0,49,Credit Card,Bi-Weekly,0,26,organic_block,806.0,0,1,1,0,0.0,0,1,1,0,Mid-Age (35-49),0.5764265706282513,0.6630229591836735,High,High,1,1,0,S0,General Buyers
2933,65,Female,Backpack,Accessories,88.0,Alaska,L,Black,Spring,3.9,0,Express,0,0,3,Paypal,Quarterly,0,4,organic_block,352.0,1,0,0,1,0.0,0,0,0,0,Senior (50-70),0.1389507803121248,0.641704081632653,Low,High,1,1,0,S1,High-Value Loyal
2934,27,Female,Hat,Accessories,52.0,Illinois,M,Brown,Summer,3.8,0,Standard,0,0,28,Venmo,Monthly,0,12,organic_block,624.0,0,0,0,0,0.0,0,0,0,0,Young Adult (25-34),0.3232276910764305,0.6057551020408163,Medium,High,0,1,0,S0,General Buyers
2935,38,Female,Gloves,Accessories,22.0,Idaho,M,Orange,Fall,4.7,0,Next Day Air,0,0,41,Bank Transfer,Quarterly,0,4,organic_block,88.0,0,1,1,0,0.0,0,1,1,0,Mid-Age (35-49),0.4356038415366147,0.5948316326530613,Medium,Medium,1,0,0,S0,General Buyers
2936,58,Female,Sneakers,Footwear,27.0,North Carolina,Xl,Gray,Spring,4.6,0,Standard,0,0,11,Venmo,Weekly,0,52,organic_block,1404.0,0,1,0,1,0.0,0,1,1,0,Senior (50-70),0.4792244897959183,0.4576454081632652,High,Medium,0,1,2,S5,Low-Value Occasional
2937,31,Female,Skirt,Clothing,34.0,Washington,M,White,Spring,3.6,0,Express,0,0,46,Paypal,Weekly,0,52,organic_block,1768.0,0,1,1,0,0.0,0,0,0,0,Young Adult (25-34),0.6135102040816327,0.6068418367346939,High,High,1,1,1,S0,General Buyers
2938,28,Female,Handbag,Accessories,39.0,West Virginia,M,White,Spring,4.3,0,2-Day Shipping,0,0,15,Credit Card,Weekly,0,52,organic_block,2028.0,0,1,0,0,0.0,0,1,0,0,Young Adult (25-34),0.4797142857142856,0.5125535714285714,High,Medium,1,1,0,S0,General Buyers
2939,28,Female,Sunglasses,Accessories,53.0,Maine,M,Violet,Fall,3.0,0,Standard,0,0,15,Cash,Monthly,0,12,organic_block,636.0,0,0,0,0,0.0,0,0,0,0,Young Adult (25-34),0.1796358543417367,0.4958035714285714,Low,Medium,0,0,0,S0,General Buyers
2940,32,Female,Sweater,Clothing,46.0,Kentucky,M,Beige,Winter,4.3,0,Express,0,0,34,Venmo,Weekly,0,52,organic_block,2392.0,0,0,0,0,0.0,0,1,0,0,Young Adult (25-34),0.5960408163265306,0.6401173469387754,High,High,1,1,1,S0,General Buyers
2941,61,Female,Handbag,Accessories,85.0,Massachusetts,L,Beige,Summer,4.8,0,Next Day Air,0,0,13,Cash,Monthly,0,12,organic_block,1020.0,1,0,0,1,0.0,0,1,1,0,Senior (50-70),0.311390956382553,0.7335994897959184,Medium,High,1,0,0,S1,High-Value Loyal
2942,38,Female,Skirt,Clothing,86.0,Pennsylvania,L,Purple,Spring,3.7,0,Free Shipping,0,0,27,Paypal,Monthly,0,12,organic_block,1032.0,1,0,0,0,0.0,0,0,0,0,Mid-Age (35-49),0.3091052420968387,0.7434030612244897,Medium,High,0,1,1,S1,High-Value Loyal
2943,54,Female,Socks,Clothing,63.0,Hawaii,M,Brown,Summer,2.6,0,Free Shipping,0,0,37,Bank Transfer,Weekly,0,52,organic_block,3276.0,0,0,0,0,0.0,0,0,0,1,Senior (50-70),0.4784081632653061,0.6277984693877551,High,High,0,0,1,S0,General Buyers
2944,29,Female,Shirt,Clothing,44.0,Virginia,M,Orange,Spring,3.4,0,Standard,0,0,37,Credit Card,Monthly,0,12,organic_block,528.0,0,0,0,0,0.0,0,0,0,0,Young Adult (25-34),0.3463297318927571,0.5926734693877551,Medium,Medium,0,1,1,S0,General Buyers
2945,50,Female,Sneakers,Footwear,95.0,New York,Xl,Cyan,Summer,3.9,0,Free Shipping,0,0,4,Venmo,Every 3 Months,0,4,organic_block,380.0,1,0,0,1,0.0,0,0,0,0,Senior (50-70),0.1450732292917166,0.6774311224489796,Low,High,0,1,2,S1,High-Value Loyal
2946,32,Female,Belt,Accessories,49.0,Delaware,M,Charcoal,Summer,4.8,0,Free Shipping,0,0,1,Credit Card,Every 3 Months,0,4,organic_block,196.0,0,0,0,1,0.0,0,1,1,0,Young Adult (25-34),0.1987058823529411,0.514875,Low,Medium,0,1,0,S0,General Buyers
2947,38,Female,Pants,Clothing,77.0,Hawaii,L,Purple,Spring,2.8,0,Free Shipping,0,0,29,Bank Transfer,Quarterly,0,4,organic_block,308.0,0,0,0,0,0.0,0,0,0,1,Mid-Age (35-49),0.2101344537815125,0.6602321428571428,Low,High,0,0,1,S0,General Buyers
2948,52,Female,Jewelry,Accessories,63.0,Nebraska,L,Peach,Spring,4.4,0,Standard,0,0,50,Venmo,Annually,0,1,organic_block,63.0,0,0,1,0,0.0,0,1,0,0,Senior (50-70),0.452,0.802125,Medium,High,0,1,0,S0,General Buyers
2949,61,Female,Pants,Clothing,83.0,Vermont,M,Violet,Winter,3.1,0,Standard,0,0,38,Debit Card,Bi-Weekly,0,26,organic_block,2158.0,1,0,1,0,0.0,0,0,0,0,Senior (50-70),0.3970796318527411,0.7504005102040816,Medium,High,0,1,1,S1,High-Value Loyal
2950,25,Female,Jewelry,Accessories,93.0,Iowa,M,Peach,Spring,3.8,0,Store Pickup,0,0,15,Paypal,Annually,0,1,organic_block,93.0,1,0,0,0,0.0,0,0,0,0,Young Adult (25-34),0.1897142857142856,0.7188035714285713,Low,High,0,1,0,S1,High-Value Loyal
2951,22,Female,Jeans,Clothing,91.0,Iowa,S,Maroon,Winter,4.1,0,2-Day Shipping,0,0,44,Debit Card,Every 3 Months,0,4,organic_block,364.0,1,0,1,0,0.0,0,1,0,0,Teen (18-24),0.4059711884753901,0.8760127551020408,Medium,High,1,1,1,S1,High-Value Loyal
2952,47,Female,Scarf,Accessories,99.0,Arkansas,L,Maroon,Fall,4.6,0,Free Shipping,0,0,14,Cash,Weekly,0,52,organic_block,5148.0,1,0,0,0,0.0,0,1,1,0,Mid-Age (35-49),0.4975918367346938,0.787951530612245,High,High,0,0,0,S1,High-Value Loyal
2953,50,Female,Belt,Accessories,24.0,Alabama,M,Peach,Spring,4.9,0,Next Day Air,0,0,5,Debit Card,Monthly,0,12,organic_block,288.0,0,1,0,1,0.0,0,1,1,0,Senior (50-70),0.2704113645458184,0.4319081632653061,Low,Medium,1,1,0,S5,Low-Value Occasional
2954,45,Female,Dress,Clothing,82.0,Maryland,M,Silver,Summer,4.8,0,Next Day Air,0,0,11,Credit Card,Annually,0,1,organic_block,82.0,1,0,0,1,0.0,0,1,1,0,Mid-Age (35-49),0.2452244897959183,0.7102704081632653,Low,High,1,1,1,S1,High-Value Loyal
2955,33,Female,T-Shirt,Clothing,28.0,South Dakota,M,Indigo,Winter,3.9,0,Express,0,0,15,Credit Card,Annually,0,1,organic_block,28.0,0,1,0,0,0.0,0,0,0,0,Young Adult (25-34),0.1977142857142856,0.4404285714285714,Low,Medium,1,1,1,S0,General Buyers
2956,42,Female,Boots,Footwear,67.0,Vermont,M,Silver,Winter,2.6,0,Free Shipping,0,0,46,Credit Card,Annually,0,1,organic_block,67.0,0,0,1,0,0.0,0,0,0,1,Mid-Age (35-49),0.2835102040816326,0.6912168367346939,Low,High,0,1,2,S0,General Buyers
2957,52,Female,Dress,Clothing,88.0,Montana,M,Olive,Fall,3.7,0,Standard,0,0,30,Venmo,Monthly,0,12,organic_block,1056.0,1,0,0,0,0.0,0,0,0,0,Senior (50-70),0.3274725890356142,0.7674591836734694,Medium,High,0,1,1,S1,High-Value Loyal
2958,69,Female,Jewelry,Accessories,70.0,South Dakota,S,Gray,Fall,4.7,0,Standard,0,0,2,Cash,Annually,0,1,organic_block,70.0,0,0,0,1,0.0,0,1,1,0,Senior (50-70),0.1821224489795918,0.6058520408163266,Low,High,0,0,0,S0,General Buyers
2959,55,Female,Skirt,Clothing,100.0,Ohio,M,Black,Summer,4.5,0,Standard,0,0,28,Paypal,Monthly,0,12,organic_block,1200.0,1,0,0,0,0.0,0,1,1,0,Senior (50-70),0.3792276910764306,0.8577551020408163,Medium,High,0,1,1,S1,High-Value Loyal
2960,38,Female,Handbag,Accessories,28.0,Texas,L,Maroon,Summer,4.7,0,Free Shipping,0,0,9,Paypal,Quarterly,0,4,organic_block,112.0,0,1,0,1,0.0,0,1,1,0,Mid-Age (35-49),0.2396854741896759,0.4578163265306122,Low,Medium,0,1,0,S5,Low-Value Occasional
2961,57,Female,Coat,Outerwear,48.0,Indiana,S,Olive,Spring,3.6,0,Standard,0,0,47,Credit Card,Weekly,0,52,organic_block,2496.0,0,0,1,0,0.0,0,0,0,0,Senior (50-70),0.6196326530612246,0.6731938775510204,High,High,0,1,3,S0,General Buyers
2962,33,Female,Hoodie,Clothing,43.0,New Hampshire,S,Gold,Fall,2.8,0,Free Shipping,0,0,21,Debit Card,Bi-Weekly,0,26,organic_block,1118.0,0,0,0,0,0.0,0,0,0,1,Young Adult (25-34),0.2689979991996798,0.4706658163265306,Low,Medium,0,1,1,S0,General Buyers
2963,57,Female,Pants,Clothing,40.0,California,L,Pink,Fall,4.0,0,Express,0,0,42,Credit Card,Every 3 Months,0,4,organic_block,160.0,0,0,1,0,0.0,0,1,0,0,Senior (50-70),0.3857262905162065,0.6366836734693877,Medium,High,1,1,1,S0,General Buyers
2964,52,Female,Boots,Footwear,97.0,Maine,M,Brown,Spring,3.6,0,Free Shipping,0,0,28,Credit Card,Weekly,0,52,organic_block,5044.0,1,0,0,0,0.0,0,0,0,0,Senior (50-70),0.5033061224489797,0.7906301020408164,High,High,0,1,2,S1,High-Value Loyal
2965,44,Female,Coat,Outerwear,25.0,Ohio,S,White,Fall,3.8,0,2-Day Shipping,0,0,13,Venmo,Fortnightly,0,26,organic_block,650.0,0,1,0,1,0.0,0,0,0,0,Mid-Age (35-49),0.3000184073629451,0.4110994897959183,Low,Low,1,1,3,S5,Low-Value Occasional
2966,48,Female,Scarf,Accessories,45.0,Delaware,M,Blue,Summer,4.4,0,Standard,0,0,25,Paypal,Fortnightly,0,26,organic_block,1170.0,0,0,0,0,0.0,0,1,0,0,Mid-Age (35-49),0.4214877951180472,0.5958239795918367,Medium,Medium,0,1,0,S0,General Buyers
2967,52,Female,Boots,Footwear,49.0,Oklahoma,L,Orange,Fall,2.8,0,Store Pickup,0,0,38,Debit Card,Every 3 Months,0,4,organic_block,196.0,0,0,1,0,0.0,0,0,0,1,Senior (50-70),0.2652364945978391,0.5836505102040817,Low,Medium,0,1,2,S0,General Buyers
2968,34,Female,Sneakers,Footwear,36.0,Indiana,L,Silver,Summer,3.4,0,Free Shipping,0,0,40,Venmo,Annually,0,1,organic_block,36.0,0,1,1,0,0.0,0,0,0,0,Young Adult (25-34),0.3107755102040816,0.5729795918367347,Medium,Medium,0,1,2,S0,General Buyers
2969,26,Female,Sweater,Clothing,48.0,South Carolina,S,Gray,Fall,4.9,0,Express,0,0,25,Cash,Every 3 Months,0,4,organic_block,192.0,0,0,0,0,0.0,0,1,1,0,Young Adult (25-34),0.3536446578631453,0.6389489795918367,Medium,High,1,0,1,S0,General Buyers
2970,36,Female,Belt,Accessories,62.0,Vermont,S,Blue,Fall,4.3,0,Next Day Air,0,0,20,Cash,Every 3 Months,0,4,organic_block,248.0,0,0,0,0,0.0,0,1,0,0,Mid-Age (35-49),0.275032412965186,0.6386887755102041,Low,High,1,0,0,S0,General Buyers
2971,24,Female,Jewelry,Accessories,74.0,Kansas,M,White,Winter,3.4,0,Free Shipping,0,0,44,Credit Card,Bi-Weekly,0,26,organic_block,1924.0,0,0,1,0,0.0,0,0,0,0,Teen (18-24),0.4578143257302921,0.7596377551020408,High,High,0,1,0,S0,General Buyers
2972,30,Female,Handbag,Accessories,100.0,Utah,L,Yellow,Fall,3.9,0,Next Day Air,0,0,9,Paypal,Every 3 Months,0,4,organic_block,400.0,1,0,0,1,0.0,0,0,0,0,Young Adult (25-34),0.1756854741896758,0.7248163265306121,Low,High,1,1,0,S1,High-Value Loyal
2973,31,Female,Jacket,Outerwear,39.0,New York,S,Indigo,Fall,4.2,0,Free Shipping,0,0,11,Venmo,Every 3 Months,0,4,organic_block,156.0,0,1,0,1,0.0,0,1,0,0,Young Adult (25-34),0.2119303721488595,0.4861454081632653,Low,Medium,0,1,3,S5,Low-Value Occasional
2974,25,Female,Boots,Footwear,65.0,Indiana,M,Blue,Summer,2.7,0,Store Pickup,0,0,3,Bank Transfer,Fortnightly,0,26,organic_block,1690.0,0,0,0,1,0.0,0,0,0,1,Young Adult (25-34),0.1507939175670268,0.4690790816326531,Low,Medium,0,0,2,S0,General Buyers
2975,57,Female,Sneakers,Footwear,99.0,Tennessee,Xl,Peach,Summer,4.1,0,Store Pickup,0,0,34,Credit Card,Weekly,0,52,organic_block,5148.0,1,0,0,0,0.0,0,1,0,0,Senior (50-70),0.5800408163265306,0.8599923469387755,High,High,0,1,2,S1,High-Value Loyal
2976,61,Female,Scarf,Accessories,68.0,Georgia,Xl,Lavender,Winter,4.5,0,2-Day Shipping,0,0,48,Cash,Every 3 Months,0,4,organic_block,272.0,0,0,1,0,0.0,0,1,1,0,Senior (50-70),0.4624609843937575,0.8197959183673469,High,High,1,0,0,S0,General Buyers
2977,30,Female,Coat,Outerwear,97.0,Nebraska,M,Silver,Summer,2.8,0,Express,0,0,28,Cash,Fortnightly,0,26,organic_block,2522.0,1,0,0,0,0.0,0,0,0,1,Young Adult (25-34),0.3118551420568227,0.7426301020408164,Medium,High,1,0,3,S1,High-Value Loyal
2978,38,Female,Shorts,Clothing,47.0,Washington,L,Gold,Winter,3.4,0,Standard,0,0,20,Venmo,Annually,0,1,organic_block,47.0,0,0,0,0,0.0,0,0,0,0,Mid-Age (35-49),0.1883265306122448,0.5190637755102041,Low,Medium,0,1,1,S0,General Buyers
2979,53,Female,Shorts,Clothing,56.0,Idaho,S,Cyan,Spring,3.9,0,Free Shipping,0,0,49,Bank Transfer,Fortnightly,0,26,organic_block,1456.0,0,0,1,0,0.0,0,0,0,0,Senior (50-70),0.5284265706282513,0.7363979591836735,High,High,0,0,1,S0,General Buyers
2980,31,Female,Jeans,Clothing,91.0,Louisiana,L,Olive,Fall,2.6,0,Next Day Air,0,0,14,Paypal,Weekly,0,52,organic_block,4732.0,1,0,0,0,0.0,0,0,0,1,Young Adult (25-34),0.3375918367346939,0.6329515306122449,Medium,High,1,1,1,S1,High-Value Loyal
2981,70,Female,Gloves,Accessories,93.0,New Jersey,L,Teal,Fall,4.4,0,2-Day Shipping,0,0,9,Bank Transfer,Monthly,0,12,organic_block,1116.0,1,0,0,1,0.0,0,1,0,0,Senior (50-70),0.2549011604641857,0.7241913265306122,Low,High,1,0,0,S1,High-Value Loyal
2982,21,Female,Pants,Clothing,36.0,Delaware,L,Pink,Winter,4.9,0,Standard,0,0,37,Venmo,Annually,0,1,organic_block,36.0,0,1,0,0,0.0,0,1,1,0,Teen (18-24),0.4124081632653061,0.6476734693877552,Medium,High,0,1,1,S0,General Buyers
2983,33,Female,Dress,Clothing,45.0,Wisconsin,M,Orange,Summer,3.6,0,Store Pickup,0,0,4,Credit Card,Weekly,0,52,organic_block,2340.0,0,0,0,1,0.0,0,0,0,0,Young Adult (25-34),0.3563673469387755,0.4406811224489796,Medium,Medium,0,1,1,S0,General Buyers
2984,60,Female,Pants,Clothing,44.0,West Virginia,M,Charcoal,Winter,2.8,0,2-Day Shipping,0,0,1,Credit Card,Quarterly,0,4,organic_block,176.0,0,0,0,1,0.0,0,0,0,1,Senior (50-70),0.0387058823529411,0.373,Low,Low,1,1,1,S0,General Buyers
2985,45,Female,Gloves,Accessories,32.0,Texas,L,Red,Spring,4.3,0,2-Day Shipping,0,0,36,Debit Card,Bi-Weekly,0,26,organic_block,832.0,0,1,0,0,0.0,0,1,0,0,Mid-Age (35-49),0.4808347338935573,0.5890714285714286,High,Medium,1,1,0,S0,General Buyers
2986,46,Female,Belt,Accessories,36.0,Hawaii,S,Teal,Summer,3.0,0,Express,0,0,21,Cash,Bi-Weekly,0,26,organic_block,936.0,0,1,0,0,0.0,0,0,0,0,Mid-Age (35-49),0.2849979991996798,0.4520408163265306,Low,Medium,1,0,0,S0,General Buyers
2987,62,Female,Belt,Accessories,85.0,Arizona,S,Silver,Summer,3.3,0,2-Day Shipping,0,0,16,Credit Card,Monthly,0,12,organic_block,1020.0,1,0,0,0,0.0,0,0,0,0,Senior (50-70),0.2097583033213285,0.658905612244898,Low,High,1,1,0,S1,High-Value Loyal
2988,63,Female,Skirt,Clothing,36.0,Louisiana,L,Black,Winter,2.5,0,Store Pickup,0,0,42,Cash,Monthly,0,12,organic_block,432.0,0,1,1,0,0.0,0,0,0,1,Senior (50-70),0.3049419767907163,0.5291836734693878,Medium,Medium,0,0,1,S0,General Buyers
2989,69,Female,Socks,Clothing,55.0,Nevada,S,Pink,Spring,5.0,0,2-Day Shipping,0,0,31,Debit Card,Monthly,0,12,organic_block,660.0,0,0,0,0,0.0,0,1,1,0,Senior (50-70),0.4375950380152061,0.706186224489796,Medium,High,1,1,1,S0,General Buyers
2990,46,Female,Belt,Accessories,20.0,Rhode Island,Xl,Teal,Summer,4.3,0,2-Day Shipping,0,0,6,Credit Card,Weekly,0,52,organic_block,1040.0,0,1,0,1,0.0,0,1,0,0,Mid-Age (35-49),0.4246122448979591,0.3835102040816326,Medium,Low,1,1,0,S5,Low-Value Occasional
2991,69,Female,Shirt,Clothing,91.0,Illinois,M,Teal,Fall,4.2,0,Free Shipping,0,0,24,Venmo,Monthly,0,12,organic_block,1092.0,1,0,0,0,0.0,0,1,0,0,Senior (50-70),0.3307378951580632,0.7799719387755102,Medium,High,0,1,1,S1,High-Value Loyal
2992,66,Female,Dress,Clothing,71.0,Utah,L,Green,Summer,3.9,0,Standard,0,0,7,Paypal,Bi-Weekly,0,26,organic_block,1846.0,0,0,0,1,0.0,0,0,0,0,Senior (50-70),0.2712837134853941,0.5877372448979591,Low,Medium,0,1,1,S0,General Buyers
2993,41,Female,Socks,Clothing,64.0,North Dakota,M,Charcoal,Spring,3.9,0,Store Pickup,0,0,25,Venmo,Weekly,0,52,organic_block,3328.0,0,0,0,0,0.0,0,0,0,0,Mid-Age (35-49),0.5089387755102041,0.6489489795918367,High,High,0,1,1,S0,General Buyers
2994,32,Female,Jacket,Outerwear,21.0,Kansas,L,Indigo,Spring,4.2,0,Free Shipping,0,0,18,Cash,Bi-Weekly,0,26,organic_block,546.0,0,1,0,0,0.0,0,1,0,0,Young Adult (25-34),0.3626306522609043,0.443109693877551,Medium,Medium,0,0,3,S0,General Buyers
2995,69,Female,Sweater,Clothing,100.0,Nevada,S,White,Winter,3.5,0,Store Pickup,0,0,14,Bank Transfer,Quarterly,0,4,organic_block,400.0,1,0,0,0,0.0,0,0,0,0,Senior (50-70),0.174297719087635,0.7263265306122448,Low,High,0,0,1,S1,High-Value Loyal
2996,29,Female,Jeans,Clothing,96.0,Virginia,M,Orange,Summer,2.5,0,Standard,0,0,42,Debit Card,Bi-Weekly,0,26,organic_block,2496.0,1,0,1,0,0.0,0,0,0,1,Young Adult (25-34),0.3735694277711084,0.7916836734693877,Medium,High,0,1,1,S1,High-Value Loyal
2997,70,Female,Jewelry,Accessories,91.0,Utah,M,White,Spring,2.9,0,Express,0,0,6,Venmo,Every 3 Months,0,4,organic_block,364.0,1,0,0,1,0.0,0,0,0,1,Senior (50-70),0.0773181272509003,0.6101352040816327,Low,High,1,1,0,S1,High-Value Loyal
2998,41,Female,Sweater,Clothing,40.0,Idaho,S,Yellow,Spring,2.7,0,Next Day Air,0,0,14,Venmo,Every 3 Months,0,4,organic_block,160.0,0,0,0,0,0.0,0,0,0,1,Mid-Age (35-49),0.110297719087635,0.4158265306122449,Low,Low,1,1,1,S0,General Buyers
2999,31,Female,Hoodie,Clothing,53.0,Alaska,M,Red,Summer,4.7,0,Express,0,0,30,Debit Card,Quarterly,0,4,organic_block,212.0,0,0,0,0,0.0,0,1,1,0,Young Adult (25-34),0.3682569027611044,0.6743341836734694,Medium,High,1,1,1,S0,General Buyers
3000,31,Female,Sunglasses,Accessories,48.0,New Hampshire,S,Charcoal,Winter,3.8,0,Standard,0,0,10,Cash,Monthly,0,12,organic_block,576.0,0,0,0,1,0.0,0,0,0,0,Young Adult (25-34),0.2130236094437775,0.4964183673469388,Low,Medium,0,0,0,S0,General Buyers
3001,57,Female,Sandals,Footwear,70.0,Ohio,M,Lavender,Winter,3.7,0,Express,0,0,7,Paypal,Weekly,0,52,organic_block,3640.0,0,0,0,1,0.0,0,0,0,0,Senior (50-70),0.382734693877551,0.5713622448979592,Medium,Medium,1,1,2,S0,General Buyers
3002,29,Female,Coat,Outerwear,29.0,Montana,L,Charcoal,Summer,4.7,0,Express,0,0,28,Credit Card,Quarterly,0,4,organic_block,116.0,0,1,0,0,0.0,0,1,1,0,Young Adult (25-34),0.3560120048019208,0.5591301020408164,Medium,Medium,1,1,3,S0,General Buyers
3003,70,Female,Belt,Accessories,29.0,Louisiana,M,Maroon,Fall,3.6,0,Next Day Air,0,0,19,Bank Transfer,Quarterly,0,4,organic_block,116.0,0,1,0,0,0.0,0,0,0,0,Senior (50-70),0.2129099639855942,0.4472117346938776,Low,Medium,1,0,0,S0,General Buyers
3004,51,Female,Blouse,Clothing,53.0,Oregon,M,Brown,Fall,2.8,0,Express,0,0,13,Credit Card,Every 3 Months,0,4,organic_block,212.0,0,0,0,1,0.0,0,0,0,1,Senior (50-70),0.1121752701080432,0.4735994897959183,Low,Medium,1,1,1,S0,General Buyers
3005,45,Female,Skirt,Clothing,79.0,Arizona,M,Lavender,Winter,3.7,0,Store Pickup,0,0,23,Venmo,Fortnightly,0,26,organic_block,2054.0,0,0,0,0,0.0,0,0,0,0,Mid-Age (35-49),0.3532428971588636,0.6923698979591837,Medium,High,0,1,1,S0,General Buyers
3006,18,Female,Shorts,Clothing,65.0,Alaska,Xl,Brown,Spring,3.5,0,Express,0,0,5,Venmo,Weekly,0,52,organic_block,3380.0,0,0,0,1,0.0,0,0,0,0,Teen (18-24),0.3544897959183674,0.5272831632653061,Medium,Medium,1,1,1,S0,General Buyers
3007,37,Female,Dress,Clothing,99.0,Utah,M,Olive,Summer,3.7,0,Store Pickup,0,0,17,Venmo,Bi-Weekly,0,26,organic_block,2574.0,1,0,0,0,0.0,0,0,0,0,Mid-Age (35-49),0.3165082032813126,0.7492576530612245,Medium,High,0,1,1,S1,High-Value Loyal
3008,23,Female,Sunglasses,Accessories,60.0,New York,L,Lavender,Winter,3.0,0,Next Day Air,0,0,31,Venmo,Weekly,0,52,organic_block,3120.0,0,0,0,0,0.0,0,0,0,0,Teen (18-24),0.4736734693877551,0.6080612244897959,High,High,1,1,0,S0,General Buyers
3009,39,Female,Shoes,Footwear,86.0,New Mexico,M,Gold,Winter,4.9,0,Free Shipping,0,0,19,Paypal,Weekly,0,52,organic_block,4472.0,1,0,0,0,0.0,0,1,1,0,Mid-Age (35-49),0.5522040816326531,0.7745867346938775,High,High,0,1,2,S1,High-Value Loyal
3010,62,Female,Belt,Accessories,73.0,Louisiana,M,Silver,Winter,4.6,0,Free Shipping,0,0,8,Venmo,Fortnightly,0,26,organic_block,1898.0,0,0,0,1,0.0,0,1,1,0,Senior (50-70),0.333406162464986,0.6435892857142856,Medium,High,0,1,0,S0,General Buyers
3011,70,Female,Belt,Accessories,45.0,Ohio,M,Violet,Winter,3.3,0,Free Shipping,0,0,15,Credit Card,Annually,0,1,organic_block,45.0,0,0,0,0,0.0,0,0,0,0,Senior (50-70),0.1497142857142857,0.4788035714285714,Low,Medium,0,1,0,S0,General Buyers
3012,20,Female,Belt,Accessories,70.0,Nevada,S,Brown,Summer,3.0,0,Next Day Air,0,0,18,Credit Card,Every 3 Months,0,4,organic_block,280.0,0,0,0,0,0.0,0,0,0,0,Teen (18-24),0.1587875150060024,0.5854846938775511,Low,Medium,1,1,0,S0,General Buyers
3013,42,Female,Belt,Accessories,65.0,Idaho,M,Teal,Fall,3.5,0,Standard,0,0,16,Paypal,Annually,0,1,organic_block,65.0,0,0,0,0,0.0,0,0,0,0,Mid-Age (35-49),0.1718367346938775,0.5834056122448981,Low,Medium,0,1,0,S0,General Buyers
3014,41,Female,Skirt,Clothing,55.0,Arizona,L,Peach,Summer,4.2,0,Store Pickup,0,0,13,Cash,Monthly,0,12,organic_block,660.0,0,0,0,1,0.0,0,1,0,0,Mid-Age (35-49),0.263390956382553,0.5663494897959184,Low,Medium,0,0,1,S0,General Buyers
3015,24,Female,T-Shirt,Clothing,65.0,Utah,M,Maroon,Spring,4.5,0,Express,0,0,38,Paypal,Every 3 Months,0,4,organic_block,260.0,0,0,1,0,0.0,0,1,1,0,Teen (18-24),0.4012364945978391,0.7556505102040816,Medium,High,1,1,1,S0,General Buyers
3016,37,Female,Scarf,Accessories,21.0,Wyoming,Xl,Lavender,Spring,2.8,0,Express,0,0,27,Bank Transfer,Bi-Weekly,0,26,organic_block,546.0,0,1,0,0,0.0,0,0,0,1,Mid-Age (35-49),0.3057326930772308,0.4050280612244897,Medium,Low,1,0,0,S0,General Buyers
3017,30,Female,Blouse,Clothing,26.0,Indiana,L,Lavender,Summer,4.9,0,Store Pickup,0,0,31,Bank Transfer,Quarterly,0,4,organic_block,104.0,0,1,0,0,0.0,0,1,1,0,Young Adult (25-34),0.3903793517406964,0.573311224489796,Medium,Medium,0,0,1,S0,General Buyers
3018,58,Female,Sunglasses,Accessories,71.0,Wisconsin,S,Purple,Summer,3.3,0,Next Day Air,0,0,24,Cash,Bi-Weekly,0,26,organic_block,1846.0,0,0,0,0,0.0,0,0,0,0,Senior (50-70),0.3273653461384553,0.6384719387755102,Medium,High,1,0,0,S0,General Buyers
3019,43,Female,Boots,Footwear,41.0,Texas,M,Green,Summer,3.0,0,Free Shipping,0,0,21,Debit Card,Bi-Weekly,0,26,organic_block,1066.0,0,0,0,0,0.0,0,0,0,0,Mid-Age (35-49),0.2849979991996798,0.4739158163265305,Low,Medium,0,1,2,S0,General Buyers
3020,19,Female,Jacket,Outerwear,44.0,Utah,M,Yellow,Winter,3.9,0,2-Day Shipping,0,0,15,Paypal,Annually,0,1,organic_block,44.0,0,0,0,0,0.0,0,0,0,0,Teen (18-24),0.1977142857142856,0.5104285714285715,Low,Medium,1,1,3,S0,General Buyers
3021,23,Female,Jeans,Clothing,81.0,Arkansas,S,Charcoal,Fall,2.8,0,Store Pickup,0,0,48,Venmo,Every 3 Months,0,4,organic_block,324.0,1,0,1,0,0.0,0,0,0,1,Teen (18-24),0.3264609843937574,0.7746709183673469,Medium,High,0,1,1,S1,High-Value Loyal
3022,65,Female,Sunglasses,Accessories,77.0,Pennsylvania,S,Blue,Summer,4.5,0,2-Day Shipping,0,0,47,Cash,Quarterly,0,4,organic_block,308.0,0,0,1,0,0.0,0,1,1,0,Senior (50-70),0.4563385354141657,0.8540688775510205,Medium,High,1,0,0,S0,General Buyers
3023,58,Female,Sandals,Footwear,26.0,Georgia,M,Lavender,Fall,4.0,0,Free Shipping,0,0,23,Paypal,Weekly,0,52,organic_block,1352.0,0,1,0,0,0.0,0,1,0,0,Senior (50-70),0.5046938775510204,0.4784948979591836,High,Medium,0,1,2,S0,General Buyers
3024,50,Female,Backpack,Accessories,31.0,Indiana,M,Brown,Summer,2.9,0,Express,0,0,4,Paypal,Quarterly,0,4,organic_block,124.0,0,1,0,1,0.0,0,0,0,1,Senior (50-70),0.0650732292917166,0.3374311224489796,Low,Low,1,1,0,S5,Low-Value Occasional
3025,67,Female,Blouse,Clothing,82.0,Idaho,S,White,Spring,4.0,0,Free Shipping,0,0,47,Credit Card,Every 3 Months,0,4,organic_block,328.0,1,0,1,0,0.0,0,1,0,0,Senior (50-70),0.4163385354141656,0.8459438775510204,Medium,High,0,1,1,S1,High-Value Loyal
3026,40,Female,Shoes,Footwear,60.0,Montana,Xl,Green,Summer,3.4,0,Store Pickup,0,0,7,Paypal,Monthly,0,12,organic_block,720.0,0,0,0,1,0.0,0,0,0,0,Mid-Age (35-49),0.1626562625050019,0.5096122448979592,Low,Medium,0,1,2,S0,General Buyers
3027,55,Female,Shirt,Clothing,70.0,Tennessee,L,Magenta,Fall,2.5,0,Free Shipping,0,0,6,Credit Card,Annually,0,1,organic_block,70.0,0,0,0,1,0.0,0,0,0,1,Senior (50-70),0.0306122448979591,0.4942602040816326,Low,Medium,0,1,1,S0,General Buyers
3028,52,Female,Hoodie,Clothing,26.0,West Virginia,Xl,Peach,Winter,2.8,0,2-Day Shipping,0,0,47,Credit Card,Quarterly,0,4,organic_block,104.0,0,1,1,0,0.0,0,0,0,1,Senior (50-70),0.3203385354141656,0.5289438775510205,Medium,Medium,1,1,1,S0,General Buyers
3029,62,Female,Dress,Clothing,100.0,California,L,Charcoal,Summer,3.0,0,Free Shipping,0,0,7,Paypal,Every 3 Months,0,4,organic_block,400.0,1,0,0,1,0.0,0,0,0,0,Senior (50-70),0.0914405762304922,0.6606122448979592,Low,High,0,1,1,S1,High-Value Loyal
3030,64,Female,Dress,Clothing,82.0,Georgia,M,Gold,Summer,3.1,0,Free Shipping,0,0,1,Debit Card,Quarterly,0,4,organic_block,328.0,1,0,0,1,0.0,0,0,0,0,Senior (50-70),0.0627058823529412,0.55725,Low,Medium,0,1,1,S0,General Buyers
3031,43,Female,Sneakers,Footwear,24.0,Maryland,Xl,Purple,Spring,2.6,0,2-Day Shipping,0,0,23,Credit Card,Weekly,0,52,organic_block,1248.0,0,1,0,0,0.0,0,0,0,1,Mid-Age (35-49),0.3926938775510204,0.3857448979591836,Medium,Low,1,1,2,S0,General Buyers
3032,61,Female,Blouse,Clothing,74.0,Idaho,L,Teal,Summer,4.9,0,2-Day Shipping,0,0,30,Credit Card,Monthly,0,12,organic_block,888.0,0,0,0,0,0.0,0,1,1,0,Senior (50-70),0.4234725890356143,0.7782091836734694,Medium,High,1,1,1,S0,General Buyers
3033,26,Female,Backpack,Accessories,58.0,California,Xl,Green,Summer,3.5,0,Next Day Air,0,0,24,Credit Card,Quarterly,0,4,organic_block,232.0,0,0,0,0,0.0,0,0,0,0,Young Adult (25-34),0.2355222088835534,0.5935969387755102,Low,Medium,1,1,0,S0,General Buyers
3034,22,Female,Sweater,Clothing,56.0,Alabama,L,Orange,Spring,2.6,0,Store Pickup,0,0,9,Paypal,Weekly,0,52,organic_block,2912.0,0,0,0,1,0.0,0,0,0,1,Teen (18-24),0.3069795918367347,0.4543163265306122,Medium,Medium,0,1,1,S0,General Buyers
3035,51,Female,Boots,Footwear,37.0,Utah,L,Peach,Spring,3.5,0,2-Day Shipping,0,0,25,Credit Card,Quarterly,0,4,organic_block,148.0,0,1,0,0,0.0,0,0,0,0,Senior (50-70),0.2416446578631452,0.5068239795918368,Low,Medium,1,1,2,S0,General Buyers
3036,69,Female,Handbag,Accessories,64.0,Kentucky,M,Gold,Spring,4.5,0,Free Shipping,0,0,18,Cash,Bi-Weekly,0,26,organic_block,1664.0,0,0,0,0,0.0,0,1,1,0,Senior (50-70),0.3866306522609044,0.649234693877551,Medium,High,0,0,0,S0,General Buyers
3037,50,Female,Hoodie,Clothing,58.0,Vermont,S,Violet,Spring,4.3,0,Next Day Air,0,0,7,Venmo,Fortnightly,0,26,organic_block,1508.0,0,0,0,1,0.0,0,1,0,0,Senior (50-70),0.3032837134853942,0.5548622448979592,Medium,Medium,1,1,1,S0,General Buyers
3038,51,Female,Belt,Accessories,44.0,Iowa,L,Charcoal,Summer,4.8,0,Next Day Air,0,0,2,Cash,Annually,0,1,organic_block,44.0,0,0,0,1,0.0,0,1,1,0,Senior (50-70),0.1901224489795918,0.4981020408163265,Low,Medium,1,0,0,S0,General Buyers
3039,56,Female,Jewelry,Accessories,39.0,Georgia,M,Brown,Summer,4.2,0,Free Shipping,0,0,36,Debit Card,Annually,0,1,organic_block,39.0,0,1,0,0,0.0,0,1,0,0,Senior (50-70),0.3502857142857143,0.6136964285714285,Medium,High,0,1,0,S0,General Buyers
3040,59,Female,Blouse,Clothing,48.0,Alabama,L,Blue,Spring,3.2,0,Next Day Air,0,0,31,Paypal,Bi-Weekly,0,26,organic_block,1248.0,0,0,0,0,0.0,0,0,0,0,Senior (50-70),0.3622224889955983,0.567561224489796,Medium,Medium,1,1,1,S0,General Buyers
3041,18,Female,Handbag,Accessories,32.0,Nebraska,M,Gold,Fall,4.1,0,Express,0,0,10,Cash,Fortnightly,0,26,organic_block,832.0,0,1,0,1,0.0,0,1,0,0,Teen (18-24),0.3056510604241697,0.4444183673469387,Medium,Medium,1,0,0,S5,Low-Value Occasional
3042,48,Female,Handbag,Accessories,79.0,Rhode Island,M,Orange,Winter,4.0,0,Express,0,0,27,Paypal,Monthly,0,12,organic_block,948.0,0,0,0,0,0.0,0,1,0,0,Mid-Age (35-49),0.3331052420968387,0.7307780612244897,Medium,High,1,1,0,S0,General Buyers
3043,53,Female,Coat,Outerwear,27.0,South Dakota,L,Turquoise,Winter,2.9,0,Next Day Air,0,0,14,Paypal,Every 3 Months,0,4,organic_block,108.0,0,1,0,0,0.0,0,0,0,1,Senior (50-70),0.126297719087635,0.3709515306122449,Low,Low,1,1,3,S0,General Buyers
3044,45,Female,Belt,Accessories,98.0,Illinois,S,Peach,Fall,2.6,0,Store Pickup,0,0,17,Credit Card,Monthly,0,12,organic_block,1176.0,1,0,0,0,0.0,0,0,0,1,Mid-Age (35-49),0.1598807523009203,0.6788826530612244,Low,High,0,1,0,S1,High-Value Loyal
3045,21,Female,Boots,Footwear,67.0,North Carolina,M,Magenta,Winter,2.7,0,Free Shipping,0,0,10,Bank Transfer,Quarterly,0,4,organic_block,268.0,0,0,0,1,0.0,0,0,0,1,Teen (18-24),0.0858079231692677,0.5135433673469387,Low,Medium,0,0,2,S0,General Buyers
3046,42,Female,Socks,Clothing,37.0,Florida,L,Black,Winter,4.6,0,2-Day Shipping,0,0,4,Paypal,Bi-Weekly,0,26,organic_block,962.0,0,1,0,1,0.0,0,1,1,0,Mid-Age (35-49),0.3089163665466186,0.4656811224489795,Medium,Medium,1,1,1,S5,Low-Value Occasional
3047,60,Female,Shoes,Footwear,49.0,Pennsylvania,M,White,Spring,3.2,0,Store Pickup,0,0,25,Cash,Every 3 Months,0,4,organic_block,196.0,0,0,0,0,0.0,0,0,0,0,Senior (50-70),0.2176446578631452,0.5413239795918368,Low,Medium,0,0,2,S0,General Buyers
3048,21,Female,Sneakers,Footwear,74.0,Vermont,M,Violet,Fall,4.1,0,2-Day Shipping,0,0,3,Paypal,Bi-Weekly,0,26,organic_block,1924.0,0,0,0,1,0.0,0,1,0,0,Teen (18-24),0.2627939175670267,0.592454081632653,Low,Medium,1,1,2,S0,General Buyers
3049,69,Female,Jewelry,Accessories,93.0,Colorado,M,Olive,Summer,3.9,0,Standard,0,0,47,Venmo,Fortnightly,0,26,organic_block,2418.0,1,0,1,0,0.0,0,0,0,0,Senior (50-70),0.5161816726690676,0.8880688775510204,High,High,0,1,0,S1,High-Value Loyal
3050,40,Female,Handbag,Accessories,60.0,Utah,L,Red,Summer,3.0,0,Next Day Air,0,0,41,Bank Transfer,Bi-Weekly,0,26,organic_block,1560.0,0,0,1,0,0.0,0,0,0,0,Mid-Age (35-49),0.4074469787915166,0.6590816326530613,Medium,High,1,0,0,S0,General Buyers
3051,31,Female,Coat,Outerwear,76.0,Kentucky,S,Green,Spring,3.6,0,Standard,0,0,28,Venmo,Every 3 Months,0,4,organic_block,304.0,0,0,0,0,0.0,0,0,0,0,Young Adult (25-34),0.2680120048019208,0.6987551020408163,Low,High,0,1,3,S0,General Buyers
3052,44,Female,Sunglasses,Accessories,64.0,Wyoming,L,Gold,Summer,4.6,0,Express,0,0,49,Debit Card,Every 3 Months,0,4,organic_block,256.0,0,0,1,0,0.0,0,1,1,0,Mid-Age (35-49),0.4765834333733493,0.8133979591836734,High,High,1,1,0,S0,General Buyers
3053,48,Female,Shoes,Footwear,38.0,Maine,Xl,Olive,Spring,4.5,0,Store Pickup,0,0,7,Bank Transfer,Fortnightly,0,26,organic_block,988.0,0,1,0,1,0.0,0,1,1,0,Mid-Age (35-49),0.3192837134853942,0.4793622448979592,Medium,Medium,0,0,2,S5,Low-Value Occasional
3054,32,Female,Shoes,Footwear,91.0,Maine,L,Brown,Winter,3.2,0,Next Day Air,0,0,22,Bank Transfer,Monthly,0,12,organic_block,1092.0,1,0,0,0,0.0,0,0,0,0,Young Adult (25-34),0.2384929971988795,0.7097678571428572,Low,High,1,0,2,S1,High-Value Loyal
3055,42,Female,Boots,Footwear,70.0,New Hampshire,S,Magenta,Summer,4.9,0,2-Day Shipping,0,0,34,Venmo,Monthly,0,12,organic_block,840.0,0,0,0,0,0.0,0,1,1,0,Mid-Age (35-49),0.4479623849539816,0.7811173469387755,Medium,High,1,1,2,S0,General Buyers
3056,27,Female,Sandals,Footwear,22.0,Kansas,M,Violet,Fall,5.0,0,Standard,0,0,5,Debit Card,Bi-Weekly,0,26,organic_block,572.0,0,1,0,1,0.0,0,1,1,0,Young Adult (25-34),0.3470388155262105,0.4291581632653061,Medium,Medium,0,1,2,S5,Low-Value Occasional
3057,69,Female,Gloves,Accessories,59.0,New Jersey,M,Beige,Spring,3.8,0,Standard,0,0,15,Cash,Bi-Weekly,0,26,organic_block,1534.0,0,0,0,0,0.0,0,0,0,0,Senior (50-70),0.3122633053221288,0.5700535714285714,Medium,Medium,0,0,0,S0,General Buyers
3058,67,Female,Backpack,Accessories,22.0,North Carolina,M,Blue,Spring,3.4,0,Next Day Air,0,0,26,Bank Transfer,Weekly,0,52,organic_block,1144.0,0,1,0,0,0.0,0,0,0,0,Senior (50-70),0.4750612244897959,0.4403010204081632,High,Medium,1,0,0,S0,General Buyers
3059,41,Female,Handbag,Accessories,74.0,West Virginia,S,Orange,Winter,3.8,0,Store Pickup,0,0,3,Bank Transfer,Fortnightly,0,26,organic_block,1924.0,0,0,0,1,0.0,0,0,0,0,Mid-Age (35-49),0.2387939175670267,0.574454081632653,Low,Medium,0,0,0,S0,General Buyers
3060,46,Female,Sweater,Clothing,71.0,Kentucky,L,Maroon,Spring,3.2,0,Express,0,0,42,Credit Card,Quarterly,0,4,organic_block,284.0,0,0,1,0,0.0,0,0,0,0,Mid-Age (35-49),0.3217262905162065,0.7243086734693878,Medium,High,1,1,1,S0,General Buyers
3061,47,Female,Coat,Outerwear,80.0,California,S,Charcoal,Summer,4.7,0,Store Pickup,0,0,1,Venmo,Monthly,0,12,organic_block,960.0,0,0,0,1,0.0,0,1,1,0,Mid-Age (35-49),0.229921568627451,0.6445,Low,High,0,1,3,S0,General Buyers
3062,33,Female,T-Shirt,Clothing,59.0,South Dakota,L,Olive,Fall,4.5,0,Express,0,0,20,Paypal,Every 3 Months,0,4,organic_block,236.0,0,0,0,0,0.0,0,1,1,0,Young Adult (25-34),0.2910324129651861,0.637563775510204,Low,High,1,1,1,S0,General Buyers
3063,51,Female,Backpack,Accessories,96.0,California,L,Green,Fall,3.3,0,Standard,0,0,39,Paypal,Monthly,0,12,organic_block,1152.0,1,0,1,0,0.0,0,0,0,0,Senior (50-70),0.3505746298519407,0.8243775510204081,Medium,High,0,1,0,S1,High-Value Loyal
3064,26,Female,Sunglasses,Accessories,43.0,Connecticut,L,Brown,Winter,3.9,0,Store Pickup,0,0,24,Credit Card,Fortnightly,0,26,organic_block,1118.0,0,0,0,0,0.0,0,0,0,0,Young Adult (25-34),0.3753653461384553,0.5519719387755102,Medium,Medium,0,1,0,S0,General Buyers
3065,22,Female,Belt,Accessories,76.0,Idaho,S,Cyan,Winter,3.6,0,Express,0,0,49,Bank Transfer,Quarterly,0,4,organic_block,304.0,0,0,1,0,0.0,0,0,0,0,Teen (18-24),0.3965834333733493,0.8058979591836735,Medium,High,1,0,0,S0,General Buyers
3066,49,Female,Jacket,Outerwear,59.0,North Dakota,M,Beige,Fall,2.8,0,Store Pickup,0,0,7,Venmo,Bi-Weekly,0,26,organic_block,1534.0,0,0,0,1,0.0,0,0,0,1,Mid-Age (35-49),0.1832837134853941,0.4692372448979591,Low,Medium,0,1,3,S0,General Buyers
3067,58,Female,Skirt,Clothing,48.0,Michigan,L,Teal,Summer,4.3,0,Free Shipping,0,0,13,Venmo,Every 3 Months,0,4,organic_block,192.0,0,0,0,1,0.0,0,1,0,0,Senior (50-70),0.2321752701080432,0.5417244897959184,Low,Medium,0,1,1,S0,General Buyers
3068,70,Female,Belt,Accessories,22.0,Missouri,S,Gray,Spring,3.5,0,Free Shipping,0,0,2,Cash,Weekly,0,52,organic_block,1144.0,0,1,0,1,0.0,0,0,0,0,Senior (50-70),0.3361224489795918,0.3238520408163265,Medium,Low,0,0,0,S5,Low-Value Occasional
3069,32,Female,Boots,Footwear,40.0,California,M,Indigo,Winter,4.2,0,Express,0,0,4,Debit Card,Weekly,0,52,organic_block,2080.0,0,0,0,1,0.0,0,1,0,0,Young Adult (25-34),0.4043673469387755,0.4548061224489795,Medium,Medium,1,1,2,S0,General Buyers
3070,62,Female,Jeans,Clothing,73.0,Delaware,L,Magenta,Spring,4.6,0,Express,0,0,17,Debit Card,Quarterly,0,4,organic_block,292.0,0,0,0,0,0.0,0,1,1,0,Senior (50-70),0.2806650660264105,0.6895076530612244,Low,High,1,1,1,S0,General Buyers
3071,52,Female,Shoes,Footwear,26.0,Alabama,Xl,Red,Fall,2.6,0,Free Shipping,0,0,43,Paypal,Bi-Weekly,0,26,organic_block,676.0,0,1,1,0,0.0,0,0,0,1,Senior (50-70),0.3876918767507002,0.4965357142857143,Medium,Medium,0,1,2,S0,General Buyers
3072,23,Female,Sweater,Clothing,41.0,New Hampshire,L,Turquoise,Spring,3.4,0,Next Day Air,0,0,6,Paypal,Monthly,0,12,organic_block,492.0,0,0,0,1,0.0,0,0,0,0,Teen (18-24),0.1565338135254101,0.4213852040816326,Low,Low,1,1,1,S0,General Buyers
3073,26,Female,Jewelry,Accessories,98.0,New York,L,Peach,Spring,3.1,0,Standard,0,0,46,Paypal,Quarterly,0,4,organic_block,392.0,1,0,1,0,0.0,0,0,0,0,Young Adult (25-34),0.3382160864345738,0.8568418367346939,Medium,High,0,1,0,S1,High-Value Loyal
3074,58,Female,Shirt,Clothing,63.0,Oregon,L,White,Winter,3.6,0,Free Shipping,0,0,7,Debit Card,Bi-Weekly,0,26,organic_block,1638.0,0,0,0,1,0.0,0,0,0,0,Senior (50-70),0.2472837134853941,0.5347372448979593,Low,Medium,0,1,1,S0,General Buyers
3075,26,Female,Boots,Footwear,55.0,Massachusetts,L,Maroon,Winter,4.2,0,Next Day Air,0,0,34,Debit Card,Fortnightly,0,26,organic_block,1430.0,0,0,0,0,0.0,0,1,0,0,Young Adult (25-34),0.4605898359343737,0.6734923469387755,High,High,1,1,2,S0,General Buyers
3076,54,Female,Shorts,Clothing,90.0,Utah,Xl,Beige,Winter,3.6,0,Standard,0,0,21,Paypal,Every 3 Months,0,4,organic_block,360.0,1,0,0,0,0.0,0,0,0,0,Senior (50-70),0.2251548619447779,0.7242908163265307,Low,High,0,1,1,S1,High-Value Loyal
3077,66,Female,Handbag,Accessories,46.0,New Hampshire,M,Blue,Summer,3.6,0,Express,0,0,13,Venmo,Bi-Weekly,0,26,organic_block,1196.0,0,0,0,1,0.0,0,0,0,0,Senior (50-70),0.2840184073629452,0.4909744897959183,Low,Medium,1,1,0,S0,General Buyers
3078,60,Female,Sweater,Clothing,88.0,Illinois,S,Red,Spring,3.0,0,Store Pickup,0,0,33,Debit Card,Bi-Weekly,0,26,organic_block,2288.0,1,0,0,0,0.0,0,0,0,0,Senior (50-70),0.3584673869547818,0.740765306122449,Medium,High,0,1,1,S1,High-Value Loyal
3079,32,Female,Belt,Accessories,95.0,Alaska,M,Blue,Spring,2.5,0,2-Day Shipping,0,0,24,Bank Transfer,Bi-Weekly,0,26,organic_block,2470.0,1,0,0,0,0.0,0,0,0,1,Young Adult (25-34),0.2633653461384553,0.6954719387755102,Low,High,1,0,0,S1,High-Value Loyal
3080,48,Female,Belt,Accessories,31.0,Wyoming,M,Maroon,Fall,4.0,0,Store Pickup,0,0,4,Bank Transfer,Annually,0,1,organic_block,31.0,0,1,0,1,0.0,0,1,0,0,Mid-Age (35-49),0.1383673469387755,0.4034311224489796,Low,Low,0,0,0,S5,Low-Value Occasional
3081,69,Female,Hoodie,Clothing,42.0,Colorado,L,Yellow,Spring,4.1,0,Next Day Air,0,0,5,Cash,Bi-Weekly,0,26,organic_block,1092.0,0,0,0,1,0.0,0,1,0,0,Senior (50-70),0.2750388155262104,0.462658163265306,Low,Medium,1,0,1,S0,General Buyers
3082,64,Female,Sneakers,Footwear,44.0,Vermont,L,Pink,Winter,4.9,0,Next Day Air,0,0,11,Credit Card,Weekly,0,52,organic_block,2288.0,0,0,0,1,0.0,0,1,1,0,Senior (50-70),0.5032244897959184,0.5500204081632654,High,Medium,1,1,2,S0,General Buyers
3083,56,Female,T-Shirt,Clothing,99.0,Utah,M,Maroon,Spring,4.0,0,Next Day Air,0,0,20,Bank Transfer,Annually,0,1,organic_block,99.0,1,0,0,0,0.0,0,1,0,0,Senior (50-70),0.2363265306122449,0.7825637755102041,Low,High,1,0,1,S1,High-Value Loyal
3084,22,Female,Pants,Clothing,20.0,Illinois,S,Purple,Summer,3.5,0,Store Pickup,0,0,28,Paypal,Quarterly,0,4,organic_block,80.0,0,1,0,0,0.0,0,0,0,0,Teen (18-24),0.2600120048019207,0.4477551020408163,Low,Medium,0,1,1,S0,General Buyers
3085,46,Female,Scarf,Accessories,37.0,Idaho,S,Indigo,Spring,3.2,0,Store Pickup,0,0,43,Paypal,Monthly,0,12,organic_block,444.0,0,1,1,0,0.0,0,0,0,0,Mid-Age (35-49),0.3670644257703082,0.5806607142857143,Medium,Medium,0,1,0,S0,General Buyers
3086,24,Female,Sweater,Clothing,50.0,Nevada,L,Gray,Winter,2.8,0,Store Pickup,0,0,10,Venmo,Every 3 Months,0,4,organic_block,200.0,0,0,0,1,0.0,0,0,0,1,Teen (18-24),0.0938079231692677,0.4451683673469387,Low,Medium,0,1,1,S0,General Buyers
3087,47,Female,Handbag,Accessories,73.0,Utah,M,Lavender,Summer,3.5,0,Next Day Air,0,0,26,Venmo,Every 3 Months,0,4,organic_block,292.0,0,0,0,0,0.0,0,0,0,0,Mid-Age (35-49),0.2477671068427371,0.6694260204081632,Low,High,1,1,0,S0,General Buyers
3088,62,Female,Shirt,Clothing,84.0,North Carolina,M,Charcoal,Spring,3.1,0,Free Shipping,0,0,29,Bank Transfer,Monthly,0,12,organic_block,1008.0,1,0,0,0,0.0,0,0,0,0,Senior (50-70),0.2733501400560224,0.7088571428571429,Low,High,0,0,1,S1,High-Value Loyal
3089,34,Female,Dress,Clothing,64.0,Arkansas,M,Teal,Spring,3.3,0,Store Pickup,0,0,35,Bank Transfer,Quarterly,0,4,organic_block,256.0,0,0,0,0,0.0,0,0,0,0,Young Adult (25-34),0.2868691476590636,0.6639693877551021,Low,High,0,0,1,S0,General Buyers
3090,50,Female,Sandals,Footwear,21.0,North Carolina,L,Blue,Fall,4.6,0,Free Shipping,0,0,23,Cash,Bi-Weekly,0,26,organic_block,546.0,0,1,0,0,0.0,0,1,1,0,Senior (50-70),0.4252428971588635,0.4926198979591837,Medium,Medium,0,0,2,S0,General Buyers
3091,29,Female,Shirt,Clothing,36.0,Texas,M,Peach,Summer,4.9,0,Store Pickup,0,0,15,Bank Transfer,Quarterly,0,4,organic_block,144.0,0,1,0,0,0.0,0,1,1,0,Young Adult (25-34),0.2924201680672269,0.5354285714285714,Low,Medium,0,0,1,S0,General Buyers
3092,68,Female,Dress,Clothing,81.0,Nevada,L,Orange,Winter,3.4,0,2-Day Shipping,0,0,46,Credit Card,Annually,0,1,organic_block,81.0,1,0,1,0,0.0,0,0,0,0,Senior (50-70),0.3475102040816326,0.8004668367346939,Medium,High,1,1,1,S1,High-Value Loyal
3093,52,Female,Sunglasses,Accessories,54.0,Utah,L,Silver,Fall,3.5,0,Next Day Air,0,0,14,Bank Transfer,Bi-Weekly,0,26,organic_block,1404.0,0,0,0,0,0.0,0,0,0,0,Senior (50-70),0.282140856342537,0.5250765306122449,Low,Medium,1,0,0,S0,General Buyers
3094,29,Female,Socks,Clothing,63.0,Pennsylvania,L,Red,Summer,4.8,0,Store Pickup,0,0,17,Cash,Every 3 Months,0,4,organic_block,252.0,0,0,0,0,0.0,0,1,1,0,Young Adult (25-34),0.2966650660264106,0.6577576530612245,Low,High,0,0,1,S0,General Buyers
3095,22,Female,Sandals,Footwear,59.0,Georgia,M,Gray,Summer,2.7,0,Store Pickup,0,0,9,Cash,Weekly,0,52,organic_block,3068.0,0,0,0,1,0.0,0,0,0,1,Teen (18-24),0.3149795918367347,0.4734413265306122,Medium,Medium,0,0,2,S0,General Buyers
3096,62,Female,Hat,Accessories,53.0,Minnesota,S,Beige,Fall,3.4,0,Standard,0,0,13,Venmo,Fortnightly,0,26,organic_block,1378.0,0,0,0,1,0.0,0,0,0,0,Senior (50-70),0.2680184073629452,0.5095994897959184,Low,Medium,0,1,0,S0,General Buyers
3097,69,Female,Shirt,Clothing,63.0,Kansas,L,White,Winter,3.5,0,Next Day Air,0,0,20,Bank Transfer,Monthly,0,12,organic_block,756.0,0,0,0,0,0.0,0,0,0,0,Senior (50-70),0.2502480992396959,0.5950637755102042,Low,Medium,1,0,1,S0,General Buyers
3098,48,Female,Shoes,Footwear,33.0,Delaware,M,Silver,Fall,3.7,0,Free Shipping,0,0,39,Bank Transfer,Quarterly,0,4,organic_block,132.0,0,1,1,0,0.0,0,0,0,0,Mid-Age (35-49),0.343358943577431,0.5727525510204081,Medium,Medium,0,0,2,S0,General Buyers
3099,66,Female,Pants,Clothing,64.0,New Mexico,L,Cyan,Summer,3.3,0,Next Day Air,0,0,50,Bank Transfer,Quarterly,0,4,organic_block,256.0,0,0,1,0,0.0,0,0,0,0,Senior (50-70),0.3787058823529411,0.7405,Medium,High,1,0,1,S0,General Buyers
3100,42,Female,Shirt,Clothing,98.0,Michigan,S,Maroon,Fall,2.9,0,Free Shipping,0,0,21,Bank Transfer,Bi-Weekly,0,26,organic_block,2548.0,1,0,0,0,0.0,0,0,0,1,Mid-Age (35-49),0.2769979991996798,0.7172908163265306,Low,High,0,0,1,S1,High-Value Loyal
3101,50,Female,Hat,Accessories,85.0,Vermont,L,Purple,Winter,3.9,0,Express,0,0,3,Bank Transfer,Weekly,0,52,organic_block,4420.0,1,0,0,1,0.0,0,0,0,0,Senior (50-70),0.3742448979591836,0.628579081632653,Medium,High,1,0,0,S1,High-Value Loyal
3102,32,Female,Jewelry,Accessories,82.0,Idaho,S,Brown,Summer,2.7,0,Express,0,0,9,Paypal,Fortnightly,0,26,organic_block,2132.0,1,0,0,1,0.0,0,0,0,1,Young Adult (25-34),0.1875286114445778,0.5740663265306123,Low,Medium,1,1,0,S0,General Buyers
3103,51,Female,Jacket,Outerwear,85.0,South Dakota,M,Green,Summer,4.3,0,Standard,0,0,29,Cash,Bi-Weekly,0,26,organic_block,2210.0,1,0,0,0,0.0,0,1,0,0,Senior (50-70),0.4379775910364145,0.7852321428571428,Medium,High,0,0,3,S1,High-Value Loyal
3104,27,Female,Shirt,Clothing,37.0,Illinois,S,Peach,Winter,3.0,0,2-Day Shipping,0,0,42,Bank Transfer,Weekly,0,52,organic_block,1924.0,0,1,1,0,0.0,0,0,0,0,Young Adult (25-34),0.5410204081632654,0.5635586734693878,High,Medium,1,0,1,S0,General Buyers
3105,43,Female,Pants,Clothing,56.0,Georgia,S,Turquoise,Summer,5.0,0,2-Day Shipping,0,0,41,Debit Card,Fortnightly,0,26,organic_block,1456.0,0,0,1,0,0.0,0,1,1,0,Mid-Age (35-49),0.5674469787915166,0.7615816326530612,High,High,1,1,1,S0,General Buyers
3106,48,Female,Skirt,Clothing,33.0,Oregon,M,Olive,Fall,2.7,0,Express,0,0,17,Debit Card,Monthly,0,12,organic_block,396.0,0,1,0,0,0.0,0,0,0,1,Mid-Age (35-49),0.1678807523009203,0.4005076530612245,Low,Low,1,1,1,S0,General Buyers
3107,62,Female,Sandals,Footwear,57.0,Alabama,M,Yellow,Winter,4.7,0,Next Day Air,0,0,20,Paypal,Annually,0,1,organic_block,57.0,0,0,0,0,0.0,0,1,1,0,Senior (50-70),0.2923265306122449,0.640813775510204,Low,High,1,1,2,S0,General Buyers
3108,65,Female,Blouse,Clothing,31.0,Hawaii,L,Gray,Winter,4.6,0,Standard,0,0,18,Credit Card,Bi-Weekly,0,26,organic_block,806.0,0,1,0,0,0.0,0,1,1,0,Senior (50-70),0.3946306522609043,0.510859693877551,Medium,Medium,0,1,1,S0,General Buyers
3109,50,Female,Socks,Clothing,69.0,Oregon,M,Purple,Fall,3.2,0,2-Day Shipping,0,0,7,Paypal,Monthly,0,12,organic_block,828.0,0,0,0,1,0.0,0,0,0,0,Senior (50-70),0.146656262505002,0.5369872448979592,Low,Medium,1,1,1,S0,General Buyers
3110,60,Female,Jacket,Outerwear,92.0,Illinois,M,Gray,Winter,4.3,0,Free Shipping,0,0,47,Bank Transfer,Fortnightly,0,26,organic_block,2392.0,1,0,1,0,0.0,0,1,0,0,Senior (50-70),0.5481816726690676,0.9076938775510204,High,High,0,0,3,S1,High-Value Loyal
3111,19,Female,Handbag,Accessories,46.0,Texas,L,Lavender,Fall,4.6,0,Next Day Air,0,0,2,Bank Transfer,Bi-Weekly,0,26,organic_block,1196.0,0,0,0,1,0.0,0,1,1,0,Teen (18-24),0.296671468587435,0.4948520408163265,Low,Medium,1,0,0,S0,General Buyers
3112,21,Female,Belt,Accessories,81.0,Kansas,Xl,Indigo,Spring,4.9,0,Free Shipping,0,0,25,Debit Card,Quarterly,0,4,organic_block,324.0,1,0,0,0,0.0,0,1,1,0,Teen (18-24),0.3536446578631453,0.7833239795918367,Medium,High,0,1,0,S1,High-Value Loyal
3113,19,Female,Blouse,Clothing,97.0,Texas,S,Green,Fall,3.8,0,Express,0,0,26,Venmo,Annually,0,1,organic_block,97.0,1,0,0,0,0.0,0,0,0,0,Teen (18-24),0.2570612244897959,0.7924260204081632,Low,High,1,1,1,S1,High-Value Loyal
3114,46,Female,Shirt,Clothing,93.0,Nebraska,L,Green,Summer,2.6,0,Express,0,0,2,Debit Card,Weekly,0,52,organic_block,4836.0,1,0,0,1,0.0,0,0,0,1,Mid-Age (35-49),0.2641224489795918,0.5804770408163265,Low,Medium,1,1,1,S0,General Buyers
3115,21,Female,Handbag,Accessories,56.0,Arkansas,M,Olive,Spring,4.7,0,Store Pickup,0,0,45,Venmo,Bi-Weekly,0,26,organic_block,1456.0,0,0,1,0,0.0,0,1,1,0,Teen (18-24),0.567936774709884,0.7639897959183674,High,High,0,1,0,S0,General Buyers
3116,26,Female,Scarf,Accessories,53.0,South Dakota,M,Charcoal,Fall,4.1,0,Free Shipping,0,0,9,Bank Transfer,Bi-Weekly,0,26,organic_block,1378.0,0,0,0,1,0.0,0,1,0,0,Young Adult (25-34),0.2995286114445777,0.5311913265306122,Low,Medium,0,0,0,S0,General Buyers
3117,50,Female,Coat,Outerwear,66.0,Montana,L,Gray,Spring,3.7,0,Store Pickup,0,0,1,Venmo,Weekly,0,52,organic_block,3432.0,0,0,0,1,0.0,0,0,0,0,Senior (50-70),0.346,0.52325,Medium,Medium,0,1,3,S0,General Buyers
3118,43,Female,Hoodie,Clothing,50.0,Florida,M,Olive,Fall,3.0,0,Free Shipping,0,0,4,Paypal,Bi-Weekly,0,26,organic_block,1300.0,0,0,0,1,0.0,0,0,0,0,Mid-Age (35-49),0.1809163665466186,0.4265561224489795,Low,Low,0,1,1,S0,General Buyers
3119,61,Female,Shorts,Clothing,97.0,Virginia,L,Blue,Summer,4.7,0,Standard,0,0,31,Debit Card,Quarterly,0,4,organic_block,388.0,1,0,0,0,0.0,0,1,1,0,Senior (50-70),0.3743793517406963,0.8719362244897959,Medium,High,0,1,1,S1,High-Value Loyal
3120,63,Female,Sandals,Footwear,79.0,Louisiana,Xl,Silver,Winter,4.7,0,2-Day Shipping,0,0,21,Credit Card,Every 3 Months,0,4,organic_block,316.0,0,0,0,0,0.0,0,1,1,0,Senior (50-70),0.3131548619447779,0.7421658163265307,Medium,High,1,1,2,S0,General Buyers
3121,46,Female,Shirt,Clothing,76.0,Louisiana,M,Magenta,Fall,4.0,0,Store Pickup,0,0,32,Debit Card,Fortnightly,0,26,organic_block,1976.0,0,0,0,0,0.0,0,1,0,0,Mid-Age (35-49),0.4323449379751901,0.7431632653061224,Medium,High,0,1,1,S0,General Buyers
3122,63,Female,Hoodie,Clothing,38.0,Louisiana,L,Black,Fall,2.6,0,Standard,0,0,16,Venmo,Weekly,0,52,organic_block,1976.0,0,1,0,0,0.0,0,0,0,1,Senior (50-70),0.3498367346938775,0.411280612244898,Medium,Low,0,1,1,S0,General Buyers
3123,23,Female,Socks,Clothing,45.0,Georgia,M,Pink,Fall,3.0,0,Express,0,0,34,Credit Card,Fortnightly,0,26,organic_block,1170.0,0,0,0,0,0.0,0,0,0,0,Teen (18-24),0.3645898359343738,0.5577423469387756,Medium,Medium,1,1,1,S0,General Buyers
3124,57,Female,Handbag,Accessories,77.0,Iowa,Xl,Red,Fall,3.3,0,Next Day Air,0,0,40,Venmo,Bi-Weekly,0,26,organic_block,2002.0,0,0,1,0,0.0,0,0,0,0,Senior (50-70),0.4253245298119247,0.7463545918367347,Medium,High,1,1,0,S0,General Buyers
3125,57,Female,Jewelry,Accessories,51.0,California,M,Peach,Summer,3.4,0,Standard,0,0,4,Cash,Every 3 Months,0,4,organic_block,204.0,0,0,0,1,0.0,0,0,0,0,Senior (50-70),0.1050732292917166,0.4549311224489795,Low,Medium,0,0,0,S0,General Buyers
3126,33,Female,Coat,Outerwear,26.0,Oregon,L,Lavender,Spring,4.0,0,Standard,0,0,3,Cash,Quarterly,0,4,organic_block,104.0,0,1,0,1,0.0,0,1,0,0,Young Adult (25-34),0.1469507803121248,0.376454081632653,Low,Low,0,0,3,S5,Low-Value Occasional
3127,57,Female,Sunglasses,Accessories,76.0,Maine,L,Lavender,Winter,2.6,0,Store Pickup,0,0,28,Bank Transfer,Bi-Weekly,0,26,organic_block,1976.0,0,0,0,0,0.0,0,0,0,1,Senior (50-70),0.2958551420568227,0.6387551020408163,Low,High,0,0,0,S0,General Buyers
3128,55,Female,Gloves,Accessories,94.0,Louisiana,M,Beige,Winter,3.4,0,Free Shipping,0,0,43,Credit Card,Every 3 Months,0,4,organic_block,376.0,1,0,1,0,0.0,0,0,0,0,Senior (50-70),0.3438487394957983,0.8420357142857143,Medium,High,0,1,0,S1,High-Value Loyal
3129,65,Female,Jacket,Outerwear,32.0,Arkansas,S,Indigo,Fall,4.4,0,Standard,0,0,20,Cash,Annually,0,1,organic_block,32.0,0,1,0,0,0.0,0,1,0,0,Senior (50-70),0.2683265306122449,0.5134387755102041,Low,Medium,0,0,3,S0,General Buyers
3130,60,Female,Sandals,Footwear,20.0,Maryland,S,Cyan,Summer,4.7,0,Express,0,0,40,Venmo,Every 3 Months,0,4,organic_block,80.0,0,1,1,0,0.0,0,1,1,0,Senior (50-70),0.4294813925570228,0.5809795918367346,Medium,Medium,1,1,2,S0,General Buyers
3131,52,Female,Pants,Clothing,20.0,Vermont,M,Yellow,Summer,4.5,0,Store Pickup,0,0,34,Venmo,Every 3 Months,0,4,organic_block,80.0,0,1,0,0,0.0,0,1,1,0,Senior (50-70),0.3767466986794718,0.5383673469387755,Medium,Medium,0,1,1,S0,General Buyers
3132,34,Female,Jacket,Outerwear,59.0,North Dakota,M,Peach,Fall,2.9,0,Store Pickup,0,0,11,Bank Transfer,Every 3 Months,0,4,organic_block,236.0,0,0,0,1,0.0,0,0,0,1,Young Adult (25-34),0.1079303721488595,0.4956454081632653,Low,Medium,0,0,3,S0,General Buyers
3133,33,Female,Sweater,Clothing,97.0,Michigan,M,Yellow,Summer,4.2,0,Express,0,0,26,Cash,Quarterly,0,4,organic_block,388.0,1,0,0,0,0.0,0,1,0,0,Young Adult (25-34),0.3037671068427371,0.8164260204081633,Medium,High,1,0,1,S1,High-Value Loyal
3134,58,Female,T-Shirt,Clothing,68.0,Arkansas,M,Orange,Spring,4.1,0,Next Day Air,0,0,29,Cash,Bi-Weekly,0,26,organic_block,1768.0,0,0,0,0,0.0,0,1,0,0,Senior (50-70),0.4219775910364145,0.6988571428571428,Medium,High,1,0,1,S0,General Buyers
3135,35,Female,Boots,Footwear,66.0,Kentucky,L,Gray,Spring,4.4,0,Store Pickup,0,0,47,Bank Transfer,Weekly,0,52,organic_block,3432.0,0,0,1,0,0.0,0,1,0,0,Mid-Age (35-49),0.6836326530612246,0.7999438775510204,High,High,0,0,2,S0,General Buyers
3136,68,Female,Shoes,Footwear,85.0,Indiana,L,Yellow,Spring,4.7,0,Free Shipping,0,0,48,Venmo,Fortnightly,0,26,organic_block,2210.0,1,0,1,0,0.0,0,1,1,0,Senior (50-70),0.5863041216486595,0.9061709183673468,High,High,0,1,2,S1,High-Value Loyal
3137,58,Female,Skirt,Clothing,32.0,Minnesota,M,Gray,Fall,3.1,0,Next Day Air,0,0,29,Cash,Bi-Weekly,0,26,organic_block,832.0,0,1,0,0,0.0,0,0,0,0,Senior (50-70),0.3419775910364145,0.4813571428571428,Medium,Medium,1,0,1,S0,General Buyers
3138,34,Female,Coat,Outerwear,44.0,Louisiana,M,Turquoise,Spring,2.7,0,2-Day Shipping,0,0,14,Bank Transfer,Monthly,0,12,organic_block,528.0,0,0,0,0,0.0,0,0,0,1,Young Adult (25-34),0.1495134053621448,0.4333265306122449,Low,Medium,1,0,3,S0,General Buyers
3139,47,Female,Blouse,Clothing,95.0,Kentucky,L,Gray,Fall,4.6,0,Next Day Air,0,0,40,Cash,Every 3 Months,0,4,organic_block,380.0,1,0,1,0,0.0,0,1,1,0,Mid-Age (35-49),0.4214813925570227,0.9031045918367347,Medium,High,1,0,1,S1,High-Value Loyal
3140,35,Female,Sunglasses,Accessories,85.0,Georgia,M,Olive,Winter,4.4,0,Next Day Air,0,0,4,Venmo,Weekly,0,52,organic_block,4420.0,1,0,0,1,0.0,0,1,0,0,Mid-Age (35-49),0.4203673469387755,0.6636811224489796,Medium,High,1,1,0,S1,High-Value Loyal
3141,34,Female,Gloves,Accessories,44.0,Alaska,Xl,Peach,Summer,4.6,0,Free Shipping,0,0,37,Bank Transfer,Weekly,0,52,organic_block,2288.0,0,0,0,0,0.0,0,1,1,0,Young Adult (25-34),0.638408163265306,0.6646734693877551,High,High,0,0,0,S0,General Buyers
3142,36,Female,Sunglasses,Accessories,30.0,Mississippi,S,Peach,Winter,4.9,0,Express,0,0,47,Credit Card,Bi-Weekly,0,26,organic_block,780.0,0,1,1,0,0.0,0,1,1,0,Mid-Age (35-49),0.5961816726690676,0.6724438775510204,High,High,1,1,0,S0,General Buyers
3143,23,Female,Sneakers,Footwear,21.0,Kansas,L,Magenta,Winter,4.0,0,2-Day Shipping,0,0,1,Venmo,Quarterly,0,4,organic_block,84.0,0,1,0,1,0.0,0,1,0,0,Teen (18-24),0.1347058823529411,0.344375,Low,Low,1,1,2,S5,Low-Value Occasional
3144,68,Female,Hoodie,Clothing,22.0,Arizona,M,Purple,Summer,2.9,0,Store Pickup,0,0,26,Cash,Quarterly,0,4,organic_block,88.0,0,1,0,0,0.0,0,0,0,1,Senior (50-70),0.1997671068427371,0.4103010204081633,Low,Low,0,0,1,S0,General Buyers
3145,23,Female,Boots,Footwear,70.0,Maine,L,Beige,Spring,2.6,0,Free Shipping,0,0,12,Debit Card,Quarterly,0,4,organic_block,280.0,0,0,0,1,0.0,0,0,0,1,Teen (18-24),0.0900528211284514,0.5308724489795918,Low,Medium,0,1,2,S0,General Buyers
3146,57,Female,Handbag,Accessories,29.0,Texas,Xl,Purple,Spring,4.6,0,Standard,0,0,16,Paypal,Fortnightly,0,26,organic_block,754.0,0,1,0,0,0.0,0,1,1,0,Senior (50-70),0.3823857543017206,0.4919056122448979,Medium,Medium,0,1,0,S0,General Buyers
3147,21,Female,Shirt,Clothing,83.0,Virginia,S,Yellow,Winter,4.9,0,Free Shipping,0,0,19,Paypal,Annually,0,1,organic_block,83.0,1,0,0,0,0.0,0,1,1,0,Teen (18-24),0.3022040816326531,0.7614617346938776,Low,High,0,1,1,S1,High-Value Loyal
3148,45,Female,Sweater,Clothing,99.0,North Dakota,M,Pink,Winter,4.3,0,Express,0,0,21,Credit Card,Weekly,0,52,organic_block,5148.0,1,0,0,0,0.0,0,1,0,0,Mid-Age (35-49),0.5164489795918368,0.8056658163265306,High,High,1,1,1,S1,High-Value Loyal
3149,37,Female,Shorts,Clothing,35.0,West Virginia,L,Purple,Fall,4.3,0,Free Shipping,0,0,15,Venmo,Weekly,0,52,organic_block,1820.0,0,1,0,0,0.0,0,1,0,0,Mid-Age (35-49),0.4797142857142856,0.4950535714285714,High,Medium,0,1,1,S0,General Buyers
3150,18,Female,Belt,Accessories,40.0,North Carolina,M,Lavender,Winter,4.6,0,Free Shipping,0,0,9,Venmo,Annually,0,1,organic_block,40.0,0,0,0,1,0.0,0,1,1,0,Teen (18-24),0.2169795918367346,0.5043163265306122,Low,Medium,0,1,0,S0,General Buyers
3151,55,Female,Blouse,Clothing,25.0,Georgia,M,Peach,Spring,2.6,0,Express,0,0,7,Bank Transfer,Bi-Weekly,0,26,organic_block,650.0,0,1,0,1,0.0,0,0,0,1,Senior (50-70),0.1672837134853941,0.3084872448979592,Low,Low,1,0,1,S5,Low-Value Occasional
3152,52,Female,T-Shirt,Clothing,64.0,New Mexico,L,Orange,Fall,3.1,0,2-Day Shipping,0,0,47,Bank Transfer,Quarterly,0,4,organic_block,256.0,0,0,1,0,0.0,0,0,0,0,Senior (50-70),0.3443385354141657,0.7131938775510205,Medium,High,1,0,1,S0,General Buyers
3153,49,Female,Belt,Accessories,90.0,North Carolina,M,Red,Fall,3.1,0,Store Pickup,0,0,17,Paypal,Monthly,0,12,organic_block,1080.0,1,0,0,0,0.0,0,0,0,0,Mid-Age (35-49),0.1998807523009203,0.6738826530612245,Low,High,0,1,0,S1,High-Value Loyal
3154,56,Female,Socks,Clothing,88.0,Alabama,L,Red,Fall,3.1,0,Next Day Air,0,0,46,Venmo,Fortnightly,0,26,organic_block,2288.0,1,0,1,0,0.0,0,0,0,0,Senior (50-70),0.4460592236894758,0.8130918367346939,Medium,High,1,1,1,S1,High-Value Loyal
3155,27,Female,Belt,Accessories,55.0,Connecticut,M,Gold,Winter,4.4,0,Standard,0,0,32,Cash,Quarterly,0,4,organic_block,220.0,0,0,0,0,0.0,0,1,0,0,Young Adult (25-34),0.3565018007202881,0.6752882653061224,Medium,High,0,0,0,S0,General Buyers
3156,22,Female,Handbag,Accessories,90.0,Montana,M,Brown,Fall,4.3,0,Free Shipping,0,0,34,Cash,Annually,0,1,organic_block,90.0,1,0,0,0,0.0,0,1,0,0,Teen (18-24),0.3460408163265306,0.8326173469387754,Medium,High,0,0,0,S1,High-Value Loyal
3157,18,Female,Shirt,Clothing,50.0,Montana,M,Black,Winter,3.1,0,2-Day Shipping,0,0,18,Cash,Monthly,0,12,organic_block,600.0,0,0,0,0,0.0,0,0,0,0,Teen (18-24),0.2060032012805122,0.503984693877551,Low,Medium,1,0,1,S0,General Buyers
3158,21,Female,Belt,Accessories,34.0,Maine,L,Red,Fall,3.1,0,Store Pickup,0,0,5,Debit Card,Fortnightly,0,26,organic_block,884.0,0,1,0,1,0.0,0,0,0,0,Teen (18-24),0.1950388155262105,0.3676581632653061,Low,Low,0,1,0,S5,Low-Value Occasional
3159,30,Female,Jewelry,Accessories,77.0,Mississippi,M,Gray,Winter,4.9,0,2-Day Shipping,0,0,44,Credit Card,Monthly,0,12,organic_block,924.0,0,0,1,0,0.0,0,1,1,0,Young Adult (25-34),0.5091868747499,0.8627627551020408,High,High,1,1,0,S0,General Buyers
3160,62,Female,Hat,Accessories,89.0,Louisiana,L,Pink,Winter,2.9,0,Store Pickup,0,0,4,Bank Transfer,Quarterly,0,4,organic_block,356.0,1,0,0,1,0.0,0,0,0,1,Senior (50-70),0.0650732292917166,0.5911811224489796,Low,Medium,0,0,0,S0,General Buyers
3161,28,Female,Backpack,Accessories,87.0,Nebraska,Xl,Turquoise,Fall,3.8,0,Next Day Air,0,0,37,Cash,Fortnightly,0,26,organic_block,2262.0,1,0,0,0,0.0,0,0,0,0,Young Adult (25-34),0.4469571828731492,0.804798469387755,Medium,High,1,0,0,S1,High-Value Loyal
3162,66,Female,Dress,Clothing,77.0,Massachusetts,S,Charcoal,Winter,4.2,0,2-Day Shipping,0,0,43,Cash,Monthly,0,12,organic_block,924.0,0,0,1,0,0.0,0,1,0,0,Senior (50-70),0.4470644257703081,0.8156607142857143,Medium,High,1,0,1,S0,General Buyers
3163,66,Female,Shoes,Footwear,85.0,Wisconsin,L,Blue,Winter,3.9,0,Standard,0,0,28,Bank Transfer,Quarterly,0,4,organic_block,340.0,1,0,0,0,0.0,0,0,0,0,Senior (50-70),0.2920120048019207,0.7561301020408163,Low,High,0,0,2,S1,High-Value Loyal
3164,49,Female,Pants,Clothing,66.0,Nebraska,Xl,Turquoise,Summer,2.8,0,Express,0,0,36,Cash,Monthly,0,12,organic_block,792.0,0,0,0,0,0.0,0,0,0,1,Mid-Age (35-49),0.2922072829131652,0.6478214285714285,Low,High,1,0,1,S0,General Buyers
3165,40,Female,Dress,Clothing,32.0,Arizona,L,Silver,Winter,2.6,0,Standard,0,0,16,Credit Card,Annually,0,1,organic_block,32.0,0,1,0,0,0.0,0,0,0,1,Mid-Age (35-49),0.0998367346938775,0.385030612244898,Low,Low,0,1,1,S0,General Buyers
3166,49,Female,Jacket,Outerwear,92.0,Hawaii,M,Lavender,Spring,3.0,0,Store Pickup,0,0,38,Bank Transfer,Every 3 Months,0,4,organic_block,368.0,1,0,1,0,0.0,0,0,0,0,Mid-Age (35-49),0.2812364945978391,0.7837755102040816,Low,High,0,0,3,S1,High-Value Loyal
3167,19,Female,Shirt,Clothing,80.0,Georgia,M,Gold,Winter,2.7,0,Next Day Air,0,0,37,Bank Transfer,Fortnightly,0,26,organic_block,2080.0,0,0,0,0,0.0,0,0,0,1,Teen (18-24),0.3589571828731492,0.708173469387755,Medium,High,1,0,1,S0,General Buyers
3168,24,Female,Dress,Clothing,78.0,Oregon,M,Blue,Fall,2.8,0,2-Day Shipping,0,0,9,Cash,Bi-Weekly,0,26,organic_block,2028.0,0,0,0,1,0.0,0,0,0,1,Teen (18-24),0.1955286114445778,0.5625663265306122,Low,Medium,1,0,1,S0,General Buyers
3169,31,Female,Jeans,Clothing,24.0,Montana,M,Orange,Spring,2.9,0,2-Day Shipping,0,0,14,Paypal,Fortnightly,0,26,organic_block,624.0,0,1,0,0,0.0,0,0,0,1,Young Adult (25-34),0.234140856342537,0.3578265306122449,Low,Low,1,1,1,S0,General Buyers
3170,35,Female,T-Shirt,Clothing,59.0,Georgia,M,White,Fall,3.8,0,Free Shipping,0,0,3,Venmo,Weekly,0,52,organic_block,3068.0,0,0,0,1,0.0,0,0,0,0,Mid-Age (35-49),0.3662448979591836,0.5088290816326531,Medium,Medium,0,1,1,S0,General Buyers
3171,65,Female,Sunglasses,Accessories,41.0,Rhode Island,Xl,Charcoal,Spring,4.4,0,Express,0,0,10,Credit Card,Fortnightly,0,26,organic_block,1066.0,0,0,0,1,0.0,0,1,0,0,Senior (50-70),0.3296510604241697,0.5017933673469388,Medium,Medium,1,1,0,S0,General Buyers
3172,68,Female,Jewelry,Accessories,26.0,Tennessee,M,Maroon,Spring,3.1,0,Express,0,0,26,Bank Transfer,Bi-Weekly,0,26,organic_block,676.0,0,1,0,0,0.0,0,0,0,0,Senior (50-70),0.323610244097639,0.4398010204081632,Medium,Medium,1,0,0,S0,General Buyers
3173,57,Female,Socks,Clothing,52.0,Missouri,M,Olive,Fall,3.7,0,Standard,0,0,30,Debit Card,Bi-Weekly,0,26,organic_block,1352.0,0,0,0,0,0.0,0,0,0,0,Senior (50-70),0.3961000400160064,0.6099591836734695,Medium,High,0,1,1,S0,General Buyers
3174,69,Female,Skirt,Clothing,46.0,Washington,L,Teal,Summer,4.9,0,Next Day Air,0,0,32,Paypal,Fortnightly,0,26,organic_block,1196.0,0,0,0,0,0.0,0,1,1,0,Senior (50-70),0.5043449379751901,0.6659132653061225,High,High,1,1,1,S0,General Buyers
3175,45,Female,Pants,Clothing,52.0,Oklahoma,L,Orange,Winter,3.8,0,Store Pickup,0,0,35,Paypal,Monthly,0,12,organic_block,624.0,0,0,0,0,0.0,0,0,0,0,Mid-Age (35-49),0.3660848339335734,0.641469387755102,Medium,High,0,1,1,S0,General Buyers
3176,35,Female,Socks,Clothing,42.0,Connecticut,M,Maroon,Fall,3.4,0,Store Pickup,0,0,26,Debit Card,Every 3 Months,0,4,organic_block,168.0,0,0,0,0,0.0,0,0,0,0,Mid-Age (35-49),0.2397671068427371,0.5278010204081633,Low,Medium,0,1,1,S0,General Buyers
3177,36,Female,Sandals,Footwear,37.0,Arkansas,Xl,Turquoise,Spring,4.6,0,2-Day Shipping,0,0,39,Credit Card,Monthly,0,12,organic_block,444.0,0,1,1,0,0.0,0,1,1,0,Mid-Age (35-49),0.4545746298519407,0.6442525510204081,Medium,High,1,1,2,S0,General Buyers
3178,55,Female,Belt,Accessories,52.0,Missouri,L,Beige,Fall,3.2,0,Standard,0,0,31,Credit Card,Monthly,0,12,organic_block,624.0,0,0,0,0,0.0,0,0,0,0,Senior (50-70),0.2935950380152061,0.5850612244897959,Low,Medium,0,1,0,S0,General Buyers
3179,66,Female,Sandals,Footwear,34.0,Washington,L,Beige,Spring,2.7,0,Free Shipping,0,0,28,Credit Card,Annually,0,1,organic_block,34.0,0,1,0,0,0.0,0,0,0,1,Senior (50-70),0.1813061224489796,0.4610051020408163,Low,Medium,0,1,2,S0,General Buyers
3180,57,Female,Shorts,Clothing,88.0,Idaho,M,Olive,Spring,4.3,0,Free Shipping,0,0,12,Debit Card,Bi-Weekly,0,26,organic_block,2288.0,1,0,0,1,0.0,0,1,0,0,Senior (50-70),0.3338959583833533,0.7116224489795918,Medium,High,0,1,1,S1,High-Value Loyal
3181,18,Female,Handbag,Accessories,88.0,Montana,L,Turquoise,Fall,3.8,0,Standard,0,0,46,Paypal,Weekly,0,52,organic_block,4576.0,1,0,1,0,0.0,0,0,0,0,Teen (18-24),0.6295102040816326,0.8550918367346938,High,High,0,1,0,S1,High-Value Loyal
3182,31,Female,Jacket,Outerwear,51.0,Montana,M,Charcoal,Summer,4.4,0,Free Shipping,0,0,27,Paypal,Every 3 Months,0,4,organic_block,204.0,0,0,0,0,0.0,0,1,0,0,Young Adult (25-34),0.3258895558223289,0.6322780612244898,Medium,High,0,1,3,S0,General Buyers
3183,50,Female,Sunglasses,Accessories,97.0,Georgia,L,Green,Fall,3.6,0,Free Shipping,0,0,4,Credit Card,Annually,0,1,organic_block,97.0,1,0,0,1,0.0,0,0,0,0,Senior (50-70),0.1063673469387755,0.6681811224489795,Low,High,0,1,0,S1,High-Value Loyal
3184,50,Female,Sneakers,Footwear,56.0,Mississippi,M,Green,Winter,3.5,0,Standard,0,0,14,Cash,Every 3 Months,0,4,organic_block,224.0,0,0,0,0,0.0,0,0,0,0,Senior (50-70),0.174297719087635,0.5338265306122449,Low,Medium,0,0,2,S0,General Buyers
3185,61,Female,Sweater,Clothing,53.0,Hawaii,L,Green,Spring,4.2,0,2-Day Shipping,0,0,30,Venmo,Quarterly,0,4,organic_block,212.0,0,0,0,0,0.0,0,1,0,0,Senior (50-70),0.3282569027611044,0.6443341836734694,Medium,High,1,1,1,S0,General Buyers
3186,52,Female,Skirt,Clothing,71.0,Ohio,L,Gold,Fall,4.7,0,Express,0,0,6,Paypal,Annually,0,1,organic_block,71.0,0,0,0,1,0.0,0,1,1,0,Senior (50-70),0.2066122448979592,0.6306352040816326,Low,High,1,1,1,S0,General Buyers
3187,38,Female,Jewelry,Accessories,93.0,Virginia,S,Cyan,Winter,4.8,0,Store Pickup,0,0,43,Venmo,Annually,0,1,organic_block,93.0,1,0,1,0,0.0,0,1,1,0,Mid-Age (35-49),0.4411428571428571,0.9216607142857144,Medium,High,0,1,0,S1,High-Value Loyal
3188,67,Female,Blouse,Clothing,72.0,Texas,L,Indigo,Winter,3.2,0,Free Shipping,0,0,28,Debit Card,Weekly,0,52,organic_block,3744.0,0,0,0,0,0.0,0,0,0,0,Senior (50-70),0.4713061224489796,0.6572551020408164,High,High,0,1,1,S0,General Buyers
3189,42,Female,Blouse,Clothing,59.0,Vermont,M,Lavender,Winter,3.5,0,Standard,0,0,39,Bank Transfer,Monthly,0,12,organic_block,708.0,0,0,1,0,0.0,0,0,0,0,Mid-Age (35-49),0.3665746298519408,0.6745025510204081,Medium,High,0,0,1,S0,General Buyers
3190,25,Female,Boots,Footwear,87.0,Kansas,M,Beige,Summer,4.2,0,Store Pickup,0,0,30,Paypal,Bi-Weekly,0,26,organic_block,2262.0,1,0,0,0,0.0,0,1,0,0,Young Adult (25-34),0.4361000400160064,0.7930841836734693,Medium,High,0,1,2,S1,High-Value Loyal
3191,41,Female,Jeans,Clothing,78.0,California,S,Purple,Fall,3.4,0,Free Shipping,0,0,5,Credit Card,Fortnightly,0,26,organic_block,2028.0,0,0,0,1,0.0,0,0,0,0,Mid-Age (35-49),0.2190388155262104,0.5781581632653061,Low,Medium,0,1,1,S0,General Buyers
3192,62,Female,Hoodie,Clothing,68.0,Mississippi,Xl,Maroon,Winter,4.7,0,Store Pickup,0,0,42,Credit Card,Every 3 Months,0,4,organic_block,272.0,0,0,1,0,0.0,0,1,1,0,Senior (50-70),0.4417262905162065,0.8011836734693878,Medium,High,0,1,1,S0,General Buyers
3193,19,Female,Sweater,Clothing,76.0,Iowa,S,Maroon,Fall,3.0,0,Free Shipping,0,0,20,Cash,Fortnightly,0,26,organic_block,1976.0,0,0,0,0,0.0,0,0,0,0,Teen (18-24),0.278875550220088,0.621938775510204,Low,High,0,0,1,S0,General Buyers
3194,63,Female,Gloves,Accessories,99.0,Virginia,L,Teal,Winter,4.0,0,Express,0,0,35,Credit Card,Fortnightly,0,26,organic_block,2574.0,1,0,0,0,0.0,0,1,0,0,Senior (50-70),0.4507122849139656,0.859094387755102,Medium,High,1,1,0,S1,High-Value Loyal
3195,43,Female,Sneakers,Footwear,52.0,Maryland,L,Gold,Summer,4.6,0,Standard,0,0,10,Credit Card,Bi-Weekly,0,26,organic_block,1352.0,0,0,0,1,0.0,0,1,1,0,Mid-Age (35-49),0.3456510604241696,0.5619183673469388,Medium,Medium,0,1,2,S0,General Buyers
3196,68,Female,Sunglasses,Accessories,58.0,Missouri,S,Red,Spring,4.9,0,Next Day Air,0,0,36,Credit Card,Quarterly,0,4,organic_block,232.0,0,0,0,0,0.0,0,1,1,0,Senior (50-70),0.4209915966386555,0.7388214285714286,Medium,High,1,1,0,S0,General Buyers
3197,24,Female,Belt,Accessories,59.0,Wisconsin,L,Maroon,Winter,2.8,0,Express,0,0,21,Debit Card,Fortnightly,0,26,organic_block,1534.0,0,0,0,0,0.0,0,0,0,1,Teen (18-24),0.2689979991996798,0.5406658163265307,Low,Medium,1,1,0,S0,General Buyers
3198,27,Female,Sweater,Clothing,71.0,Maine,M,Teal,Spring,3.2,0,Free Shipping,0,0,29,Credit Card,Every 3 Months,0,4,organic_block,284.0,0,0,0,0,0.0,0,0,0,0,Young Adult (25-34),0.2421344537815126,0.6579821428571428,Low,High,0,1,1,S0,General Buyers
3199,61,Female,Gloves,Accessories,94.0,Pennsylvania,L,Peach,Winter,2.8,0,Free Shipping,0,0,39,Debit Card,Weekly,0,52,organic_block,4888.0,1,0,1,0,0.0,0,0,0,1,Senior (50-70),0.5066530612244898,0.7856275510204082,High,High,0,1,0,S1,High-Value Loyal
3200,59,Female,Handbag,Accessories,40.0,Maine,Xl,Pink,Winter,4.2,0,Express,0,0,16,Paypal,Monthly,0,12,organic_block,480.0,0,0,0,0,0.0,0,1,0,0,Senior (50-70),0.2817583033213285,0.516030612244898,Low,Medium,1,1,0,S0,General Buyers
3201,67,Female,Socks,Clothing,24.0,Missouri,L,Black,Spring,4.8,0,Free Shipping,0,0,32,Credit Card,Monthly,0,12,organic_block,288.0,0,1,0,0,0.0,0,1,1,0,Senior (50-70),0.4277174869947979,0.5636632653061224,Medium,Medium,0,1,1,S0,General Buyers
3202,46,Female,Pants,Clothing,38.0,Vermont,S,Indigo,Fall,2.8,0,2-Day Shipping,0,0,34,Cash,Monthly,0,12,organic_block,456.0,0,1,0,0,0.0,0,0,0,1,Mid-Age (35-49),0.2799623849539815,0.5151173469387755,Low,Medium,1,0,1,S0,General Buyers
3203,65,Female,Scarf,Accessories,37.0,Wisconsin,L,Green,Fall,4.5,0,Standard,0,0,38,Venmo,Annually,0,1,organic_block,37.0,0,1,1,0,0.0,0,1,1,0,Senior (50-70),0.3865306122448979,0.6331505102040816,Medium,High,0,1,0,S0,General Buyers
3204,63,Female,Coat,Outerwear,29.0,New Jersey,L,Teal,Spring,4.1,0,Express,0,0,14,Venmo,Annually,0,1,organic_block,29.0,0,1,0,0,0.0,0,1,0,0,Senior (50-70),0.2075918367346938,0.4517015306122449,Low,Medium,1,1,3,S0,General Buyers
3205,57,Female,Jacket,Outerwear,92.0,New Mexico,Xl,Lavender,Fall,4.3,0,Free Shipping,0,0,23,Debit Card,Bi-Weekly,0,26,organic_block,2392.0,1,0,0,0,0.0,0,1,0,0,Senior (50-70),0.4012428971588635,0.7852448979591836,Medium,High,0,1,3,S1,High-Value Loyal
3206,40,Female,Hoodie,Clothing,24.0,Colorado,Xl,Magenta,Fall,4.4,0,2-Day Shipping,0,0,50,Bank Transfer,Every 3 Months,0,4,organic_block,96.0,0,1,1,0,0.0,0,1,0,0,Mid-Age (35-49),0.4667058823529412,0.6315000000000001,High,High,1,0,1,S0,General Buyers
3207,36,Female,Boots,Footwear,52.0,California,M,Brown,Winter,3.0,0,Free Shipping,0,0,49,Paypal,Monthly,0,12,organic_block,624.0,0,0,1,0,0.0,0,0,0,0,Mid-Age (35-49),0.3877991196478592,0.6648979591836734,Medium,High,0,1,2,S0,General Buyers
3208,67,Female,Socks,Clothing,29.0,Arizona,Xl,Beige,Summer,2.7,0,Next Day Air,0,0,14,Paypal,Annually,0,1,organic_block,29.0,0,1,0,0,0.0,0,0,0,1,Senior (50-70),0.0955918367346938,0.3677015306122449,Low,Low,1,1,1,S0,General Buyers
3209,61,Female,Jewelry,Accessories,30.0,Indiana,L,Indigo,Winter,3.3,0,2-Day Shipping,0,0,42,Paypal,Weekly,0,52,organic_block,1560.0,0,1,1,0,0.0,0,0,0,0,Senior (50-70),0.5650204081632653,0.5509336734693878,High,Medium,1,1,0,S0,General Buyers
3210,64,Female,Shoes,Footwear,31.0,Arkansas,L,Peach,Fall,4.3,0,Standard,0,0,39,Debit Card,Annually,0,1,organic_block,31.0,0,1,1,0,0.0,0,1,0,0,Senior (50-70),0.3766530612244897,0.6000025510204081,Medium,High,0,1,2,S0,General Buyers
3211,30,Female,Socks,Clothing,67.0,Nevada,M,Magenta,Summer,2.9,0,Express,0,0,43,Venmo,Bi-Weekly,0,26,organic_block,1742.0,0,0,1,0,0.0,0,0,0,1,Young Adult (25-34),0.4116918767507002,0.6939107142857143,Medium,High,1,1,1,S0,General Buyers
3212,53,Female,Pants,Clothing,65.0,Rhode Island,L,Turquoise,Winter,4.9,0,Standard,0,0,12,Cash,Monthly,0,12,organic_block,780.0,0,0,0,1,0.0,0,1,1,0,Senior (50-70),0.3132685074029612,0.6469974489795919,Medium,High,0,0,1,S0,General Buyers
3213,27,Female,Sneakers,Footwear,22.0,Wyoming,M,Indigo,Winter,3.6,0,2-Day Shipping,0,0,21,Debit Card,Weekly,0,52,organic_block,1144.0,0,1,0,0,0.0,0,0,0,0,Young Adult (25-34),0.4604489795918368,0.4267908163265306,High,Low,1,1,2,S0,General Buyers
3214,27,Female,Sunglasses,Accessories,56.0,Texas,M,Brown,Winter,3.3,0,Standard,0,0,33,Credit Card,Monthly,0,12,organic_block,672.0,0,0,0,0,0.0,0,0,0,0,Young Adult (25-34),0.3138399359743897,0.618765306122449,Medium,High,0,1,0,S0,General Buyers
3215,53,Female,Skirt,Clothing,78.0,Washington,M,Yellow,Spring,3.1,0,Free Shipping,0,0,6,Debit Card,Annually,0,1,organic_block,78.0,0,0,0,1,0.0,0,0,0,0,Senior (50-70),0.0786122448979592,0.5652602040816327,Low,Medium,0,1,1,S0,General Buyers
3216,34,Female,Coat,Outerwear,90.0,Rhode Island,M,Magenta,Summer,2.7,0,Free Shipping,0,0,10,Paypal,Every 3 Months,0,4,organic_block,360.0,1,0,0,1,0.0,0,0,0,1,Young Adult (25-34),0.0858079231692677,0.6141683673469387,Low,High,0,1,3,S1,High-Value Loyal
3217,39,Female,Hoodie,Clothing,85.0,Illinois,S,Olive,Winter,3.4,0,Next Day Air,0,0,18,Cash,Weekly,0,52,organic_block,4420.0,1,0,0,0,0.0,0,0,0,0,Mid-Age (35-49),0.4260816326530612,0.675109693877551,Medium,High,1,0,1,S1,High-Value Loyal
3218,44,Female,Sunglasses,Accessories,58.0,Oregon,M,Silver,Fall,3.4,0,Express,0,0,46,Venmo,Weekly,0,52,organic_block,3016.0,0,0,1,0,0.0,0,0,0,0,Mid-Age (35-49),0.5975102040816326,0.6998418367346939,High,High,1,1,0,S0,General Buyers
3219,37,Female,Skirt,Clothing,34.0,Florida,M,Teal,Fall,3.9,0,Express,0,0,49,Paypal,Monthly,0,12,organic_block,408.0,0,1,1,0,0.0,0,0,0,0,Mid-Age (35-49),0.4597991196478591,0.6401479591836734,High,High,1,1,1,S0,General Buyers
3220,57,Female,Coat,Outerwear,40.0,Kansas,L,White,Summer,3.5,0,2-Day Shipping,0,0,39,Credit Card,Weekly,0,52,organic_block,2080.0,0,0,1,0,0.0,0,0,0,0,Senior (50-70),0.5626530612244898,0.5913775510204082,High,Medium,1,1,3,S0,General Buyers
3221,38,Female,Handbag,Accessories,29.0,North Dakota,M,Blue,Fall,4.1,0,Free Shipping,0,0,16,Cash,Monthly,0,12,organic_block,348.0,0,1,0,0,0.0,0,1,0,0,Mid-Age (35-49),0.2737583033213285,0.4619056122448979,Low,Medium,0,0,0,S0,General Buyers
3222,21,Female,T-Shirt,Clothing,76.0,New Hampshire,M,Yellow,Winter,3.2,0,Standard,0,0,28,Cash,Annually,0,1,organic_block,76.0,0,0,0,0,0.0,0,0,0,0,Teen (18-24),0.2213061224489796,0.6747551020408163,Low,High,0,0,1,S0,General Buyers
3223,45,Female,Sunglasses,Accessories,84.0,Texas,S,Maroon,Fall,4.6,0,Store Pickup,0,0,22,Paypal,Quarterly,0,4,organic_block,336.0,1,0,0,0,0.0,0,1,1,0,Mid-Age (35-49),0.3112773109243697,0.7631428571428571,Medium,High,0,1,0,S1,High-Value Loyal
3224,68,Female,Shirt,Clothing,65.0,Montana,S,Gray,Spring,3.9,0,Standard,0,0,36,Venmo,Bi-Weekly,0,26,organic_block,1690.0,0,0,0,0,0.0,0,0,0,0,Senior (50-70),0.4488347338935574,0.7094464285714285,Medium,High,0,1,1,S0,General Buyers
3225,37,Female,Hoodie,Clothing,80.0,Delaware,L,Indigo,Winter,2.7,0,Free Shipping,0,0,18,Paypal,Monthly,0,12,organic_block,960.0,0,0,0,0,0.0,0,0,0,1,Mid-Age (35-49),0.1740032012805122,0.611234693877551,Low,High,0,1,1,S0,General Buyers
3226,53,Female,Blouse,Clothing,98.0,New Hampshire,M,Pink,Fall,3.0,0,Store Pickup,0,0,31,Credit Card,Weekly,0,52,organic_block,5096.0,1,0,0,0,0.0,0,0,0,0,Senior (50-70),0.4736734693877551,0.774311224489796,High,High,0,1,1,S1,High-Value Loyal
3227,57,Female,Sneakers,Footwear,71.0,Minnesota,Xl,Beige,Spring,3.3,0,Next Day Air,0,0,38,Bank Transfer,Fortnightly,0,26,organic_block,1846.0,0,0,1,0,0.0,0,0,0,0,Senior (50-70),0.413079631852741,0.7099005102040816,Medium,High,1,0,2,S0,General Buyers
3228,28,Female,Scarf,Accessories,69.0,Alaska,Xl,White,Fall,2.7,0,Free Shipping,0,0,42,Debit Card,Quarterly,0,4,organic_block,276.0,0,0,1,0,0.0,0,0,0,1,Young Adult (25-34),0.2817262905162065,0.6855586734693878,Low,High,0,1,0,S0,General Buyers
3229,37,Female,Jewelry,Accessories,95.0,Connecticut,M,Yellow,Spring,4.6,0,2-Day Shipping,0,0,27,Paypal,Annually,0,1,organic_block,95.0,1,0,0,0,0.0,0,1,1,0,Mid-Age (35-49),0.3271836734693877,0.8367780612244898,Medium,High,1,1,0,S1,High-Value Loyal
3230,54,Female,Pants,Clothing,67.0,Connecticut,M,Teal,Fall,2.7,0,Express,0,0,24,Cash,Monthly,0,12,organic_block,804.0,0,0,0,0,0.0,0,0,0,1,Senior (50-70),0.2107378951580632,0.5849719387755102,Low,Medium,1,0,1,S0,General Buyers
3231,49,Female,Sneakers,Footwear,49.0,Kansas,M,Olive,Summer,2.5,0,Next Day Air,0,0,38,Debit Card,Annually,0,1,organic_block,49.0,0,0,1,0,0.0,0,0,0,1,Mid-Age (35-49),0.2265306122448979,0.5656505102040816,Low,Medium,1,1,2,S0,General Buyers
3232,62,Female,Shoes,Footwear,97.0,Nevada,M,Maroon,Winter,4.4,0,Free Shipping,0,0,9,Credit Card,Annually,0,1,organic_block,97.0,1,0,0,1,0.0,0,1,0,0,Senior (50-70),0.2009795918367347,0.7416913265306122,Low,High,0,1,2,S1,High-Value Loyal
3233,45,Female,T-Shirt,Clothing,34.0,Massachusetts,M,White,Spring,4.0,0,Next Day Air,0,0,19,Bank Transfer,Monthly,0,12,organic_block,408.0,0,1,0,0,0.0,0,1,0,0,Mid-Age (35-49),0.284125650260104,0.4930867346938775,Low,Medium,1,0,1,S0,General Buyers
3234,45,Female,Belt,Accessories,74.0,Indiana,M,Lavender,Fall,3.8,0,Express,0,0,11,Debit Card,Bi-Weekly,0,26,organic_block,1924.0,0,0,0,1,0.0,0,0,0,0,Mid-Age (35-49),0.2877735094037614,0.6152704081632653,Low,High,1,1,0,S0,General Buyers
3235,49,Female,Jewelry,Accessories,96.0,Washington,M,Black,Winter,2.5,0,2-Day Shipping,0,0,16,Debit Card,Quarterly,0,4,organic_block,384.0,1,0,0,0,0.0,0,0,0,1,Mid-Age (35-49),0.1065426170468187,0.6590306122448979,Low,High,1,1,0,S1,High-Value Loyal
3236,27,Female,Belt,Accessories,68.0,Kansas,M,Green,Summer,4.0,0,Free Shipping,0,0,18,Venmo,Monthly,0,12,organic_block,816.0,0,0,0,0,0.0,0,1,0,0,Young Adult (25-34),0.2780032012805122,0.636734693877551,Low,High,0,1,0,S0,General Buyers
3237,63,Female,Belt,Accessories,84.0,South Carolina,L,Olive,Fall,4.1,0,Next Day Air,0,0,8,Cash,Monthly,0,12,organic_block,1008.0,1,0,0,1,0.0,0,1,0,0,Senior (50-70),0.2247787114845938,0.6617142857142856,Low,High,1,0,0,S1,High-Value Loyal
3238,61,Female,T-Shirt,Clothing,57.0,Vermont,M,Gray,Summer,2.8,0,Express,0,0,4,Cash,Weekly,0,52,organic_block,2964.0,0,0,0,1,0.0,0,0,0,1,Senior (50-70),0.2923673469387755,0.4451811224489795,Low,Medium,1,0,1,S0,General Buyers
3239,25,Female,Sneakers,Footwear,84.0,Wyoming,Xl,Teal,Fall,3.4,0,2-Day Shipping,0,0,37,Cash,Quarterly,0,4,organic_block,336.0,1,0,0,0,0.0,0,0,0,0,Young Adult (25-34),0.3071140456182473,0.7676734693877552,Medium,High,1,0,2,S1,High-Value Loyal
3240,33,Female,Sunglasses,Accessories,32.0,Colorado,M,Charcoal,Fall,2.7,0,2-Day Shipping,0,0,30,Cash,Monthly,0,12,organic_block,384.0,0,1,0,0,0.0,0,0,0,1,Young Adult (25-34),0.2474725890356142,0.4624591836734694,Low,Medium,1,0,0,S0,General Buyers
3241,56,Female,Sandals,Footwear,37.0,West Virginia,M,Violet,Fall,3.8,0,2-Day Shipping,0,0,37,Bank Transfer,Monthly,0,12,organic_block,444.0,0,1,0,0,0.0,0,0,0,0,Senior (50-70),0.3783297318927571,0.5860484693877551,Medium,Medium,1,0,2,S0,General Buyers
3242,50,Female,Handbag,Accessories,58.0,Connecticut,M,Lavender,Summer,4.4,0,Store Pickup,0,0,30,Paypal,Quarterly,0,4,organic_block,232.0,0,0,0,0,0.0,0,1,0,0,Senior (50-70),0.3442569027611044,0.6782091836734694,Medium,High,0,1,0,S0,General Buyers
3243,45,Female,Socks,Clothing,74.0,Oregon,S,Beige,Fall,2.8,0,Express,0,0,17,Venmo,Weekly,0,52,organic_block,3848.0,0,0,0,0,0.0,0,0,0,1,Mid-Age (35-49),0.3719591836734693,0.5858826530612244,Medium,Medium,1,1,1,S0,General Buyers
3244,45,Female,Hoodie,Clothing,99.0,Idaho,L,Black,Summer,5.0,0,Store Pickup,0,0,11,Bank Transfer,Every 3 Months,0,4,organic_block,396.0,1,0,0,1,0.0,0,1,1,0,Mid-Age (35-49),0.2759303721488595,0.7966454081632653,Low,High,0,0,1,S1,High-Value Loyal
3245,65,Female,Sweater,Clothing,81.0,Arkansas,M,Black,Fall,4.7,0,Express,0,0,42,Credit Card,Annually,0,1,organic_block,81.0,1,0,1,0,0.0,0,1,1,0,Senior (50-70),0.4270204081632653,0.8580586734693877,Medium,High,1,1,1,S1,High-Value Loyal
3246,63,Female,Pants,Clothing,76.0,Kansas,M,Purple,Fall,3.2,0,Next Day Air,0,0,20,Cash,Weekly,0,52,organic_block,3952.0,0,0,0,0,0.0,0,0,0,0,Senior (50-70),0.4223265306122449,0.6339387755102041,Medium,High,1,0,1,S0,General Buyers
3247,70,Female,Sneakers,Footwear,98.0,Michigan,M,Magenta,Summer,2.9,0,Store Pickup,0,0,37,Cash,Monthly,0,12,organic_block,1176.0,1,0,0,0,0.0,0,0,0,1,Senior (50-70),0.3063297318927571,0.7989234693877552,Medium,High,0,0,2,S1,High-Value Loyal
3248,53,Female,Gloves,Accessories,91.0,Arkansas,M,Teal,Summer,3.7,0,Express,0,0,12,Paypal,Fortnightly,0,26,organic_block,2366.0,1,0,0,1,0.0,0,0,0,0,Senior (50-70),0.2858959583833533,0.688747448979592,Low,High,1,1,0,S1,High-Value Loyal
3249,22,Female,T-Shirt,Clothing,79.0,Pennsylvania,S,Teal,Summer,4.2,0,Free Shipping,0,0,41,Bank Transfer,Quarterly,0,4,organic_block,316.0,0,0,1,0,0.0,0,1,0,0,Teen (18-24),0.3956038415366146,0.8142066326530611,Medium,High,0,0,1,S0,General Buyers
3250,26,Female,Backpack,Accessories,83.0,Virginia,M,Pink,Summer,3.4,0,Express,0,0,32,Credit Card,Quarterly,0,4,organic_block,332.0,1,0,0,0,0.0,0,0,0,0,Young Adult (25-34),0.2765018007202881,0.7377882653061225,Low,High,1,1,0,S1,High-Value Loyal
3251,23,Female,Coat,Outerwear,90.0,Minnesota,M,Teal,Spring,2.9,0,2-Day Shipping,0,0,15,Venmo,Weekly,0,52,organic_block,4680.0,1,0,0,0,0.0,0,0,0,1,Teen (18-24),0.3677142857142856,0.6516785714285714,Medium,High,1,1,3,S1,High-Value Loyal
3252,25,Female,Coat,Outerwear,20.0,Nevada,M,Gold,Winter,3.7,0,Standard,0,0,39,Venmo,Quarterly,0,4,organic_block,80.0,0,1,1,0,0.0,0,0,0,0,Young Adult (25-34),0.343358943577431,0.5158775510204081,Medium,Medium,0,1,3,S0,General Buyers
3253,69,Female,Sandals,Footwear,21.0,Montana,L,Brown,Spring,2.7,0,Store Pickup,0,0,48,Credit Card,Fortnightly,0,26,organic_block,546.0,0,1,1,0,0.0,0,0,0,1,Senior (50-70),0.4263041216486594,0.506170918367347,Medium,Medium,0,1,2,S0,General Buyers
3254,36,Female,Backpack,Accessories,60.0,Nebraska,M,Brown,Fall,3.2,0,2-Day Shipping,0,0,8,Venmo,Fortnightly,0,26,organic_block,1560.0,0,0,0,1,0.0,0,0,0,0,Mid-Age (35-49),0.221406162464986,0.5027142857142857,Low,Medium,1,1,0,S0,General Buyers
3255,21,Female,Sweater,Clothing,31.0,Indiana,S,Magenta,Winter,4.9,0,Store Pickup,0,0,11,Bank Transfer,Every 3 Months,0,4,organic_block,124.0,0,1,0,1,0.0,0,1,1,0,Teen (18-24),0.2679303721488596,0.4931454081632653,Low,Medium,0,0,1,S5,Low-Value Occasional
3256,57,Female,Shorts,Clothing,40.0,New Jersey,M,Black,Fall,2.8,0,Next Day Air,0,0,36,Bank Transfer,Monthly,0,12,organic_block,480.0,0,0,0,0,0.0,0,0,0,1,Senior (50-70),0.2922072829131652,0.5340714285714285,Low,Medium,1,0,1,S0,General Buyers
3257,60,Female,Sunglasses,Accessories,26.0,Wisconsin,L,Teal,Winter,4.7,0,Free Shipping,0,0,50,Venmo,Every 3 Months,0,4,organic_block,104.0,0,1,1,0,0.0,0,1,1,0,Senior (50-70),0.4907058823529412,0.65825,High,High,0,1,0,S0,General Buyers
3258,44,Female,Shirt,Clothing,98.0,Minnesota,M,Brown,Fall,3.3,0,Express,0,0,39,Venmo,Every 3 Months,0,4,organic_block,392.0,1,0,1,0,0.0,0,0,0,0,Mid-Age (35-49),0.3113589435774309,0.8331275510204081,Medium,High,1,1,1,S1,High-Value Loyal
3259,31,Female,Shoes,Footwear,51.0,New Jersey,M,Magenta,Spring,4.3,0,Express,0,0,11,Credit Card,Bi-Weekly,0,26,organic_block,1326.0,0,0,0,1,0.0,0,1,0,0,Young Adult (25-34),0.3277735094037615,0.5446454081632653,Medium,Medium,1,1,2,S0,General Buyers
3260,57,Female,Hat,Accessories,95.0,Oklahoma,Xl,Indigo,Fall,3.7,0,2-Day Shipping,0,0,5,Debit Card,Every 3 Months,0,4,organic_block,380.0,1,0,0,1,0.0,0,0,0,0,Senior (50-70),0.1351956782713085,0.6705331632653062,Low,High,1,1,0,S1,High-Value Loyal
3261,39,Female,Scarf,Accessories,36.0,Wisconsin,M,Violet,Summer,4.5,0,2-Day Shipping,0,0,7,Credit Card,Annually,0,1,organic_block,36.0,0,1,0,1,0.0,0,1,1,0,Mid-Age (35-49),0.196734693877551,0.4706122448979591,Low,Medium,1,1,0,S5,Low-Value Occasional
3262,48,Female,Belt,Accessories,52.0,Rhode Island,L,Cyan,Winter,3.4,0,Store Pickup,0,0,50,Debit Card,Weekly,0,52,organic_block,2704.0,0,0,1,0,0.0,0,0,0,0,Mid-Age (35-49),0.622,0.6940000000000001,High,High,0,1,0,S0,General Buyers
3263,42,Female,T-Shirt,Clothing,35.0,Indiana,M,Violet,Spring,2.7,0,Standard,0,0,21,Cash,Every 3 Months,0,4,organic_block,140.0,0,1,0,0,0.0,0,0,0,1,Mid-Age (35-49),0.1531548619447779,0.4296658163265306,Low,Medium,0,0,1,S0,General Buyers
3264,56,Female,Shorts,Clothing,68.0,Vermont,S,Black,Fall,4.4,0,Express,0,0,31,Debit Card,Fortnightly,0,26,organic_block,1768.0,0,0,0,0,0.0,0,1,0,0,Senior (50-70),0.4582224889955982,0.7270612244897959,High,High,1,1,1,S0,General Buyers
3265,28,Female,Pants,Clothing,50.0,Maine,S,Charcoal,Winter,4.0,0,Express,0,0,39,Cash,Bi-Weekly,0,26,organic_block,1300.0,0,0,1,0,0.0,0,1,0,0,Young Adult (25-34),0.4752020808323329,0.6651275510204081,High,High,1,0,1,S0,General Buyers
3266,40,Female,Sunglasses,Accessories,100.0,Alabama,M,White,Winter,3.2,0,Express,0,0,28,Credit Card,Fortnightly,0,26,organic_block,2600.0,1,0,0,0,0.0,0,0,0,0,Mid-Age (35-49),0.3438551420568227,0.7797551020408163,Medium,High,1,1,0,S1,High-Value Loyal
3267,49,Female,Coat,Outerwear,74.0,Alabama,S,Gray,Winter,4.2,0,Next Day Air,0,0,33,Bank Transfer,Weekly,0,52,organic_block,3848.0,0,0,0,0,0.0,0,1,0,0,Mid-Age (35-49),0.5819183673469388,0.751515306122449,High,High,1,0,3,S0,General Buyers
3268,37,Female,Hoodie,Clothing,45.0,Idaho,L,Pink,Winter,3.0,0,Store Pickup,0,0,42,Credit Card,Quarterly,0,4,organic_block,180.0,0,0,1,0,0.0,0,0,0,0,Mid-Age (35-49),0.3057262905162065,0.5985586734693877,Medium,Medium,0,1,1,S0,General Buyers
3269,22,Female,Dress,Clothing,97.0,Arkansas,M,Cyan,Fall,2.8,0,Free Shipping,0,0,5,Bank Transfer,Every 3 Months,0,4,organic_block,388.0,1,0,0,1,0.0,0,0,0,1,Teen (18-24),0.0631956782713085,0.6252831632653062,Low,High,0,0,1,S1,High-Value Loyal
3270,27,Female,Blouse,Clothing,60.0,Ohio,M,Blue,Winter,4.9,0,Express,0,0,25,Cash,Monthly,0,12,organic_block,720.0,0,0,0,0,0.0,0,1,1,0,Young Adult (25-34),0.3928603441376551,0.6914489795918367,Medium,High,1,0,1,S0,General Buyers
3271,59,Female,Socks,Clothing,25.0,Illinois,M,Indigo,Winter,4.7,0,Express,0,0,48,Paypal,Annually,0,1,organic_block,25.0,0,1,1,0,0.0,0,1,1,0,Senior (50-70),0.4637551020408163,0.6436709183673469,High,High,1,1,1,S0,General Buyers
3272,35,Female,Socks,Clothing,55.0,Nevada,Xl,Magenta,Spring,4.4,0,Standard,0,0,30,Credit Card,Weekly,0,52,organic_block,2860.0,0,0,0,0,0.0,0,1,0,0,Mid-Age (35-49),0.5795510204081633,0.6650841836734693,High,High,0,1,1,S0,General Buyers
3273,58,Female,Shoes,Footwear,99.0,Texas,M,Lavender,Winter,3.1,0,Next Day Air,0,0,34,Paypal,Quarterly,0,4,organic_block,396.0,1,0,0,0,0.0,0,0,0,0,Senior (50-70),0.2647466986794717,0.7999923469387755,Low,High,1,1,2,S1,High-Value Loyal
3274,58,Female,Belt,Accessories,45.0,Nevada,S,Orange,Summer,2.6,0,Free Shipping,0,0,34,Paypal,Every 3 Months,0,4,organic_block,180.0,0,0,0,0,0.0,0,0,0,1,Senior (50-70),0.2247466986794717,0.5337423469387755,Low,Medium,0,1,0,S0,General Buyers
3275,46,Female,Sweater,Clothing,20.0,Oklahoma,M,Cyan,Spring,3.9,0,Store Pickup,0,0,14,Cash,Fortnightly,0,26,organic_block,520.0,0,1,0,0,0.0,0,0,0,0,Mid-Age (35-49),0.3141408563425369,0.4003265306122449,Medium,Low,0,0,1,S0,General Buyers
3276,43,Female,Pants,Clothing,88.0,Alabama,Xl,Green,Summer,2.6,0,2-Day Shipping,0,0,2,Debit Card,Weekly,0,52,organic_block,4576.0,1,0,0,1,0.0,0,0,0,1,Mid-Age (35-49),0.2641224489795918,0.5586020408163266,Low,Medium,1,1,1,S0,General Buyers
3277,39,Female,Scarf,Accessories,99.0,South Dakota,M,White,Summer,4.0,0,Store Pickup,0,0,41,Paypal,Every 3 Months,0,4,organic_block,396.0,1,0,1,0,0.0,0,1,0,0,Mid-Age (35-49),0.3796038415366146,0.8897066326530613,Medium,High,0,1,0,S1,High-Value Loyal
3278,59,Female,Skirt,Clothing,86.0,Texas,M,Blue,Spring,4.9,0,Store Pickup,0,0,3,Credit Card,Monthly,0,12,organic_block,1032.0,1,0,0,1,0.0,0,1,1,0,Senior (50-70),0.2581664665866347,0.692954081632653,Low,High,0,1,1,S1,High-Value Loyal
3279,59,Female,Dress,Clothing,70.0,Montana,M,Black,Summer,3.3,0,2-Day Shipping,0,0,18,Bank Transfer,Weekly,0,52,organic_block,3640.0,0,0,0,0,0.0,0,0,0,0,Senior (50-70),0.4180816326530612,0.6034846938775511,Medium,High,1,0,1,S0,General Buyers
3280,59,Female,Hat,Accessories,50.0,Wyoming,S,Red,Fall,3.0,0,Express,0,0,1,Debit Card,Fortnightly,0,26,organic_block,1300.0,0,0,0,1,0.0,0,0,0,0,Senior (50-70),0.1625490196078431,0.41125,Low,Low,1,1,0,S0,General Buyers
3281,45,Female,Handbag,Accessories,57.0,New York,L,Red,Winter,2.7,0,Next Day Air,0,0,5,Paypal,Monthly,0,12,organic_block,684.0,0,0,0,1,0.0,0,0,0,1,Mid-Age (35-49),0.0944113645458183,0.4442831632653061,Low,Medium,1,1,0,S0,General Buyers
3282,27,Female,Pants,Clothing,69.0,Oregon,L,Gold,Winter,3.1,0,Free Shipping,0,0,41,Bank Transfer,Annually,0,1,organic_block,69.0,0,0,1,0,0.0,0,0,0,0,Young Adult (25-34),0.2928979591836734,0.7044566326530612,Low,High,0,0,1,S0,General Buyers
3283,24,Female,T-Shirt,Clothing,94.0,California,M,Red,Fall,4.8,0,Next Day Air,0,0,5,Credit Card,Monthly,0,12,organic_block,1128.0,1,0,0,1,0.0,0,1,1,0,Teen (18-24),0.2624113645458183,0.7321581632653061,Low,High,1,1,1,S1,High-Value Loyal
3284,47,Female,Jacket,Outerwear,24.0,North Carolina,L,Purple,Spring,2.9,0,Express,0,0,10,Debit Card,Every 3 Months,0,4,organic_block,96.0,0,1,0,1,0.0,0,0,0,1,Mid-Age (35-49),0.1018079231692677,0.3374183673469388,Low,Low,1,1,3,S5,Low-Value Occasional
3285,70,Female,Scarf,Accessories,79.0,Kentucky,L,White,Spring,4.5,0,2-Day Shipping,0,0,20,Venmo,Annually,0,1,organic_block,79.0,0,0,0,0,0.0,0,1,1,0,Senior (50-70),0.2763265306122449,0.7250637755102041,Low,High,1,1,0,S0,General Buyers
3286,58,Female,Hat,Accessories,31.0,Hawaii,Xl,Magenta,Fall,4.6,0,Free Shipping,0,0,11,Cash,Weekly,0,52,organic_block,1612.0,0,1,0,1,0.0,0,1,1,0,Senior (50-70),0.4792244897959183,0.4751454081632653,High,Medium,0,0,0,S5,Low-Value Occasional
3287,45,Female,Jacket,Outerwear,67.0,Illinois,L,Pink,Winter,5.0,0,Express,0,0,4,Venmo,Fortnightly,0,26,organic_block,1742.0,0,0,0,1,0.0,0,1,1,0,Mid-Age (35-49),0.3409163665466186,0.6209311224489796,Medium,High,1,1,3,S0,General Buyers
3288,24,Female,Skirt,Clothing,63.0,West Virginia,L,Black,Spring,4.3,0,2-Day Shipping,0,0,38,Credit Card,Weekly,0,52,organic_block,3276.0,0,0,1,0,0.0,0,1,0,0,Teen (18-24),0.6205306122448979,0.7349005102040816,High,High,1,1,1,S0,General Buyers
3289,67,Female,Handbag,Accessories,61.0,South Carolina,Xl,White,Spring,4.9,0,Next Day Air,0,0,19,Credit Card,Bi-Weekly,0,26,organic_block,1586.0,0,0,0,0,0.0,0,1,1,0,Senior (50-70),0.4247531012404962,0.6652117346938776,Medium,High,1,1,0,S0,General Buyers
3290,31,Female,Backpack,Accessories,50.0,Montana,M,Maroon,Summer,4.0,0,2-Day Shipping,0,0,16,Venmo,Every 3 Months,0,4,organic_block,200.0,0,0,0,0,0.0,0,1,0,0,Young Adult (25-34),0.2265426170468187,0.5477806122448979,Low,Medium,1,1,0,S0,General Buyers
3291,52,Female,Coat,Outerwear,82.0,North Dakota,L,Black,Spring,3.1,0,Free Shipping,0,0,2,Paypal,Monthly,0,12,organic_block,984.0,1,0,0,1,0.0,0,0,0,0,Senior (50-70),0.1080440176070428,0.5623520408163265,Low,Medium,0,1,3,S0,General Buyers
3292,29,Female,Belt,Accessories,51.0,New Mexico,L,Olive,Fall,2.6,0,2-Day Shipping,0,0,11,Cash,Monthly,0,12,organic_block,612.0,0,0,0,1,0.0,0,0,0,1,Young Adult (25-34),0.1231460584233693,0.4426454081632653,Low,Medium,1,0,0,S0,General Buyers
3293,62,Female,Handbag,Accessories,23.0,Missouri,L,Gray,Spring,4.9,0,Standard,0,0,18,Bank Transfer,Fortnightly,0,26,organic_block,598.0,0,1,0,0,0.0,0,1,1,0,Senior (50-70),0.4186306522609044,0.493859693877551,Medium,Medium,0,0,0,S0,General Buyers
3294,19,Female,Coat,Outerwear,91.0,West Virginia,M,Gold,Spring,3.5,0,2-Day Shipping,0,0,47,Credit Card,Fortnightly,0,26,organic_block,2366.0,1,0,1,0,0.0,0,0,0,0,Teen (18-24),0.4841816726690676,0.8553188775510203,High,High,1,1,3,S1,High-Value Loyal
3295,62,Female,Sweater,Clothing,60.0,South Carolina,S,Magenta,Spring,4.5,0,Store Pickup,0,0,15,Bank Transfer,Bi-Weekly,0,26,organic_block,1560.0,0,0,0,0,0.0,0,1,1,0,Senior (50-70),0.3682633053221288,0.6164285714285714,Medium,High,0,0,1,S0,General Buyers
3296,70,Female,Blouse,Clothing,34.0,West Virginia,S,Lavender,Summer,2.8,0,Next Day Air,0,0,15,Cash,Weekly,0,52,organic_block,1768.0,0,1,0,0,0.0,0,0,0,1,Senior (50-70),0.3597142857142856,0.4006785714285714,Medium,Low,1,0,1,S0,General Buyers
3297,20,Female,Blouse,Clothing,23.0,Alaska,M,Green,Spring,4.2,0,Next Day Air,0,0,47,Venmo,Quarterly,0,4,organic_block,92.0,0,1,1,0,0.0,0,1,0,0,Teen (18-24),0.4323385354141656,0.5998188775510204,Medium,High,1,1,1,S0,General Buyers
3298,67,Female,Belt,Accessories,82.0,West Virginia,M,Violet,Fall,4.1,0,Free Shipping,0,0,47,Paypal,Monthly,0,12,organic_block,984.0,1,0,1,0,0.0,0,1,0,0,Senior (50-70),0.4635542216886754,0.8519438775510204,High,High,0,1,0,S1,High-Value Loyal
3299,65,Female,Jacket,Outerwear,73.0,New Mexico,M,Brown,Fall,3.5,0,Express,0,0,6,Bank Transfer,Every 3 Months,0,4,organic_block,292.0,0,0,0,1,0.0,0,0,0,0,Senior (50-70),0.1253181272509003,0.5673852040816327,Low,Medium,1,0,3,S0,General Buyers
3300,45,Female,Shorts,Clothing,32.0,South Dakota,L,Teal,Spring,4.0,0,2-Day Shipping,0,0,18,Venmo,Monthly,0,12,organic_block,384.0,0,1,0,0,0.0,0,1,0,0,Mid-Age (35-49),0.2780032012805122,0.479234693877551,Low,Medium,1,1,1,S0,General Buyers
3301,26,Female,Hat,Accessories,80.0,Oklahoma,M,Charcoal,Spring,4.0,0,Express,0,0,40,Bank Transfer,Bi-Weekly,0,26,organic_block,2080.0,0,0,1,0,0.0,0,1,0,0,Young Adult (25-34),0.4813245298119247,0.8014795918367347,High,High,1,0,0,S0,General Buyers
3302,36,Female,Pants,Clothing,58.0,Oklahoma,Xl,Charcoal,Summer,2.5,0,Free Shipping,0,0,31,Credit Card,Fortnightly,0,26,organic_block,1508.0,0,0,0,0,0.0,0,0,0,1,Mid-Age (35-49),0.3062224889955982,0.5693112244897959,Medium,Medium,0,1,1,S0,General Buyers
3303,36,Female,Blouse,Clothing,82.0,Alabama,Xl,Beige,Winter,4.2,0,Standard,0,0,31,Venmo,Bi-Weekly,0,26,organic_block,2132.0,1,0,0,0,0.0,0,1,0,0,Mid-Age (35-49),0.4422224889955982,0.776311224489796,Medium,High,0,1,1,S1,High-Value Loyal
3304,20,Female,Belt,Accessories,60.0,Mississippi,S,Turquoise,Summer,3.4,0,Next Day Air,0,0,4,Credit Card,Fortnightly,0,26,organic_block,1560.0,0,0,0,1,0.0,0,0,0,0,Teen (18-24),0.2129163665466186,0.4943061224489796,Low,Medium,1,1,0,S0,General Buyers
3305,30,Female,Handbag,Accessories,79.0,Mississippi,Xl,Orange,Fall,4.8,0,Next Day Air,0,0,36,Bank Transfer,Every 3 Months,0,4,organic_block,316.0,0,0,0,0,0.0,0,1,1,0,Young Adult (25-34),0.4129915966386555,0.8246964285714286,Medium,High,1,0,0,S0,General Buyers
3306,34,Female,Hoodie,Clothing,41.0,Nebraska,L,Cyan,Summer,4.9,0,Standard,0,0,31,Paypal,Bi-Weekly,0,26,organic_block,1066.0,0,0,0,0,0.0,0,1,1,0,Young Adult (25-34),0.4982224889955983,0.6389362244897959,High,High,0,1,1,S0,General Buyers
3307,63,Female,Jacket,Outerwear,39.0,Colorado,L,Orange,Summer,3.6,0,Store Pickup,0,0,6,Venmo,Fortnightly,0,26,organic_block,1014.0,0,1,0,1,0.0,0,0,0,0,Senior (50-70),0.2411612645058023,0.4246352040816326,Low,Low,0,1,3,S5,Low-Value Occasional
3308,18,Female,Scarf,Accessories,36.0,Pennsylvania,S,Green,Winter,4.0,0,Store Pickup,0,0,1,Cash,Monthly,0,12,organic_block,432.0,0,1,0,1,0.0,0,1,0,0,Teen (18-24),0.1739215686274509,0.41,Low,Low,0,0,0,S5,Low-Value Occasional
3309,55,Female,Jeans,Clothing,70.0,Utah,M,Pink,Fall,2.6,0,Express,0,0,29,Cash,Monthly,0,12,organic_block,840.0,0,0,0,0,0.0,0,0,0,1,Senior (50-70),0.2333501400560224,0.6176071428571428,Low,High,1,0,1,S0,General Buyers
3310,48,Female,Handbag,Accessories,47.0,Massachusetts,M,Blue,Summer,3.1,0,Store Pickup,0,0,19,Paypal,Monthly,0,12,organic_block,564.0,0,0,0,0,0.0,0,0,0,0,Mid-Age (35-49),0.212125650260104,0.4959617346938776,Low,Medium,0,1,0,S0,General Buyers
3311,45,Female,Jacket,Outerwear,27.0,Iowa,M,Pink,Winter,3.6,0,Free Shipping,0,0,12,Paypal,Fortnightly,0,26,organic_block,702.0,0,1,0,1,0.0,0,0,0,0,Mid-Age (35-49),0.2778959583833533,0.4027474489795918,Low,Low,0,1,3,S5,Low-Value Occasional
3312,29,Female,Hat,Accessories,52.0,Florida,L,Blue,Summer,4.0,0,Express,0,0,18,Bank Transfer,Annually,0,1,organic_block,52.0,0,0,0,0,0.0,0,1,0,0,Young Adult (25-34),0.2240816326530612,0.566734693877551,Low,Medium,1,0,0,S0,General Buyers
3313,55,Female,Sneakers,Footwear,75.0,Louisiana,L,Black,Summer,3.9,0,Next Day Air,0,0,45,Cash,Quarterly,0,4,organic_block,300.0,0,0,1,0,0.0,0,0,0,0,Senior (50-70),0.396093637454982,0.7991147959183673,Medium,High,1,0,2,S0,General Buyers
3314,55,Female,Hat,Accessories,30.0,Kansas,Xl,Black,Fall,3.9,0,Express,0,0,45,Credit Card,Monthly,0,12,organic_block,360.0,0,1,1,0,0.0,0,0,0,0,Senior (50-70),0.4353093237294918,0.6022397959183673,Medium,High,1,1,0,S0,General Buyers
3315,55,Female,Socks,Clothing,94.0,Kansas,M,Violet,Spring,3.3,0,Standard,0,0,8,Credit Card,Quarterly,0,4,organic_block,376.0,1,0,0,1,0.0,0,0,0,0,Senior (50-70),0.121563025210084,0.6574642857142857,Low,High,0,1,1,S1,High-Value Loyal
3316,48,Female,Scarf,Accessories,68.0,Kentucky,S,Gold,Summer,2.9,0,Standard,0,0,4,Paypal,Every 3 Months,0,4,organic_block,272.0,0,0,0,1,0.0,0,0,0,1,Mid-Age (35-49),0.0650732292917166,0.4993061224489796,Low,Medium,0,1,0,S0,General Buyers
3317,42,Female,Socks,Clothing,45.0,New Mexico,M,Olive,Summer,3.1,0,Free Shipping,0,0,5,Debit Card,Fortnightly,0,26,organic_block,1170.0,0,0,0,1,0.0,0,0,0,0,Mid-Age (35-49),0.1950388155262105,0.4157831632653062,Low,Low,0,1,1,S0,General Buyers
3318,21,Female,Hat,Accessories,67.0,North Carolina,Xl,Pink,Summer,4.7,0,Standard,0,0,30,Cash,Quarterly,0,4,organic_block,268.0,0,0,0,0,0.0,0,1,1,0,Teen (18-24),0.3682569027611044,0.7355841836734694,Medium,High,0,0,0,S0,General Buyers
3319,45,Female,Jacket,Outerwear,46.0,North Dakota,M,Olive,Summer,3.9,0,Free Shipping,0,0,15,Paypal,Monthly,0,12,organic_block,552.0,0,0,0,0,0.0,0,0,0,0,Mid-Age (35-49),0.2516358543417367,0.5191785714285714,Low,Medium,0,1,3,S0,General Buyers
3320,23,Female,Shorts,Clothing,31.0,North Dakota,M,Indigo,Summer,4.3,0,Next Day Air,0,0,17,Credit Card,Every 3 Months,0,4,organic_block,124.0,0,1,0,0,0.0,0,1,0,0,Teen (18-24),0.2566650660264105,0.4877576530612245,Low,Medium,1,1,1,S0,General Buyers
3321,66,Female,Blouse,Clothing,44.0,Illinois,Xl,Silver,Fall,4.2,0,2-Day Shipping,0,0,45,Cash,Every 3 Months,0,4,organic_block,176.0,0,0,1,0,0.0,0,1,0,0,Senior (50-70),0.420093637454982,0.6814897959183673,Medium,High,1,0,1,S0,General Buyers
3322,32,Female,Coat,Outerwear,100.0,Maine,S,Charcoal,Winter,4.3,0,Next Day Air,0,0,3,Venmo,Annually,0,1,organic_block,100.0,1,0,0,1,0.0,0,1,0,0,Young Adult (25-34),0.1562448979591836,0.718204081632653,Low,High,1,1,3,S1,High-Value Loyal
3323,52,Female,Sweater,Clothing,92.0,Indiana,Xl,Orange,Winter,4.6,0,Next Day Air,0,0,43,Paypal,Weekly,0,52,organic_block,4784.0,1,0,1,0,0.0,0,1,1,0,Senior (50-70),0.675142857142857,0.9052857142857142,High,High,1,1,1,S1,High-Value Loyal
3324,54,Female,Handbag,Accessories,78.0,North Dakota,M,Yellow,Winter,3.8,0,Free Shipping,0,0,4,Credit Card,Monthly,0,12,organic_block,936.0,0,0,0,1,0.0,0,0,0,0,Senior (50-70),0.1762889155662264,0.5970561224489795,Low,Medium,0,1,0,S0,General Buyers
3325,37,Female,T-Shirt,Clothing,32.0,Missouri,S,Red,Fall,3.3,0,Standard,0,0,41,Venmo,Weekly,0,52,organic_block,1664.0,0,1,1,0,0.0,0,0,0,0,Mid-Age (35-49),0.5588979591836735,0.5545816326530613,High,Medium,0,1,1,S0,General Buyers
3326,29,Female,Sandals,Footwear,97.0,Alaska,M,Maroon,Fall,3.7,0,2-Day Shipping,0,0,16,Venmo,Monthly,0,12,organic_block,1164.0,1,0,0,0,0.0,0,0,0,0,Young Adult (25-34),0.2417583033213285,0.735405612244898,Low,High,1,1,2,S1,High-Value Loyal
3327,47,Female,Gloves,Accessories,95.0,North Dakota,M,Magenta,Summer,4.3,0,Standard,0,0,10,Debit Card,Annually,0,1,organic_block,95.0,1,0,0,1,0.0,0,1,0,0,Mid-Age (35-49),0.1991020408163265,0.7320433673469388,Low,High,0,1,0,S1,High-Value Loyal
3328,47,Female,Shorts,Clothing,64.0,Connecticut,M,Black,Spring,4.1,0,Express,0,0,2,Debit Card,Quarterly,0,4,organic_block,256.0,0,0,0,1,0.0,0,1,0,0,Mid-Age (35-49),0.1488283313325329,0.5436020408163266,Low,Medium,1,1,1,S0,General Buyers
3329,42,Female,Sandals,Footwear,35.0,Wisconsin,M,Violet,Spring,3.2,0,Free Shipping,0,0,11,Cash,Bi-Weekly,0,26,organic_block,910.0,0,1,0,1,0.0,0,0,0,0,Mid-Age (35-49),0.2397735094037615,0.4086454081632653,Low,Low,0,0,2,S5,Low-Value Occasional
3330,34,Female,Backpack,Accessories,54.0,New Jersey,M,Gray,Winter,3.8,0,Express,0,0,1,Debit Card,Bi-Weekly,0,26,organic_block,1404.0,0,0,0,1,0.0,0,0,0,0,Young Adult (25-34),0.2265490196078431,0.47675,Low,Medium,1,1,0,S0,General Buyers
3331,38,Female,Sneakers,Footwear,96.0,Missouri,M,Black,Spring,3.2,0,2-Day Shipping,0,0,41,Bank Transfer,Quarterly,0,4,organic_block,384.0,1,0,1,0,0.0,0,0,0,0,Mid-Age (35-49),0.3156038415366147,0.8285816326530613,Medium,High,1,0,2,S1,High-Value Loyal
3332,55,Female,Sunglasses,Accessories,58.0,California,M,Pink,Summer,3.5,0,Free Shipping,0,0,39,Paypal,Quarterly,0,4,organic_block,232.0,0,0,1,0,0.0,0,0,0,0,Senior (50-70),0.327358943577431,0.6701275510204081,Medium,High,0,1,0,S0,General Buyers
3333,27,Female,T-Shirt,Clothing,23.0,Washington,M,Silver,Summer,3.1,0,2-Day Shipping,0,0,1,Paypal,Bi-Weekly,0,26,organic_block,598.0,0,1,0,1,0.0,0,0,0,0,Young Adult (25-34),0.1705490196078431,0.299125,Low,Low,1,1,1,S5,Low-Value Occasional
3334,55,Female,Jeans,Clothing,35.0,Minnesota,M,Violet,Spring,4.2,0,Express,0,0,3,Paypal,Monthly,0,12,organic_block,420.0,0,1,0,1,0.0,0,1,0,0,Senior (50-70),0.2021664665866346,0.4278290816326531,Low,Medium,1,1,1,S5,Low-Value Occasional
3335,66,Female,Shirt,Clothing,23.0,California,M,Beige,Summer,3.4,0,Free Shipping,0,0,21,Credit Card,Annually,0,1,organic_block,23.0,0,1,0,0,0.0,0,0,0,0,Senior (50-70),0.1944489795918367,0.4191658163265306,Low,Low,0,1,1,S0,General Buyers
3336,44,Female,Hat,Accessories,94.0,Texas,Xl,Cyan,Winter,3.5,0,Express,0,0,48,Bank Transfer,Quarterly,0,4,organic_block,376.0,1,0,1,0,0.0,0,0,0,0,Mid-Age (35-49),0.3824609843937575,0.8735459183673469,Medium,High,1,0,0,S1,High-Value Loyal
3337,39,Female,Blouse,Clothing,45.0,Montana,M,Brown,Fall,4.0,0,Free Shipping,0,0,24,Debit Card,Annually,0,1,organic_block,45.0,0,0,0,0,0.0,0,1,0,0,Mid-Age (35-49),0.2608163265306122,0.5667219387755102,Low,Medium,0,1,1,S0,General Buyers
3338,23,Female,Jacket,Outerwear,23.0,Arizona,L,Blue,Winter,4.4,0,2-Day Shipping,0,0,45,Bank Transfer,Bi-Weekly,0,26,organic_block,598.0,0,1,1,0,0.0,0,1,0,0,Teen (18-24),0.543936774709884,0.6016147959183673,High,High,1,0,3,S0,General Buyers
3339,29,Female,Skirt,Clothing,94.0,Minnesota,L,White,Winter,2.9,0,2-Day Shipping,0,0,46,Credit Card,Monthly,0,12,organic_block,1128.0,1,0,1,0,0.0,0,0,0,1,Young Adult (25-34),0.3614317727090836,0.8273418367346939,Medium,High,1,1,1,S1,High-Value Loyal
3340,20,Female,Gloves,Accessories,99.0,Nebraska,M,Cyan,Fall,3.6,0,Store Pickup,0,0,35,Cash,Fortnightly,0,26,organic_block,2574.0,1,0,0,0,0.0,0,0,0,0,Teen (18-24),0.4187122849139656,0.835094387755102,Medium,High,0,0,0,S1,High-Value Loyal
3341,42,Female,T-Shirt,Clothing,36.0,Virginia,Xl,Maroon,Fall,4.4,0,Free Shipping,0,0,47,Credit Card,Fortnightly,0,26,organic_block,936.0,0,1,1,0,0.0,0,1,0,0,Mid-Age (35-49),0.5561816726690676,0.6686938775510204,High,High,0,1,1,S0,General Buyers
3342,55,Female,Jacket,Outerwear,50.0,Connecticut,Xl,Olive,Summer,4.5,0,Standard,0,0,35,Credit Card,Monthly,0,12,organic_block,600.0,0,0,0,0,0.0,0,1,1,0,Senior (50-70),0.4220848339335734,0.674719387755102,Medium,High,0,1,3,S0,General Buyers
3343,66,Female,Jacket,Outerwear,81.0,New Jersey,M,Violet,Spring,3.8,0,Free Shipping,0,0,45,Credit Card,Weekly,0,52,organic_block,4212.0,1,0,1,0,0.0,0,0,0,0,Senior (50-70),0.6233877551020408,0.8193647959183673,High,High,0,1,3,S1,High-Value Loyal
3344,24,Female,Shorts,Clothing,31.0,Kentucky,Xl,Green,Winter,3.6,0,2-Day Shipping,0,0,6,Cash,Bi-Weekly,0,26,organic_block,806.0,0,1,0,1,0.0,0,0,0,0,Teen (18-24),0.2411612645058023,0.3896352040816326,Low,Low,1,0,1,S5,Low-Value Occasional
3345,62,Female,Hat,Accessories,48.0,Washington,Xl,Magenta,Fall,4.3,0,Free Shipping,0,0,20,Cash,Annually,0,1,organic_block,48.0,0,0,0,0,0.0,0,1,0,0,Senior (50-70),0.2603265306122448,0.5774387755102041,Low,Medium,0,0,0,S0,General Buyers
3346,28,Female,Handbag,Accessories,91.0,Florida,M,Turquoise,Summer,4.0,0,2-Day Shipping,0,0,3,Venmo,Bi-Weekly,0,26,organic_block,2366.0,1,0,0,1,0.0,0,1,0,0,Young Adult (25-34),0.2547939175670268,0.6608290816326531,Low,High,1,1,0,S1,High-Value Loyal
3347,30,Female,Jeans,Clothing,99.0,Oklahoma,M,Black,Summer,3.4,0,Express,0,0,30,Venmo,Quarterly,0,4,organic_block,396.0,1,0,0,0,0.0,0,0,0,0,Young Adult (25-34),0.2642569027611044,0.7975841836734694,Low,High,1,1,1,S1,High-Value Loyal
3348,22,Female,Shoes,Footwear,70.0,Iowa,Xl,Cyan,Summer,4.4,0,Standard,0,0,28,Paypal,Bi-Weekly,0,26,organic_block,1820.0,0,0,0,0,0.0,0,1,0,0,Teen (18-24),0.4398551420568227,0.7205051020408163,Medium,High,0,1,2,S0,General Buyers
3349,28,Female,T-Shirt,Clothing,74.0,New Hampshire,L,Gray,Winter,2.8,0,Standard,0,0,15,Cash,Every 3 Months,0,4,organic_block,296.0,0,0,0,0,0.0,0,0,0,1,Young Adult (25-34),0.1244201680672268,0.5756785714285715,Low,Medium,0,0,1,S0,General Buyers
3350,35,Female,Jewelry,Accessories,79.0,Georgia,M,Red,Fall,2.8,0,Store Pickup,0,0,29,Paypal,Quarterly,0,4,organic_block,316.0,0,0,0,0,0.0,0,0,0,1,Mid-Age (35-49),0.2101344537815125,0.6689821428571429,Low,High,0,1,0,S0,General Buyers
3351,45,Female,Handbag,Accessories,33.0,Mississippi,S,Olive,Fall,4.9,0,2-Day Shipping,0,0,15,Cash,Bi-Weekly,0,26,organic_block,858.0,0,1,0,0,0.0,0,1,1,0,Mid-Age (35-49),0.4002633053221289,0.5223035714285714,Medium,Medium,1,0,0,S0,General Buyers
3352,43,Female,Shirt,Clothing,49.0,New Hampshire,L,Cyan,Spring,4.2,0,2-Day Shipping,0,0,18,Bank Transfer,Fortnightly,0,26,organic_block,1274.0,0,0,0,0,0.0,0,1,0,0,Mid-Age (35-49),0.3626306522609043,0.565609693877551,Medium,Medium,1,0,1,S0,General Buyers
3353,55,Female,Belt,Accessories,96.0,Washington,M,Teal,Summer,2.9,0,Next Day Air,0,0,7,Bank Transfer,Bi-Weekly,0,26,organic_block,2496.0,1,0,0,1,0.0,0,0,0,1,Senior (50-70),0.1912837134853941,0.6371122448979591,Low,High,1,0,0,S1,High-Value Loyal
3354,31,Female,Dress,Clothing,66.0,Ohio,L,Teal,Fall,4.6,0,Free Shipping,0,0,19,Credit Card,Every 3 Months,0,4,organic_block,264.0,0,0,0,0,0.0,0,1,1,0,Young Adult (25-34),0.2929099639855942,0.6690867346938775,Low,High,0,1,1,S0,General Buyers
3355,42,Female,Skirt,Clothing,45.0,Maryland,M,Orange,Fall,2.8,0,Next Day Air,0,0,15,Paypal,Weekly,0,52,organic_block,2340.0,0,0,0,0,0.0,0,0,0,1,Mid-Age (35-49),0.3597142857142856,0.4488035714285714,Medium,Medium,1,1,1,S0,General Buyers
3356,40,Female,Blouse,Clothing,28.0,Delaware,M,Peach,Spring,2.6,0,Store Pickup,0,0,3,Bank Transfer,Bi-Weekly,0,26,organic_block,728.0,0,1,0,1,0.0,0,0,0,1,Mid-Age (35-49),0.1427939175670268,0.301204081632653,Low,Low,0,0,1,S5,Low-Value Occasional
3357,39,Female,Jeans,Clothing,48.0,Tennessee,M,Silver,Summer,3.5,0,Store Pickup,0,0,13,Paypal,Bi-Weekly,0,26,organic_block,1248.0,0,0,0,1,0.0,0,0,0,0,Mid-Age (35-49),0.2760184073629452,0.4937244897959184,Low,Medium,0,1,1,S0,General Buyers
3358,41,Female,Hoodie,Clothing,67.0,Arkansas,M,Pink,Winter,3.5,0,Free Shipping,0,0,37,Credit Card,Monthly,0,12,organic_block,804.0,0,0,0,0,0.0,0,0,0,0,Mid-Age (35-49),0.3543297318927571,0.6992984693877551,Medium,High,0,1,1,S0,General Buyers
3359,56,Female,T-Shirt,Clothing,59.0,Tennessee,M,Magenta,Fall,3.4,0,2-Day Shipping,0,0,26,Cash,Annually,0,1,organic_block,59.0,0,0,0,0,0.0,0,0,0,0,Senior (50-70),0.2250612244897959,0.6021760204081633,Low,High,1,0,1,S0,General Buyers
3360,43,Female,Sunglasses,Accessories,74.0,New Hampshire,L,Red,Fall,3.9,0,Next Day Air,0,0,29,Debit Card,Monthly,0,12,organic_block,888.0,0,0,0,0,0.0,0,0,0,0,Mid-Age (35-49),0.3373501400560224,0.7131071428571428,Medium,High,1,1,0,S0,General Buyers
3361,22,Female,Jacket,Outerwear,81.0,Minnesota,M,Maroon,Spring,3.3,0,2-Day Shipping,0,0,47,Cash,Every 3 Months,0,4,organic_block,324.0,1,0,1,0,0.0,0,0,0,0,Teen (18-24),0.3603385354141656,0.7995688775510205,Medium,High,1,0,3,S1,High-Value Loyal
3362,47,Female,Shoes,Footwear,26.0,Florida,M,Silver,Spring,4.1,0,Free Shipping,0,0,47,Credit Card,Bi-Weekly,0,26,organic_block,676.0,0,1,1,0,0.0,0,1,0,0,Mid-Age (35-49),0.5321816726690676,0.6069438775510204,High,High,0,1,2,S0,General Buyers
3363,50,Female,Handbag,Accessories,61.0,Tennessee,M,Gray,Summer,3.0,0,Next Day Air,0,0,48,Venmo,Fortnightly,0,26,organic_block,1586.0,0,0,1,0,0.0,0,0,0,0,Senior (50-70),0.4503041216486594,0.6991709183673469,Medium,High,1,1,0,S0,General Buyers
3364,58,Female,Sweater,Clothing,23.0,California,M,Turquoise,Winter,3.0,0,Next Day Air,0,0,46,Bank Transfer,Bi-Weekly,0,26,organic_block,598.0,0,1,1,0,0.0,0,0,0,0,Senior (50-70),0.4380592236894758,0.5227168367346939,Medium,Medium,1,0,1,S0,General Buyers
3365,50,Female,Scarf,Accessories,33.0,Oregon,M,Peach,Fall,3.2,0,Standard,0,0,7,Credit Card,Monthly,0,12,organic_block,396.0,0,1,0,1,0.0,0,0,0,0,Senior (50-70),0.146656262505002,0.3794872448979591,Low,Low,0,1,0,S5,Low-Value Occasional
3366,43,Female,Skirt,Clothing,58.0,Tennessee,L,Teal,Fall,3.9,0,Express,0,0,45,Credit Card,Every 3 Months,0,4,organic_block,232.0,0,0,1,0,0.0,0,0,0,0,Mid-Age (35-49),0.396093637454982,0.7247397959183673,Medium,High,1,1,1,S0,General Buyers
3367,38,Female,Gloves,Accessories,65.0,North Carolina,M,Red,Spring,3.6,0,2-Day Shipping,0,0,47,Debit Card,Quarterly,0,4,organic_block,260.0,0,0,1,0,0.0,0,0,0,0,Mid-Age (35-49),0.3843385354141657,0.7475688775510205,Medium,High,1,1,0,S0,General Buyers
3368,44,Female,T-Shirt,Clothing,48.0,Tennessee,M,Blue,Summer,3.1,0,Store Pickup,0,0,6,Venmo,Fortnightly,0,26,organic_block,1248.0,0,0,0,1,0.0,0,0,0,0,Mid-Age (35-49),0.2011612645058023,0.4340102040816326,Low,Medium,0,1,1,S0,General Buyers
3369,30,Female,Sandals,Footwear,25.0,Nebraska,M,Blue,Spring,4.8,0,Express,0,0,29,Bank Transfer,Every 3 Months,0,4,organic_block,100.0,0,1,0,0,0.0,0,1,1,0,Young Adult (25-34),0.3701344537815125,0.5527321428571429,Medium,Medium,1,0,2,S0,General Buyers
3370,47,Female,Sweater,Clothing,51.0,Maine,M,Indigo,Winter,3.8,0,2-Day Shipping,0,0,42,Cash,Monthly,0,12,organic_block,612.0,0,0,1,0,0.0,0,0,0,0,Mid-Age (35-49),0.4089419767907163,0.6728086734693878,Medium,High,1,0,1,S0,General Buyers
3371,30,Female,Belt,Accessories,31.0,Illinois,M,Charcoal,Summer,2.8,0,Store Pickup,0,0,46,Cash,Fortnightly,0,26,organic_block,806.0,0,1,1,0,0.0,0,0,0,1,Young Adult (25-34),0.4220592236894757,0.5457168367346938,Medium,Medium,0,0,0,S0,General Buyers
3372,49,Female,Hoodie,Clothing,99.0,Colorado,S,Turquoise,Winter,4.0,0,Next Day Air,0,0,28,Paypal,Annually,0,1,organic_block,99.0,1,0,0,0,0.0,0,1,0,0,Mid-Age (35-49),0.2853061224489795,0.8233801020408164,Low,High,1,1,1,S1,High-Value Loyal
3373,56,Female,Socks,Clothing,25.0,Pennsylvania,M,Maroon,Winter,4.6,0,Free Shipping,0,0,14,Credit Card,Every 3 Months,0,4,organic_block,100.0,0,1,0,0,0.0,0,1,1,0,Senior (50-70),0.262297719087635,0.4642015306122449,Low,Medium,0,1,1,S0,General Buyers
3374,70,Female,Sandals,Footwear,52.0,Minnesota,M,Purple,Spring,3.5,0,Store Pickup,0,0,12,Debit Card,Every 3 Months,0,4,organic_block,208.0,0,0,0,1,0.0,0,0,0,0,Senior (50-70),0.1620528211284514,0.5061224489795919,Low,Medium,0,1,2,S0,General Buyers
3375,22,Female,Blouse,Clothing,47.0,Nevada,S,Lavender,Spring,3.7,0,2-Day Shipping,0,0,41,Debit Card,Annually,0,1,organic_block,47.0,0,0,1,0,0.0,0,0,0,0,Teen (18-24),0.3408979591836735,0.6442066326530613,Medium,High,1,1,1,S0,General Buyers
3376,51,Female,Boots,Footwear,98.0,Connecticut,Xl,Yellow,Fall,4.9,0,Express,0,0,8,Credit Card,Annually,0,1,organic_block,98.0,1,0,0,1,0.0,0,1,1,0,Senior (50-70),0.2348571428571429,0.7709642857142857,Low,High,1,1,2,S1,High-Value Loyal
3377,22,Female,Hat,Accessories,46.0,Ohio,M,Green,Winter,4.1,0,Store Pickup,0,0,24,Cash,Quarterly,0,4,organic_block,184.0,0,0,0,0,0.0,0,1,0,0,Teen (18-24),0.2835222088835534,0.5770969387755102,Low,Medium,0,0,0,S0,General Buyers
3378,37,Female,Shirt,Clothing,32.0,Kentucky,M,Yellow,Winter,4.6,0,Next Day Air,0,0,18,Paypal,Fortnightly,0,26,organic_block,832.0,0,1,0,0,0.0,0,1,1,0,Mid-Age (35-49),0.3946306522609043,0.515234693877551,Medium,Medium,1,1,1,S0,General Buyers
3379,49,Female,Shorts,Clothing,75.0,Minnesota,L,Gold,Fall,4.5,0,Next Day Air,0,0,6,Cash,Quarterly,0,4,organic_block,300.0,0,0,0,1,0.0,0,1,1,0,Mid-Age (35-49),0.2053181272509003,0.6361352040816326,Low,High,1,0,1,S0,General Buyers
3380,61,Female,Handbag,Accessories,51.0,Tennessee,L,Turquoise,Summer,5.0,0,Store Pickup,0,0,40,Cash,Weekly,0,52,organic_block,2652.0,0,0,1,0,0.0,0,1,1,0,Senior (50-70),0.6887755102040816,0.7346045918367347,High,High,0,0,0,S0,General Buyers
3381,41,Female,Dress,Clothing,52.0,North Dakota,L,Blue,Summer,3.8,0,Standard,0,0,6,Paypal,Every 3 Months,0,4,organic_block,208.0,0,0,0,1,0.0,0,0,0,0,Mid-Age (35-49),0.1493181272509003,0.4935102040816326,Low,Medium,0,1,1,S0,General Buyers
3382,57,Female,Hat,Accessories,66.0,Minnesota,L,Turquoise,Winter,4.7,0,Standard,0,0,27,Credit Card,Quarterly,0,4,organic_block,264.0,0,0,0,0,0.0,0,1,1,0,Senior (50-70),0.3498895558223289,0.7159030612244898,Medium,High,0,1,0,S0,General Buyers
3383,34,Female,Sweater,Clothing,35.0,Nebraska,M,Maroon,Spring,2.8,0,Express,0,0,2,Bank Transfer,Weekly,0,52,organic_block,1820.0,0,1,0,1,0.0,0,0,0,1,Young Adult (25-34),0.2801224489795918,0.3387270408163265,Low,Low,1,0,1,S5,Low-Value Occasional
3384,27,Female,Coat,Outerwear,43.0,Delaware,M,Pink,Fall,2.6,0,Next Day Air,0,0,39,Venmo,Bi-Weekly,0,26,organic_block,1118.0,0,0,1,0,0.0,0,0,0,1,Young Adult (25-34),0.3632020808323329,0.5505025510204081,Medium,Medium,1,1,3,S0,General Buyers
3385,39,Female,Hoodie,Clothing,24.0,Minnesota,L,Maroon,Summer,3.8,0,Free Shipping,0,0,9,Venmo,Quarterly,0,4,organic_block,96.0,0,1,0,1,0.0,0,0,0,0,Mid-Age (35-49),0.1676854741896758,0.3863163265306122,Low,Low,0,1,1,S5,Low-Value Occasional
3386,62,Female,Jewelry,Accessories,83.0,Rhode Island,M,Olive,Winter,2.8,0,Standard,0,0,16,Credit Card,Every 3 Months,0,4,organic_block,332.0,1,0,0,0,0.0,0,0,0,1,Senior (50-70),0.1305426170468187,0.6201556122448979,Low,High,0,1,0,S1,High-Value Loyal
3387,34,Female,T-Shirt,Clothing,62.0,Michigan,M,Lavender,Fall,2.6,0,2-Day Shipping,0,0,36,Cash,Quarterly,0,4,organic_block,248.0,0,0,0,0,0.0,0,0,0,1,Young Adult (25-34),0.2369915966386554,0.6183214285714286,Low,High,1,0,1,S0,General Buyers
3388,53,Female,Pants,Clothing,78.0,New Jersey,S,Pink,Spring,3.4,0,2-Day Shipping,0,0,2,Credit Card,Bi-Weekly,0,26,organic_block,2028.0,0,0,0,1,0.0,0,0,0,0,Senior (50-70),0.2006714685874349,0.5628520408163266,Low,Medium,1,1,1,S0,General Buyers
3389,35,Female,Sweater,Clothing,61.0,South Dakota,M,Cyan,Spring,4.5,0,Store Pickup,0,0,21,Credit Card,Weekly,0,52,organic_block,3172.0,0,0,0,0,0.0,0,1,1,0,Mid-Age (35-49),0.5324489795918368,0.6514158163265306,High,High,0,1,1,S0,General Buyers
3390,38,Female,Pants,Clothing,57.0,North Carolina,L,Maroon,Fall,3.8,0,Free Shipping,0,0,39,Venmo,Annually,0,1,organic_block,57.0,0,0,1,0,0.0,0,0,0,0,Mid-Age (35-49),0.3366530612244898,0.6837525510204081,Medium,High,0,1,1,S0,General Buyers
3391,32,Female,Socks,Clothing,70.0,Oregon,S,Red,Summer,3.0,0,Next Day Air,0,0,38,Paypal,Annually,0,1,organic_block,70.0,0,0,1,0,0.0,0,0,0,0,Young Adult (25-34),0.2665306122448979,0.6875255102040816,Low,High,1,1,1,S0,General Buyers
3392,47,Female,Hoodie,Clothing,57.0,Montana,M,Silver,Fall,3.7,0,2-Day Shipping,0,0,6,Debit Card,Every 3 Months,0,4,organic_block,228.0,0,0,0,1,0.0,0,0,0,0,Mid-Age (35-49),0.1413181272509003,0.5093852040816327,Low,Medium,1,1,1,S0,General Buyers
3393,53,Female,Scarf,Accessories,74.0,New Jersey,Xl,Blue,Winter,4.4,0,Free Shipping,0,0,6,Venmo,Bi-Weekly,0,26,organic_block,1924.0,0,0,0,1,0.0,0,1,0,0,Senior (50-70),0.3051612645058023,0.6257602040816327,Medium,High,0,1,0,S0,General Buyers
3394,60,Female,Dress,Clothing,90.0,Arizona,M,Gold,Fall,3.1,0,Next Day Air,0,0,50,Debit Card,Monthly,0,12,organic_block,1080.0,1,0,1,0,0.0,0,0,0,0,Senior (50-70),0.401921568627451,0.8422499999999999,Medium,High,1,1,1,S1,High-Value Loyal
3395,31,Female,Sandals,Footwear,98.0,Vermont,S,Yellow,Spring,4.2,0,Store Pickup,0,0,9,Paypal,Annually,0,1,organic_block,98.0,1,0,0,1,0.0,0,1,0,0,Young Adult (25-34),0.1849795918367347,0.7340663265306122,Low,High,0,1,2,S1,High-Value Loyal
3396,44,Female,Dress,Clothing,43.0,Colorado,M,Silver,Winter,3.1,0,Free Shipping,0,0,15,Debit Card,Every 3 Months,0,4,organic_block,172.0,0,0,0,0,0.0,0,0,0,0,Mid-Age (35-49),0.1484201680672269,0.4580535714285714,Low,Medium,0,1,1,S0,General Buyers
3397,29,Female,Pants,Clothing,37.0,Tennessee,Xl,Black,Winter,5.0,0,Next Day Air,0,0,5,Paypal,Quarterly,0,4,organic_block,148.0,0,1,0,1,0.0,0,1,1,0,Young Adult (25-34),0.2391956782713085,0.4947831632653061,Low,Medium,1,1,1,S5,Low-Value Occasional
3398,19,Female,Blouse,Clothing,38.0,New Jersey,L,Yellow,Summer,2.7,0,Standard,0,0,13,Bank Transfer,Bi-Weekly,0,26,organic_block,988.0,0,1,0,1,0.0,0,0,0,1,Teen (18-24),0.2120184073629452,0.4019744897959184,Low,Low,0,0,1,S5,Low-Value Occasional
3399,54,Female,Jeans,Clothing,60.0,Montana,L,Pink,Winter,3.8,0,Standard,0,0,44,Cash,Fortnightly,0,26,organic_block,1560.0,0,0,1,0,0.0,0,0,0,0,Senior (50-70),0.4898143257302921,0.7223877551020408,High,High,0,0,1,S0,General Buyers
3400,40,Female,Pants,Clothing,55.0,Montana,Xl,Yellow,Winter,3.3,0,Standard,0,0,36,Debit Card,Annually,0,1,organic_block,55.0,0,0,0,0,0.0,0,0,0,0,Mid-Age (35-49),0.2782857142857142,0.6296964285714286,Low,High,0,1,1,S0,General Buyers
3401,39,Female,Sunglasses,Accessories,51.0,Nevada,M,Lavender,Fall,4.8,0,Free Shipping,0,0,18,Venmo,Fortnightly,0,26,organic_block,1326.0,0,0,0,0,0.0,0,1,1,0,Mid-Age (35-49),0.4106306522609043,0.610359693877551,Medium,High,0,1,0,S0,General Buyers
3402,44,Female,Backpack,Accessories,71.0,Nevada,L,Peach,Winter,3.4,0,Standard,0,0,39,Credit Card,Weekly,0,52,organic_block,3692.0,0,0,1,0,0.0,0,0,0,0,Mid-Age (35-49),0.5546530612244898,0.7210025510204081,High,High,0,1,0,S0,General Buyers
3403,22,Female,Hoodie,Clothing,61.0,Louisiana,M,Black,Spring,4.4,0,2-Day Shipping,0,0,11,Paypal,Every 3 Months,0,4,organic_block,244.0,0,0,0,1,0.0,0,1,0,0,Teen (18-24),0.2279303721488595,0.5943954081632653,Low,Medium,1,1,1,S0,General Buyers
3404,30,Female,Boots,Footwear,65.0,Illinois,M,Olive,Summer,3.9,0,Standard,0,0,1,Cash,Bi-Weekly,0,26,organic_block,1690.0,0,0,0,1,0.0,0,0,0,0,Young Adult (25-34),0.2345490196078431,0.530875,Low,Medium,0,0,2,S0,General Buyers
3405,69,Female,Gloves,Accessories,34.0,South Carolina,L,Olive,Fall,3.9,0,2-Day Shipping,0,0,34,Credit Card,Annually,0,1,organic_block,34.0,0,1,0,0,0.0,0,0,0,0,Senior (50-70),0.3140408163265306,0.5636173469387755,Medium,Medium,1,1,0,S0,General Buyers
3406,28,Female,Blouse,Clothing,87.0,Washington,M,White,Summer,4.2,0,Store Pickup,0,0,47,Bank Transfer,Bi-Weekly,0,26,organic_block,2262.0,1,0,1,0,0.0,0,1,0,0,Young Adult (25-34),0.5401816726690676,0.8798188775510204,High,High,0,0,1,S1,High-Value Loyal
3407,57,Female,Sweater,Clothing,79.0,Nebraska,M,Red,Spring,4.0,0,Store Pickup,0,0,24,Venmo,Quarterly,0,4,organic_block,316.0,0,0,0,0,0.0,0,1,0,0,Senior (50-70),0.2755222088835534,0.7154719387755102,Low,High,0,1,1,S0,General Buyers
3408,46,Female,Dress,Clothing,46.0,Alabama,S,Purple,Spring,2.6,0,Store Pickup,0,0,20,Cash,Quarterly,0,4,organic_block,184.0,0,0,0,0,0.0,0,0,0,1,Mid-Age (35-49),0.139032412965186,0.466688775510204,Low,Medium,0,0,1,S0,General Buyers
3409,48,Female,Socks,Clothing,72.0,Montana,L,Purple,Summer,4.4,0,Standard,0,0,11,Bank Transfer,Annually,0,1,organic_block,72.0,0,0,0,1,0.0,0,1,0,0,Mid-Age (35-49),0.2132244897959184,0.6425204081632653,Low,High,0,0,1,S0,General Buyers
3410,24,Female,Shirt,Clothing,93.0,Minnesota,M,Teal,Summer,3.2,0,Next Day Air,0,0,3,Credit Card,Every 3 Months,0,4,organic_block,372.0,1,0,0,1,0.0,0,0,0,0,Teen (18-24),0.0829507803121248,0.6215790816326531,Low,High,1,1,1,S1,High-Value Loyal
3411,50,Female,Sandals,Footwear,76.0,Ohio,L,Teal,Summer,4.3,0,Free Shipping,0,0,38,Bank Transfer,Bi-Weekly,0,26,organic_block,1976.0,0,0,1,0,0.0,0,1,0,0,Senior (50-70),0.493079631852741,0.7917755102040815,High,High,0,0,2,S0,General Buyers
3412,29,Female,Shoes,Footwear,56.0,New York,L,Gray,Winter,4.9,0,2-Day Shipping,0,0,45,Cash,Weekly,0,52,organic_block,2912.0,0,0,1,0,0.0,0,1,1,0,Young Adult (25-34),0.7113877551020409,0.7759897959183674,High,High,1,0,2,S0,General Buyers
3413,61,Female,Sandals,Footwear,83.0,Indiana,M,Magenta,Fall,3.8,0,Store Pickup,0,0,31,Venmo,Quarterly,0,4,organic_block,332.0,1,0,0,0,0.0,0,0,0,0,Senior (50-70),0.3023793517406963,0.7566862244897958,Low,High,0,1,2,S1,High-Value Loyal
3414,34,Female,Gloves,Accessories,90.0,Delaware,Xl,Black,Winter,2.5,0,Express,0,0,16,Paypal,Bi-Weekly,0,26,organic_block,2340.0,1,0,0,0,0.0,0,0,0,1,Young Adult (25-34),0.2143857543017207,0.6327806122448979,Low,High,1,1,0,S1,High-Value Loyal
3415,27,Female,Boots,Footwear,94.0,Connecticut,M,Maroon,Spring,4.9,0,Next Day Air,0,0,3,Bank Transfer,Quarterly,0,4,organic_block,376.0,1,0,0,1,0.0,0,1,1,0,Young Adult (25-34),0.2189507803121249,0.7279540816326531,Low,High,1,0,2,S1,High-Value Loyal
3416,38,Female,Blouse,Clothing,68.0,New York,M,Gold,Fall,3.0,0,2-Day Shipping,0,0,15,Bank Transfer,Annually,0,1,organic_block,68.0,0,0,0,0,0.0,0,0,0,0,Mid-Age (35-49),0.1257142857142857,0.5614285714285714,Low,Medium,1,0,1,S0,General Buyers
3417,25,Female,Sandals,Footwear,53.0,Alabama,M,Purple,Spring,3.2,0,Store Pickup,0,0,11,Bank Transfer,Every 3 Months,0,4,organic_block,212.0,0,0,0,1,0.0,0,0,0,0,Young Adult (25-34),0.1319303721488595,0.4873954081632653,Low,Medium,0,0,2,S0,General Buyers
3418,54,Female,Coat,Outerwear,35.0,Massachusetts,M,Blue,Summer,2.9,0,2-Day Shipping,0,0,22,Debit Card,Fortnightly,0,26,organic_block,910.0,0,1,0,0,0.0,0,0,0,1,Senior (50-70),0.2831204481792717,0.4467678571428571,Low,Medium,1,1,3,S0,General Buyers
3419,53,Female,Jacket,Outerwear,30.0,South Carolina,M,Beige,Summer,2.8,0,Free Shipping,0,0,35,Debit Card,Annually,0,1,organic_block,30.0,0,1,0,0,0.0,0,0,0,1,Senior (50-70),0.2321632653061224,0.485219387755102,Low,Medium,0,1,3,S0,General Buyers
3420,23,Female,Jewelry,Accessories,26.0,West Virginia,L,Indigo,Winter,3.1,0,Store Pickup,0,0,5,Venmo,Bi-Weekly,0,26,organic_block,676.0,0,1,0,1,0.0,0,0,0,0,Teen (18-24),0.1950388155262105,0.3326581632653062,Low,Low,0,1,0,S5,Low-Value Occasional
3421,19,Female,Hat,Accessories,60.0,Kentucky,M,Purple,Winter,3.4,0,Express,0,0,35,Paypal,Bi-Weekly,0,26,organic_block,1560.0,0,0,0,0,0.0,0,0,0,0,Teen (18-24),0.4027122849139656,0.6524693877551021,Medium,High,1,1,0,S0,General Buyers
3422,57,Female,Shoes,Footwear,30.0,New Jersey,M,Maroon,Summer,2.9,0,Free Shipping,0,0,27,Paypal,Weekly,0,52,organic_block,1560.0,0,1,0,0,0.0,0,0,0,1,Senior (50-70),0.4411836734693877,0.4504030612244898,Medium,Medium,0,1,2,S0,General Buyers
3423,19,Female,Coat,Outerwear,91.0,New York,L,Beige,Winter,3.2,0,Next Day Air,0,0,9,Venmo,Monthly,0,12,organic_block,1092.0,1,0,0,1,0.0,0,0,0,0,Teen (18-24),0.1589011604641857,0.6434413265306123,Low,High,1,1,3,S1,High-Value Loyal
3424,33,Female,Boots,Footwear,71.0,Massachusetts,M,Brown,Spring,3.8,0,Next Day Air,0,0,21,Paypal,Bi-Weekly,0,26,organic_block,1846.0,0,0,0,0,0.0,0,0,0,0,Young Adult (25-34),0.3489979991996798,0.6531658163265305,Medium,High,1,1,2,S0,General Buyers
3425,33,Female,Scarf,Accessories,64.0,Florida,L,Green,Summer,3.6,0,2-Day Shipping,0,0,23,Credit Card,Monthly,0,12,organic_block,768.0,0,0,0,0,0.0,0,0,0,0,Young Adult (25-34),0.2766154461784714,0.6207448979591836,Low,High,1,1,0,S0,General Buyers
3426,38,Female,Hat,Accessories,54.0,Michigan,M,Blue,Summer,4.3,0,Next Day Air,0,0,3,Debit Card,Bi-Weekly,0,26,organic_block,1404.0,0,0,0,1,0.0,0,1,0,0,Mid-Age (35-49),0.2787939175670267,0.5169540816326531,Low,Medium,1,1,0,S0,General Buyers
3427,47,Female,Socks,Clothing,35.0,Oregon,Xl,Magenta,Fall,4.8,0,2-Day Shipping,0,0,31,Credit Card,Annually,0,1,organic_block,35.0,0,1,0,0,0.0,0,1,1,0,Mid-Age (35-49),0.3676734693877551,0.6066862244897959,Medium,High,1,1,1,S0,General Buyers
3428,39,Female,T-Shirt,Clothing,38.0,Michigan,Xl,Turquoise,Winter,2.5,0,Store Pickup,0,0,44,Cash,Annually,0,1,organic_block,38.0,0,1,1,0,0.0,0,0,0,1,Mid-Age (35-49),0.2632653061224489,0.5481377551020408,Low,Medium,0,0,1,S0,General Buyers
3429,32,Female,Jewelry,Accessories,69.0,Washington,M,Gray,Fall,2.5,0,Next Day Air,0,0,20,Venmo,Monthly,0,12,organic_block,828.0,0,0,0,0,0.0,0,0,0,1,Young Adult (25-34),0.1702480992396958,0.5613137755102041,Low,Medium,1,1,0,S0,General Buyers
3430,27,Female,Skirt,Clothing,96.0,Alaska,S,Purple,Winter,4.6,0,Express,0,0,34,Debit Card,Weekly,0,52,organic_block,4992.0,1,0,0,0,0.0,0,1,1,0,Young Adult (25-34),0.6200408163265305,0.8768673469387754,High,High,1,1,1,S1,High-Value Loyal
3431,67,Female,Socks,Clothing,73.0,Montana,M,Lavender,Winter,4.2,0,Next Day Air,0,0,17,Bank Transfer,Every 3 Months,0,4,organic_block,292.0,0,0,0,0,0.0,0,1,0,0,Senior (50-70),0.2486650660264105,0.6655076530612244,Low,High,1,0,1,S0,General Buyers
3432,46,Female,Belt,Accessories,49.0,New Mexico,S,Green,Summer,4.2,0,Express,0,0,20,Venmo,Annually,0,1,organic_block,49.0,0,0,0,0,0.0,0,1,0,0,Mid-Age (35-49),0.2523265306122449,0.5758137755102041,Low,Medium,1,1,0,S0,General Buyers
3433,36,Female,Boots,Footwear,44.0,Connecticut,M,Gray,Summer,4.8,0,2-Day Shipping,0,0,46,Paypal,Every 3 Months,0,4,organic_block,176.0,0,0,1,0,0.0,0,1,1,0,Mid-Age (35-49),0.4742160864345738,0.7225918367346938,High,High,1,1,2,S0,General Buyers
3434,62,Female,Socks,Clothing,93.0,Alaska,M,Yellow,Spring,4.5,0,Free Shipping,0,0,28,Paypal,Annually,0,1,organic_block,93.0,1,0,0,0,0.0,0,1,1,0,Senior (50-70),0.3253061224489796,0.8271301020408163,Medium,High,0,1,1,S1,High-Value Loyal
3435,31,Female,Pants,Clothing,72.0,Ohio,S,Orange,Summer,3.3,0,2-Day Shipping,0,0,6,Venmo,Fortnightly,0,26,organic_block,1872.0,0,0,0,1,0.0,0,0,0,0,Young Adult (25-34),0.2171612645058023,0.5510102040816327,Low,Medium,1,1,1,S0,General Buyers
3436,68,Female,Socks,Clothing,91.0,Montana,M,Beige,Summer,2.7,0,2-Day Shipping,0,0,50,Debit Card,Bi-Weekly,0,26,organic_block,2366.0,1,0,1,0,0.0,0,0,0,1,Senior (50-70),0.4385490196078431,0.8226249999999999,Medium,High,1,1,1,S1,High-Value Loyal
3437,57,Female,Belt,Accessories,83.0,Nebraska,L,Peach,Winter,2.8,0,2-Day Shipping,0,0,41,Bank Transfer,Monthly,0,12,organic_block,996.0,1,0,1,0,0.0,0,0,0,1,Senior (50-70),0.3228195278111244,0.7477066326530613,Medium,High,1,0,0,S1,High-Value Loyal
3438,22,Female,Jacket,Outerwear,62.0,Oklahoma,S,Green,Winter,3.5,0,2-Day Shipping,0,0,50,Paypal,Annually,0,1,organic_block,62.0,0,0,1,0,0.0,0,0,0,0,Teen (18-24),0.38,0.7437499999999999,Medium,High,1,1,3,S0,General Buyers
3439,26,Female,Shirt,Clothing,71.0,Kentucky,M,Violet,Fall,3.0,0,Store Pickup,0,0,33,Credit Card,Monthly,0,12,organic_block,852.0,0,0,0,0,0.0,0,0,0,0,Young Adult (25-34),0.2898399359743897,0.666390306122449,Low,High,0,1,1,S0,General Buyers
3440,43,Female,Gloves,Accessories,93.0,Idaho,M,Gray,Summer,4.5,0,Express,0,0,25,Venmo,Quarterly,0,4,organic_block,372.0,1,0,0,0,0.0,0,1,1,0,Mid-Age (35-49),0.3216446578631453,0.8118239795918367,Medium,High,1,1,0,S1,High-Value Loyal
3441,45,Female,Handbag,Accessories,63.0,Maryland,L,Magenta,Fall,4.3,0,2-Day Shipping,0,0,2,Paypal,Weekly,0,52,organic_block,3276.0,0,0,0,1,0.0,0,1,0,0,Mid-Age (35-49),0.4001224489795918,0.5512270408163266,Medium,Medium,1,1,0,S0,General Buyers
3442,64,Female,Sweater,Clothing,96.0,Tennessee,Xl,Charcoal,Fall,4.1,0,Standard,0,0,15,Credit Card,Annually,0,1,organic_block,96.0,1,0,0,0,0.0,0,1,0,0,Senior (50-70),0.2137142857142857,0.7499285714285714,Low,High,0,1,1,S1,High-Value Loyal
3443,28,Female,Skirt,Clothing,78.0,Michigan,M,Violet,Spring,4.3,0,Next Day Air,0,0,12,Paypal,Weekly,0,52,organic_block,4056.0,0,0,0,1,0.0,0,1,0,0,Young Adult (25-34),0.4613469387755102,0.6678724489795919,High,High,1,1,1,S0,General Buyers
3444,47,Female,Dress,Clothing,24.0,Tennessee,L,Silver,Summer,5.0,0,Free Shipping,0,0,28,Cash,Bi-Weekly,0,26,organic_block,624.0,0,1,0,0,0.0,0,1,1,0,Mid-Age (35-49),0.4878551420568227,0.5552551020408163,High,Medium,0,0,1,S0,General Buyers
3445,53,Female,Pants,Clothing,63.0,Rhode Island,S,Green,Summer,3.8,0,2-Day Shipping,0,0,12,Bank Transfer,Bi-Weekly,0,26,organic_block,1638.0,0,0,0,1,0.0,0,0,0,0,Senior (50-70),0.2938959583833533,0.5722474489795918,Low,Medium,1,0,1,S0,General Buyers
3446,42,Female,Hat,Accessories,58.0,Florida,M,Magenta,Fall,4.9,0,Standard,0,0,3,Debit Card,Annually,0,1,organic_block,58.0,0,0,0,1,0.0,0,1,1,0,Mid-Age (35-49),0.2042448979591837,0.5704540816326531,Low,Medium,0,1,0,S0,General Buyers
3447,51,Female,Boots,Footwear,55.0,Louisiana,S,Purple,Spring,5.0,0,2-Day Shipping,0,0,20,Cash,Weekly,0,52,organic_block,2860.0,0,0,0,0,0.0,0,1,1,0,Senior (50-70),0.5663265306122449,0.6500637755102041,High,High,1,0,2,S0,General Buyers
3448,62,Female,Sandals,Footwear,58.0,Arkansas,M,Blue,Fall,4.3,0,Express,0,0,3,Bank Transfer,Bi-Weekly,0,26,organic_block,1508.0,0,0,0,1,0.0,0,1,0,0,Senior (50-70),0.2787939175670267,0.5344540816326531,Low,Medium,1,0,2,S0,General Buyers
3449,18,Female,Coat,Outerwear,28.0,Kentucky,S,Yellow,Winter,4.1,0,Express,0,0,32,Bank Transfer,Fortnightly,0,26,organic_block,728.0,0,1,0,0,0.0,0,1,0,0,Teen (18-24),0.44034493797519,0.5391632653061225,Medium,Medium,1,0,3,S0,General Buyers
3450,48,Female,Blouse,Clothing,37.0,Kansas,M,Brown,Spring,4.5,0,Standard,0,0,35,Cash,Monthly,0,12,organic_block,444.0,0,1,0,0,0.0,0,1,1,0,Mid-Age (35-49),0.4220848339335734,0.6178443877551021,Medium,High,0,0,1,S0,General Buyers
3451,20,Female,Shorts,Clothing,78.0,Vermont,M,Pink,Spring,3.6,0,Store Pickup,0,0,31,Paypal,Monthly,0,12,organic_block,936.0,0,0,0,0,0.0,0,0,0,0,Teen (18-24),0.3255950380152061,0.722811224489796,Medium,High,0,1,1,S0,General Buyers
3452,32,Female,Blouse,Clothing,73.0,Nevada,Xl,Silver,Fall,3.0,0,Free Shipping,0,0,13,Credit Card,Annually,0,1,organic_block,73.0,0,0,0,1,0.0,0,0,0,0,Young Adult (25-34),0.113469387755102,0.5730994897959183,Low,Medium,0,1,1,S0,General Buyers
3453,26,Female,Jacket,Outerwear,20.0,Oklahoma,M,Indigo,Spring,3.7,0,Next Day Air,0,0,3,Venmo,Fortnightly,0,26,organic_block,520.0,0,1,0,1,0.0,0,0,0,0,Young Adult (25-34),0.2307939175670268,0.3322040816326531,Low,Low,1,1,3,S5,Low-Value Occasional
3454,31,Female,Shirt,Clothing,60.0,Alabama,L,Pink,Winter,4.3,0,Standard,0,0,48,Venmo,Bi-Weekly,0,26,organic_block,1560.0,0,0,1,0,0.0,0,1,0,0,Young Adult (25-34),0.5543041216486594,0.7727959183673468,High,High,0,1,1,S0,General Buyers
3455,55,Female,Handbag,Accessories,71.0,Louisiana,S,Lavender,Fall,4.6,0,Store Pickup,0,0,15,Paypal,Bi-Weekly,0,26,organic_block,1846.0,0,0,0,0,0.0,0,1,1,0,Senior (50-70),0.3762633053221288,0.6705535714285714,Medium,High,0,1,0,S0,General Buyers
3456,49,Female,T-Shirt,Clothing,89.0,Ohio,M,Orange,Fall,4.7,0,Standard,0,0,13,Venmo,Annually,0,1,organic_block,89.0,1,0,0,1,0.0,0,1,1,0,Mid-Age (35-49),0.249469387755102,0.7450994897959183,Low,High,0,1,1,S1,High-Value Loyal
3457,42,Female,Hoodie,Clothing,53.0,Texas,M,Red,Fall,4.6,0,Express,0,0,21,Venmo,Monthly,0,12,organic_block,636.0,0,0,0,0,0.0,0,1,1,0,Mid-Age (35-49),0.3443705482192877,0.6224158163265305,Medium,High,1,1,1,S0,General Buyers
3458,64,Female,Jewelry,Accessories,87.0,Maryland,M,Gray,Summer,3.0,0,Express,0,0,29,Cash,Fortnightly,0,26,organic_block,2262.0,1,0,0,0,0.0,0,0,0,0,Senior (50-70),0.3339775910364145,0.7159821428571429,Medium,High,1,0,0,S1,High-Value Loyal
3459,68,Female,Jewelry,Accessories,37.0,West Virginia,L,Violet,Spring,3.4,0,Standard,0,0,24,Venmo,Quarterly,0,4,organic_block,148.0,0,1,0,0,0.0,0,0,0,0,Senior (50-70),0.2275222088835534,0.4957219387755102,Low,Medium,0,1,0,S0,General Buyers
3460,68,Female,Hoodie,Clothing,37.0,Ohio,L,Green,Fall,3.8,0,Express,0,0,21,Paypal,Annually,0,1,organic_block,37.0,0,1,0,0,0.0,0,0,0,0,Senior (50-70),0.2264489795918367,0.5044158163265305,Low,Medium,1,1,1,S0,General Buyers
3461,41,Female,Scarf,Accessories,78.0,Indiana,M,Gold,Spring,3.1,0,Express,0,0,5,Bank Transfer,Bi-Weekly,0,26,organic_block,2028.0,0,0,0,1,0.0,0,0,0,0,Mid-Age (35-49),0.1950388155262105,0.5601581632653061,Low,Medium,1,0,0,S0,General Buyers
3462,51,Female,Shoes,Footwear,23.0,Wyoming,S,Maroon,Spring,4.4,0,Standard,0,0,47,Cash,Quarterly,0,4,organic_block,92.0,0,1,1,0,0.0,0,1,0,0,Senior (50-70),0.4483385354141657,0.6118188775510204,Medium,High,0,0,2,S0,General Buyers
3463,44,Female,Jeans,Clothing,73.0,Michigan,L,Olive,Spring,4.5,0,Standard,0,0,34,Credit Card,Every 3 Months,0,4,organic_block,292.0,0,0,0,0,0.0,0,1,1,0,Mid-Age (35-49),0.3767466986794718,0.7702423469387755,Medium,High,0,1,1,S0,General Buyers
3464,27,Female,Jewelry,Accessories,27.0,Maine,M,Yellow,Fall,2.8,0,2-Day Shipping,0,0,45,Paypal,Fortnightly,0,26,organic_block,702.0,0,1,1,0,0.0,0,0,0,1,Young Adult (25-34),0.4159367747098839,0.5231147959183673,Medium,Medium,1,1,0,S0,General Buyers
3465,36,Female,Coat,Outerwear,59.0,Utah,S,Peach,Winter,2.7,0,Next Day Air,0,0,12,Paypal,Annually,0,1,organic_block,59.0,0,0,0,1,0.0,0,0,0,1,Mid-Age (35-49),0.0833469387755102,0.4887474489795919,Low,Medium,1,1,3,S0,General Buyers
3466,19,Female,Backpack,Accessories,53.0,Iowa,M,Gold,Spring,3.4,0,Standard,0,0,31,Debit Card,Weekly,0,52,organic_block,2756.0,0,0,0,0,0.0,0,0,0,0,Teen (18-24),0.505673469387755,0.601436224489796,High,High,0,1,0,S0,General Buyers
3467,49,Female,Socks,Clothing,42.0,Maryland,S,Purple,Summer,4.6,0,Standard,0,0,43,Bank Transfer,Annually,0,1,organic_block,42.0,0,0,1,0,0.0,0,1,1,0,Mid-Age (35-49),0.4251428571428571,0.6865357142857142,Medium,High,0,0,1,S0,General Buyers
3468,18,Female,Scarf,Accessories,45.0,Texas,M,Charcoal,Fall,5.0,0,Next Day Air,0,0,5,Credit Card,Annually,0,1,organic_block,45.0,0,0,0,1,0.0,0,1,1,0,Teen (18-24),0.2244897959183673,0.5297831632653062,Low,Medium,1,1,0,S0,General Buyers
3469,36,Female,Sunglasses,Accessories,89.0,Ohio,S,Indigo,Winter,3.5,0,Standard,0,0,36,Debit Card,Quarterly,0,4,organic_block,356.0,1,0,0,0,0.0,0,0,0,0,Mid-Age (35-49),0.3089915966386555,0.7904464285714285,Medium,High,0,1,0,S1,High-Value Loyal
3470,36,Female,Socks,Clothing,85.0,North Dakota,L,Magenta,Fall,3.3,0,Store Pickup,0,0,12,Cash,Annually,0,1,organic_block,85.0,1,0,0,1,0.0,0,0,0,0,Mid-Age (35-49),0.1313469387755101,0.6384974489795918,Low,High,0,0,1,S1,High-Value Loyal
3471,19,Female,Coat,Outerwear,69.0,West Virginia,S,Olive,Summer,4.5,0,Free Shipping,0,0,31,Cash,Bi-Weekly,0,26,organic_block,1794.0,0,0,0,0,0.0,0,1,1,0,Teen (18-24),0.4662224889955982,0.737436224489796,High,High,0,0,3,S0,General Buyers
3472,43,Female,Sandals,Footwear,66.0,North Carolina,S,Blue,Spring,3.1,0,Store Pickup,0,0,31,Cash,Bi-Weekly,0,26,organic_block,1716.0,0,0,0,0,0.0,0,0,0,0,Mid-Age (35-49),0.3542224889955983,0.6403112244897959,Medium,High,0,0,2,S0,General Buyers
3473,31,Female,Blouse,Clothing,42.0,Georgia,S,White,Summer,4.0,0,Free Shipping,0,0,15,Debit Card,Weekly,0,52,organic_block,2184.0,0,0,0,0,0.0,0,1,0,0,Young Adult (25-34),0.4557142857142857,0.5076785714285714,Medium,Medium,0,1,1,S0,General Buyers
3474,63,Female,Dress,Clothing,40.0,Kansas,M,Cyan,Spring,2.5,0,Express,0,0,11,Cash,Weekly,0,52,organic_block,2080.0,0,0,0,1,0.0,0,0,0,1,Senior (50-70),0.3112244897959184,0.3885204081632653,Medium,Low,1,0,1,S0,General Buyers
3475,41,Female,Pants,Clothing,82.0,Maine,M,Cyan,Winter,4.4,0,Store Pickup,0,0,18,Venmo,Monthly,0,12,organic_block,984.0,1,0,0,0,0.0,0,1,0,0,Mid-Age (35-49),0.3100032012805122,0.721984693877551,Medium,High,0,1,1,S1,High-Value Loyal
3476,48,Female,Sneakers,Footwear,88.0,South Carolina,M,Orange,Spring,4.4,0,Express,0,0,9,Cash,Quarterly,0,4,organic_block,352.0,1,0,0,1,0.0,0,1,0,0,Mid-Age (35-49),0.2156854741896758,0.7023163265306122,Low,High,1,0,2,S1,High-Value Loyal
3477,68,Female,Boots,Footwear,99.0,South Carolina,Xl,Orange,Summer,3.2,0,Free Shipping,0,0,11,Cash,Weekly,0,52,organic_block,5148.0,1,0,0,1,0.0,0,0,0,0,Senior (50-70),0.3672244897959184,0.6886454081632654,Medium,High,0,0,2,S1,High-Value Loyal
3478,53,Female,Handbag,Accessories,85.0,Kentucky,S,Teal,Spring,3.8,0,Store Pickup,0,0,38,Debit Card,Bi-Weekly,0,26,organic_block,2210.0,1,0,1,0,0.0,0,0,0,0,Senior (50-70),0.453079631852741,0.8011505102040816,Medium,High,0,1,0,S1,High-Value Loyal
3479,36,Female,Handbag,Accessories,57.0,Arizona,M,Magenta,Fall,4.6,0,Store Pickup,0,0,42,Paypal,Quarterly,0,4,organic_block,228.0,0,0,1,0,0.0,0,1,1,0,Mid-Age (35-49),0.4337262905162065,0.7470586734693877,Medium,High,0,1,0,S0,General Buyers
3480,46,Female,Sweater,Clothing,56.0,New York,S,Orange,Summer,4.9,0,Standard,0,0,41,Cash,Monthly,0,12,organic_block,672.0,0,0,1,0,0.0,0,1,1,0,Mid-Age (35-49),0.4908195278111245,0.7555816326530612,High,High,0,0,1,S0,General Buyers
3481,21,Female,Sandals,Footwear,79.0,New Hampshire,L,Peach,Winter,3.5,0,Free Shipping,0,0,45,Paypal,Monthly,0,12,organic_block,948.0,0,0,1,0,0.0,0,0,0,0,Teen (18-24),0.4033093237294918,0.7926147959183674,Medium,High,0,1,2,S0,General Buyers
3482,52,Female,Socks,Clothing,67.0,Ohio,S,Maroon,Summer,3.4,0,Store Pickup,0,0,41,Debit Card,Bi-Weekly,0,26,organic_block,1742.0,0,0,1,0,0.0,0,0,0,0,Senior (50-70),0.4394469787915166,0.7137066326530612,Medium,High,0,1,1,S0,General Buyers
3483,66,Female,Gloves,Accessories,61.0,Hawaii,M,Gold,Winter,3.9,0,Next Day Air,0,0,35,Debit Card,Weekly,0,52,organic_block,3172.0,0,0,0,0,0.0,0,0,0,0,Senior (50-70),0.5701632653061224,0.6868443877551019,High,High,1,1,0,S0,General Buyers
3484,19,Female,Hoodie,Clothing,37.0,Texas,L,White,Winter,3.9,0,Express,0,0,21,Credit Card,Every 3 Months,0,4,organic_block,148.0,0,1,0,0,0.0,0,0,0,0,Teen (18-24),0.2491548619447779,0.5104158163265305,Low,Medium,1,1,1,S0,General Buyers
3485,44,Female,Dress,Clothing,75.0,Illinois,L,Gray,Fall,4.2,0,Free Shipping,0,0,13,Credit Card,Bi-Weekly,0,26,organic_block,1950.0,0,0,0,1,0.0,0,1,0,0,Mid-Age (35-49),0.3320184073629452,0.6538494897959183,Medium,High,0,1,1,S0,General Buyers
3486,50,Female,Shirt,Clothing,21.0,Massachusetts,Xl,Brown,Winter,3.4,0,Standard,0,0,23,Debit Card,Fortnightly,0,26,organic_block,546.0,0,1,0,0,0.0,0,0,0,0,Senior (50-70),0.3292428971588635,0.4206198979591837,Medium,Low,0,1,1,S0,General Buyers
3487,51,Female,Shorts,Clothing,89.0,North Carolina,L,Charcoal,Winter,4.9,0,Standard,0,0,6,Paypal,Weekly,0,52,organic_block,4628.0,1,0,0,1,0.0,0,1,1,0,Senior (50-70),0.4726122448979592,0.7213852040816326,High,High,0,1,1,S1,High-Value Loyal
3488,25,Female,Sandals,Footwear,24.0,West Virginia,L,Beige,Fall,2.9,0,Store Pickup,0,0,39,Bank Transfer,Annually,0,1,organic_block,24.0,0,1,1,0,0.0,0,0,0,1,Young Adult (25-34),0.2646530612244898,0.4853775510204081,Low,Medium,0,0,2,S0,General Buyers
3489,62,Female,Sweater,Clothing,27.0,Delaware,Xl,Teal,Spring,4.9,0,Store Pickup,0,0,7,Cash,Quarterly,0,4,organic_block,108.0,0,1,0,1,0.0,0,1,1,0,Senior (50-70),0.2434405762304922,0.4552372448979592,Low,Medium,0,0,1,S5,Low-Value Occasional
3490,48,Female,Dress,Clothing,26.0,Idaho,L,Black,Summer,4.6,0,2-Day Shipping,0,0,32,Paypal,Every 3 Months,0,4,organic_block,104.0,0,1,0,0,0.0,0,1,1,0,Mid-Age (35-49),0.3725018007202881,0.5604132653061225,Medium,Medium,1,1,1,S0,General Buyers
3491,62,Female,Boots,Footwear,82.0,Oregon,M,Violet,Spring,3.6,0,Store Pickup,0,0,43,Credit Card,Quarterly,0,4,organic_block,328.0,1,0,1,0,0.0,0,0,0,0,Senior (50-70),0.3598487394957983,0.8015357142857142,Medium,High,0,1,2,S1,High-Value Loyal
3492,22,Female,Pants,Clothing,28.0,Maine,M,Orange,Winter,4.3,0,Express,0,0,15,Cash,Monthly,0,12,organic_block,336.0,0,1,0,0,0.0,0,1,0,0,Teen (18-24),0.2836358543417366,0.4644285714285714,Low,Medium,1,0,1,S0,General Buyers
3493,48,Female,Gloves,Accessories,65.0,South Dakota,M,Turquoise,Fall,4.6,0,Standard,0,0,48,Bank Transfer,Annually,0,1,organic_block,65.0,0,0,1,0,0.0,0,1,1,0,Mid-Age (35-49),0.4557551020408162,0.812670918367347,Medium,High,0,0,0,S0,General Buyers
3494,48,Female,Pants,Clothing,82.0,New Mexico,Xl,Black,Winter,4.7,0,Store Pickup,0,0,35,Credit Card,Weekly,0,52,organic_block,4264.0,1,0,0,0,0.0,0,1,1,0,Mid-Age (35-49),0.6341632653061224,0.826719387755102,High,High,0,1,1,S1,High-Value Loyal
3495,62,Female,Scarf,Accessories,38.0,Washington,M,Silver,Winter,3.5,0,Free Shipping,0,0,41,Paypal,Quarterly,0,4,organic_block,152.0,0,1,1,0,0.0,0,0,0,0,Senior (50-70),0.3396038415366146,0.5928316326530612,Medium,Medium,0,1,0,S0,General Buyers
3496,24,Female,Shorts,Clothing,33.0,Georgia,Xl,Gray,Spring,2.8,0,Free Shipping,0,0,14,Cash,Weekly,0,52,organic_block,1716.0,0,1,0,0,0.0,0,0,0,1,Teen (18-24),0.3535918367346938,0.3912015306122449,Medium,Low,0,0,1,S0,General Buyers
3497,39,Female,Shoes,Footwear,38.0,Idaho,M,Pink,Summer,4.0,0,Free Shipping,0,0,22,Paypal,Monthly,0,12,organic_block,456.0,0,1,0,0,0.0,0,1,0,0,Mid-Age (35-49),0.3024929971988795,0.5258928571428572,Low,Medium,0,1,2,S0,General Buyers
3498,35,Female,Handbag,Accessories,48.0,Colorado,M,Red,Spring,4.3,0,Store Pickup,0,0,16,Venmo,Every 3 Months,0,4,organic_block,192.0,0,0,0,0,0.0,0,1,0,0,Mid-Age (35-49),0.2505426170468187,0.5570306122448979,Low,Medium,0,1,0,S0,General Buyers
3499,47,Female,Sandals,Footwear,35.0,Kentucky,M,Lavender,Summer,3.8,0,Standard,0,0,2,Bank Transfer,Bi-Weekly,0,26,organic_block,910.0,0,1,0,1,0.0,0,0,0,0,Mid-Age (35-49),0.2326714685874349,0.3987270408163265,Low,Low,0,0,2,S5,Low-Value Occasional
3500,22,Female,Socks,Clothing,29.0,New Jersey,L,Indigo,Fall,3.0,0,Next Day Air,0,0,13,Paypal,Every 3 Months,0,4,organic_block,116.0,0,1,0,1,0.0,0,0,0,0,Teen (18-24),0.1281752701080432,0.3805994897959184,Low,Low,1,1,1,S5,Low-Value Occasional
3501,38,Female,Shirt,Clothing,48.0,Oregon,S,Silver,Fall,4.6,0,Next Day Air,0,0,38,Debit Card,Fortnightly,0,26,organic_block,1248.0,0,0,1,0,0.0,0,1,1,0,Mid-Age (35-49),0.5170796318527411,0.6872755102040816,High,High,1,1,1,S0,General Buyers
3502,53,Female,Shoes,Footwear,87.0,Nebraska,M,Silver,Fall,4.8,0,Standard,0,0,43,Bank Transfer,Weekly,0,52,organic_block,4524.0,1,0,1,0,0.0,0,1,1,0,Senior (50-70),0.6911428571428571,0.8954107142857143,High,High,0,0,2,S1,High-Value Loyal
3503,31,Female,Backpack,Accessories,62.0,Massachusetts,M,Green,Fall,4.7,0,Next Day Air,0,0,26,Bank Transfer,Quarterly,0,4,organic_block,248.0,0,0,0,0,0.0,0,1,1,0,Young Adult (25-34),0.3437671068427371,0.6933010204081632,Medium,High,1,0,0,S0,General Buyers
3504,31,Female,Shirt,Clothing,96.0,Nebraska,M,Pink,Spring,3.9,0,Free Shipping,0,0,39,Cash,Weekly,0,52,organic_block,4992.0,1,0,1,0,0.0,0,0,0,0,Young Adult (25-34),0.5946530612244898,0.860377551020408,High,High,0,0,1,S1,High-Value Loyal
3505,65,Female,Handbag,Accessories,41.0,Hawaii,S,Violet,Fall,4.0,0,Next Day Air,0,0,50,Venmo,Monthly,0,12,organic_block,492.0,0,0,1,0,0.0,0,1,0,0,Senior (50-70),0.4739215686274509,0.6818749999999999,High,High,1,1,0,S0,General Buyers
3506,48,Female,Jewelry,Accessories,42.0,Indiana,L,Red,Winter,3.7,0,2-Day Shipping,0,0,40,Bank Transfer,Every 3 Months,0,4,organic_block,168.0,0,0,1,0,0.0,0,0,0,0,Mid-Age (35-49),0.3494813925570228,0.6172295918367348,Medium,High,1,0,0,S0,General Buyers
3507,18,Female,Shirt,Clothing,57.0,Illinois,L,Olive,Winter,3.7,0,2-Day Shipping,0,0,12,Cash,Fortnightly,0,26,organic_block,1482.0,0,0,0,1,0.0,0,0,0,0,Teen (18-24),0.2858959583833533,0.5399974489795918,Low,Medium,1,0,1,S0,General Buyers
3508,46,Female,Handbag,Accessories,65.0,Colorado,S,Purple,Spring,4.2,0,Store Pickup,0,0,33,Credit Card,Every 3 Months,0,4,organic_block,260.0,0,0,0,0,0.0,0,1,0,0,Mid-Age (35-49),0.3466242496998799,0.7121403061224489,Medium,High,0,1,0,S0,General Buyers
3509,52,Female,Pants,Clothing,54.0,Pennsylvania,M,Gray,Fall,4.7,0,Standard,0,0,49,Bank Transfer,Weekly,0,52,organic_block,2808.0,0,0,1,0,0.0,0,1,1,0,Senior (50-70),0.7198775510204082,0.7756479591836735,High,High,0,0,1,S0,General Buyers
3510,50,Female,T-Shirt,Clothing,22.0,Ohio,L,Brown,Winter,4.3,0,Next Day Air,0,0,43,Venmo,Bi-Weekly,0,26,organic_block,572.0,0,1,1,0,0.0,0,1,0,0,Senior (50-70),0.5236918767507003,0.5810357142857143,High,Medium,1,1,1,S0,General Buyers
3511,49,Female,Sneakers,Footwear,96.0,Pennsylvania,S,Orange,Fall,4.9,0,2-Day Shipping,0,0,14,Venmo,Monthly,0,12,organic_block,1152.0,1,0,0,0,0.0,0,1,1,0,Mid-Age (35-49),0.3255134053621449,0.792826530612245,Medium,High,1,1,2,S1,High-Value Loyal
3512,69,Female,Jewelry,Accessories,81.0,Mississippi,M,Blue,Summer,3.9,0,2-Day Shipping,0,0,21,Credit Card,Every 3 Months,0,4,organic_block,324.0,1,0,0,0,0.0,0,0,0,0,Senior (50-70),0.2491548619447779,0.7029158163265306,Low,High,1,1,0,S1,High-Value Loyal
3513,36,Female,Shirt,Clothing,46.0,Kentucky,M,White,Fall,3.4,0,Free Shipping,0,0,31,Debit Card,Quarterly,0,4,organic_block,184.0,0,0,0,0,0.0,0,0,0,0,Mid-Age (35-49),0.2703793517406962,0.5708112244897959,Low,Medium,0,1,1,S0,General Buyers
3514,30,Female,Blouse,Clothing,74.0,Alaska,Xl,Charcoal,Spring,4.2,0,Store Pickup,0,0,29,Credit Card,Fortnightly,0,26,organic_block,1924.0,0,0,0,0,0.0,0,1,0,0,Young Adult (25-34),0.4299775910364145,0.7311071428571428,Medium,High,0,1,1,S0,General Buyers
3515,25,Female,Sneakers,Footwear,50.0,Georgia,Xl,Gray,Winter,4.7,0,Express,0,0,32,Cash,Monthly,0,12,organic_block,600.0,0,0,0,0,0.0,0,1,1,0,Young Adult (25-34),0.4197174869947979,0.6714132653061224,Medium,High,1,0,2,S0,General Buyers
3516,19,Female,Dress,Clothing,80.0,South Dakota,Xl,Charcoal,Winter,4.0,0,Next Day Air,0,0,16,Debit Card,Bi-Weekly,0,26,organic_block,2080.0,0,0,0,0,0.0,0,1,0,0,Teen (18-24),0.3343857543017207,0.6790306122448979,Medium,High,1,1,1,S0,General Buyers
3517,34,Female,Boots,Footwear,56.0,South Carolina,S,White,Summer,4.0,0,Free Shipping,0,0,38,Paypal,Bi-Weekly,0,26,organic_block,1456.0,0,0,1,0,0.0,0,1,0,0,Young Adult (25-34),0.469079631852741,0.6862755102040816,High,High,0,1,2,S0,General Buyers
3518,29,Female,Skirt,Clothing,69.0,Tennessee,M,Orange,Winter,3.1,0,Next Day Air,0,0,34,Debit Card,Every 3 Months,0,4,organic_block,276.0,0,0,0,0,0.0,0,0,0,0,Young Adult (25-34),0.2647466986794717,0.6687423469387755,Low,High,1,1,1,S0,General Buyers
3519,50,Female,Shirt,Clothing,97.0,Colorado,M,Black,Spring,4.2,0,Standard,0,0,30,Paypal,Quarterly,0,4,organic_block,388.0,1,0,0,0,0.0,0,1,0,0,Senior (50-70),0.3282569027611044,0.8368341836734693,Medium,High,0,1,1,S1,High-Value Loyal
3520,31,Female,Shorts,Clothing,66.0,Wisconsin,M,White,Winter,3.7,0,Next Day Air,0,0,14,Bank Transfer,Fortnightly,0,26,organic_block,1716.0,0,0,0,0,0.0,0,0,0,0,Young Adult (25-34),0.298140856342537,0.5895765306122449,Low,Medium,1,0,1,S0,General Buyers
3521,41,Female,Hat,Accessories,70.0,Georgia,S,Brown,Spring,3.1,0,Express,0,0,33,Bank Transfer,Monthly,0,12,organic_block,840.0,0,0,0,0,0.0,0,0,0,0,Mid-Age (35-49),0.2978399359743897,0.668015306122449,Low,High,1,0,0,S0,General Buyers
3522,52,Female,Shoes,Footwear,50.0,Maryland,M,Pink,Winter,3.7,0,Store Pickup,0,0,35,Venmo,Weekly,0,52,organic_block,2600.0,0,0,0,0,0.0,0,0,0,0,Senior (50-70),0.5541632653061225,0.626719387755102,High,High,0,1,2,S0,General Buyers
3523,27,Female,Pants,Clothing,85.0,New Jersey,M,Yellow,Spring,3.2,0,Store Pickup,0,0,13,Cash,Quarterly,0,4,organic_block,340.0,1,0,0,1,0.0,0,0,0,0,Young Adult (25-34),0.1441752701080432,0.6375994897959184,Low,High,0,0,1,S1,High-Value Loyal
3524,49,Female,Backpack,Accessories,59.0,Nevada,M,Cyan,Summer,2.8,0,Standard,0,0,30,Cash,Fortnightly,0,26,organic_block,1534.0,0,0,0,0,0.0,0,0,0,1,Mid-Age (35-49),0.3241000400160063,0.5865841836734694,Medium,Medium,0,0,0,S0,General Buyers
3525,69,Female,Pants,Clothing,74.0,Michigan,L,Silver,Summer,2.9,0,Free Shipping,0,0,30,Credit Card,Monthly,0,12,organic_block,888.0,0,0,0,0,0.0,0,0,0,1,Senior (50-70),0.2634725890356142,0.6582091836734694,Low,High,0,1,1,S0,General Buyers
3526,45,Female,Sunglasses,Accessories,38.0,Wyoming,L,Olive,Winter,3.5,0,Standard,0,0,47,Bank Transfer,Annually,0,1,organic_block,38.0,0,1,1,0,0.0,0,0,0,0,Mid-Age (35-49),0.3616326530612245,0.6234438775510205,Medium,High,0,0,0,S0,General Buyers
3527,20,Female,Sweater,Clothing,99.0,Massachusetts,M,Olive,Spring,3.8,0,Express,0,0,1,Paypal,Every 3 Months,0,4,organic_block,396.0,1,0,0,1,0.0,0,0,0,0,Teen (18-24),0.1187058823529411,0.673625,Low,High,1,1,1,S1,High-Value Loyal
3528,25,Female,Blouse,Clothing,97.0,Washington,S,Charcoal,Spring,4.7,0,Free Shipping,0,0,1,Cash,Weekly,0,52,organic_block,5044.0,1,0,0,1,0.0,0,1,1,0,Young Adult (25-34),0.426,0.718875,Medium,High,0,0,1,S1,High-Value Loyal
3529,38,Female,Scarf,Accessories,67.0,Maine,L,Gray,Summer,4.5,0,Free Shipping,0,0,33,Paypal,Annually,0,1,organic_block,67.0,0,0,0,0,0.0,0,1,1,0,Mid-Age (35-49),0.3559183673469388,0.738890306122449,Medium,High,0,1,0,S0,General Buyers
3530,55,Female,T-Shirt,Clothing,20.0,Montana,S,Maroon,Winter,3.9,0,Next Day Air,0,0,43,Bank Transfer,Weekly,0,52,organic_block,1040.0,0,1,1,0,0.0,0,0,0,0,Senior (50-70),0.6191428571428571,0.5482857142857143,High,Medium,1,0,1,S0,General Buyers
3531,62,Female,Sunglasses,Accessories,45.0,Oklahoma,L,Black,Spring,3.4,0,Express,0,0,37,Paypal,Weekly,0,52,organic_block,2340.0,0,0,0,0,0.0,0,0,0,0,Senior (50-70),0.542408163265306,0.5970484693877551,High,Medium,1,1,0,S0,General Buyers
3532,54,Female,Shoes,Footwear,52.0,North Dakota,Xl,Violet,Winter,4.6,0,2-Day Shipping,0,0,23,Cash,Quarterly,0,4,organic_block,208.0,0,0,0,0,0.0,0,1,1,0,Senior (50-70),0.3173997599039616,0.6282448979591836,Medium,High,1,0,2,S0,General Buyers
3533,61,Female,Pants,Clothing,68.0,Connecticut,L,Indigo,Fall,4.6,0,Standard,0,0,12,Credit Card,Annually,0,1,organic_block,68.0,0,0,0,1,0.0,0,1,1,0,Senior (50-70),0.2353469387755102,0.6421224489795918,Low,High,0,1,1,S0,General Buyers
3534,50,Female,Sneakers,Footwear,98.0,Texas,L,Yellow,Fall,4.7,0,Standard,0,0,30,Venmo,Fortnightly,0,26,organic_block,2548.0,1,0,0,0,0.0,0,1,1,0,Senior (50-70),0.4761000400160064,0.8712091836734693,High,High,0,1,2,S1,High-Value Loyal
3535,65,Female,Shoes,Footwear,83.0,Delaware,M,Gray,Fall,3.2,0,Express,0,0,7,Cash,Weekly,0,52,organic_block,4316.0,1,0,0,1,0.0,0,0,0,0,Senior (50-70),0.342734693877551,0.5982372448979592,Medium,Medium,1,0,2,S0,General Buyers
3536,68,Female,Shorts,Clothing,51.0,Mississippi,M,Red,Summer,5.0,0,Express,0,0,20,Debit Card,Monthly,0,12,organic_block,612.0,0,0,0,0,0.0,0,1,1,0,Senior (50-70),0.3702480992396958,0.632563775510204,Medium,High,1,1,1,S0,General Buyers
3537,55,Female,Handbag,Accessories,21.0,Minnesota,L,Peach,Spring,4.5,0,Express,0,0,10,Venmo,Monthly,0,12,organic_block,252.0,0,1,0,1,0.0,0,1,1,0,Senior (50-70),0.2690236094437775,0.4202933673469388,Low,Low,1,1,0,S5,Low-Value Occasional
3538,57,Female,Handbag,Accessories,92.0,Georgia,M,Gray,Spring,3.5,0,Standard,0,0,40,Credit Card,Every 3 Months,0,4,organic_block,368.0,1,0,1,0,0.0,0,0,0,0,Senior (50-70),0.3334813925570228,0.8239795918367347,Medium,High,0,1,0,S1,High-Value Loyal
3539,56,Female,Shoes,Footwear,63.0,Iowa,S,White,Spring,4.5,0,Store Pickup,0,0,21,Venmo,Monthly,0,12,organic_block,756.0,0,0,0,0,0.0,0,1,1,0,Senior (50-70),0.3363705482192877,0.6601658163265306,Medium,High,0,1,2,S0,General Buyers
3540,29,Female,Jewelry,Accessories,56.0,New York,S,Green,Spring,3.2,0,Express,0,0,17,Credit Card,Bi-Weekly,0,26,organic_block,1456.0,0,0,0,0,0.0,0,0,0,0,Young Adult (25-34),0.2765082032813125,0.5311326530612245,Low,Medium,1,1,0,S0,General Buyers
3541,24,Female,Shorts,Clothing,95.0,Nevada,M,Magenta,Spring,4.6,0,Free Shipping,0,0,5,Bank Transfer,Weekly,0,52,organic_block,4940.0,1,0,0,1,0.0,0,1,1,0,Teen (18-24),0.4424897959183673,0.7245331632653061,Medium,High,0,0,1,S1,High-Value Loyal
3542,59,Female,Blouse,Clothing,66.0,Virginia,M,Olive,Winter,4.0,0,Next Day Air,0,0,22,Paypal,Annually,0,1,organic_block,66.0,0,0,0,0,0.0,0,1,0,0,Senior (50-70),0.2485714285714285,0.6483928571428571,Low,High,1,1,1,S0,General Buyers
3543,62,Female,Coat,Outerwear,28.0,Idaho,S,Olive,Spring,4.2,0,Express,0,0,5,Venmo,Weekly,0,52,organic_block,1456.0,0,1,0,1,0.0,0,1,0,0,Senior (50-70),0.4104897959183674,0.4074081632653061,Medium,Low,1,1,3,S5,Low-Value Occasional
3544,58,Female,Hat,Accessories,83.0,Colorado,M,Blue,Winter,4.1,0,Standard,0,0,18,Paypal,Every 3 Months,0,4,organic_block,332.0,1,0,0,0,0.0,0,1,0,0,Senior (50-70),0.2467875150060023,0.7083596938775509,Low,High,0,1,0,S1,High-Value Loyal
3545,64,Female,Socks,Clothing,55.0,Wisconsin,Xl,Charcoal,Fall,3.6,0,2-Day Shipping,0,0,42,Cash,Every 3 Months,0,4,organic_block,220.0,0,0,1,0,0.0,0,0,0,0,Senior (50-70),0.3537262905162065,0.6783086734693877,Medium,High,1,0,1,S0,General Buyers
3546,48,Female,Sandals,Footwear,28.0,Connecticut,M,Yellow,Spring,3.7,0,2-Day Shipping,0,0,22,Debit Card,Annually,0,1,organic_block,28.0,0,1,0,0,0.0,0,0,0,0,Mid-Age (35-49),0.2245714285714286,0.4641428571428571,Low,Medium,1,1,2,S0,General Buyers
3547,60,Female,Scarf,Accessories,79.0,Kansas,M,Violet,Summer,3.6,0,Free Shipping,0,0,37,Bank Transfer,Bi-Weekly,0,26,organic_block,2054.0,0,0,0,0,0.0,0,0,0,0,Senior (50-70),0.4309571828731492,0.7577984693877551,Medium,High,0,0,0,S0,General Buyers
3548,52,Female,Scarf,Accessories,31.0,Pennsylvania,L,Magenta,Summer,3.8,0,Standard,0,0,23,Credit Card,Annually,0,1,organic_block,31.0,0,1,0,0,0.0,0,0,0,0,Senior (50-70),0.2386938775510204,0.4883698979591836,Low,Medium,0,1,0,S0,General Buyers
3549,63,Female,Blouse,Clothing,37.0,Utah,M,Red,Fall,3.0,0,Standard,0,0,47,Debit Card,Fortnightly,0,26,organic_block,962.0,0,1,1,0,0.0,0,0,0,0,Senior (50-70),0.4441816726690676,0.5890688775510204,Medium,Medium,0,1,1,S0,General Buyers
3550,44,Female,T-Shirt,Clothing,34.0,Oregon,M,Cyan,Summer,3.4,0,2-Day Shipping,0,0,11,Bank Transfer,Fortnightly,0,26,organic_block,884.0,0,1,0,1,0.0,0,0,0,0,Mid-Age (35-49),0.2557735094037615,0.4162704081632652,Low,Low,1,0,1,S5,Low-Value Occasional
3551,63,Female,Shoes,Footwear,74.0,West Virginia,S,Orange,Winter,4.8,0,Standard,0,0,32,Cash,Weekly,0,52,organic_block,3848.0,0,0,0,0,0.0,0,1,1,0,Senior (50-70),0.6237959183673469,0.7824132653061224,High,High,0,0,2,S0,General Buyers
3552,66,Female,Gloves,Accessories,31.0,Montana,L,Black,Spring,2.6,0,Store Pickup,0,0,20,Venmo,Weekly,0,52,organic_block,1612.0,0,1,0,0,0.0,0,0,0,1,Senior (50-70),0.3743265306122449,0.4010637755102041,Medium,Low,0,1,0,S0,General Buyers
3553,22,Female,Sunglasses,Accessories,66.0,Kentucky,M,Blue,Winter,2.9,0,Next Day Air,0,0,3,Paypal,Quarterly,0,4,organic_block,264.0,0,0,0,1,0.0,0,0,0,1,Teen (18-24),0.0589507803121248,0.4854540816326531,Low,Medium,1,1,0,S0,General Buyers
3554,62,Female,Shoes,Footwear,99.0,Minnesota,M,Charcoal,Spring,4.9,0,Free Shipping,0,0,32,Bank Transfer,Weekly,0,52,organic_block,5148.0,1,0,0,0,0.0,0,1,1,0,Senior (50-70),0.6317959183673469,0.8977882653061225,High,High,0,0,2,S1,High-Value Loyal
3555,39,Female,Dress,Clothing,55.0,Louisiana,M,Indigo,Spring,5.0,0,Free Shipping,0,0,5,Credit Card,Fortnightly,0,26,organic_block,1430.0,0,0,0,1,0.0,0,1,1,0,Mid-Age (35-49),0.3470388155262105,0.5735331632653061,Medium,Medium,0,1,1,S0,General Buyers
3556,25,Female,Blouse,Clothing,23.0,Delaware,L,Silver,Spring,4.6,0,Next Day Air,0,0,45,Cash,Quarterly,0,4,organic_block,92.0,0,1,1,0,0.0,0,1,1,0,Young Adult (25-34),0.452093637454982,0.6136147959183673,Medium,High,1,0,1,S0,General Buyers
3557,70,Female,Sweater,Clothing,88.0,Arizona,M,Brown,Fall,4.2,0,Express,0,0,43,Cash,Bi-Weekly,0,26,organic_block,2288.0,1,0,1,0,0.0,0,1,0,0,Senior (50-70),0.5156918767507003,0.8637857142857143,High,High,1,0,1,S1,High-Value Loyal
3558,52,Female,Jacket,Outerwear,26.0,Nevada,M,Peach,Summer,4.9,0,Next Day Air,0,0,1,Paypal,Every 3 Months,0,4,organic_block,104.0,0,1,0,1,0.0,0,1,1,0,Senior (50-70),0.2067058823529412,0.42025,Low,Low,1,1,3,S5,Low-Value Occasional
3559,68,Female,Backpack,Accessories,94.0,Alaska,L,Magenta,Summer,4.8,0,Standard,0,0,9,Venmo,Quarterly,0,4,organic_block,376.0,1,0,0,1,0.0,0,1,1,0,Senior (50-70),0.2476854741896758,0.7525663265306123,Low,High,0,1,0,S1,High-Value Loyal
3560,18,Female,Shorts,Clothing,25.0,Utah,M,Beige,Fall,3.0,0,Next Day Air,0,0,13,Venmo,Every 3 Months,0,4,organic_block,100.0,0,1,0,1,0.0,0,0,0,0,Teen (18-24),0.1281752701080432,0.3630994897959183,Low,Low,1,1,1,S5,Low-Value Occasional
3561,18,Female,Socks,Clothing,96.0,Kansas,Xl,Violet,Fall,3.5,0,Express,0,0,5,Credit Card,Annually,0,1,organic_block,96.0,1,0,0,1,0.0,0,0,0,0,Teen (18-24),0.1044897959183673,0.6629081632653062,Low,High,1,1,1,S1,High-Value Loyal
3562,63,Female,Sneakers,Footwear,29.0,North Carolina,L,Black,Spring,3.4,0,Standard,0,0,39,Credit Card,Fortnightly,0,26,organic_block,754.0,0,1,1,0,0.0,0,0,0,0,Senior (50-70),0.4272020808323329,0.5372525510204081,Medium,Medium,0,1,2,S0,General Buyers
3563,47,Female,Sneakers,Footwear,36.0,Maryland,M,Cyan,Winter,3.4,0,Free Shipping,0,0,7,Bank Transfer,Weekly,0,52,organic_block,1872.0,0,1,0,1,0.0,0,0,0,0,Mid-Age (35-49),0.358734693877551,0.4046122448979591,Medium,Low,0,0,2,S5,Low-Value Occasional
3564,43,Female,Blouse,Clothing,90.0,Maine,M,Green,Summer,4.9,0,Standard,0,0,8,Credit Card,Every 3 Months,0,4,organic_block,360.0,1,0,0,1,0.0,0,1,1,0,Mid-Age (35-49),0.249563025210084,0.7359642857142857,Low,High,0,1,1,S1,High-Value Loyal
3565,60,Female,Gloves,Accessories,38.0,Illinois,S,Brown,Summer,4.4,0,Free Shipping,0,0,40,Venmo,Annually,0,1,organic_block,38.0,0,1,1,0,0.0,0,1,0,0,Senior (50-70),0.3907755102040816,0.6417295918367346,Medium,High,0,1,0,S0,General Buyers
3566,49,Female,Handbag,Accessories,52.0,Pennsylvania,S,Gray,Spring,4.2,0,Store Pickup,0,0,35,Paypal,Monthly,0,12,organic_block,624.0,0,0,0,0,0.0,0,1,0,0,Mid-Age (35-49),0.3980848339335734,0.665469387755102,Medium,High,0,1,0,S0,General Buyers
3567,28,Female,Jeans,Clothing,88.0,Alaska,S,Orange,Spring,3.1,0,Next Day Air,0,0,14,Venmo,Monthly,0,12,organic_block,1056.0,1,0,0,0,0.0,0,0,0,0,Young Adult (25-34),0.1815134053621448,0.6498265306122449,Low,High,1,1,1,S1,High-Value Loyal
3568,32,Female,Scarf,Accessories,56.0,New Mexico,S,Silver,Summer,4.0,0,Next Day Air,0,0,26,Credit Card,Monthly,0,12,organic_block,672.0,0,0,0,0,0.0,0,1,0,0,Young Adult (25-34),0.3269827931172469,0.6250510204081633,Medium,High,1,1,0,S0,General Buyers
3569,29,Female,Sandals,Footwear,71.0,Arkansas,M,Purple,Spring,4.8,0,Next Day Air,0,0,14,Paypal,Quarterly,0,4,organic_block,284.0,0,0,0,0,0.0,0,1,1,0,Young Adult (25-34),0.278297719087635,0.677451530612245,Low,High,1,1,2,S0,General Buyers
3570,35,Female,Sandals,Footwear,94.0,Alaska,M,Olive,Fall,3.3,0,Express,0,0,9,Bank Transfer,Fortnightly,0,26,organic_block,2444.0,1,0,0,1,0.0,0,0,0,0,Mid-Age (35-49),0.2355286114445778,0.6625663265306123,Low,High,1,0,2,S1,High-Value Loyal
3571,23,Female,Dress,Clothing,97.0,Louisiana,Xl,Teal,Winter,4.7,0,Standard,0,0,32,Debit Card,Annually,0,1,organic_block,97.0,1,0,0,0,0.0,0,1,1,0,Teen (18-24),0.365795918367347,0.8770382653061225,Medium,High,0,1,1,S1,High-Value Loyal
3572,70,Female,Skirt,Clothing,27.0,North Dakota,M,White,Summer,3.2,0,Standard,0,0,15,Bank Transfer,Every 3 Months,0,4,organic_block,108.0,0,1,0,0,0.0,0,0,0,0,Senior (50-70),0.1564201680672269,0.3940535714285714,Low,Low,0,0,1,S0,General Buyers
3573,23,Female,Shorts,Clothing,28.0,Rhode Island,M,Black,Spring,5.0,0,Standard,0,0,25,Credit Card,Monthly,0,12,organic_block,336.0,0,1,0,0,0.0,0,1,1,0,Teen (18-24),0.400860344137655,0.5574489795918367,Medium,Medium,0,1,1,S0,General Buyers
3574,43,Female,Jeans,Clothing,67.0,Connecticut,L,Maroon,Fall,4.9,0,Free Shipping,0,0,27,Paypal,Monthly,0,12,organic_block,804.0,0,0,0,0,0.0,0,1,1,0,Mid-Age (35-49),0.4051052420968388,0.7322780612244898,Medium,High,0,1,1,S0,General Buyers
3575,29,Female,Socks,Clothing,70.0,New York,M,Cyan,Fall,4.9,0,Express,0,0,39,Bank Transfer,Quarterly,0,4,organic_block,280.0,0,0,1,0,0.0,0,1,1,0,Young Adult (25-34),0.439358943577431,0.8066275510204082,Medium,High,1,0,1,S0,General Buyers
3576,61,Female,Coat,Outerwear,95.0,Kentucky,M,Violet,Fall,3.7,0,Express,0,0,49,Venmo,Bi-Weekly,0,26,organic_block,2470.0,1,0,1,0,0.0,0,0,0,0,Senior (50-70),0.5124265706282514,0.8950229591836736,High,High,1,1,3,S1,High-Value Loyal
3577,29,Female,Boots,Footwear,24.0,Maine,L,Yellow,Spring,3.0,0,Express,0,0,12,Venmo,Bi-Weekly,0,26,organic_block,624.0,0,1,0,1,0.0,0,0,0,0,Young Adult (25-34),0.2298959583833533,0.3536224489795918,Low,Low,1,1,2,S5,Low-Value Occasional
3578,66,Female,Belt,Accessories,35.0,Missouri,S,Yellow,Winter,2.6,0,Standard,0,0,13,Bank Transfer,Weekly,0,52,organic_block,1820.0,0,1,0,1,0.0,0,0,0,1,Senior (50-70),0.331469387755102,0.3828494897959184,Medium,Low,0,0,0,S5,Low-Value Occasional
3579,46,Female,Shoes,Footwear,22.0,Georgia,L,Olive,Winter,2.6,0,Standard,0,0,22,Bank Transfer,Quarterly,0,4,organic_block,88.0,0,1,0,0,0.0,0,0,0,1,Mid-Age (35-49),0.1512773109243697,0.3718928571428571,Low,Low,0,0,2,S0,General Buyers
3580,34,Female,Scarf,Accessories,66.0,Arizona,L,Olive,Fall,4.8,0,Standard,0,0,19,Credit Card,Every 3 Months,0,4,organic_block,264.0,0,0,0,0,0.0,0,1,1,0,Young Adult (25-34),0.3089099639855942,0.6810867346938775,Medium,High,0,1,0,S0,General Buyers
3581,51,Female,Blouse,Clothing,83.0,New Hampshire,M,Magenta,Summer,3.2,0,2-Day Shipping,0,0,3,Cash,Bi-Weekly,0,26,organic_block,2158.0,1,0,0,1,0.0,0,0,0,0,Senior (50-70),0.1907939175670268,0.577829081632653,Low,Medium,1,0,1,S0,General Buyers
3582,26,Female,Dress,Clothing,95.0,Georgia,M,Orange,Fall,4.9,0,Next Day Air,0,0,50,Credit Card,Weekly,0,52,organic_block,4940.0,1,0,1,0,0.0,0,1,1,0,Young Adult (25-34),0.7420000000000001,0.972125,High,High,1,1,1,S1,High-Value Loyal
3583,23,Female,Shorts,Clothing,41.0,California,S,Beige,Summer,3.4,0,2-Day Shipping,0,0,15,Paypal,Annually,0,1,organic_block,41.0,0,0,0,0,0.0,0,0,0,0,Teen (18-24),0.1577142857142857,0.4673035714285714,Low,Medium,1,1,1,S0,General Buyers
3584,52,Female,Blouse,Clothing,77.0,Arizona,L,Brown,Summer,2.7,0,Store Pickup,0,0,44,Credit Card,Every 3 Months,0,4,organic_block,308.0,0,0,1,0,0.0,0,0,0,1,Senior (50-70),0.2939711884753901,0.7307627551020408,Low,High,0,1,1,S0,General Buyers
3585,39,Female,Sneakers,Footwear,52.0,Florida,L,Indigo,Fall,4.8,0,Express,0,0,48,Debit Card,Monthly,0,12,organic_block,624.0,0,0,1,0,0.0,0,1,1,0,Mid-Age (35-49),0.5256766706682672,0.767795918367347,High,High,1,1,2,S0,General Buyers
3586,39,Female,Gloves,Accessories,41.0,New York,Xl,Gray,Winter,4.1,0,Standard,0,0,4,Venmo,Bi-Weekly,0,26,organic_block,1066.0,0,0,0,1,0.0,0,1,0,0,Mid-Age (35-49),0.2689163665466186,0.4531811224489795,Low,Medium,0,1,0,S0,General Buyers
3587,33,Female,Hoodie,Clothing,28.0,Idaho,M,Yellow,Winter,4.6,0,Store Pickup,0,0,12,Paypal,Bi-Weekly,0,26,organic_block,728.0,0,1,0,1,0.0,0,1,1,0,Young Adult (25-34),0.3578959583833533,0.4671224489795917,Medium,Medium,0,1,1,S5,Low-Value Occasional
3588,33,Female,Sweater,Clothing,90.0,Virginia,S,Violet,Summer,4.4,0,Standard,0,0,33,Debit Card,Annually,0,1,organic_block,90.0,1,0,0,0,0.0,0,1,0,0,Young Adult (25-34),0.3479183673469388,0.833515306122449,Medium,High,0,1,1,S1,High-Value Loyal
3589,23,Female,Sunglasses,Accessories,55.0,Michigan,M,Magenta,Spring,3.5,0,2-Day Shipping,0,0,40,Cash,Annually,0,1,organic_block,55.0,0,0,1,0,0.0,0,0,0,0,Teen (18-24),0.3187755102040816,0.6621045918367348,Medium,High,1,0,0,S0,General Buyers
3590,31,Female,Belt,Accessories,73.0,New Hampshire,M,Blue,Spring,4.8,0,Next Day Air,0,0,38,Cash,Every 3 Months,0,4,organic_block,292.0,0,0,1,0,0.0,0,1,1,0,Young Adult (25-34),0.4252364945978391,0.8086505102040816,Medium,High,1,0,0,S0,General Buyers
3591,27,Female,Dress,Clothing,87.0,South Dakota,M,Gray,Fall,2.9,0,2-Day Shipping,0,0,19,Venmo,Every 3 Months,0,4,organic_block,348.0,1,0,0,0,0.0,0,0,0,1,Young Adult (25-34),0.1569099639855942,0.6589617346938775,Low,High,1,1,1,S1,High-Value Loyal
3592,48,Female,Jacket,Outerwear,89.0,South Dakota,M,Gold,Winter,3.2,0,2-Day Shipping,0,0,38,Bank Transfer,Quarterly,0,4,organic_block,356.0,1,0,1,0,0.0,0,0,0,0,Mid-Age (35-49),0.2972364945978391,0.7826505102040817,Low,High,1,0,3,S1,High-Value Loyal
3593,61,Female,Boots,Footwear,82.0,New Jersey,L,Lavender,Spring,4.4,0,2-Day Shipping,0,0,18,Venmo,Fortnightly,0,26,organic_block,2132.0,1,0,0,0,0.0,0,1,0,0,Senior (50-70),0.3786306522609043,0.721984693877551,Medium,High,1,1,2,S1,High-Value Loyal
3594,63,Female,Sandals,Footwear,80.0,Wyoming,M,Black,Spring,4.6,0,Next Day Air,0,0,24,Paypal,Monthly,0,12,organic_block,960.0,0,0,0,0,0.0,0,1,1,0,Senior (50-70),0.3627378951580632,0.7558469387755101,Medium,High,1,1,2,S0,General Buyers
3595,19,Female,Scarf,Accessories,87.0,Alabama,L,Charcoal,Summer,2.6,0,2-Day Shipping,0,0,29,Venmo,Quarterly,0,4,organic_block,348.0,1,0,0,0,0.0,0,0,0,1,Teen (18-24),0.1941344537815126,0.6919821428571429,Low,High,1,1,0,S1,High-Value Loyal
3596,21,Female,Blouse,Clothing,41.0,South Dakota,M,Violet,Spring,3.1,0,Store Pickup,0,0,14,Paypal,Annually,0,1,organic_block,41.0,0,0,0,0,0.0,0,0,0,0,Teen (18-24),0.1275918367346938,0.4442015306122449,Low,Medium,0,1,1,S0,General Buyers
3597,28,Female,Hoodie,Clothing,83.0,South Carolina,M,Charcoal,Spring,4.3,0,Standard,0,0,44,Cash,Fortnightly,0,26,organic_block,2158.0,1,0,1,0,0.0,0,1,0,0,Young Adult (25-34),0.5298143257302921,0.8530127551020408,High,High,0,0,1,S1,High-Value Loyal
3598,29,Female,Sunglasses,Accessories,71.0,New Mexico,M,Maroon,Summer,3.1,0,Standard,0,0,18,Bank Transfer,Quarterly,0,4,organic_block,284.0,0,0,0,0,0.0,0,0,0,0,Young Adult (25-34),0.1667875150060024,0.595859693877551,Low,Medium,0,0,0,S0,General Buyers
3599,23,Female,Hoodie,Clothing,76.0,Connecticut,Xl,Purple,Spring,4.6,0,Store Pickup,0,0,19,Bank Transfer,Bi-Weekly,0,26,organic_block,1976.0,0,0,0,0,0.0,0,1,1,0,Teen (18-24),0.4007531012404962,0.7128367346938775,Medium,High,0,0,1,S0,General Buyers
3600,37,Female,Scarf,Accessories,34.0,Kansas,S,Peach,Spring,4.6,0,Express,0,0,4,Cash,Weekly,0,52,organic_block,1768.0,0,1,0,1,0.0,0,1,1,0,Mid-Age (35-49),0.4363673469387755,0.4525561224489796,Medium,Medium,1,0,0,S5,Low-Value Occasional
3601,67,Female,Dress,Clothing,81.0,South Carolina,Xl,Olive,Spring,2.7,0,Free Shipping,0,0,25,Cash,Bi-Weekly,0,26,organic_block,2106.0,1,0,0,0,0.0,0,0,0,1,Senior (50-70),0.2854877951180472,0.6513239795918367,Low,High,0,0,1,S1,High-Value Loyal
3602,34,Female,T-Shirt,Clothing,47.0,North Carolina,M,Indigo,Summer,3.0,0,Next Day Air,0,0,3,Paypal,Monthly,0,12,organic_block,564.0,0,0,0,1,0.0,0,0,0,0,Young Adult (25-34),0.1061664665866346,0.408329081632653,Low,Low,1,1,1,S0,General Buyers
3603,58,Female,Skirt,Clothing,36.0,Wyoming,S,Magenta,Summer,3.3,0,Store Pickup,0,0,40,Debit Card,Quarterly,0,4,organic_block,144.0,0,1,1,0,0.0,0,0,0,0,Senior (50-70),0.3174813925570228,0.5669795918367347,Medium,Medium,0,1,1,S0,General Buyers
3604,45,Female,Jeans,Clothing,51.0,Louisiana,M,Gold,Spring,2.7,0,Free Shipping,0,0,5,Cash,Weekly,0,52,organic_block,2652.0,0,0,0,1,0.0,0,0,0,1,Mid-Age (35-49),0.2904897959183674,0.4180331632653061,Low,Low,0,0,1,S0,General Buyers
3605,63,Female,Hoodie,Clothing,86.0,Louisiana,M,Orange,Fall,3.3,0,Standard,0,0,17,Debit Card,Annually,0,1,organic_block,86.0,1,0,0,0,0.0,0,0,0,0,Senior (50-70),0.1619591836734693,0.6683826530612245,Low,High,0,1,1,S1,High-Value Loyal
3606,68,Female,Jeans,Clothing,41.0,Alabama,M,Gold,Fall,4.3,0,Store Pickup,0,0,36,Bank Transfer,Every 3 Months,0,4,organic_block,164.0,0,0,0,0,0.0,0,1,0,0,Senior (50-70),0.3729915966386554,0.6284464285714285,Medium,High,0,0,1,S0,General Buyers
3607,41,Female,Sandals,Footwear,90.0,Minnesota,Xl,Purple,Fall,4.8,0,Express,0,0,41,Venmo,Annually,0,1,organic_block,90.0,1,0,1,0,0.0,0,1,1,0,Mid-Age (35-49),0.4288979591836734,0.8983316326530612,Medium,High,1,1,2,S1,High-Value Loyal
3608,50,Female,Hat,Accessories,93.0,New Mexico,L,Charcoal,Fall,3.3,0,Standard,0,0,20,Venmo,Bi-Weekly,0,26,organic_block,2418.0,1,0,0,0,0.0,0,0,0,0,Senior (50-70),0.302875550220088,0.714313775510204,Medium,High,0,1,0,S1,High-Value Loyal
3609,24,Female,Gloves,Accessories,56.0,Tennessee,M,Cyan,Fall,4.3,0,Next Day Air,0,0,2,Cash,Every 3 Months,0,4,organic_block,224.0,0,0,0,1,0.0,0,1,0,0,Teen (18-24),0.164828331332533,0.5206020408163266,Low,Medium,1,0,0,S0,General Buyers
3610,21,Female,Socks,Clothing,39.0,New Mexico,M,Cyan,Summer,3.0,0,2-Day Shipping,0,0,31,Debit Card,Monthly,0,12,organic_block,468.0,0,1,0,0,0.0,0,0,0,0,Teen (18-24),0.2775950380152061,0.5161862244897959,Low,Medium,1,1,1,S0,General Buyers
3611,18,Female,Jacket,Outerwear,86.0,Texas,Xl,Green,Fall,4.8,0,2-Day Shipping,0,0,23,Bank Transfer,Fortnightly,0,26,organic_block,2236.0,1,0,0,0,0.0,0,1,1,0,Teen (18-24),0.4412428971588635,0.7889948979591836,Medium,High,1,0,3,S1,High-Value Loyal
3612,63,Female,T-Shirt,Clothing,82.0,Washington,M,Silver,Spring,2.9,0,Standard,0,0,30,Credit Card,Annually,0,1,organic_block,82.0,1,0,0,0,0.0,0,0,0,1,Senior (50-70),0.2095510204081632,0.6932091836734694,Low,High,0,1,1,S1,High-Value Loyal
3613,47,Female,Sandals,Footwear,29.0,Michigan,M,Teal,Summer,3.6,0,Standard,0,0,26,Cash,Every 3 Months,0,4,organic_block,116.0,0,1,0,0,0.0,0,0,0,0,Mid-Age (35-49),0.2557671068427371,0.4829260204081633,Low,Medium,0,0,2,S0,General Buyers
3614,58,Female,Hat,Accessories,27.0,Minnesota,M,Magenta,Fall,3.5,0,Store Pickup,0,0,40,Venmo,Annually,0,1,organic_block,27.0,0,1,1,0,0.0,0,0,0,0,Senior (50-70),0.3187755102040816,0.5396045918367347,Medium,Medium,0,1,0,S0,General Buyers
3615,46,Female,Gloves,Accessories,25.0,Delaware,L,Maroon,Spring,4.7,0,2-Day Shipping,0,0,19,Bank Transfer,Annually,0,1,organic_block,25.0,0,1,0,0,0.0,0,1,1,0,Mid-Age (35-49),0.2862040816326531,0.4957117346938775,Low,Medium,1,0,0,S0,General Buyers
3616,35,Female,Dress,Clothing,31.0,California,M,Gold,Winter,4.4,0,Free Shipping,0,0,4,Credit Card,Monthly,0,12,organic_block,372.0,0,1,0,1,0.0,0,1,0,0,Mid-Age (35-49),0.2242889155662265,0.4274311224489796,Low,Medium,0,1,1,S5,Low-Value Occasional
3617,42,Female,Hoodie,Clothing,23.0,Wisconsin,L,Purple,Winter,3.3,0,Store Pickup,0,0,33,Debit Card,Fortnightly,0,26,organic_block,598.0,0,1,0,0,0.0,0,0,0,0,Mid-Age (35-49),0.3824673869547819,0.474390306122449,Medium,Medium,0,1,1,S0,General Buyers
3618,48,Female,Belt,Accessories,47.0,Kentucky,M,Lavender,Fall,4.3,0,Express,0,0,29,Debit Card,Monthly,0,12,organic_block,564.0,0,0,0,0,0.0,0,1,0,0,Mid-Age (35-49),0.3693501400560224,0.6189821428571428,Medium,High,1,1,0,S0,General Buyers
3619,28,Female,Gloves,Accessories,67.0,Nevada,M,Maroon,Fall,4.0,0,2-Day Shipping,0,0,47,Paypal,Bi-Weekly,0,26,organic_block,1742.0,0,0,1,0,0.0,0,1,0,0,Young Adult (25-34),0.5241816726690676,0.7803188775510204,High,High,1,1,0,S0,General Buyers
3620,44,Female,Scarf,Accessories,75.0,North Carolina,S,Magenta,Winter,4.9,0,2-Day Shipping,0,0,50,Venmo,Weekly,0,52,organic_block,3900.0,0,0,1,0,0.0,0,1,1,0,Mid-Age (35-49),0.7420000000000001,0.884625,High,High,1,1,0,S0,General Buyers
3621,60,Female,Sandals,Footwear,82.0,Louisiana,M,Turquoise,Summer,2.9,0,Express,0,0,28,Credit Card,Fortnightly,0,26,organic_block,2132.0,1,0,0,0,0.0,0,0,0,1,Senior (50-70),0.3198551420568227,0.6830051020408163,Medium,High,1,1,2,S1,High-Value Loyal
3622,38,Female,Sneakers,Footwear,32.0,New Jersey,Xl,Silver,Summer,4.0,0,2-Day Shipping,0,0,5,Cash,Fortnightly,0,26,organic_block,832.0,0,1,0,1,0.0,0,1,0,0,Mid-Age (35-49),0.2670388155262104,0.4129081632653061,Low,Low,1,0,2,S5,Low-Value Occasional
3623,46,Female,Dress,Clothing,41.0,Wisconsin,M,Purple,Fall,4.3,0,Store Pickup,0,0,12,Credit Card,Annually,0,1,organic_block,41.0,0,0,0,1,0.0,0,1,0,0,Mid-Age (35-49),0.2113469387755102,0.5059974489795919,Low,Medium,0,1,1,S0,General Buyers
3624,39,Female,Jewelry,Accessories,89.0,Arkansas,M,Violet,Winter,2.7,0,2-Day Shipping,0,0,4,Paypal,Weekly,0,52,organic_block,4628.0,1,0,0,1,0.0,0,0,0,1,Mid-Age (35-49),0.2843673469387755,0.5791811224489796,Low,Medium,1,1,0,S0,General Buyers
3625,22,Female,Hat,Accessories,82.0,Texas,Xl,Peach,Fall,5.0,0,Store Pickup,0,0,22,Bank Transfer,Bi-Weekly,0,26,organic_block,2132.0,1,0,0,0,0.0,0,1,1,0,Teen (18-24),0.4511204481792717,0.7783928571428572,Medium,High,0,0,0,S1,High-Value Loyal
3626,44,Female,Scarf,Accessories,99.0,Illinois,L,Green,Winter,4.4,0,Express,0,0,32,Paypal,Weekly,0,52,organic_block,5148.0,1,0,0,0,0.0,0,1,0,0,Mid-Age (35-49),0.5917959183673469,0.8677882653061225,High,High,1,1,0,S1,High-Value Loyal
3627,69,Female,Blouse,Clothing,98.0,Mississippi,L,Teal,Fall,3.5,0,Express,0,0,32,Venmo,Quarterly,0,4,organic_block,392.0,1,0,0,0,0.0,0,0,0,0,Senior (50-70),0.2845018007202881,0.8094132653061226,Low,High,1,1,1,S1,High-Value Loyal
3628,39,Female,Belt,Accessories,54.0,Delaware,M,Silver,Winter,3.3,0,Next Day Air,0,0,48,Cash,Every 3 Months,0,4,organic_block,216.0,0,0,1,0,0.0,0,0,0,0,Mid-Age (35-49),0.3664609843937574,0.686545918367347,Medium,High,1,0,0,S0,General Buyers
3629,53,Female,Blouse,Clothing,88.0,Georgia,L,Purple,Summer,3.8,0,Free Shipping,0,0,35,Credit Card,Monthly,0,12,organic_block,1056.0,1,0,0,0,0.0,0,0,0,0,Senior (50-70),0.3660848339335734,0.798969387755102,Medium,High,0,1,1,S1,High-Value Loyal
3630,52,Female,T-Shirt,Clothing,43.0,Kansas,L,Lavender,Summer,4.5,0,Standard,0,0,44,Debit Card,Fortnightly,0,26,organic_block,1118.0,0,0,1,0,0.0,0,1,1,0,Senior (50-70),0.5458143257302921,0.6900127551020409,High,High,0,1,1,S0,General Buyers
3631,65,Female,Hat,Accessories,73.0,Oklahoma,M,Lavender,Winter,4.8,0,Store Pickup,0,0,29,Cash,Weekly,0,52,organic_block,3796.0,0,0,0,0,0.0,0,1,1,0,Senior (50-70),0.6054285714285714,0.7627321428571429,High,High,0,0,0,S0,General Buyers
3632,48,Female,Hat,Accessories,50.0,New Jersey,M,Peach,Fall,2.9,0,Store Pickup,0,0,26,Credit Card,Monthly,0,12,organic_block,600.0,0,0,0,0,0.0,0,0,0,1,Mid-Age (35-49),0.2389827931172469,0.5328010204081632,Low,Medium,0,1,0,S0,General Buyers
3633,27,Female,Sneakers,Footwear,73.0,Utah,L,Green,Spring,3.2,0,Express,0,0,3,Debit Card,Quarterly,0,4,organic_block,292.0,0,0,0,1,0.0,0,0,0,0,Young Adult (25-34),0.0829507803121248,0.534079081632653,Low,Medium,1,1,2,S0,General Buyers
3634,39,Female,Gloves,Accessories,51.0,Montana,M,Orange,Spring,2.8,0,Free Shipping,0,0,1,Bank Transfer,Bi-Weekly,0,26,organic_block,1326.0,0,0,0,1,0.0,0,0,0,1,Mid-Age (35-49),0.1465490196078431,0.403625,Low,Low,0,0,0,S0,General Buyers
3635,59,Female,Socks,Clothing,22.0,Ohio,M,Pink,Winter,3.3,0,Standard,0,0,17,Paypal,Annually,0,1,organic_block,22.0,0,1,0,0,0.0,0,0,0,0,Senior (50-70),0.1619591836734693,0.3883826530612245,Low,Low,0,1,1,S0,General Buyers
3636,52,Female,Sandals,Footwear,32.0,Colorado,L,Cyan,Fall,3.3,0,Free Shipping,0,0,17,Credit Card,Fortnightly,0,26,organic_block,832.0,0,1,0,0,0.0,0,0,0,0,Senior (50-70),0.2845082032813125,0.4321326530612244,Low,Medium,0,1,2,S0,General Buyers
3637,50,Female,Sandals,Footwear,38.0,California,L,Lavender,Summer,4.2,0,2-Day Shipping,0,0,36,Cash,Weekly,0,52,organic_block,1976.0,0,1,0,0,0.0,0,1,0,0,Senior (50-70),0.6002857142857143,0.6093214285714286,High,High,1,0,2,S0,General Buyers
3638,32,Female,Boots,Footwear,66.0,Utah,L,Yellow,Winter,3.6,0,Express,0,0,32,Credit Card,Fortnightly,0,26,organic_block,1716.0,0,0,0,0,0.0,0,0,0,0,Young Adult (25-34),0.4003449379751901,0.6754132653061224,Medium,High,1,1,2,S0,General Buyers
3639,40,Female,Backpack,Accessories,20.0,Kansas,M,Olive,Spring,4.6,0,Express,0,0,50,Paypal,Bi-Weekly,0,26,organic_block,520.0,0,1,1,0,0.0,0,1,1,0,Mid-Age (35-49),0.5905490196078431,0.626,High,High,1,1,0,S0,General Buyers
3640,26,Female,Coat,Outerwear,44.0,Illinois,M,Brown,Summer,3.6,0,2-Day Shipping,0,0,39,Venmo,Annually,0,1,organic_block,44.0,0,0,1,0,0.0,0,0,0,0,Young Adult (25-34),0.3206530612244898,0.6148775510204081,Medium,High,1,1,3,S0,General Buyers
3641,47,Female,Sunglasses,Accessories,31.0,Minnesota,L,Pink,Spring,4.0,0,Next Day Air,0,0,17,Paypal,Monthly,0,12,organic_block,372.0,0,1,0,0,0.0,0,1,0,0,Mid-Age (35-49),0.2718807523009203,0.4697576530612245,Low,Medium,1,1,0,S0,General Buyers
3642,51,Female,Jacket,Outerwear,45.0,New York,M,Cyan,Fall,2.7,0,Free Shipping,0,0,39,Bank Transfer,Every 3 Months,0,4,organic_block,180.0,0,0,1,0,0.0,0,0,0,1,Senior (50-70),0.2633589435774309,0.5652525510204082,Low,Medium,0,0,3,S0,General Buyers
3643,47,Female,Dress,Clothing,71.0,Arizona,L,Maroon,Summer,4.4,0,Store Pickup,0,0,5,Paypal,Annually,0,1,organic_block,71.0,0,0,0,1,0.0,0,1,0,0,Mid-Age (35-49),0.1764897959183673,0.607533163265306,Low,High,0,1,1,S0,General Buyers
3644,53,Female,Scarf,Accessories,96.0,Tennessee,Xl,Magenta,Fall,3.2,0,Standard,0,0,47,Debit Card,Annually,0,1,organic_block,96.0,1,0,1,0,0.0,0,0,0,0,Senior (50-70),0.3376326530612245,0.8591938775510204,Medium,High,0,1,0,S1,High-Value Loyal
3645,35,Female,Blouse,Clothing,32.0,Arkansas,M,Violet,Winter,2.6,0,Next Day Air,0,0,18,Venmo,Weekly,0,52,organic_block,1664.0,0,1,0,0,0.0,0,0,0,1,Mid-Age (35-49),0.3620816326530612,0.395234693877551,Medium,Low,1,1,1,S0,General Buyers
3646,38,Female,Backpack,Accessories,90.0,Colorado,L,Silver,Summer,3.4,0,Free Shipping,0,0,31,Credit Card,Every 3 Months,0,4,organic_block,360.0,1,0,0,0,0.0,0,0,0,0,Mid-Age (35-49),0.2703793517406962,0.7633112244897959,Low,High,0,1,0,S1,High-Value Loyal
3647,69,Female,Jewelry,Accessories,68.0,Nevada,M,Maroon,Spring,5.0,0,2-Day Shipping,0,0,39,Debit Card,Fortnightly,0,26,organic_block,1768.0,0,0,1,0,0.0,0,1,1,0,Senior (50-70),0.5552020808323329,0.8038775510204081,High,High,1,1,0,S0,General Buyers
3648,47,Female,Shorts,Clothing,45.0,Kansas,M,Gray,Winter,2.9,0,Store Pickup,0,0,12,Bank Transfer,Weekly,0,52,organic_block,2340.0,0,0,0,1,0.0,0,0,0,1,Mid-Age (35-49),0.3493469387755102,0.4394974489795918,Medium,Medium,0,0,1,S0,General Buyers
3649,31,Female,Skirt,Clothing,67.0,New York,M,White,Winter,5.0,0,Free Shipping,0,0,45,Cash,Bi-Weekly,0,26,organic_block,1742.0,0,0,1,0,0.0,0,1,1,0,Young Adult (25-34),0.591936774709884,0.8301147959183673,High,High,0,0,1,S0,General Buyers
3650,68,Female,Skirt,Clothing,57.0,Minnesota,M,Brown,Fall,4.4,0,Standard,0,0,33,Credit Card,Fortnightly,0,26,organic_block,1482.0,0,0,0,0,0.0,0,1,0,0,Senior (50-70),0.4704673869547819,0.6891403061224489,High,High,0,1,1,S0,General Buyers
3651,51,Female,Jeans,Clothing,60.0,Ohio,M,Silver,Summer,3.5,0,2-Day Shipping,0,0,3,Paypal,Annually,0,1,organic_block,60.0,0,0,0,1,0.0,0,0,0,0,Senior (50-70),0.0922448979591836,0.495204081632653,Low,Medium,1,1,1,S0,General Buyers
3652,20,Female,Handbag,Accessories,32.0,Arizona,M,Yellow,Spring,3.8,0,Express,0,0,5,Venmo,Every 3 Months,0,4,organic_block,128.0,0,1,0,1,0.0,0,0,0,0,Teen (18-24),0.1431956782713085,0.4009081632653061,Low,Low,1,1,0,S5,Low-Value Occasional
3653,27,Female,Handbag,Accessories,29.0,Kentucky,S,Magenta,Fall,3.8,0,Store Pickup,0,0,23,Debit Card,Monthly,0,12,organic_block,348.0,0,1,0,0,0.0,0,0,0,0,Young Adult (25-34),0.2926154461784713,0.4796198979591837,Low,Medium,0,1,0,S0,General Buyers
3654,67,Female,Coat,Outerwear,20.0,Minnesota,M,Blue,Spring,3.9,0,Next Day Air,0,0,39,Credit Card,Fortnightly,0,26,organic_block,520.0,0,1,1,0,0.0,0,0,0,0,Senior (50-70),0.4672020808323329,0.5278775510204081,High,Medium,1,1,3,S0,General Buyers
3655,21,Female,Jewelry,Accessories,98.0,Arkansas,M,Green,Winter,3.3,0,Next Day Air,0,0,10,Credit Card,Annually,0,1,organic_block,98.0,1,0,0,1,0.0,0,0,0,0,Teen (18-24),0.1191020408163265,0.6851683673469389,Low,High,1,1,0,S1,High-Value Loyal
3656,20,Female,Sweater,Clothing,27.0,Wyoming,M,Yellow,Fall,2.9,0,Next Day Air,0,0,4,Credit Card,Bi-Weekly,0,26,organic_block,702.0,0,1,0,1,0.0,0,0,0,1,Teen (18-24),0.1729163665466186,0.3199311224489796,Low,Low,1,1,1,S5,Low-Value Occasional
3657,35,Female,Jacket,Outerwear,67.0,North Dakota,Xl,Cyan,Spring,3.7,0,2-Day Shipping,0,0,18,Credit Card,Monthly,0,12,organic_block,804.0,0,0,0,0,0.0,0,0,0,0,Mid-Age (35-49),0.2540032012805122,0.6143596938775511,Low,High,1,1,3,S0,General Buyers
3658,58,Female,Shoes,Footwear,82.0,Alabama,L,Gold,Winter,3.7,0,Express,0,0,1,Debit Card,Every 3 Months,0,4,organic_block,328.0,1,0,0,1,0.0,0,0,0,0,Senior (50-70),0.1107058823529412,0.59325,Low,Medium,1,1,2,S0,General Buyers
3659,28,Female,T-Shirt,Clothing,72.0,Mississippi,M,Magenta,Fall,4.6,0,Standard,0,0,18,Paypal,Fortnightly,0,26,organic_block,1872.0,0,0,0,0,0.0,0,1,1,0,Young Adult (25-34),0.3946306522609043,0.690234693877551,Medium,High,0,1,1,S0,General Buyers
3660,27,Female,Sandals,Footwear,77.0,Illinois,S,Gray,Fall,4.9,0,Store Pickup,0,0,46,Bank Transfer,Annually,0,1,organic_block,77.0,0,0,1,0,0.0,0,1,1,0,Young Adult (25-34),0.4675102040816327,0.8729668367346939,High,High,0,0,2,S0,General Buyers
3661,19,Female,Shoes,Footwear,74.0,Arkansas,L,Indigo,Winter,3.1,0,2-Day Shipping,0,0,13,Bank Transfer,Fortnightly,0,26,organic_block,1924.0,0,0,0,1,0.0,0,0,0,0,Teen (18-24),0.2440184073629452,0.5834744897959183,Low,Medium,1,0,2,S0,General Buyers
3662,63,Female,Sandals,Footwear,39.0,Kansas,S,White,Winter,3.5,0,Next Day Air,0,0,5,Credit Card,Fortnightly,0,26,organic_block,1014.0,0,1,0,1,0.0,0,0,0,0,Senior (50-70),0.2270388155262105,0.4135331632653061,Low,Low,1,1,2,S5,Low-Value Occasional
3663,69,Female,Shorts,Clothing,80.0,Rhode Island,M,Indigo,Spring,4.9,0,Next Day Air,0,0,11,Debit Card,Weekly,0,52,organic_block,4160.0,0,0,0,1,0.0,0,1,1,0,Senior (50-70),0.5032244897959184,0.7075204081632652,High,High,1,1,1,S0,General Buyers
3664,65,Female,Backpack,Accessories,59.0,Florida,M,Green,Summer,4.4,0,Express,0,0,49,Credit Card,Weekly,0,52,organic_block,3068.0,0,0,1,0,0.0,0,1,0,0,Senior (50-70),0.6958775510204082,0.7795229591836734,High,High,1,1,0,S0,General Buyers
3665,63,Female,Jacket,Outerwear,68.0,Missouri,M,Turquoise,Fall,4.4,0,Store Pickup,0,0,1,Debit Card,Fortnightly,0,26,organic_block,1768.0,0,0,0,1,0.0,0,1,0,0,Senior (50-70),0.2745490196078431,0.574,Low,Medium,0,1,3,S0,General Buyers
3666,28,Female,Socks,Clothing,77.0,North Carolina,M,Peach,Fall,3.4,0,Next Day Air,0,0,11,Credit Card,Quarterly,0,4,organic_block,308.0,0,0,0,1,0.0,0,0,0,0,Young Adult (25-34),0.1479303721488595,0.6043954081632653,Low,High,1,1,1,S0,General Buyers
3667,67,Female,Jewelry,Accessories,50.0,Alabama,M,Olive,Winter,3.0,0,2-Day Shipping,0,0,47,Cash,Every 3 Months,0,4,organic_block,200.0,0,0,1,0,0.0,0,0,0,0,Senior (50-70),0.3363385354141657,0.6459438775510205,Medium,High,1,0,0,S0,General Buyers
3668,51,Female,Pants,Clothing,45.0,Washington,L,Cyan,Fall,2.6,0,Next Day Air,0,0,20,Venmo,Monthly,0,12,organic_block,540.0,0,0,0,0,0.0,0,0,0,1,Senior (50-70),0.1782480992396958,0.4623137755102041,Low,Medium,1,1,1,S0,General Buyers
3669,59,Female,Blouse,Clothing,71.0,Michigan,Xl,Magenta,Summer,3.2,0,Store Pickup,0,0,18,Venmo,Annually,0,1,organic_block,71.0,0,0,0,0,0.0,0,0,0,0,Senior (50-70),0.1600816326530612,0.601859693877551,Low,High,0,1,1,S0,General Buyers
3670,25,Female,Socks,Clothing,52.0,Washington,S,Silver,Fall,4.6,0,Store Pickup,0,0,43,Paypal,Quarterly,0,4,organic_block,208.0,0,0,1,0,0.0,0,1,1,0,Young Adult (25-34),0.4398487394957983,0.7302857142857143,Medium,High,0,1,1,S0,General Buyers
3671,31,Female,Shoes,Footwear,50.0,Vermont,S,White,Winter,3.8,0,Free Shipping,0,0,4,Paypal,Every 3 Months,0,4,organic_block,200.0,0,0,0,1,0.0,0,0,0,0,Young Adult (25-34),0.1370732292917166,0.4745561224489795,Low,Medium,0,1,2,S0,General Buyers
3672,62,Female,Handbag,Accessories,66.0,Illinois,L,Pink,Summer,4.8,0,2-Day Shipping,0,0,20,Venmo,Quarterly,0,4,organic_block,264.0,0,0,0,0,0.0,0,1,1,0,Senior (50-70),0.315032412965186,0.6861887755102041,Medium,High,1,1,0,S0,General Buyers
3673,51,Female,Sandals,Footwear,81.0,New York,S,Pink,Fall,4.5,0,Free Shipping,0,0,7,Paypal,Monthly,0,12,organic_block,972.0,1,0,0,1,0.0,0,1,1,0,Senior (50-70),0.250656262505002,0.6674872448979591,Low,High,0,1,2,S1,High-Value Loyal
3674,32,Female,Socks,Clothing,28.0,Rhode Island,M,Pink,Summer,4.2,0,2-Day Shipping,0,0,31,Bank Transfer,Fortnightly,0,26,organic_block,728.0,0,1,0,0,0.0,0,1,0,0,Young Adult (25-34),0.4422224889955982,0.5400612244897959,Medium,Medium,1,0,1,S0,General Buyers
3675,35,Female,Handbag,Accessories,65.0,Washington,M,Blue,Winter,2.7,0,2-Day Shipping,0,0,41,Venmo,Fortnightly,0,26,organic_block,1690.0,0,0,1,0,0.0,0,0,0,1,Mid-Age (35-49),0.3834469787915166,0.6629566326530613,Medium,High,1,1,0,S0,General Buyers
3676,70,Female,Hat,Accessories,80.0,Virginia,M,White,Winter,4.5,0,Express,0,0,3,Bank Transfer,Monthly,0,12,organic_block,960.0,0,0,0,1,0.0,0,1,1,0,Senior (50-70),0.2261664665866347,0.642704081632653,Low,High,1,0,0,S0,General Buyers
3677,19,Female,Jewelry,Accessories,94.0,Wisconsin,S,Teal,Spring,4.9,0,Free Shipping,0,0,16,Paypal,Monthly,0,12,organic_block,1128.0,1,0,0,0,0.0,0,1,1,0,Teen (18-24),0.3377583033213286,0.794280612244898,Medium,High,0,1,0,S1,High-Value Loyal
3678,32,Female,Backpack,Accessories,30.0,Michigan,M,Gray,Fall,2.8,0,Standard,0,0,43,Cash,Annually,0,1,organic_block,30.0,0,1,1,0,0.0,0,0,0,1,Young Adult (25-34),0.2811428571428571,0.5260357142857143,Low,Medium,0,0,0,S0,General Buyers
3679,56,Female,Shirt,Clothing,45.0,Texas,S,Beige,Fall,3.5,0,Standard,0,0,29,Bank Transfer,Fortnightly,0,26,organic_block,1170.0,0,0,0,0,0.0,0,0,0,0,Senior (50-70),0.3739775910364145,0.5622321428571428,Medium,Medium,0,0,1,S0,General Buyers
3680,53,Female,Coat,Outerwear,91.0,Idaho,M,Violet,Summer,2.5,0,Store Pickup,0,0,5,Cash,Bi-Weekly,0,26,organic_block,2366.0,1,0,0,1,0.0,0,0,0,1,Senior (50-70),0.1470388155262104,0.5810331632653061,Low,Medium,0,0,3,S0,General Buyers
3681,22,Female,Sunglasses,Accessories,36.0,Iowa,S,Blue,Winter,2.9,0,Standard,0,0,30,Debit Card,Quarterly,0,4,organic_block,144.0,0,1,0,0,0.0,0,0,0,1,Teen (18-24),0.2242569027611044,0.4919591836734694,Low,Medium,0,1,0,S0,General Buyers
3682,26,Female,Gloves,Accessories,73.0,Connecticut,Xl,Magenta,Fall,4.2,0,Next Day Air,0,0,33,Debit Card,Monthly,0,12,organic_block,876.0,0,0,0,0,0.0,0,1,0,0,Young Adult (25-34),0.3858399359743897,0.747140306122449,Medium,High,1,1,0,S0,General Buyers
3683,42,Female,Shirt,Clothing,60.0,Wyoming,M,Maroon,Fall,4.6,0,Store Pickup,0,0,46,Venmo,Bi-Weekly,0,26,organic_block,1560.0,0,0,1,0,0.0,0,1,1,0,Mid-Age (35-49),0.5660592236894757,0.7805918367346939,High,High,0,1,1,S0,General Buyers
3684,30,Female,Socks,Clothing,77.0,Mississippi,M,Purple,Winter,3.0,0,Free Shipping,0,0,17,Venmo,Fortnightly,0,26,organic_block,2002.0,0,0,0,0,0.0,0,0,0,0,Young Adult (25-34),0.2605082032813125,0.6110076530612245,Low,High,0,1,1,S0,General Buyers
3685,29,Female,Skirt,Clothing,86.0,Pennsylvania,L,Charcoal,Spring,4.4,0,Free Shipping,0,0,47,Credit Card,Bi-Weekly,0,26,organic_block,2236.0,1,0,1,0,0.0,0,1,0,0,Young Adult (25-34),0.5561816726690676,0.8874438775510204,High,High,0,1,1,S1,High-Value Loyal
3686,47,Female,Shorts,Clothing,42.0,Tennessee,L,Red,Summer,2.6,0,Standard,0,0,17,Cash,Bi-Weekly,0,26,organic_block,1092.0,0,0,0,0,0.0,0,0,0,1,Mid-Age (35-49),0.2285082032813125,0.4338826530612245,Low,Medium,0,0,1,S0,General Buyers
3687,59,Female,Sandals,Footwear,70.0,Louisiana,M,Charcoal,Spring,4.8,0,Free Shipping,0,0,17,Cash,Bi-Weekly,0,26,organic_block,1820.0,0,0,0,0,0.0,0,1,1,0,Senior (50-70),0.4045082032813125,0.6883826530612245,Medium,High,0,0,2,S0,General Buyers
3688,34,Female,Shirt,Clothing,44.0,Arkansas,L,Lavender,Summer,2.9,0,Next Day Air,0,0,28,Bank Transfer,Every 3 Months,0,4,organic_block,176.0,0,0,0,0,0.0,0,0,0,1,Young Adult (25-34),0.2120120048019207,0.5167551020408163,Low,Medium,1,0,1,S0,General Buyers
3689,52,Female,Sunglasses,Accessories,91.0,West Virginia,L,White,Spring,3.0,0,Next Day Air,0,0,8,Cash,Monthly,0,12,organic_block,1092.0,1,0,0,1,0.0,0,0,0,0,Senior (50-70),0.1367787114845938,0.6263392857142858,Low,High,1,0,0,S1,High-Value Loyal
3690,47,Female,Jewelry,Accessories,30.0,South Carolina,L,Red,Fall,4.5,0,Standard,0,0,8,Bank Transfer,Quarterly,0,4,organic_block,120.0,0,1,0,1,0.0,0,1,1,0,Mid-Age (35-49),0.217563025210084,0.4494642857142857,Low,Medium,0,0,0,S5,Low-Value Occasional
3691,24,Female,Blouse,Clothing,23.0,Kansas,S,Violet,Fall,3.7,0,Store Pickup,0,0,4,Bank Transfer,Bi-Weekly,0,26,organic_block,598.0,0,1,0,1,0.0,0,0,0,0,Teen (18-24),0.2369163665466186,0.3504311224489796,Low,Low,0,0,1,S5,Low-Value Occasional
3692,63,Female,Sandals,Footwear,21.0,Michigan,Xl,Orange,Summer,4.8,0,Next Day Air,0,0,24,Paypal,Weekly,0,52,organic_block,1092.0,0,1,0,0,0.0,0,1,1,0,Senior (50-70),0.5748163265306123,0.5097219387755102,High,Medium,1,1,2,S0,General Buyers
3693,59,Female,Coat,Outerwear,34.0,Alabama,L,Turquoise,Spring,4.8,0,Free Shipping,0,0,29,Cash,Fortnightly,0,26,organic_block,884.0,0,1,0,0,0.0,0,1,1,0,Senior (50-70),0.4779775910364145,0.5921071428571428,High,Medium,0,0,3,S0,General Buyers
3694,66,Female,Blouse,Clothing,46.0,South Dakota,M,Violet,Summer,4.7,0,2-Day Shipping,0,0,10,Venmo,Weekly,0,52,organic_block,2392.0,0,0,0,1,0.0,0,1,1,0,Senior (50-70),0.4811020408163265,0.5416683673469388,High,Medium,1,1,1,S0,General Buyers
3695,45,Female,Sweater,Clothing,41.0,Rhode Island,M,Blue,Winter,2.6,0,Express,0,0,11,Paypal,Bi-Weekly,0,26,organic_block,1066.0,0,0,0,1,0.0,0,0,0,1,Mid-Age (35-49),0.1917735094037615,0.3988954081632653,Low,Low,1,1,1,S0,General Buyers
3696,38,Female,Skirt,Clothing,33.0,Florida,M,White,Fall,4.6,0,Standard,0,0,18,Bank Transfer,Fortnightly,0,26,organic_block,858.0,0,1,0,0,0.0,0,1,1,0,Mid-Age (35-49),0.3946306522609043,0.519609693877551,Medium,Medium,0,0,1,S0,General Buyers
3697,63,Female,Blouse,Clothing,48.0,Connecticut,L,Turquoise,Fall,3.4,0,Next Day Air,0,0,26,Bank Transfer,Annually,0,1,organic_block,48.0,0,0,0,0,0.0,0,0,0,0,Senior (50-70),0.2250612244897959,0.5540510204081632,Low,Medium,1,0,1,S0,General Buyers
3698,55,Female,Hoodie,Clothing,66.0,Pennsylvania,L,Pink,Winter,3.0,0,Standard,0,0,39,Cash,Weekly,0,52,organic_block,3432.0,0,0,1,0,0.0,0,0,0,0,Senior (50-70),0.5226530612244898,0.6751275510204082,High,High,0,0,1,S0,General Buyers
3699,25,Female,Skirt,Clothing,54.0,California,Xl,Maroon,Spring,4.0,0,2-Day Shipping,0,0,4,Venmo,Annually,0,1,organic_block,54.0,0,0,0,1,0.0,0,1,0,0,Young Adult (25-34),0.1383673469387755,0.5040561224489796,Low,Medium,1,1,1,S0,General Buyers
3700,51,Female,Backpack,Accessories,55.0,Oklahoma,M,Olive,Fall,2.6,0,Store Pickup,0,0,24,Bank Transfer,Weekly,0,52,organic_block,2860.0,0,0,0,0,0.0,0,0,0,1,Senior (50-70),0.3988163265306123,0.5264719387755101,Medium,Medium,0,0,0,S0,General Buyers
3701,28,Female,Handbag,Accessories,84.0,North Dakota,Xl,Charcoal,Summer,3.4,0,Store Pickup,0,0,2,Bank Transfer,Every 3 Months,0,4,organic_block,336.0,1,0,0,1,0.0,0,0,0,0,Young Adult (25-34),0.092828331332533,0.5891020408163266,Low,Medium,0,0,0,S0,General Buyers
3702,46,Female,Sandals,Footwear,66.0,New Mexico,M,Charcoal,Spring,4.5,0,Store Pickup,0,0,36,Cash,Annually,0,1,organic_block,66.0,0,0,0,0,0.0,0,1,1,0,Mid-Age (35-49),0.3742857142857143,0.7498214285714285,Medium,High,0,0,2,S0,General Buyers
3703,58,Female,Shoes,Footwear,65.0,South Carolina,M,Indigo,Spring,2.7,0,Store Pickup,0,0,36,Venmo,Weekly,0,52,organic_block,3380.0,0,0,0,0,0.0,0,0,0,1,Senior (50-70),0.4802857142857143,0.6374464285714285,High,High,0,1,2,S0,General Buyers
3704,30,Female,Sandals,Footwear,83.0,Michigan,S,Teal,Fall,2.9,0,Standard,0,0,23,Paypal,Every 3 Months,0,4,organic_block,332.0,1,0,0,0,0.0,0,0,0,1,Young Adult (25-34),0.1813997599039616,0.6618698979591837,Low,High,0,1,2,S1,High-Value Loyal
3705,68,Female,Sunglasses,Accessories,61.0,Missouri,L,Black,Winter,4.0,0,Store Pickup,0,0,36,Credit Card,Quarterly,0,4,organic_block,244.0,0,0,0,0,0.0,0,1,0,0,Senior (50-70),0.3489915966386554,0.6979464285714285,Medium,High,0,1,0,S0,General Buyers
3706,28,Female,Skirt,Clothing,65.0,Colorado,L,Teal,Summer,3.2,0,Free Shipping,0,0,2,Debit Card,Annually,0,1,organic_block,65.0,0,0,0,1,0.0,0,0,0,0,Young Adult (25-34),0.0621224489795918,0.4939770408163265,Low,Medium,0,1,1,S0,General Buyers
3707,26,Female,Sandals,Footwear,55.0,Kansas,M,Green,Spring,4.0,0,Store Pickup,0,0,17,Cash,Bi-Weekly,0,26,organic_block,1430.0,0,0,0,0,0.0,0,1,0,0,Young Adult (25-34),0.3405082032813125,0.5747576530612245,Medium,Medium,0,0,2,S0,General Buyers
3708,35,Female,Gloves,Accessories,79.0,Illinois,M,Gold,Fall,3.4,0,2-Day Shipping,0,0,19,Venmo,Weekly,0,52,organic_block,4108.0,0,0,0,0,0.0,0,0,0,0,Mid-Age (35-49),0.432204081632653,0.6539617346938775,Medium,High,1,1,0,S0,General Buyers
3709,40,Female,Hoodie,Clothing,96.0,South Carolina,M,Red,Fall,4.9,0,Express,0,0,41,Paypal,Monthly,0,12,organic_block,1152.0,1,0,1,0,0.0,0,1,1,0,Mid-Age (35-49),0.4908195278111245,0.9305816326530612,High,High,1,1,1,S1,High-Value Loyal
3710,31,Female,Socks,Clothing,43.0,Utah,M,Silver,Fall,3.6,0,Free Shipping,0,0,27,Paypal,Quarterly,0,4,organic_block,172.0,0,0,0,0,0.0,0,0,0,0,Young Adult (25-34),0.261889555822329,0.5492780612244899,Low,Medium,0,1,1,S0,General Buyers
3711,60,Female,Jewelry,Accessories,40.0,Hawaii,M,Yellow,Summer,3.6,0,2-Day Shipping,0,0,32,Bank Transfer,Fortnightly,0,26,organic_block,1040.0,0,0,0,0,0.0,0,0,0,0,Senior (50-70),0.4003449379751901,0.5616632653061224,Medium,Medium,1,0,0,S0,General Buyers
3712,69,Female,Hat,Accessories,62.0,Texas,Xl,Peach,Fall,3.2,0,Free Shipping,0,0,33,Cash,Annually,0,1,organic_block,62.0,0,0,0,0,0.0,0,0,0,0,Senior (50-70),0.2519183673469388,0.6390153061224491,Low,High,0,0,0,S0,General Buyers
3713,51,Female,Blouse,Clothing,72.0,Oregon,M,Turquoise,Spring,3.7,0,2-Day Shipping,0,0,24,Paypal,Quarterly,0,4,organic_block,288.0,0,0,0,0,0.0,0,0,0,0,Senior (50-70),0.2515222088835535,0.6668469387755103,Low,High,1,1,1,S0,General Buyers
3714,49,Female,Shoes,Footwear,87.0,Arizona,M,Peach,Spring,2.6,0,Express,0,0,31,Debit Card,Every 3 Months,0,4,organic_block,348.0,1,0,0,0,0.0,0,0,0,1,Mid-Age (35-49),0.2063793517406963,0.7021862244897958,Low,High,1,1,2,S1,High-Value Loyal
3715,18,Female,Hat,Accessories,31.0,New York,S,Peach,Winter,3.9,0,Express,0,0,35,Credit Card,Weekly,0,52,organic_block,1612.0,0,1,0,0,0.0,0,0,0,0,Teen (18-24),0.5701632653061224,0.5555943877551021,High,Medium,1,1,0,S0,General Buyers
3716,63,Female,Sunglasses,Accessories,34.0,Nebraska,S,Orange,Fall,3.4,0,Free Shipping,0,0,2,Bank Transfer,Monthly,0,12,organic_block,408.0,0,1,0,1,0.0,0,0,0,0,Senior (50-70),0.1320440176070428,0.3703520408163265,Low,Low,0,0,0,S5,Low-Value Occasional
3717,57,Female,Shirt,Clothing,53.0,Vermont,M,Charcoal,Fall,3.4,0,Next Day Air,0,0,42,Debit Card,Every 3 Months,0,4,organic_block,212.0,0,0,1,0,0.0,0,0,0,0,Senior (50-70),0.3377262905162065,0.6575586734693878,Medium,High,1,1,1,S0,General Buyers
3718,45,Female,T-Shirt,Clothing,85.0,Maryland,Xl,White,Summer,4.2,0,Express,0,0,47,Bank Transfer,Every 3 Months,0,4,organic_block,340.0,1,0,1,0,0.0,0,1,0,0,Mid-Age (35-49),0.4323385354141656,0.8710688775510204,Medium,High,1,0,1,S1,High-Value Loyal
3719,36,Female,Pants,Clothing,50.0,Tennessee,L,Turquoise,Fall,2.9,0,Standard,0,0,44,Bank Transfer,Bi-Weekly,0,26,organic_block,1300.0,0,0,1,0,0.0,0,0,0,1,Mid-Age (35-49),0.4178143257302921,0.6246377551020408,Medium,High,0,0,1,S0,General Buyers
3720,20,Female,Pants,Clothing,91.0,Pennsylvania,M,Red,Summer,4.1,0,Free Shipping,0,0,8,Bank Transfer,Every 3 Months,0,4,organic_block,364.0,1,0,0,1,0.0,0,1,0,0,Teen (18-24),0.185563025210084,0.6923392857142857,Low,High,0,0,1,S1,High-Value Loyal
3721,21,Female,Hat,Accessories,56.0,South Carolina,M,Peach,Fall,3.6,0,Free Shipping,0,0,13,Credit Card,Quarterly,0,4,organic_block,224.0,0,0,0,1,0.0,0,0,0,0,Teen (18-24),0.1761752701080432,0.5347244897959184,Low,Medium,0,1,0,S0,General Buyers
3722,62,Female,Coat,Outerwear,60.0,Connecticut,L,Pink,Fall,4.0,0,Next Day Air,0,0,10,Cash,Annually,0,1,organic_block,60.0,0,0,0,1,0.0,0,1,0,0,Senior (50-70),0.1751020408163265,0.5609183673469388,Low,Medium,1,0,3,S0,General Buyers
3723,23,Female,Jacket,Outerwear,34.0,Kentucky,Xl,Yellow,Fall,4.0,0,Standard,0,0,1,Credit Card,Fortnightly,0,26,organic_block,884.0,0,1,0,1,0.0,0,1,0,0,Teen (18-24),0.2425490196078431,0.40125,Low,Low,0,1,3,S5,Low-Value Occasional
3724,26,Female,Sandals,Footwear,30.0,Rhode Island,M,Beige,Spring,3.6,0,Free Shipping,0,0,1,Debit Card,Monthly,0,12,organic_block,360.0,0,1,0,1,0.0,0,0,0,0,Young Adult (25-34),0.141921568627451,0.35975,Low,Low,0,1,2,S5,Low-Value Occasional
3725,30,Female,Gloves,Accessories,71.0,Colorado,L,Green,Winter,3.1,0,Express,0,0,18,Bank Transfer,Annually,0,1,organic_block,71.0,0,0,0,0,0.0,0,0,0,0,Young Adult (25-34),0.1520816326530612,0.595859693877551,Low,Medium,1,0,0,S0,General Buyers
3726,18,Female,Dress,Clothing,100.0,Oklahoma,S,Turquoise,Winter,4.4,0,Next Day Air,0,0,2,Paypal,Annually,0,1,organic_block,100.0,1,0,0,1,0.0,0,1,0,0,Teen (18-24),0.1581224489795918,0.7191020408163266,Low,High,1,1,1,S1,High-Value Loyal
3727,47,Female,Belt,Accessories,85.0,Idaho,Xl,Orange,Fall,4.3,0,Next Day Air,0,0,36,Debit Card,Every 3 Months,0,4,organic_block,340.0,1,0,0,0,0.0,0,1,0,0,Mid-Age (35-49),0.3729915966386554,0.8209464285714285,Medium,High,1,1,0,S1,High-Value Loyal
3728,41,Female,Socks,Clothing,83.0,Maine,M,Gold,Summer,3.5,0,Next Day Air,0,0,17,Debit Card,Bi-Weekly,0,26,organic_block,2158.0,1,0,0,0,0.0,0,0,0,0,Mid-Age (35-49),0.3005082032813125,0.6672576530612244,Low,High,1,1,1,S1,High-Value Loyal
3729,62,Female,Jacket,Outerwear,31.0,Vermont,L,Red,Winter,3.0,0,Standard,0,0,1,Debit Card,Annually,0,1,organic_block,31.0,0,1,0,1,0.0,0,0,0,0,Senior (50-70),0.04,0.328125,Low,Low,0,1,3,S5,Low-Value Occasional
3730,28,Female,Boots,Footwear,82.0,Rhode Island,M,Teal,Spring,4.7,0,2-Day Shipping,0,0,50,Cash,Quarterly,0,4,organic_block,328.0,1,0,1,0,0.0,0,1,1,0,Young Adult (25-34),0.4907058823529412,0.90325,High,High,1,0,2,S1,High-Value Loyal
3731,46,Female,Shirt,Clothing,79.0,Florida,M,Teal,Summer,2.5,0,2-Day Shipping,0,0,3,Credit Card,Bi-Weekly,0,26,organic_block,2054.0,0,0,0,1,0.0,0,0,0,1,Mid-Age (35-49),0.1347939175670268,0.5183290816326531,Low,Medium,1,1,1,S0,General Buyers
3732,54,Female,Hat,Accessories,62.0,West Virginia,M,Lavender,Spring,3.1,0,2-Day Shipping,0,0,45,Paypal,Quarterly,0,4,organic_block,248.0,0,0,1,0,0.0,0,0,0,0,Senior (50-70),0.332093637454982,0.6942397959183674,Medium,High,1,1,0,S0,General Buyers
3733,36,Female,Shoes,Footwear,92.0,Indiana,L,Pink,Spring,3.3,0,Free Shipping,0,0,28,Paypal,Annually,0,1,organic_block,92.0,1,0,0,0,0.0,0,0,0,0,Mid-Age (35-49),0.2293061224489795,0.7507551020408163,Low,High,0,1,2,S1,High-Value Loyal
3734,25,Female,Socks,Clothing,58.0,Illinois,M,Maroon,Fall,4.7,0,Next Day Air,0,0,6,Debit Card,Every 3 Months,0,4,organic_block,232.0,0,0,0,1,0.0,0,1,1,0,Young Adult (25-34),0.2213181272509004,0.5737602040816326,Low,Medium,1,1,1,S0,General Buyers
3735,38,Female,Hoodie,Clothing,88.0,California,M,Beige,Spring,3.4,0,Next Day Air,0,0,33,Debit Card,Every 3 Months,0,4,organic_block,352.0,1,0,0,0,0.0,0,0,0,0,Mid-Age (35-49),0.2826242496998799,0.764765306122449,Low,High,1,1,1,S1,High-Value Loyal
3736,38,Female,Sandals,Footwear,44.0,Massachusetts,L,Orange,Spring,3.1,0,2-Day Shipping,0,0,29,Paypal,Annually,0,1,organic_block,44.0,0,0,0,0,0.0,0,0,0,0,Mid-Age (35-49),0.2194285714285714,0.5338571428571428,Low,Medium,1,1,2,S0,General Buyers
3737,42,Female,Jeans,Clothing,56.0,Idaho,M,Red,Spring,4.6,0,Store Pickup,0,0,2,Paypal,Every 3 Months,0,4,organic_block,224.0,0,0,0,1,0.0,0,1,1,0,Mid-Age (35-49),0.188828331332533,0.5386020408163266,Low,Medium,0,1,1,S0,General Buyers
3738,19,Female,Jewelry,Accessories,23.0,Kentucky,S,Maroon,Winter,4.9,0,Free Shipping,0,0,43,Paypal,Bi-Weekly,0,26,organic_block,598.0,0,1,1,0,0.0,0,1,1,0,Teen (18-24),0.5716918767507003,0.6214107142857143,High,High,0,1,0,S0,General Buyers
3739,34,Female,Shorts,Clothing,45.0,Delaware,M,Brown,Spring,2.7,0,Free Shipping,0,0,48,Cash,Fortnightly,0,26,organic_block,1170.0,0,0,1,0,0.0,0,0,0,1,Young Adult (25-34),0.4263041216486594,0.6111709183673469,Medium,High,0,0,1,S0,General Buyers
3740,38,Female,Sunglasses,Accessories,31.0,Idaho,M,Olive,Fall,4.2,0,Free Shipping,0,0,43,Credit Card,Weekly,0,52,organic_block,1612.0,0,1,1,0,0.0,0,1,0,0,Mid-Age (35-49),0.6431428571428571,0.6144107142857143,High,High,0,1,0,S0,General Buyers
3741,42,Female,Pants,Clothing,96.0,Virginia,M,Silver,Summer,2.6,0,Store Pickup,0,0,26,Debit Card,Bi-Weekly,0,26,organic_block,2496.0,1,0,0,0,0.0,0,0,0,1,Mid-Age (35-49),0.2836102440976391,0.7160510204081633,Low,High,0,1,1,S1,High-Value Loyal
3742,58,Female,Shirt,Clothing,96.0,Arizona,M,Purple,Spring,3.2,0,2-Day Shipping,0,0,26,Debit Card,Bi-Weekly,0,26,organic_block,2496.0,1,0,0,0,0.0,0,0,0,0,Senior (50-70),0.331610244097639,0.7520510204081633,Medium,High,1,1,1,S1,High-Value Loyal
3743,56,Female,Shirt,Clothing,80.0,Maryland,M,Gray,Fall,4.4,0,Standard,0,0,50,Credit Card,Bi-Weekly,0,26,organic_block,2080.0,0,0,1,0,0.0,0,1,0,0,Senior (50-70),0.5745490196078431,0.8765,High,High,0,1,1,S0,General Buyers
3744,62,Female,Pants,Clothing,28.0,Idaho,L,Cyan,Fall,3.6,0,Free Shipping,0,0,36,Debit Card,Quarterly,0,4,organic_block,112.0,0,1,0,0,0.0,0,0,0,0,Senior (50-70),0.3169915966386555,0.5295714285714286,Medium,Medium,0,1,1,S0,General Buyers
3745,24,Female,Hoodie,Clothing,51.0,New Jersey,M,Gray,Summer,2.7,0,Next Day Air,0,0,26,Bank Transfer,Fortnightly,0,26,organic_block,1326.0,0,0,0,0,0.0,0,0,0,1,Teen (18-24),0.2916102440976391,0.5251760204081632,Low,Medium,1,0,1,S0,General Buyers
3746,60,Female,Socks,Clothing,41.0,Washington,L,Gold,Spring,4.3,0,Express,0,0,2,Debit Card,Monthly,0,12,organic_block,492.0,0,0,0,1,0.0,0,1,0,0,Senior (50-70),0.2040440176070428,0.4549770408163265,Low,Medium,1,1,1,S0,General Buyers
3747,53,Female,Coat,Outerwear,99.0,Idaho,Xl,Cyan,Summer,2.6,0,Next Day Air,0,0,49,Paypal,Monthly,0,12,organic_block,1188.0,1,0,1,0,0.0,0,0,0,1,Senior (50-70),0.3557991196478591,0.8465229591836735,Medium,High,1,1,3,S1,High-Value Loyal
3748,26,Female,Sweater,Clothing,53.0,Rhode Island,L,Olive,Spring,4.3,0,Store Pickup,0,0,32,Bank Transfer,Bi-Weekly,0,26,organic_block,1378.0,0,0,0,0,0.0,0,1,0,0,Young Adult (25-34),0.45634493797519,0.6605382653061224,Medium,High,0,0,1,S0,General Buyers
3749,34,Female,Backpack,Accessories,25.0,Delaware,M,Violet,Fall,3.9,0,2-Day Shipping,0,0,3,Venmo,Annually,0,1,organic_block,25.0,0,1,0,1,0.0,0,0,0,0,Young Adult (25-34),0.1242448979591836,0.366079081632653,Low,Low,1,1,0,S5,Low-Value Occasional
3750,24,Female,Blouse,Clothing,95.0,Alaska,L,Yellow,Winter,2.9,0,2-Day Shipping,0,0,38,Venmo,Every 3 Months,0,4,organic_block,380.0,1,0,1,0,0.0,0,0,0,1,Teen (18-24),0.2732364945978391,0.7909005102040816,Low,High,1,1,1,S1,High-Value Loyal
3751,42,Female,Hoodie,Clothing,88.0,Arizona,M,Gold,Fall,3.1,0,Free Shipping,0,0,5,Paypal,Monthly,0,12,organic_block,1056.0,1,0,0,1,0.0,0,0,0,0,Mid-Age (35-49),0.1264113645458183,0.6039081632653062,Low,High,0,1,1,S1,High-Value Loyal
3752,36,Female,Jewelry,Accessories,97.0,Alabama,S,Silver,Fall,4.2,0,Free Shipping,0,0,8,Credit Card,Every 3 Months,0,4,organic_block,388.0,1,0,0,1,0.0,0,1,0,0,Mid-Age (35-49),0.193563025210084,0.7245892857142856,Low,High,0,1,0,S1,High-Value Loyal
3753,24,Female,Coat,Outerwear,81.0,Washington,L,Pink,Winter,4.1,0,2-Day Shipping,0,0,43,Venmo,Weekly,0,52,organic_block,4212.0,1,0,1,0,0.0,0,1,0,0,Teen (18-24),0.6351428571428571,0.8271607142857142,High,High,1,1,3,S1,High-Value Loyal
3754,39,Female,Sunglasses,Accessories,26.0,Louisiana,S,Turquoise,Winter,4.2,0,Next Day Air,0,0,22,Bank Transfer,Fortnightly,0,26,organic_block,676.0,0,1,0,0,0.0,0,1,0,0,Mid-Age (35-49),0.3871204481792717,0.4853928571428572,Medium,Medium,1,0,0,S0,General Buyers
3755,46,Female,Shoes,Footwear,41.0,Nebraska,M,Turquoise,Summer,4.4,0,Express,0,0,10,Cash,Every 3 Months,0,4,organic_block,164.0,0,0,0,1,0.0,0,1,0,0,Mid-Age (35-49),0.2218079231692677,0.5017933673469388,Low,Medium,1,0,2,S0,General Buyers
3756,64,Female,Skirt,Clothing,93.0,Pennsylvania,M,Peach,Fall,3.4,0,Free Shipping,0,0,26,Credit Card,Monthly,0,12,organic_block,1116.0,1,0,0,0,0.0,0,0,0,0,Senior (50-70),0.2789827931172469,0.7509260204081633,Low,High,0,1,1,S1,High-Value Loyal
3757,64,Female,Skirt,Clothing,69.0,South Carolina,L,Teal,Spring,4.8,0,Express,0,0,42,Debit Card,Bi-Weekly,0,26,organic_block,1794.0,0,0,1,0,0.0,0,1,1,0,Senior (50-70),0.5575694277711085,0.8115586734693878,High,High,1,1,1,S0,General Buyers
3758,61,Female,Skirt,Clothing,44.0,California,L,Red,Fall,4.5,0,2-Day Shipping,0,0,33,Cash,Weekly,0,52,organic_block,2288.0,0,0,0,0,0.0,0,1,1,0,Senior (50-70),0.6059183673469388,0.6382653061224489,High,High,1,0,1,S0,General Buyers
3759,61,Female,Sandals,Footwear,54.0,Indiana,S,Black,Spring,2.7,0,Store Pickup,0,0,23,Bank Transfer,Quarterly,0,4,organic_block,216.0,0,0,0,0,0.0,0,0,0,1,Senior (50-70),0.1653997599039616,0.5229948979591836,Low,Medium,0,0,2,S0,General Buyers
3760,44,Female,Sneakers,Footwear,61.0,Missouri,M,Pink,Spring,3.5,0,Store Pickup,0,0,30,Venmo,Quarterly,0,4,organic_block,244.0,0,0,0,0,0.0,0,0,0,0,Mid-Age (35-49),0.2722569027611045,0.6373341836734694,Low,High,0,1,2,S0,General Buyers
3761,65,Female,Socks,Clothing,80.0,Connecticut,M,Peach,Fall,3.1,0,Next Day Air,0,0,36,Paypal,Weekly,0,52,organic_block,4160.0,0,0,0,0,0.0,0,0,0,0,Senior (50-70),0.5122857142857143,0.7270714285714286,High,High,1,1,1,S0,General Buyers
3762,60,Female,Backpack,Accessories,30.0,Nevada,M,Green,Summer,2.8,0,Next Day Air,0,0,3,Venmo,Every 3 Months,0,4,organic_block,120.0,0,1,0,1,0.0,0,0,0,1,Senior (50-70),0.0509507803121248,0.321954081632653,Low,Low,1,1,0,S5,Low-Value Occasional
3763,65,Female,Shorts,Clothing,94.0,New York,L,Green,Fall,2.9,0,Store Pickup,0,0,13,Paypal,Annually,0,1,organic_block,94.0,1,0,0,1,0.0,0,0,0,1,Senior (50-70),0.105469387755102,0.6589744897959184,Low,High,0,1,1,S1,High-Value Loyal
3764,27,Female,Shirt,Clothing,24.0,Oklahoma,Xl,Red,Winter,4.5,0,Standard,0,0,38,Cash,Every 3 Months,0,4,organic_block,96.0,0,1,1,0,0.0,0,1,1,0,Young Adult (25-34),0.4012364945978391,0.5762755102040816,Medium,Medium,0,0,1,S0,General Buyers
3765,36,Female,Socks,Clothing,21.0,South Dakota,M,Maroon,Fall,3.5,0,Next Day Air,0,0,19,Venmo,Monthly,0,12,organic_block,252.0,0,1,0,0,0.0,0,0,0,0,Mid-Age (35-49),0.244125650260104,0.4062117346938775,Low,Low,1,1,1,S0,General Buyers
3766,22,Female,Jewelry,Accessories,52.0,Missouri,M,Green,Summer,4.3,0,Standard,0,0,14,Bank Transfer,Bi-Weekly,0,26,organic_block,1352.0,0,0,0,0,0.0,0,1,0,0,Teen (18-24),0.346140856342537,0.5643265306122449,Medium,Medium,0,0,0,S0,General Buyers
3767,62,Female,Handbag,Accessories,59.0,Texas,M,Black,Fall,4.9,0,Next Day Air,0,0,43,Debit Card,Annually,0,1,organic_block,59.0,0,0,1,0,0.0,0,1,1,0,Senior (50-70),0.4491428571428572,0.7789107142857142,Medium,High,1,1,0,S0,General Buyers
3768,59,Female,Shorts,Clothing,51.0,New York,Xl,Black,Summer,3.1,0,Free Shipping,0,0,10,Bank Transfer,Fortnightly,0,26,organic_block,1326.0,0,0,0,1,0.0,0,0,0,0,Senior (50-70),0.2256510604241696,0.4675433673469388,Low,Medium,0,0,1,S0,General Buyers
3769,50,Female,Sweater,Clothing,35.0,Vermont,M,Yellow,Winter,4.0,0,Free Shipping,0,0,34,Bank Transfer,Quarterly,0,4,organic_block,140.0,0,1,0,0,0.0,0,1,0,0,Senior (50-70),0.3367466986794717,0.5739923469387754,Medium,Medium,0,0,1,S0,General Buyers
3770,51,Female,Gloves,Accessories,87.0,Arizona,L,Green,Summer,3.6,0,Standard,0,0,31,Venmo,Annually,0,1,organic_block,87.0,1,0,0,0,0.0,0,0,0,0,Senior (50-70),0.2716734693877551,0.7621862244897959,Low,High,0,1,0,S1,High-Value Loyal
3771,23,Female,Pants,Clothing,42.0,Montana,L,Black,Summer,4.0,0,Store Pickup,0,0,34,Bank Transfer,Weekly,0,52,organic_block,2184.0,0,0,0,0,0.0,0,1,0,0,Teen (18-24),0.5720408163265306,0.6046173469387754,High,High,0,0,1,S0,General Buyers
3772,21,Female,T-Shirt,Clothing,86.0,Oklahoma,M,Red,Winter,2.6,0,Express,0,0,28,Venmo,Bi-Weekly,0,26,organic_block,2236.0,1,0,0,0,0.0,0,0,0,1,Teen (18-24),0.2958551420568227,0.6825051020408163,Low,High,1,1,1,S1,High-Value Loyal
3773,44,Female,Pants,Clothing,26.0,New Hampshire,L,Yellow,Fall,3.1,0,Next Day Air,0,0,35,Cash,Annually,0,1,organic_block,26.0,0,1,0,0,0.0,0,0,0,0,Mid-Age (35-49),0.2561632653061224,0.485719387755102,Low,Medium,1,0,1,S0,General Buyers
3774,25,Female,Sweater,Clothing,60.0,Wisconsin,M,Violet,Summer,3.5,0,Store Pickup,0,0,41,Cash,Quarterly,0,4,organic_block,240.0,0,0,1,0,0.0,0,0,0,0,Young Adult (25-34),0.3396038415366146,0.6890816326530613,Medium,High,0,0,1,S0,General Buyers
3775,57,Female,Gloves,Accessories,83.0,Alaska,S,Cyan,Winter,3.9,0,Standard,0,0,48,Paypal,Fortnightly,0,26,organic_block,2158.0,1,0,1,0,0.0,0,0,0,0,Senior (50-70),0.5223041216486595,0.8494209183673468,High,High,0,1,0,S1,High-Value Loyal
3776,41,Female,Belt,Accessories,63.0,South Dakota,S,Pink,Spring,2.7,0,2-Day Shipping,0,0,45,Cash,Quarterly,0,4,organic_block,252.0,0,0,1,0,0.0,0,0,0,1,Mid-Age (35-49),0.300093637454982,0.6746147959183674,Low,High,1,0,0,S0,General Buyers
3777,19,Female,Sneakers,Footwear,25.0,Alaska,L,Olive,Spring,4.1,0,Standard,0,0,10,Credit Card,Fortnightly,0,26,organic_block,650.0,0,1,0,1,0.0,0,1,0,0,Teen (18-24),0.3056510604241697,0.4137933673469387,Medium,Low,0,1,2,S5,Low-Value Occasional
3778,43,Female,Shorts,Clothing,65.0,Utah,M,Maroon,Fall,4.3,0,Express,0,0,9,Cash,Weekly,0,52,organic_block,3380.0,0,0,0,1,0.0,0,1,0,0,Mid-Age (35-49),0.4429795918367346,0.5956913265306122,Medium,Medium,1,0,1,S0,General Buyers
3779,25,Female,Sneakers,Footwear,60.0,South Dakota,M,Cyan,Fall,2.9,0,Free Shipping,0,0,30,Debit Card,Annually,0,1,organic_block,60.0,0,0,0,0,0.0,0,0,0,1,Young Adult (25-34),0.2095510204081632,0.5969591836734693,Low,Medium,0,1,2,S0,General Buyers
3780,60,Female,Jeans,Clothing,75.0,California,Xl,Lavender,Spring,4.0,0,Express,0,0,45,Paypal,Annually,0,1,organic_block,75.0,0,0,1,0,0.0,0,1,0,0,Senior (50-70),0.3893877551020408,0.8051147959183673,Medium,High,1,1,1,S0,General Buyers
3781,54,Female,Sneakers,Footwear,57.0,Mississippi,L,Yellow,Fall,4.1,0,Free Shipping,0,0,41,Venmo,Quarterly,0,4,organic_block,228.0,0,0,1,0,0.0,0,1,0,0,Senior (50-70),0.3876038415366146,0.7119566326530612,Medium,High,0,1,2,S0,General Buyers
3782,52,Female,Boots,Footwear,99.0,Tennessee,M,Pink,Winter,3.7,0,Standard,0,0,40,Paypal,Fortnightly,0,26,organic_block,2574.0,1,0,1,0,0.0,0,0,0,0,Senior (50-70),0.4573245298119248,0.8666045918367347,Medium,High,0,1,2,S1,High-Value Loyal
3783,40,Female,Jacket,Outerwear,45.0,Alabama,L,Orange,Spring,2.8,0,Free Shipping,0,0,42,Paypal,Fortnightly,0,26,organic_block,1170.0,0,0,1,0,0.0,0,0,0,1,Mid-Age (35-49),0.3975694277711084,0.5865586734693877,Medium,Medium,0,1,3,S0,General Buyers
3784,39,Female,Gloves,Accessories,66.0,Maine,Xl,Orange,Summer,3.2,0,Free Shipping,0,0,17,Debit Card,Fortnightly,0,26,organic_block,1716.0,0,0,0,0,0.0,0,0,0,0,Mid-Age (35-49),0.2765082032813125,0.5748826530612245,Low,Medium,0,1,0,S0,General Buyers
3785,54,Female,Socks,Clothing,53.0,Virginia,M,Violet,Winter,4.5,0,Next Day Air,0,0,4,Venmo,Annually,0,1,organic_block,53.0,0,0,0,1,0.0,0,1,1,0,Senior (50-70),0.1783673469387755,0.5296811224489796,Low,Medium,1,1,1,S0,General Buyers
3786,64,Female,Jeans,Clothing,94.0,New Hampshire,L,Lavender,Winter,3.8,0,Standard,0,0,6,Cash,Monthly,0,12,organic_block,1128.0,1,0,0,1,0.0,0,0,0,0,Senior (50-70),0.1885338135254101,0.6772602040816326,Low,High,0,0,1,S1,High-Value Loyal
3787,31,Female,Boots,Footwear,47.0,Tennessee,L,Yellow,Fall,3.6,0,2-Day Shipping,0,0,22,Venmo,Weekly,0,52,organic_block,2444.0,0,0,0,0,0.0,0,0,0,0,Young Adult (25-34),0.4665714285714286,0.5412678571428571,High,Medium,1,1,2,S0,General Buyers
3788,37,Female,Blouse,Clothing,80.0,New York,M,Pink,Fall,3.6,0,2-Day Shipping,0,0,46,Paypal,Every 3 Months,0,4,organic_block,320.0,0,0,1,0,0.0,0,0,0,0,Mid-Age (35-49),0.3782160864345738,0.8080918367346939,Medium,High,1,1,1,S0,General Buyers
3789,43,Female,Hat,Accessories,65.0,Kansas,Xl,Teal,Spring,3.2,0,Next Day Air,0,0,27,Debit Card,Monthly,0,12,organic_block,780.0,0,0,0,0,0.0,0,0,0,0,Mid-Age (35-49),0.2691052420968387,0.6215280612244898,Low,High,1,1,0,S0,General Buyers
3790,56,Female,Shirt,Clothing,75.0,North Dakota,M,Magenta,Summer,3.8,0,Express,0,0,18,Bank Transfer,Every 3 Months,0,4,organic_block,300.0,0,0,0,0,0.0,0,0,0,0,Senior (50-70),0.2227875150060023,0.6553596938775509,Low,High,1,0,1,S0,General Buyers
3791,27,Female,Handbag,Accessories,45.0,Alaska,Xl,Beige,Summer,4.4,0,Standard,0,0,31,Credit Card,Weekly,0,52,organic_block,2340.0,0,0,0,0,0.0,0,1,0,0,Young Adult (25-34),0.5856734693877551,0.626436224489796,High,High,0,1,0,S0,General Buyers
3792,40,Female,Sunglasses,Accessories,51.0,Texas,M,Gray,Spring,3.7,0,Store Pickup,0,0,1,Venmo,Weekly,0,52,organic_block,2652.0,0,0,0,1,0.0,0,0,0,0,Mid-Age (35-49),0.346,0.457625,Medium,Medium,0,1,0,S0,General Buyers
3793,43,Female,Scarf,Accessories,58.0,Massachusetts,S,Turquoise,Summer,2.6,0,Express,0,0,2,Paypal,Fortnightly,0,26,organic_block,1508.0,0,0,0,1,0.0,0,0,0,1,Mid-Age (35-49),0.1366714685874349,0.4273520408163265,Low,Low,1,1,0,S0,General Buyers
3794,62,Female,Sunglasses,Accessories,20.0,Delaware,M,Pink,Fall,4.0,0,Standard,0,0,46,Bank Transfer,Annually,0,1,organic_block,20.0,0,1,1,0,0.0,0,1,0,0,Senior (50-70),0.3955102040816326,0.5695918367346938,Medium,Medium,0,0,0,S0,General Buyers
3795,44,Female,Scarf,Accessories,82.0,South Dakota,M,Violet,Summer,3.6,0,2-Day Shipping,0,0,27,Venmo,Weekly,0,52,organic_block,4264.0,1,0,0,0,0.0,0,0,0,0,Mid-Age (35-49),0.4971836734693878,0.7199030612244899,High,High,1,1,0,S1,High-Value Loyal
3796,45,Female,Gloves,Accessories,92.0,Arkansas,M,Charcoal,Spring,2.5,0,Express,0,0,3,Cash,Weekly,0,52,organic_block,4784.0,1,0,0,1,0.0,0,0,0,1,Mid-Age (35-49),0.2622448979591836,0.5752040816326531,Low,Medium,1,0,0,S0,General Buyers
3797,40,Female,Shorts,Clothing,81.0,Utah,M,Lavender,Fall,3.2,0,Free Shipping,0,0,47,Bank Transfer,Quarterly,0,4,organic_block,324.0,1,0,1,0,0.0,0,0,0,0,Mid-Age (35-49),0.3523385354141657,0.7935688775510205,Medium,High,0,0,1,S1,High-Value Loyal
3798,68,Female,Sunglasses,Accessories,44.0,California,M,Gray,Summer,2.5,0,Next Day Air,0,0,20,Cash,Quarterly,0,4,organic_block,176.0,0,0,0,0,0.0,0,0,0,1,Senior (50-70),0.131032412965186,0.451938775510204,Low,Medium,1,0,0,S0,General Buyers
3799,63,Female,Jewelry,Accessories,72.0,Rhode Island,S,Brown,Winter,3.2,0,Next Day Air,0,0,23,Credit Card,Annually,0,1,organic_block,72.0,0,0,0,0,0.0,0,0,0,0,Senior (50-70),0.1906938775510204,0.6317448979591838,Low,High,1,1,0,S0,General Buyers
3800,60,Female,Jacket,Outerwear,26.0,Oklahoma,L,Violet,Winter,2.6,0,Store Pickup,0,0,13,Credit Card,Monthly,0,12,organic_block,312.0,0,1,0,1,0.0,0,0,0,1,Senior (50-70),0.135390956382553,0.3434744897959184,Low,Low,0,1,3,S5,Low-Value Occasional
3801,19,Female,Sweater,Clothing,26.0,Vermont,M,Turquoise,Fall,4.8,0,Next Day Air,0,0,12,Venmo,Bi-Weekly,0,26,organic_block,676.0,0,1,0,1,0.0,0,1,1,0,Teen (18-24),0.3738959583833533,0.4703724489795918,Medium,Medium,1,1,1,S5,Low-Value Occasional
3802,26,Female,Blouse,Clothing,84.0,Kentucky,M,Peach,Spring,5.0,0,Store Pickup,0,0,36,Paypal,Fortnightly,0,26,organic_block,2184.0,1,0,0,0,0.0,0,1,1,0,Young Adult (25-34),0.5368347338935574,0.8585714285714285,High,High,0,1,1,S1,High-Value Loyal
3803,70,Female,Scarf,Accessories,72.0,Illinois,S,Turquoise,Spring,3.2,0,2-Day Shipping,0,0,1,Bank Transfer,Monthly,0,12,organic_block,864.0,0,0,0,1,0.0,0,0,0,0,Senior (50-70),0.109921568627451,0.5195,Low,Medium,1,0,0,S0,General Buyers
3804,48,Female,Handbag,Accessories,55.0,Connecticut,M,Violet,Spring,3.6,0,Standard,0,0,14,Debit Card,Weekly,0,52,organic_block,2860.0,0,0,0,0,0.0,0,0,0,0,Mid-Age (35-49),0.4175918367346939,0.5354515306122449,Medium,Medium,0,1,0,S0,General Buyers
3805,37,Female,Hat,Accessories,77.0,Florida,M,Olive,Fall,2.7,0,2-Day Shipping,0,0,45,Cash,Annually,0,1,organic_block,77.0,0,0,1,0,0.0,0,0,0,1,Mid-Age (35-49),0.2853877551020408,0.7358647959183673,Low,High,1,0,0,S0,General Buyers
3806,48,Female,Scarf,Accessories,57.0,New Jersey,M,Green,Fall,3.1,0,Standard,0,0,31,Credit Card,Quarterly,0,4,organic_block,228.0,0,0,0,0,0.0,0,0,0,0,Mid-Age (35-49),0.2463793517406963,0.600936224489796,Low,High,0,1,0,S0,General Buyers
3807,18,Female,Boots,Footwear,71.0,Missouri,M,Teal,Spring,3.0,0,Standard,0,0,41,Paypal,Weekly,0,52,organic_block,3692.0,0,0,1,0,0.0,0,0,0,0,Teen (18-24),0.5348979591836734,0.7072066326530613,High,High,0,1,2,S0,General Buyers
3808,38,Female,Blouse,Clothing,39.0,Michigan,L,Peach,Spring,2.9,0,Next Day Air,0,0,36,Paypal,Annually,0,1,organic_block,39.0,0,1,0,0,0.0,0,0,0,1,Mid-Age (35-49),0.2462857142857142,0.5356964285714285,Low,Medium,1,1,1,S0,General Buyers
3809,33,Female,Socks,Clothing,28.0,Washington,M,Pink,Winter,4.7,0,Express,0,0,6,Debit Card,Bi-Weekly,0,26,organic_block,728.0,0,1,0,1,0.0,0,1,1,0,Young Adult (25-34),0.3291612645058023,0.4425102040816326,Medium,Medium,1,1,1,S5,Low-Value Occasional
3810,57,Female,Shoes,Footwear,33.0,New York,S,Maroon,Winter,3.7,0,Standard,0,0,28,Credit Card,Annually,0,1,organic_block,33.0,0,1,0,0,0.0,0,0,0,0,Senior (50-70),0.2613061224489796,0.5166301020408164,Low,Medium,0,1,2,S0,General Buyers
3811,46,Female,Skirt,Clothing,79.0,Wisconsin,L,Peach,Fall,3.9,0,Free Shipping,0,0,29,Venmo,Monthly,0,12,organic_block,948.0,0,0,0,0,0.0,0,0,0,0,Mid-Age (35-49),0.3373501400560224,0.7349821428571428,Medium,High,0,1,1,S0,General Buyers
3812,46,Female,Belt,Accessories,30.0,Idaho,M,Maroon,Winter,4.0,0,Standard,0,0,14,Cash,Monthly,0,12,organic_block,360.0,0,1,0,0,0.0,0,1,0,0,Mid-Age (35-49),0.2535134053621448,0.4500765306122448,Low,Medium,0,0,0,S0,General Buyers
3813,50,Female,Skirt,Clothing,75.0,Michigan,M,Pink,Spring,2.8,0,Next Day Air,0,0,7,Bank Transfer,Every 3 Months,0,4,organic_block,300.0,0,0,0,1,0.0,0,0,0,1,Senior (50-70),0.0754405762304921,0.5392372448979592,Low,Medium,1,0,1,S0,General Buyers
3814,61,Female,Pants,Clothing,89.0,Georgia,M,Orange,Summer,4.1,0,Express,0,0,31,Venmo,Bi-Weekly,0,26,organic_block,2314.0,1,0,0,0,0.0,0,1,0,0,Senior (50-70),0.4342224889955982,0.8009362244897958,Medium,High,1,1,1,S1,High-Value Loyal
3815,45,Female,Dress,Clothing,95.0,Michigan,M,Orange,Winter,4.2,0,Free Shipping,0,0,26,Bank Transfer,Every 3 Months,0,4,organic_block,380.0,1,0,0,0,0.0,0,1,0,0,Mid-Age (35-49),0.3037671068427371,0.8076760204081632,Medium,High,0,0,1,S1,High-Value Loyal
3816,32,Female,Hat,Accessories,44.0,Maine,M,Brown,Fall,4.3,0,Express,0,0,12,Venmo,Fortnightly,0,26,organic_block,1144.0,0,0,0,1,0.0,0,1,0,0,Young Adult (25-34),0.3338959583833533,0.5191224489795918,Medium,Medium,1,1,0,S0,General Buyers
3817,29,Female,Coat,Outerwear,86.0,Maryland,S,Silver,Summer,4.3,0,Store Pickup,0,0,45,Credit Card,Fortnightly,0,26,organic_block,2236.0,1,0,1,0,0.0,0,1,0,0,Young Adult (25-34),0.535936774709884,0.8712397959183673,High,High,0,1,3,S1,High-Value Loyal
3818,66,Female,Scarf,Accessories,91.0,Missouri,M,Magenta,Fall,2.6,0,Express,0,0,40,Paypal,Annually,0,1,organic_block,91.0,1,0,1,0,0.0,0,0,0,1,Senior (50-70),0.2467755102040816,0.7656045918367347,Low,High,1,1,0,S1,High-Value Loyal
3819,70,Female,Sneakers,Footwear,41.0,Oregon,Xl,Indigo,Winter,3.8,0,Free Shipping,0,0,42,Cash,Monthly,0,12,organic_block,492.0,0,0,1,0,0.0,0,0,0,0,Senior (50-70),0.4089419767907163,0.6290586734693877,Medium,High,0,0,2,S0,General Buyers
3820,36,Female,Pants,Clothing,99.0,Arkansas,S,Gold,Spring,2.9,0,Express,0,0,45,Cash,Quarterly,0,4,organic_block,396.0,1,0,1,0,0.0,0,0,0,1,Mid-Age (35-49),0.316093637454982,0.8441147959183674,Medium,High,1,0,1,S1,High-Value Loyal
3821,34,Female,Belt,Accessories,65.0,New Hampshire,M,Purple,Winter,5.0,0,Standard,0,0,34,Debit Card,Quarterly,0,4,organic_block,260.0,0,0,0,0,0.0,0,1,1,0,Young Adult (25-34),0.4167466986794718,0.7652423469387756,Medium,High,0,1,0,S0,General Buyers
3822,20,Female,Sneakers,Footwear,48.0,Oregon,M,Gold,Summer,4.6,0,Free Shipping,0,0,34,Credit Card,Every 3 Months,0,4,organic_block,192.0,0,0,0,0,0.0,0,1,1,0,Teen (18-24),0.3847466986794717,0.6668673469387755,Medium,High,0,1,2,S0,General Buyers
3823,70,Female,Hat,Accessories,41.0,Kansas,S,Gold,Spring,3.2,0,Free Shipping,0,0,17,Paypal,Every 3 Months,0,4,organic_block,164.0,0,0,0,0,0.0,0,0,0,0,Senior (50-70),0.1686650660264105,0.4655076530612245,Low,Medium,0,1,0,S0,General Buyers
3824,50,Female,Shirt,Clothing,42.0,California,M,Gold,Summer,3.0,0,Standard,0,0,27,Bank Transfer,Weekly,0,52,organic_block,2184.0,0,0,0,0,0.0,0,0,0,0,Senior (50-70),0.4491836734693878,0.5089030612244898,Medium,Medium,0,0,1,S0,General Buyers
3825,54,Female,Shorts,Clothing,26.0,Georgia,M,Olive,Summer,4.0,0,Free Shipping,0,0,31,Credit Card,Quarterly,0,4,organic_block,104.0,0,1,0,0,0.0,0,1,0,0,Senior (50-70),0.3183793517406963,0.5193112244897959,Medium,Medium,0,1,1,S0,General Buyers
3826,49,Female,Shorts,Clothing,35.0,Hawaii,L,Green,Fall,4.1,0,Express,0,0,47,Debit Card,Fortnightly,0,26,organic_block,910.0,0,1,1,0,0.0,0,1,0,0,Mid-Age (35-49),0.5321816726690676,0.6463188775510204,High,High,1,1,1,S0,General Buyers
3827,50,Female,Jacket,Outerwear,31.0,Montana,M,Gray,Summer,4.0,0,Express,0,0,25,Bank Transfer,Annually,0,1,organic_block,31.0,0,1,0,0,0.0,0,1,0,0,Senior (50-70),0.266938775510204,0.5105739795918367,Low,Medium,1,0,3,S0,General Buyers
3828,62,Female,Jewelry,Accessories,73.0,Montana,M,Red,Summer,4.1,0,Standard,0,0,47,Cash,Fortnightly,0,26,organic_block,1898.0,0,0,1,0,0.0,0,1,0,0,Senior (50-70),0.5321816726690676,0.8125688775510204,High,High,0,0,0,S0,General Buyers
3829,42,Female,Blouse,Clothing,82.0,Mississippi,M,Charcoal,Spring,3.4,0,Free Shipping,0,0,8,Cash,Weekly,0,52,organic_block,4264.0,1,0,0,1,0.0,0,0,0,0,Mid-Age (35-49),0.3648571428571429,0.6109642857142857,Medium,High,0,0,1,S1,High-Value Loyal
3830,69,Female,Pants,Clothing,32.0,Washington,M,Indigo,Spring,2.9,0,Free Shipping,0,0,32,Debit Card,Fortnightly,0,26,organic_block,832.0,0,1,0,0,0.0,0,0,0,1,Senior (50-70),0.34434493797519,0.4846632653061224,Medium,Medium,0,1,1,S0,General Buyers
3831,22,Female,Hat,Accessories,27.0,Pennsylvania,M,Indigo,Summer,3.0,0,2-Day Shipping,0,0,33,Bank Transfer,Every 3 Months,0,4,organic_block,108.0,0,1,0,0,0.0,0,0,0,0,Teen (18-24),0.2506242496998799,0.473890306122449,Low,Medium,1,0,0,S0,General Buyers
3832,36,Female,Backpack,Accessories,86.0,Nevada,L,Silver,Spring,4.0,0,Next Day Air,0,0,16,Debit Card,Every 3 Months,0,4,organic_block,344.0,1,0,0,0,0.0,0,1,0,0,Mid-Age (35-49),0.2265426170468187,0.7052806122448979,Low,High,1,1,0,S1,High-Value Loyal
3833,64,Female,Boots,Footwear,38.0,Kansas,Xl,Purple,Winter,4.8,0,2-Day Shipping,0,0,27,Cash,Weekly,0,52,organic_block,1976.0,0,1,0,0,0.0,0,1,1,0,Senior (50-70),0.5931836734693878,0.5994030612244898,High,High,1,0,2,S0,General Buyers
3834,44,Female,Jacket,Outerwear,93.0,Arizona,L,Gray,Summer,4.6,0,Free Shipping,0,0,17,Paypal,Every 3 Months,0,4,organic_block,372.0,1,0,0,0,0.0,0,1,1,0,Mid-Age (35-49),0.2806650660264105,0.7770076530612244,Low,High,0,1,3,S1,High-Value Loyal
3835,43,Female,Hoodie,Clothing,59.0,Tennessee,M,Magenta,Winter,4.1,0,2-Day Shipping,0,0,17,Cash,Quarterly,0,4,organic_block,236.0,0,0,0,0,0.0,0,1,0,0,Mid-Age (35-49),0.2406650660264105,0.5982576530612245,Low,Medium,1,0,1,S0,General Buyers
3836,58,Female,Sandals,Footwear,58.0,Pennsylvania,L,Silver,Winter,2.6,0,Express,0,0,28,Paypal,Bi-Weekly,0,26,organic_block,1508.0,0,0,0,0,0.0,0,0,0,1,Senior (50-70),0.2958551420568227,0.5600051020408163,Low,Medium,1,1,2,S0,General Buyers
3837,62,Female,Skirt,Clothing,84.0,Alaska,M,Violet,Spring,2.5,0,Free Shipping,0,0,38,Paypal,Fortnightly,0,26,organic_block,2184.0,1,0,1,0,0.0,0,0,0,1,Senior (50-70),0.349079631852741,0.7187755102040816,Medium,High,0,1,1,S1,High-Value Loyal
3838,45,Female,Hoodie,Clothing,100.0,New Mexico,M,Green,Spring,4.8,0,Free Shipping,0,0,33,Bank Transfer,Fortnightly,0,26,organic_block,2600.0,1,0,0,0,0.0,0,1,1,0,Mid-Age (35-49),0.5024673869547819,0.9012653061224488,High,High,0,0,1,S1,High-Value Loyal
3839,47,Female,Dress,Clothing,25.0,Rhode Island,L,Green,Summer,4.2,0,Express,0,0,24,Venmo,Every 3 Months,0,4,organic_block,100.0,0,1,0,0,0.0,0,1,0,0,Mid-Age (35-49),0.2915222088835534,0.4912219387755102,Low,Medium,1,1,1,S0,General Buyers
3840,66,Female,Sandals,Footwear,29.0,Connecticut,M,Peach,Spring,3.9,0,Free Shipping,0,0,14,Venmo,Quarterly,0,4,organic_block,116.0,0,1,0,0,0.0,0,0,0,0,Senior (50-70),0.206297719087635,0.4397015306122449,Low,Medium,0,1,2,S0,General Buyers
3841,30,Female,Jeans,Clothing,42.0,Idaho,M,Turquoise,Spring,3.7,0,Express,0,0,5,Venmo,Fortnightly,0,26,organic_block,1092.0,0,0,0,1,0.0,0,0,0,0,Young Adult (25-34),0.2430388155262105,0.4386581632653061,Low,Medium,1,1,1,S0,General Buyers
3842,68,Female,Jeans,Clothing,57.0,Mississippi,L,Pink,Fall,4.2,0,2-Day Shipping,0,0,8,Bank Transfer,Monthly,0,12,organic_block,684.0,0,0,0,1,0.0,0,1,0,0,Senior (50-70),0.2327787114845938,0.5495892857142857,Low,Medium,1,0,1,S0,General Buyers
3843,35,Female,Jacket,Outerwear,84.0,Colorado,L,Lavender,Winter,4.2,0,Next Day Air,0,0,42,Debit Card,Monthly,0,12,organic_block,1008.0,1,0,1,0,0.0,0,1,0,0,Mid-Age (35-49),0.4409419767907163,0.8411836734693877,Medium,High,1,1,3,S1,High-Value Loyal
3844,64,Female,Hat,Accessories,71.0,Georgia,L,Silver,Winter,4.0,0,Free Shipping,0,0,48,Venmo,Every 3 Months,0,4,organic_block,284.0,0,0,1,0,0.0,0,1,0,0,Senior (50-70),0.4224609843937574,0.8029209183673468,Medium,High,0,1,0,S0,General Buyers
3845,30,Female,Shorts,Clothing,87.0,Montana,S,Cyan,Fall,5.0,0,Next Day Air,0,0,40,Venmo,Quarterly,0,4,organic_block,348.0,1,0,1,0,0.0,0,1,1,0,Young Adult (25-34),0.4534813925570228,0.8921045918367346,Medium,High,1,1,1,S1,High-Value Loyal
3846,58,Female,Sweater,Clothing,52.0,California,M,Green,Winter,4.9,0,Standard,0,0,46,Venmo,Annually,0,1,organic_block,52.0,0,0,1,0,0.0,0,1,1,0,Senior (50-70),0.4675102040816327,0.7635918367346939,High,High,0,1,1,S0,General Buyers
3847,57,Female,Blouse,Clothing,58.0,Pennsylvania,L,Orange,Summer,4.0,0,Express,0,0,40,Paypal,Every 3 Months,0,4,organic_block,232.0,0,0,1,0,0.0,0,1,0,0,Senior (50-70),0.3734813925570228,0.7052295918367346,Medium,High,1,1,1,S0,General Buyers
3848,60,Female,Sweater,Clothing,34.0,Delaware,S,Blue,Fall,3.2,0,2-Day Shipping,0,0,31,Paypal,Fortnightly,0,26,organic_block,884.0,0,1,0,0,0.0,0,0,0,0,Senior (50-70),0.3622224889955983,0.5063112244897959,Medium,Medium,1,1,1,S0,General Buyers
3849,22,Female,Jewelry,Accessories,60.0,New Hampshire,M,Magenta,Winter,3.0,0,Next Day Air,0,0,39,Cash,Every 3 Months,0,4,organic_block,240.0,0,0,1,0,0.0,0,0,0,0,Teen (18-24),0.2873589435774309,0.6488775510204081,Low,High,1,0,0,S0,General Buyers
3850,46,Female,Hoodie,Clothing,68.0,Florida,S,Cyan,Winter,2.6,0,Express,0,0,36,Paypal,Fortnightly,0,26,organic_block,1768.0,0,0,0,0,0.0,0,0,0,1,Mid-Age (35-49),0.3448347338935574,0.6445714285714286,Medium,High,1,1,1,S0,General Buyers
3851,27,Female,Jewelry,Accessories,74.0,Mississippi,L,Indigo,Summer,4.4,0,2-Day Shipping,0,0,25,Debit Card,Every 3 Months,0,4,organic_block,296.0,0,0,0,0,0.0,0,1,0,0,Young Adult (25-34),0.3136446578631452,0.7226989795918367,Medium,High,1,1,0,S0,General Buyers
3852,50,Female,Scarf,Accessories,83.0,Montana,M,Pink,Summer,3.9,0,Free Shipping,0,0,24,Debit Card,Annually,0,1,organic_block,83.0,1,0,0,0,0.0,0,0,0,0,Senior (50-70),0.2528163265306122,0.7269719387755101,Low,High,0,1,0,S1,High-Value Loyal
3853,65,Female,Hat,Accessories,79.0,Mississippi,M,Peach,Fall,4.0,0,2-Day Shipping,0,0,19,Paypal,Weekly,0,52,organic_block,4108.0,0,0,0,0,0.0,0,1,0,0,Senior (50-70),0.480204081632653,0.6899617346938774,High,High,1,1,0,S0,General Buyers
3854,61,Female,Sunglasses,Accessories,76.0,Tennessee,M,Lavender,Fall,4.0,0,Store Pickup,0,0,49,Debit Card,Bi-Weekly,0,26,organic_block,1976.0,0,0,1,0,0.0,0,1,0,0,Senior (50-70),0.5364265706282513,0.8298979591836734,High,High,0,1,0,S0,General Buyers
3855,57,Female,T-Shirt,Clothing,20.0,Florida,M,Black,Spring,4.2,0,Free Shipping,0,0,4,Venmo,Annually,0,1,organic_block,20.0,0,1,0,1,0.0,0,1,0,0,Senior (50-70),0.1543673469387755,0.3673061224489796,Low,Low,0,1,1,S5,Low-Value Occasional
3856,40,Female,Shirt,Clothing,61.0,Illinois,Xl,Lavender,Summer,4.4,0,Next Day Air,0,0,36,Cash,Quarterly,0,4,organic_block,244.0,0,0,0,0,0.0,0,1,0,0,Mid-Age (35-49),0.3809915966386554,0.7219464285714285,Medium,High,1,0,1,S0,General Buyers
3857,39,Female,Sandals,Footwear,78.0,Virginia,S,Brown,Summer,2.5,0,Free Shipping,0,0,8,Debit Card,Quarterly,0,4,organic_block,312.0,0,0,0,1,0.0,0,0,0,1,Mid-Age (35-49),0.057563025210084,0.5394642857142857,Low,Medium,0,1,2,S0,General Buyers
3858,42,Female,Hat,Accessories,21.0,Texas,S,Yellow,Summer,3.1,0,Store Pickup,0,0,29,Credit Card,Every 3 Months,0,4,organic_block,84.0,0,1,0,0,0.0,0,0,0,0,Mid-Age (35-49),0.2341344537815126,0.4332321428571428,Low,Medium,0,1,0,S0,General Buyers
3859,30,Female,T-Shirt,Clothing,77.0,Missouri,M,Olive,Winter,3.5,0,Store Pickup,0,0,26,Credit Card,Quarterly,0,4,organic_block,308.0,0,0,0,0,0.0,0,0,0,0,Young Adult (25-34),0.2477671068427371,0.6869260204081633,Low,High,0,1,1,S0,General Buyers
3860,65,Female,Shorts,Clothing,88.0,Mississippi,S,Blue,Fall,3.0,0,2-Day Shipping,0,0,47,Bank Transfer,Bi-Weekly,0,26,organic_block,2288.0,1,0,1,0,0.0,0,0,0,0,Senior (50-70),0.4441816726690676,0.8121938775510205,Medium,High,1,0,1,S1,High-Value Loyal
3861,57,Female,Sunglasses,Accessories,64.0,Pennsylvania,M,Turquoise,Summer,4.4,0,Next Day Air,0,0,44,Cash,Annually,0,1,organic_block,64.0,0,0,1,0,0.0,0,1,0,0,Senior (50-70),0.415265306122449,0.7758877551020408,Medium,High,1,0,0,S0,General Buyers
3862,64,Female,Jacket,Outerwear,57.0,Wyoming,M,Yellow,Spring,4.9,0,Standard,0,0,49,Credit Card,Monthly,0,12,organic_block,684.0,0,0,1,0,0.0,0,1,1,0,Senior (50-70),0.5397991196478592,0.8007729591836735,High,High,0,1,3,S0,General Buyers
3863,56,Female,Shirt,Clothing,49.0,Idaho,L,Turquoise,Winter,2.8,0,Next Day Air,0,0,9,Venmo,Monthly,0,12,organic_block,588.0,0,0,0,1,0.0,0,0,0,1,Senior (50-70),0.1269011604641856,0.4356913265306122,Low,Medium,1,1,1,S0,General Buyers
3864,40,Female,Scarf,Accessories,35.0,New Hampshire,M,Orange,Summer,3.3,0,Free Shipping,0,0,28,Cash,Fortnightly,0,26,organic_block,910.0,0,1,0,0,0.0,0,0,0,0,Mid-Age (35-49),0.3518551420568227,0.5013801020408163,Medium,Medium,0,0,0,S0,General Buyers
3865,55,Female,T-Shirt,Clothing,99.0,Wyoming,S,Blue,Winter,4.9,0,Express,0,0,1,Debit Card,Fortnightly,0,26,organic_block,2574.0,1,0,0,1,0.0,0,1,1,0,Senior (50-70),0.3145490196078432,0.7396250000000001,Medium,High,1,1,1,S1,High-Value Loyal
3866,25,Female,Shorts,Clothing,42.0,Nebraska,M,Olive,Spring,4.2,0,Store Pickup,0,0,28,Cash,Every 3 Months,0,4,organic_block,168.0,0,0,0,0,0.0,0,1,0,0,Young Adult (25-34),0.3160120048019207,0.5860051020408164,Medium,Medium,0,0,1,S0,General Buyers
3867,58,Female,Hat,Accessories,32.0,Alaska,M,Beige,Winter,3.3,0,2-Day Shipping,0,0,33,Credit Card,Fortnightly,0,26,organic_block,832.0,0,1,0,0,0.0,0,0,0,0,Senior (50-70),0.3824673869547819,0.513765306122449,Medium,Medium,1,1,0,S0,General Buyers
3868,46,Female,Jacket,Outerwear,21.0,Maryland,L,Lavender,Summer,2.7,0,Standard,0,0,28,Credit Card,Monthly,0,12,organic_block,252.0,0,1,0,0,0.0,0,0,0,1,Mid-Age (35-49),0.2352276910764305,0.4041301020408163,Low,Low,0,1,3,S0,General Buyers
3869,18,Female,Dress,Clothing,29.0,Maryland,Xl,Magenta,Winter,3.3,0,2-Day Shipping,0,0,9,Cash,Annually,0,1,organic_block,29.0,0,1,0,1,0.0,0,0,0,0,Teen (18-24),0.1129795918367346,0.3781913265306122,Low,Low,1,0,1,S5,Low-Value Occasional
3870,26,Female,Coat,Outerwear,64.0,Arizona,L,Cyan,Spring,3.8,0,Free Shipping,0,0,28,Bank Transfer,Annually,0,1,organic_block,64.0,0,0,0,0,0.0,0,0,0,0,Young Adult (25-34),0.2693061224489795,0.6582551020408163,Low,High,0,0,3,S0,General Buyers
3871,61,Female,Sandals,Footwear,46.0,Ohio,L,Lavender,Fall,3.2,0,Next Day Air,0,0,19,Cash,Every 3 Months,0,4,organic_block,184.0,0,0,0,0,0.0,0,0,0,0,Senior (50-70),0.1809099639855942,0.4975867346938776,Low,Medium,1,0,2,S0,General Buyers
3872,55,Female,T-Shirt,Clothing,97.0,Minnesota,M,Black,Fall,4.1,0,2-Day Shipping,0,0,20,Bank Transfer,Every 3 Months,0,4,organic_block,388.0,1,0,0,0,0.0,0,1,0,0,Senior (50-70),0.259032412965186,0.779813775510204,Low,High,1,0,1,S1,High-Value Loyal
3873,41,Female,Jacket,Outerwear,94.0,New Hampshire,M,Green,Spring,4.3,0,Standard,0,0,3,Cash,Monthly,0,12,organic_block,1128.0,1,0,0,1,0.0,0,1,0,0,Mid-Age (35-49),0.2101664665866346,0.691954081632653,Low,High,0,0,3,S1,High-Value Loyal
3874,42,Female,Sandals,Footwear,43.0,Louisiana,L,Silver,Summer,4.0,0,Standard,0,0,22,Credit Card,Weekly,0,52,organic_block,2236.0,0,0,0,0,0.0,0,1,0,0,Mid-Age (35-49),0.4985714285714285,0.5477678571428571,High,Medium,0,1,2,S0,General Buyers
3875,70,Female,Sweater,Clothing,54.0,Nevada,Xl,Beige,Summer,3.9,0,2-Day Shipping,0,0,33,Credit Card,Bi-Weekly,0,26,organic_block,1404.0,0,0,0,0,0.0,0,0,0,0,Senior (50-70),0.4304673869547818,0.646015306122449,Medium,High,1,1,1,S0,General Buyers
3876,63,Female,Hat,Accessories,51.0,New Hampshire,M,Pink,Winter,3.3,0,2-Day Shipping,0,0,21,Credit Card,Annually,0,1,organic_block,51.0,0,0,0,0,0.0,0,0,0,0,Senior (50-70),0.1864489795918367,0.5356658163265307,Low,Medium,1,1,0,S0,General Buyers
3877,60,Female,Shoes,Footwear,85.0,Wisconsin,S,Cyan,Fall,2.6,0,2-Day Shipping,0,0,7,Cash,Annually,0,1,organic_block,85.0,1,0,0,1,0.0,0,0,0,1,Senior (50-70),0.044734693877551,0.5709872448979592,Low,Medium,1,0,2,S0,General Buyers
3878,28,Female,Hoodie,Clothing,96.0,Nevada,M,Olive,Spring,4.2,0,Next Day Air,0,0,46,Debit Card,Monthly,0,12,organic_block,1152.0,1,0,1,0,0.0,0,1,0,0,Young Adult (25-34),0.4654317727090836,0.914091836734694,High,High,1,1,1,S1,High-Value Loyal
3879,60,Female,Hat,Accessories,42.0,South Carolina,M,Pink,Summer,3.4,0,2-Day Shipping,0,0,24,Credit Card,Annually,0,1,organic_block,42.0,0,0,0,0,0.0,0,0,0,0,Senior (50-70),0.2128163265306122,0.5175969387755103,Low,Medium,1,1,0,S0,General Buyers
3880,26,Female,Skirt,Clothing,63.0,Florida,L,Maroon,Winter,4.1,0,Free Shipping,0,0,6,Debit Card,Quarterly,0,4,organic_block,252.0,0,0,0,1,0.0,0,1,0,0,Young Adult (25-34),0.1733181272509003,0.5596352040816326,Low,Medium,0,1,1,S0,General Buyers
3881,42,Female,Shirt,Clothing,20.0,Massachusetts,M,Red,Winter,3.9,0,Free Shipping,0,0,40,Paypal,Monthly,0,12,organic_block,240.0,0,1,1,0,0.0,0,0,0,0,Mid-Age (35-49),0.4046970788315326,0.5329795918367347,Medium,Medium,0,1,1,S0,General Buyers
3882,56,Female,Scarf,Accessories,25.0,Georgia,L,Silver,Spring,2.8,0,2-Day Shipping,0,0,17,Debit Card,Weekly,0,52,organic_block,1300.0,0,1,0,0,0.0,0,0,0,1,Senior (50-70),0.3719591836734693,0.3715076530612244,Medium,Low,1,1,0,S0,General Buyers
3883,35,Female,Pants,Clothing,95.0,North Dakota,L,Blue,Fall,2.6,0,Free Shipping,0,0,24,Cash,Fortnightly,0,26,organic_block,2470.0,1,0,0,0,0.0,0,0,0,1,Mid-Age (35-49),0.2713653461384553,0.7014719387755102,Low,High,0,0,1,S1,High-Value Loyal
3884,34,Female,Hat,Accessories,38.0,North Dakota,Xl,Purple,Fall,4.0,0,Next Day Air,0,0,22,Cash,Fortnightly,0,26,organic_block,988.0,0,1,0,0,0.0,0,1,0,0,Young Adult (25-34),0.3711204481792717,0.5258928571428572,Medium,Medium,1,0,0,S0,General Buyers
3885,47,Female,Sandals,Footwear,29.0,Maryland,M,Brown,Fall,4.9,0,Express,0,0,3,Paypal,Weekly,0,52,organic_block,1508.0,0,1,0,1,0.0,0,1,1,0,Mid-Age (35-49),0.4542448979591837,0.4435790816326531,Medium,Medium,1,1,2,S5,Low-Value Occasional
3886,49,Female,Socks,Clothing,64.0,New Mexico,L,Purple,Winter,3.2,0,Free Shipping,0,0,39,Cash,Quarterly,0,4,organic_block,256.0,0,0,1,0,0.0,0,0,0,0,Mid-Age (35-49),0.303358943577431,0.6783775510204082,Medium,High,0,0,1,S0,General Buyers
3887,37,Female,Jewelry,Accessories,92.0,Iowa,S,Brown,Summer,3.9,0,Express,0,0,40,Debit Card,Quarterly,0,4,organic_block,368.0,1,0,1,0,0.0,0,0,0,0,Mid-Age (35-49),0.3654813925570228,0.8479795918367347,Medium,High,1,1,0,S1,High-Value Loyal
3888,40,Female,Shirt,Clothing,34.0,Kansas,M,Charcoal,Spring,2.7,0,Express,0,0,1,Credit Card,Quarterly,0,4,organic_block,136.0,0,1,0,1,0.0,0,0,0,1,Mid-Age (35-49),0.0307058823529411,0.32325,Low,Low,1,1,1,S5,Low-Value Occasional
3889,45,Female,Sneakers,Footwear,69.0,Virginia,M,Violet,Spring,3.4,0,Standard,0,0,14,Venmo,Bi-Weekly,0,26,organic_block,1794.0,0,0,0,0,0.0,0,0,0,0,Mid-Age (35-49),0.274140856342537,0.584701530612245,Low,Medium,0,1,2,S0,General Buyers
3890,57,Female,Dress,Clothing,65.0,Alaska,S,Yellow,Spring,3.5,0,Express,0,0,49,Bank Transfer,Annually,0,1,organic_block,65.0,0,0,1,0,0.0,0,0,0,0,Senior (50-70),0.3738775510204081,0.7517729591836735,Medium,High,1,0,1,S0,General Buyers
3891,35,Female,Shirt,Clothing,81.0,Nebraska,Xl,Green,Winter,2.6,0,Standard,0,0,33,Debit Card,Annually,0,1,organic_block,81.0,1,0,0,0,0.0,0,0,0,1,Mid-Age (35-49),0.2039183673469387,0.6861403061224489,Low,High,0,1,1,S1,High-Value Loyal
3892,36,Female,Dress,Clothing,30.0,Colorado,L,Peach,Winter,4.7,0,Free Shipping,0,0,6,Bank Transfer,Quarterly,0,4,organic_block,120.0,0,1,0,1,0.0,0,1,1,0,Mid-Age (35-49),0.2213181272509004,0.4512602040816326,Low,Medium,0,0,1,S5,Low-Value Occasional
3893,35,Female,Jewelry,Accessories,86.0,Michigan,L,Indigo,Summer,3.5,0,Standard,0,0,5,Paypal,Fortnightly,0,26,organic_block,2236.0,1,0,0,1,0.0,0,0,0,0,Mid-Age (35-49),0.2270388155262105,0.619158163265306,Low,High,0,1,0,S1,High-Value Loyal
3894,21,Female,Hat,Accessories,64.0,Massachusetts,L,White,Fall,3.3,0,Store Pickup,0,0,29,Bank Transfer,Bi-Weekly,0,26,organic_block,1664.0,0,0,0,0,0.0,0,0,0,0,Teen (18-24),0.3579775910364145,0.633357142857143,Medium,High,0,0,0,S0,General Buyers
3895,66,Female,Skirt,Clothing,78.0,Connecticut,L,White,Spring,3.9,0,2-Day Shipping,0,0,44,Credit Card,Every 3 Months,0,4,organic_block,312.0,0,0,1,0,0.0,0,0,0,0,Senior (50-70),0.3899711884753901,0.8071377551020408,Medium,High,1,1,1,S0,General Buyers
3896,40,Female,Hoodie,Clothing,28.0,Virginia,L,Turquoise,Summer,4.2,0,2-Day Shipping,0,0,32,Venmo,Weekly,0,52,organic_block,1456.0,0,1,0,0,0.0,0,1,0,0,Mid-Age (35-49),0.5757959183673469,0.5451632653061225,High,Medium,1,1,1,S0,General Buyers
3897,52,Female,Backpack,Accessories,49.0,Iowa,L,White,Spring,4.5,0,Store Pickup,0,0,41,Bank Transfer,Bi-Weekly,0,26,organic_block,1274.0,0,0,1,0,0.0,0,1,1,0,Senior (50-70),0.5274469787915166,0.7009566326530612,High,High,0,0,0,S0,General Buyers
3898,46,Female,Belt,Accessories,33.0,New Jersey,L,Green,Spring,2.9,0,Standard,0,0,24,Venmo,Quarterly,0,4,organic_block,132.0,0,1,0,0,0.0,0,0,0,1,Mid-Age (35-49),0.1875222088835534,0.4482219387755102,Low,Medium,0,1,0,S0,General Buyers
3899,44,Female,Shoes,Footwear,77.0,Minnesota,S,Brown,Summer,3.8,0,Express,0,0,24,Venmo,Weekly,0,52,organic_block,4004.0,0,0,0,0,0.0,0,0,0,0,Mid-Age (35-49),0.4948163265306122,0.6947219387755101,High,High,1,1,2,S0,General Buyers
3900,52,Female,Handbag,Accessories,81.0,California,M,Beige,Spring,3.1,0,Store Pickup,0,0,33,Venmo,Quarterly,0,4,organic_block,324.0,1,0,0,0,0.0,0,0,0,0,Senior (50-70),0.2586242496998799,0.7161403061224489,Low,High,0,1,0,S1,High-Value Loyal
