customer_id,age,age_band,gender,category,season,location,purchase_amount,previous_purchases,purchases_per_year,spend_x_frequency,review_rating,subscription_status,discount_applied,promo_code_used,promo_dependency_score,promo_flag,satisfaction_flag,high_satisfaction,loyalty_score_A,loyalty_score_B,loyalty_tier_A,loyalty_tier_B,high_value_flag,high_repeat_flag,segment_code,segment_label,shipping_type,payment_method,premium_shipping,digital_payment
1,55,Senior (50-70),Male,Clothing,Winter,Kentucky,53.0,14,26,1378.0,3.1,1,1,1,1.0,1,0,0,0.500140856342537,0.2467015306122449,High,Low,0,0,S2,Promo-Dependent Buyers,Express,Venmo,1,1
2,19,Teen (18-24),Male,Clothing,Winter,Maine,64.0,2,26,1664.0,3.1,1,1,1,1.0,1,0,0,0.426671468587435,0.2336020408163265,Medium,Low,0,0,S0,General Buyers,Express,Cash,1,0
3,50,Senior (50-70),Male,Clothing,Spring,Massachusetts,73.0,23,52,3796.0,3.1,1,1,1,1.0,1,0,0,0.6826938775510205,0.3801198979591836,High,Low,0,0,S0,General Buyers,Free Shipping,Credit Card,0,1
4,21,Teen (18-24),Male,Footwear,Spring,Rhode Island,90.0,49,52,4680.0,3.5,1,1,1,1.0,1,0,0,0.8738775510204082,0.6111479591836735,High,High,1,1,S4,Promo-Habituated Spenders,Next Day Air,Paypal,1,1
5,45,Mid-Age (35-49),Male,Clothing,Spring,Oregon,49.0,31,1,49.0,2.7,1,1,1,1.0,1,0,0,0.4496734693877551,0.2919362244897959,Medium,Low,0,0,S0,General Buyers,Free Shipping,Paypal,0,1
6,46,Mid-Age (35-49),Male,Footwear,Summer,Wyoming,20.0,14,52,1040.0,2.9,1,1,1,1.0,1,0,0,0.611591836734694,0.0903265306122449,High,Low,0,0,S2,Promo-Dependent Buyers,Standard,Venmo,0,1
7,63,Senior (50-70),Male,Clothing,Fall,Montana,85.0,49,4,340.0,3.2,1,1,1,1.0,1,0,0,0.6145834333733493,0.5712729591836735,High,Medium,1,1,S4,Promo-Habituated Spenders,Free Shipping,Cash,0,0
8,27,Young Adult (25-34),Male,Clothing,Winter,Louisiana,34.0,19,52,1768.0,3.2,1,1,1,1.0,1,0,0,0.6662040816326531,0.1950867346938775,High,Low,0,0,S2,Promo-Dependent Buyers,Free Shipping,Credit Card,0,1
9,26,Young Adult (25-34),Male,Outerwear,Summer,West Virginia,97.0,8,1,97.0,2.6,1,1,1,1.0,1,0,0,0.3008571428571429,0.3785892857142857,Low,Low,1,0,S4,Promo-Habituated Spenders,Express,Venmo,1,1
10,57,Senior (50-70),Male,Accessories,Spring,Missouri,31.0,4,4,124.0,4.8,1,1,1,1.0,1,1,1,0.4670732292917167,0.2014311224489796,High,Low,0,0,S2,Promo-Dependent Buyers,2-Day Shipping,Cash,1,0
11,53,Senior (50-70),Male,Footwear,Fall,Arkansas,34.0,26,26,884.0,4.1,1,1,1,1.0,1,1,0,0.653610244097639,0.2848010204081632,High,Low,0,0,S0,General Buyers,Store Pickup,Bank Transfer,0,0
12,30,Young Adult (25-34),Male,Clothing,Winter,Hawaii,68.0,10,26,1768.0,4.9,1,1,1,1.0,1,1,1,0.6196510604241697,0.3999183673469388,High,Low,0,0,S0,General Buyers,Store Pickup,Bank Transfer,0,0
13,61,Senior (50-70),Male,Outerwear,Winter,Delaware,72.0,37,26,1872.0,4.5,1,1,1,1.0,1,1,1,0.7529571828731493,0.5311734693877551,High,Medium,0,0,S0,General Buyers,Express,Venmo,1,1
14,65,Senior (50-70),Male,Clothing,Spring,New Hampshire,51.0,31,52,2652.0,4.7,1,1,1,1.0,1,1,1,0.8596734693877551,0.4206862244897959,High,Low,0,0,S0,General Buyers,Express,Paypal,1,1
15,64,Senior (50-70),Male,Outerwear,Winter,New York,53.0,34,52,2756.0,4.7,1,1,1,1.0,1,1,1,0.8780408163265306,0.4447423469387754,High,Medium,0,0,S0,General Buyers,Free Shipping,Debit Card,0,1
16,64,Senior (50-70),Male,Clothing,Winter,Rhode Island,81.0,8,12,972.0,2.8,1,1,1,1.0,1,0,0,0.3707787114845938,0.3205892857142857,Medium,Low,1,0,S4,Promo-Habituated Spenders,Store Pickup,Paypal,0,1
17,25,Young Adult (25-34),Male,Accessories,Spring,Alabama,36.0,44,26,936.0,4.1,1,1,1,1.0,1,1,0,0.7638143257302922,0.3853877551020407,High,Low,0,1,S0,General Buyers,Next Day Air,Debit Card,1,1
18,53,Senior (50-70),Male,Clothing,Winter,Mississippi,38.0,36,4,152.0,4.7,1,1,1,1.0,1,1,1,0.6549915966386555,0.3893214285714286,High,Low,0,0,S0,General Buyers,2-Day Shipping,Venmo,1,1
19,52,Senior (50-70),Male,Clothing,Summer,Montana,48.0,17,52,2496.0,4.6,1,1,1,1.0,1,1,1,0.7659591836734694,0.3301326530612244,High,Low,0,0,S2,Promo-Dependent Buyers,Free Shipping,Cash,0,0
20,66,Senior (50-70),Male,Clothing,Summer,Rhode Island,90.0,46,26,2340.0,3.3,1,1,1,1.0,1,0,0,0.7120592236894757,0.5838418367346939,High,Medium,1,1,S4,Promo-Habituated Spenders,Standard,Debit Card,0,1
21,21,Teen (18-24),Male,Clothing,Winter,Louisiana,51.0,50,4,204.0,2.8,1,1,1,1.0,1,0,0,0.5887058823529412,0.403625,High,Low,0,1,S0,General Buyers,Express,Cash,1,0
22,31,Young Adult (25-34),Male,Clothing,Winter,North Carolina,62.0,22,4,248.0,4.1,1,1,1,1.0,1,1,0,0.5212773109243697,0.3868928571428571,High,Low,0,0,S0,General Buyers,Store Pickup,Debit Card,0,1
23,56,Senior (50-70),Male,Clothing,Summer,California,37.0,32,1,37.0,3.2,1,1,1,1.0,1,0,0,0.4957959183673469,0.2745382653061224,High,Low,0,0,S0,General Buyers,Store Pickup,Debit Card,0,1
24,31,Young Adult (25-34),Male,Clothing,Winter,Oklahoma,88.0,40,52,4576.0,4.4,1,1,1,1.0,1,1,0,0.8907755102040816,0.6104795918367347,High,High,1,1,S4,Promo-Habituated Spenders,Express,Credit Card,1,1
25,18,Teen (18-24),Male,Outerwear,Fall,Florida,22.0,16,52,1144.0,2.9,1,1,1,1.0,1,0,0,0.6238367346938776,0.1092806122448979,High,Low,0,0,S2,Promo-Dependent Buyers,Store Pickup,Debit Card,0,1
26,18,Teen (18-24),Male,Clothing,Summer,Texas,25.0,14,1,25.0,3.6,1,1,1,1.0,1,0,0,0.4175918367346939,0.1542015306122449,Medium,Low,0,0,S2,Promo-Dependent Buyers,Express,Paypal,1,1
27,38,Mid-Age (35-49),Male,Accessories,Spring,Nevada,20.0,13,1,20.0,3.6,1,1,1,1.0,1,0,0,0.411469387755102,0.1272244897959183,Medium,Low,0,0,S2,Promo-Dependent Buyers,Next Day Air,Credit Card,1,1
28,56,Senior (50-70),Male,Clothing,Summer,Kentucky,56.0,7,4,224.0,5.0,1,1,1,1.0,1,1,1,0.5014405762304922,0.3381122448979592,High,Low,0,0,S2,Promo-Dependent Buyers,Next Day Air,Bank Transfer,1,0
29,54,Senior (50-70),Male,Accessories,Fall,North Carolina,94.0,41,4,376.0,4.4,1,1,1,1.0,1,1,0,0.6616038415366147,0.6418316326530612,High,High,1,1,S4,Promo-Habituated Spenders,Free Shipping,Paypal,0,1
30,31,Young Adult (25-34),Male,Clothing,Fall,Wyoming,48.0,14,52,2496.0,4.1,1,1,1,1.0,1,1,0,0.707591836734694,0.2848265306122449,High,Low,0,0,S2,Promo-Dependent Buyers,Store Pickup,Credit Card,0,1
31,57,Senior (50-70),Male,Accessories,Winter,North Carolina,31.0,16,12,372.0,4.7,1,1,1,1.0,1,1,1,0.5717583033213286,0.2566556122448979,High,Low,0,0,S2,Promo-Dependent Buyers,Standard,Credit Card,0,1
32,33,Young Adult (25-34),Male,Clothing,Winter,West Virginia,79.0,45,12,948.0,4.7,1,1,1,1.0,1,1,1,0.7493093237294919,0.6146147959183673,High,High,0,1,S0,General Buyers,Store Pickup,Venmo,0,1
33,36,Mid-Age (35-49),Male,Outerwear,Summer,Kansas,67.0,37,1,67.0,4.9,1,1,1,1.0,1,1,1,0.6624081632653062,0.5332984693877552,High,Medium,0,0,S0,General Buyers,Free Shipping,Venmo,0,1
34,54,Senior (50-70),Male,Clothing,Summer,Colorado,38.0,45,4,152.0,3.3,1,1,1,1.0,1,0,0,0.5980936374549819,0.3512397959183673,High,Low,0,1,S0,General Buyers,Store Pickup,Cash,0,0
35,36,Mid-Age (35-49),Male,Clothing,Spring,North Dakota,91.0,38,4,364.0,4.6,1,1,1,1.0,1,1,1,0.6592364945978391,0.6254005102040816,High,High,1,1,S4,Promo-Habituated Spenders,2-Day Shipping,Paypal,1,1
36,54,Senior (50-70),Male,Clothing,Summer,Massachusetts,33.0,48,26,858.0,4.0,1,1,1,1.0,1,1,0,0.7803041216486594,0.3866709183673469,High,Low,0,1,S0,General Buyers,2-Day Shipping,Credit Card,1,1
37,35,Mid-Age (35-49),Male,Clothing,Winter,Illinois,69.0,44,26,1794.0,4.6,1,1,1,1.0,1,1,1,0.8038143257302921,0.5597627551020408,High,Medium,0,1,S0,General Buyers,Free Shipping,Paypal,0,1
38,35,Mid-Age (35-49),Male,Clothing,Summer,Indiana,45.0,10,52,2340.0,2.8,1,1,1,1.0,1,0,0,0.5791020408163265,0.1732933673469387,High,Low,0,0,S2,Promo-Dependent Buyers,Store Pickup,Paypal,0,1
39,29,Young Adult (25-34),Male,Clothing,Winter,Florida,37.0,44,4,148.0,3.8,1,1,1,1.0,1,0,0,0.6319711884753901,0.3717627551020408,High,Low,0,1,S0,General Buyers,2-Day Shipping,Venmo,1,1
40,70,Senior (50-70),Male,Clothing,Summer,Arizona,60.0,18,12,720.0,4.2,1,1,1,1.0,1,1,0,0.5440032012805123,0.363734693877551,High,Low,0,0,S0,General Buyers,Express,Credit Card,1,1
41,69,Senior (50-70),Male,Accessories,Winter,Louisiana,76.0,31,4,304.0,4.6,1,1,1,1.0,1,1,1,0.6163793517406962,0.5240612244897959,High,Medium,0,0,S0,General Buyers,Next Day Air,Debit Card,1,1
42,67,Senior (50-70),Male,Accessories,Spring,Alaska,39.0,40,1,39.0,4.5,1,1,1,1.0,1,1,1,0.6487755102040816,0.4021045918367347,High,Low,0,1,S0,General Buyers,Standard,Venmo,0,1
43,20,Teen (18-24),Male,Outerwear,Spring,Tennessee,100.0,15,1,100.0,4.1,1,1,1,1.0,1,1,0,0.4637142857142856,0.5174285714285713,High,Medium,1,0,S4,Promo-Habituated Spenders,Free Shipping,Paypal,0,1
44,25,Young Adult (25-34),Male,Accessories,Fall,Ohio,69.0,19,26,1794.0,3.7,1,1,1,1.0,1,0,0,0.5787531012404963,0.3782117346938776,High,Low,0,0,S0,General Buyers,Store Pickup,Paypal,0,1
45,39,Mid-Age (35-49),Male,Accessories,Summer,Kentucky,53.0,45,52,2756.0,4.6,1,1,1,1.0,1,1,1,0.9373877551020408,0.4948647959183673,High,Medium,0,1,S0,General Buyers,Free Shipping,Paypal,0,1
46,50,Senior (50-70),Male,Clothing,Fall,Tennessee,21.0,25,1,21.0,2.9,1,1,1,1.0,1,0,0,0.428938775510204,0.1508239795918367,Medium,Low,0,0,S0,General Buyers,2-Day Shipping,Paypal,1,1
47,57,Senior (50-70),Male,Clothing,Summer,California,43.0,45,4,172.0,2.9,1,1,1,1.0,1,0,0,0.566093637454982,0.3491147959183673,High,Low,0,1,S0,General Buyers,Store Pickup,Cash,0,0
48,55,Senior (50-70),Male,Accessories,Winter,Montana,54.0,36,52,2808.0,4.5,1,1,1,1.0,1,1,1,0.8742857142857143,0.4473214285714285,High,Medium,0,0,S0,General Buyers,Free Shipping,Cash,0,0
49,42,Mid-Age (35-49),Male,Clothing,Summer,Nevada,55.0,38,12,660.0,2.7,1,1,1,1.0,1,0,0,0.5464521808723489,0.3539005102040816,High,Low,0,1,S0,General Buyers,Store Pickup,Cash,0,0
50,68,Senior (50-70),Male,Clothing,Spring,New Jersey,30.0,34,26,780.0,4.6,1,1,1,1.0,1,1,1,0.7425898359343737,0.3381173469387755,High,Low,0,0,S0,General Buyers,Next Day Air,Debit Card,1,1
51,49,Mid-Age (35-49),Male,Clothing,Spring,Maryland,28.0,39,26,728.0,3.8,1,1,1,1.0,1,0,0,0.7092020808323329,0.3068775510204081,High,Low,0,1,S0,General Buyers,Store Pickup,Debit Card,0,1
52,59,Senior (50-70),Male,Clothing,Winter,Vermont,59.0,7,4,236.0,4.7,1,1,1,1.0,1,1,1,0.4774405762304922,0.3332372448979592,High,Low,0,0,S2,Promo-Dependent Buyers,2-Day Shipping,Credit Card,1,1
53,42,Mid-Age (35-49),Male,Clothing,Summer,Alaska,20.0,26,52,1040.0,2.6,1,1,1,1.0,1,0,0,0.661061224489796,0.1335510204081632,High,Low,0,0,S0,General Buyers,Free Shipping,Credit Card,0,1
54,29,Young Adult (25-34),Male,Clothing,Winter,Mississippi,24.0,35,52,1248.0,3.9,1,1,1,1.0,1,0,0,0.8201632653061225,0.274969387755102,High,Low,0,0,S0,General Buyers,Next Day Air,Credit Card,1,1
55,47,Mid-Age (35-49),Male,Outerwear,Summer,New Mexico,94.0,35,26,2444.0,4.2,1,1,1,1.0,1,1,0,0.7167122849139655,0.599219387755102,High,High,1,0,S4,Promo-Habituated Spenders,Next Day Air,Debit Card,1,1
56,40,Mid-Age (35-49),Male,Outerwear,Winter,South Carolina,28.0,49,1,28.0,3.0,1,1,1,1.0,1,0,0,0.5838775510204082,0.3098979591836734,High,Low,0,1,S0,General Buyers,2-Day Shipping,Credit Card,1,1
57,41,Mid-Age (35-49),Male,Accessories,Summer,Mississippi,73.0,46,52,3796.0,4.7,1,1,1,1.0,1,1,1,0.9515102040816328,0.5934668367346938,High,Medium,0,1,S0,General Buyers,Store Pickup,Credit Card,0,1
58,21,Teen (18-24),Male,Outerwear,Summer,West Virginia,64.0,17,26,1664.0,4.4,1,1,1,1.0,1,1,0,0.6225082032813125,0.3881326530612244,High,Low,0,0,S0,General Buyers,Store Pickup,Debit Card,0,1
59,69,Senior (50-70),Male,Clothing,Summer,Missouri,54.0,29,12,648.0,4.2,1,1,1,1.0,1,1,0,0.6113501400560224,0.3936071428571428,High,Low,0,0,S0,General Buyers,Free Shipping,Venmo,0,1
60,63,Senior (50-70),Male,Accessories,Spring,Louisiana,79.0,4,52,4108.0,4.6,1,1,1,1.0,1,1,1,0.6863673469387754,0.3994311224489796,High,Low,0,0,S0,General Buyers,Standard,Debit Card,0,1
61,50,Senior (50-70),Male,Clothing,Summer,Idaho,37.0,17,52,1924.0,4.0,1,1,1,1.0,1,1,0,0.7179591836734694,0.2460076530612245,High,Low,0,0,S2,Promo-Dependent Buyers,Express,Cash,1,0
62,55,Senior (50-70),Male,Accessories,Winter,Texas,68.0,21,4,272.0,4.7,1,1,1,1.0,1,1,1,0.5631548619447779,0.4440408163265306,High,Medium,0,0,S0,General Buyers,Store Pickup,Credit Card,0,1
63,30,Young Adult (25-34),Male,Footwear,Spring,Mississippi,21.0,31,26,546.0,3.8,1,1,1,1.0,1,0,0,0.6602224889955982,0.2354362244897959,High,Low,0,0,S0,General Buyers,Free Shipping,Credit Card,0,1
64,33,Young Adult (25-34),Male,Accessories,Winter,Arizona,79.0,43,52,4108.0,2.7,1,1,1,1.0,1,0,0,0.7731428571428571,0.4844107142857142,High,Medium,0,1,S0,General Buyers,2-Day Shipping,Credit Card,1,1
65,65,Senior (50-70),Male,Footwear,Fall,Alabama,83.0,18,26,2158.0,4.8,1,1,1,1.0,1,1,1,0.6606306522609044,0.500359693877551,High,Medium,1,0,S4,Promo-Habituated Spenders,Standard,Debit Card,0,1
66,65,Senior (50-70),Male,Accessories,Spring,New Jersey,36.0,44,4,144.0,4.8,1,1,1,1.0,1,1,1,0.7119711884753901,0.4273877551020407,High,Low,0,1,S0,General Buyers,2-Day Shipping,Venmo,1,1
67,31,Young Adult (25-34),Male,Clothing,Winter,Pennsylvania,94.0,3,4,376.0,4.7,1,1,1,1.0,1,1,1,0.4529507803121249,0.465954081632653,Medium,Medium,1,0,S4,Promo-Habituated Spenders,2-Day Shipping,Venmo,1,1
68,45,Mid-Age (35-49),Male,Outerwear,Winter,Connecticut,33.0,49,12,396.0,4.4,1,1,1,1.0,1,1,0,0.7497991196478592,0.4157729591836735,High,Low,0,1,S0,General Buyers,Store Pickup,Debit Card,0,1
69,57,Senior (50-70),Male,Accessories,Summer,Utah,46.0,21,4,184.0,3.9,1,1,1,1.0,1,0,0,0.4991548619447779,0.2997908163265306,High,Low,0,0,S2,Promo-Dependent Buyers,Next Day Air,Cash,1,0
70,48,Mid-Age (35-49),Male,Accessories,Summer,Tennessee,70.0,5,52,3640.0,4.4,1,1,1,1.0,1,1,0,0.6764897959183674,0.3531581632653061,High,Low,0,0,S0,General Buyers,Express,Cash,1,0
71,22,Teen (18-24),Male,Accessories,Fall,Alabama,29.0,32,4,116.0,4.2,1,1,1,1.0,1,1,0,0.5905018007202881,0.2995382653061225,High,Low,0,0,S0,General Buyers,Express,Debit Card,1,1
72,36,Mid-Age (35-49),Male,Clothing,Summer,Virginia,48.0,34,1,48.0,2.9,1,1,1,1.0,1,0,0,0.4840408163265305,0.3148673469387755,High,Low,0,0,S0,General Buyers,Express,Bank Transfer,1,0
73,18,Teen (18-24),Male,Clothing,Winter,Georgia,26.0,21,4,104.0,2.9,1,1,1,1.0,1,0,0,0.4191548619447779,0.1522908163265306,Medium,Low,0,0,S2,Promo-Dependent Buyers,Store Pickup,Bank Transfer,0,0
74,48,Mid-Age (35-49),Male,Clothing,Spring,Hawaii,85.0,43,26,2210.0,2.7,1,1,1,1.0,1,0,0,0.6456918767507003,0.5106607142857142,High,Medium,1,1,S4,Promo-Habituated Spenders,Free Shipping,Bank Transfer,0,0
75,49,Mid-Age (35-49),Male,Accessories,Spring,Indiana,58.0,3,12,696.0,4.5,1,1,1,1.0,1,1,1,0.4761664665866346,0.2964540816326531,High,Low,0,0,S2,Promo-Dependent Buyers,Express,Cash,1,0
76,64,Senior (50-70),Male,Accessories,Summer,Utah,85.0,21,1,85.0,2.7,1,1,1,1.0,1,0,0,0.3884489795918368,0.3984158163265306,Medium,Low,1,0,S4,Promo-Habituated Spenders,Free Shipping,Credit Card,0,1
77,50,Senior (50-70),Male,Accessories,Summer,Delaware,43.0,32,12,516.0,4.2,1,1,1,1.0,1,1,0,0.6297174869947979,0.3607882653061224,High,Low,0,0,S0,General Buyers,Free Shipping,Venmo,0,1
78,22,Teen (18-24),Male,Clothing,Summer,Delaware,53.0,36,26,1378.0,3.3,1,1,1,1.0,1,0,0,0.6508347338935574,0.3709464285714285,High,Low,0,0,S0,General Buyers,Next Day Air,Debit Card,1,1
79,50,Senior (50-70),Male,Clothing,Spring,Nebraska,91.0,50,26,2366.0,4.7,1,1,1,1.0,1,1,1,0.8485490196078432,0.6926249999999999,High,High,1,1,S4,Promo-Habituated Spenders,Free Shipping,Venmo,0,1
80,38,Mid-Age (35-49),Male,Outerwear,Winter,Iowa,96.0,43,4,384.0,2.6,1,1,1,1.0,1,0,0,0.5298487394957982,0.5527857142857142,High,Medium,1,1,S4,Promo-Habituated Spenders,2-Day Shipping,Bank Transfer,1,0
81,19,Teen (18-24),Male,Footwear,Summer,New York,72.0,24,4,288.0,3.8,1,1,1,1.0,1,0,0,0.5095222088835534,0.4228469387755101,High,Low,0,0,S0,General Buyers,Store Pickup,Credit Card,0,1
82,67,Senior (50-70),Male,Footwear,Summer,Virginia,96.0,36,4,384.0,2.6,1,1,1,1.0,1,0,0,0.4869915966386555,0.5170714285714285,High,Medium,1,0,S4,Promo-Habituated Spenders,Express,Credit Card,1,1
83,19,Teen (18-24),Male,Clothing,Spring,Georgia,28.0,21,4,112.0,4.0,1,1,1,1.0,1,1,0,0.5071548619447779,0.2270408163265306,High,Low,0,0,S2,Promo-Dependent Buyers,2-Day Shipping,Credit Card,1,1
84,36,Mid-Age (35-49),Male,Clothing,Summer,Texas,40.0,34,52,2080.0,4.1,1,1,1,1.0,1,1,0,0.8300408163265306,0.3518673469387754,High,Low,0,0,S0,General Buyers,Standard,Bank Transfer,0,0
85,52,Senior (50-70),Male,Outerwear,Spring,Arizona,32.0,42,4,128.0,4.4,1,1,1,1.0,1,1,0,0.6677262905162065,0.3756836734693878,High,Low,0,1,S0,General Buyers,Standard,Bank Transfer,0,0
86,53,Senior (50-70),Male,Accessories,Winter,New Mexico,95.0,2,26,2470.0,4.5,1,1,1,1.0,1,1,1,0.538671468587435,0.4532270408163265,High,Medium,1,0,S4,Promo-Habituated Spenders,Next Day Air,Debit Card,1,1
87,24,Teen (18-24),Male,Clothing,Spring,Nevada,41.0,47,26,1066.0,3.7,1,1,1,1.0,1,0,0,0.7501816726690678,0.3985688775510204,High,Low,0,1,S0,General Buyers,2-Day Shipping,Cash,1,0
88,52,Senior (50-70),Male,Footwear,Fall,Ohio,53.0,44,26,1378.0,3.7,1,1,1,1.0,1,0,0,0.7318143257302923,0.4357627551020408,High,Medium,0,1,S0,General Buyers,2-Day Shipping,Debit Card,1,1
89,33,Young Adult (25-34),Male,Clothing,Fall,Wyoming,47.0,35,12,564.0,3.5,1,1,1,1.0,1,0,0,0.5920848339335734,0.351594387755102,High,Low,0,0,S0,General Buyers,Free Shipping,Credit Card,0,1
90,47,Mid-Age (35-49),Male,Outerwear,Fall,California,83.0,15,4,332.0,3.6,1,1,1,1.0,1,0,0,0.4384201680672269,0.4130535714285714,Medium,Low,1,0,S4,Promo-Habituated Spenders,Next Day Air,Cash,1,0
91,25,Young Adult (25-34),Male,Accessories,Summer,South Carolina,48.0,29,12,576.0,2.9,1,1,1,1.0,1,0,0,0.5073501400560224,0.2893571428571428,High,Low,0,0,S0,General Buyers,Express,Credit Card,1,1
92,44,Mid-Age (35-49),Male,Accessories,Winter,South Carolina,99.0,18,4,396.0,4.6,1,1,1,1.0,1,1,1,0.5367875150060024,0.558359693877551,High,Medium,1,0,S4,Promo-Habituated Spenders,Standard,Credit Card,0,1
93,61,Senior (50-70),Male,Outerwear,Winter,Texas,87.0,13,4,348.0,4.4,1,1,1,1.0,1,1,0,0.4901752701080432,0.4683494897959184,High,Medium,1,0,S4,Promo-Habituated Spenders,2-Day Shipping,Venmo,1,1
94,37,Mid-Age (35-49),Male,Clothing,Fall,Florida,62.0,46,52,3224.0,4.5,1,1,1,1.0,1,1,1,0.9355102040816328,0.5333418367346938,High,Medium,0,1,S0,General Buyers,Standard,Credit Card,0,1
95,58,Senior (50-70),Male,Clothing,Spring,Nevada,76.0,28,52,3952.0,4.6,1,1,1,1.0,1,1,1,0.8333061224489795,0.5087551020408163,High,Medium,0,0,S0,General Buyers,Free Shipping,Credit Card,0,1
96,37,Mid-Age (35-49),Male,Footwear,Fall,Missouri,100.0,48,12,1200.0,3.8,1,1,1,1.0,1,0,0,0.6956766706682672,0.6677959183673469,High,High,1,1,S4,Promo-Habituated Spenders,Free Shipping,Paypal,0,1
97,32,Young Adult (25-34),Male,Accessories,Spring,Delaware,73.0,43,4,292.0,3.8,1,1,1,1.0,1,0,0,0.6258487394957982,0.5241607142857142,High,Medium,0,1,S0,General Buyers,Express,Venmo,1,1
98,21,Teen (18-24),Male,Footwear,Winter,Virginia,92.0,37,1,92.0,4.8,1,1,1,1.0,1,1,1,0.654408163265306,0.6366734693877552,High,High,1,0,S4,Promo-Habituated Spenders,Store Pickup,Cash,0,0
99,20,Teen (18-24),Male,Clothing,Spring,New York,67.0,20,1,67.0,2.6,1,1,1,1.0,1,0,0,0.3743265306122449,0.3085637755102041,Medium,Low,0,0,S0,General Buyers,Next Day Air,Bank Transfer,1,0
100,26,Young Adult (25-34),Male,Clothing,Summer,Missouri,40.0,33,4,160.0,3.7,1,1,1,1.0,1,0,0,0.55662424969988,0.3227653061224489,High,Low,0,0,S0,General Buyers,Express,Debit Card,1,1
101,62,Senior (50-70),Male,Accessories,Fall,South Dakota,98.0,31,26,2548.0,2.7,1,1,1,1.0,1,0,0,0.5722224889955982,0.5063112244897959,High,Medium,1,0,S4,Promo-Habituated Spenders,Express,Cash,1,0
102,27,Young Adult (25-34),Male,Outerwear,Spring,North Dakota,85.0,50,26,2210.0,4.6,1,1,1,1.0,1,1,1,0.8405490196078431,0.660375,High,High,1,1,S4,Promo-Habituated Spenders,Express,Credit Card,1,1
103,51,Senior (50-70),Male,Clothing,Winter,Oklahoma,67.0,35,4,268.0,4.8,1,1,1,1.0,1,1,1,0.6568691476590636,0.5170943877551021,High,Medium,0,0,S0,General Buyers,Next Day Air,Credit Card,1,1
104,54,Senior (50-70),Male,Footwear,Winter,West Virginia,89.0,22,26,2314.0,4.0,1,1,1,1.0,1,1,0,0.6211204481792717,0.4990178571428572,High,Medium,1,0,S4,Promo-Habituated Spenders,Next Day Air,Venmo,1,1
105,55,Senior (50-70),Male,Accessories,Spring,New Hampshire,24.0,1,12,288.0,4.4,1,1,1,1.0,1,1,0,0.455921568627451,0.1315,Medium,Low,0,0,S2,Promo-Dependent Buyers,2-Day Shipping,Paypal,1,1
106,69,Senior (50-70),Male,Accessories,Fall,New York,96.0,4,1,96.0,3.6,1,1,1,1.0,1,0,0,0.3563673469387755,0.4138061224489796,Medium,Low,1,0,S4,Promo-Habituated Spenders,Next Day Air,Bank Transfer,1,0
107,64,Senior (50-70),Male,Outerwear,Summer,Minnesota,35.0,31,12,420.0,3.7,1,1,1,1.0,1,0,0,0.5835950380152062,0.2906862244897959,High,Low,0,0,S0,General Buyers,Standard,Credit Card,0,1
108,28,Young Adult (25-34),Male,Footwear,Winter,Maryland,67.0,46,26,1742.0,3.1,1,1,1,1.0,1,0,0,0.6960592236894758,0.4712168367346939,High,Medium,0,1,S0,General Buyers,Next Day Air,Paypal,1,1
109,70,Senior (50-70),Male,Clothing,Spring,Montana,79.0,32,26,2054.0,3.4,1,1,1,1.0,1,0,0,0.63434493797519,0.4702882653061224,High,Medium,0,0,S0,General Buyers,Next Day Air,Bank Transfer,1,0
110,58,Senior (50-70),Male,Clothing,Spring,Alabama,85.0,43,26,2210.0,2.6,1,1,1,1.0,1,0,0,0.6376918767507003,0.5046607142857142,High,Medium,1,1,S4,Promo-Habituated Spenders,Next Day Air,Bank Transfer,1,0
111,56,Senior (50-70),Male,Accessories,Summer,New York,26.0,26,26,676.0,4.0,1,1,1,1.0,1,1,0,0.645610244097639,0.2438010204081632,High,Low,0,0,S0,General Buyers,Standard,Venmo,0,1
112,26,Young Adult (25-34),Male,Accessories,Summer,Massachusetts,75.0,9,1,75.0,5.0,1,1,1,1.0,1,1,1,0.4989795918367347,0.4314413265306122,High,Medium,0,0,S0,General Buyers,Free Shipping,Credit Card,0,1
113,37,Mid-Age (35-49),Male,Accessories,Spring,Florida,65.0,28,26,1690.0,4.3,1,1,1,1.0,1,1,0,0.6818551420568227,0.4426301020408163,High,Medium,0,0,S0,General Buyers,Free Shipping,Paypal,0,1
114,44,Mid-Age (35-49),Male,Accessories,Winter,New Jersey,54.0,20,4,216.0,3.1,1,1,1,1.0,1,0,0,0.4290324129651861,0.2816887755102041,Medium,Low,0,0,S2,Promo-Dependent Buyers,Next Day Air,Paypal,1,1
115,70,Senior (50-70),Male,Outerwear,Summer,Massachusetts,95.0,9,52,4940.0,3.7,1,1,1,1.0,1,0,0,0.6449795918367347,0.4409413265306122,High,Medium,1,0,S4,Promo-Habituated Spenders,Store Pickup,Cash,0,0
116,53,Senior (50-70),Male,Clothing,Spring,Wyoming,94.0,48,4,376.0,3.8,1,1,1,1.0,1,0,0,0.6564609843937573,0.6415459183673469,High,High,1,1,S4,Promo-Habituated Spenders,Standard,Debit Card,0,1
117,55,Senior (50-70),Male,Footwear,Spring,Virginia,86.0,12,1,86.0,3.4,1,1,1,1.0,1,0,0,0.3893469387755102,0.3988724489795918,Medium,Low,1,0,S4,Promo-Habituated Spenders,Free Shipping,Venmo,0,1
118,50,Senior (50-70),Male,Footwear,Summer,South Dakota,32.0,29,26,832.0,4.6,1,1,1,1.0,1,1,1,0.7119775910364146,0.3213571428571428,High,Low,0,0,S0,General Buyers,Express,Cash,1,0
119,50,Senior (50-70),Male,Clothing,Fall,Kentucky,45.0,27,26,1170.0,4.8,1,1,1,1.0,1,1,1,0.715732693077231,0.3800280612244898,High,Low,0,0,S0,General Buyers,2-Day Shipping,Cash,1,0
120,38,Mid-Age (35-49),Male,Outerwear,Fall,Wyoming,76.0,44,1,76.0,4.3,1,1,1,1.0,1,1,0,0.657265306122449,0.5723877551020408,High,Medium,0,1,S0,General Buyers,Express,Cash,1,0
121,64,Senior (50-70),Male,Accessories,Summer,West Virginia,84.0,32,1,84.0,4.0,1,1,1,1.0,1,1,0,0.5597959183673469,0.5281632653061225,High,Medium,1,0,S4,Promo-Habituated Spenders,Express,Bank Transfer,1,0
122,19,Teen (18-24),Male,Clothing,Winter,Virginia,72.0,11,26,1872.0,4.2,1,1,1,1.0,1,1,0,0.5697735094037615,0.3805204081632652,High,Low,0,0,S0,General Buyers,Standard,Cash,0,0
123,40,Mid-Age (35-49),Male,Accessories,Spring,Washington,40.0,44,26,1040.0,4.8,1,1,1,1.0,1,1,1,0.8198143257302921,0.4448877551020408,High,Medium,0,1,S0,General Buyers,2-Day Shipping,Cash,1,0
124,57,Senior (50-70),Male,Clothing,Fall,Louisiana,89.0,46,52,4628.0,3.1,1,1,1,1.0,1,0,0,0.8235102040816327,0.5674668367346939,High,Medium,1,1,S4,Promo-Habituated Spenders,Free Shipping,Cash,0,0
125,44,Mid-Age (35-49),Male,Clothing,Spring,Nevada,86.0,50,1,86.0,3.1,1,1,1,1.0,1,0,0,0.5980000000000001,0.57475,High,Medium,1,1,S4,Promo-Habituated Spenders,Next Day Air,Paypal,1,1
126,49,Mid-Age (35-49),Male,Clothing,Winter,California,54.0,45,4,216.0,3.6,1,1,1,1.0,1,0,0,0.6220936374549819,0.4392397959183673,High,Medium,0,1,S0,General Buyers,Next Day Air,Venmo,1,1
127,43,Mid-Age (35-49),Male,Clothing,Spring,Mississippi,36.0,48,4,144.0,3.9,1,1,1,1.0,1,0,0,0.6644609843937573,0.3937959183673469,High,Low,0,1,S0,General Buyers,Store Pickup,Cash,0,0
128,24,Teen (18-24),Male,Clothing,Winter,Mississippi,89.0,26,52,4628.0,4.8,1,1,1,1.0,1,1,1,0.8370612244897959,0.5674260204081633,High,Medium,1,0,S4,Promo-Habituated Spenders,Next Day Air,Credit Card,1,1
129,20,Teen (18-24),Male,Accessories,Spring,California,32.0,21,26,832.0,4.7,1,1,1,1.0,1,1,1,0.67099799919968,0.2865408163265306,High,Low,0,0,S2,Promo-Dependent Buyers,Standard,Credit Card,0,1
130,24,Teen (18-24),Male,Clothing,Summer,Pennsylvania,67.0,49,26,1742.0,4.2,1,1,1,1.0,1,1,0,0.8024265706282513,0.5525229591836734,High,Medium,0,1,S0,General Buyers,2-Day Shipping,Paypal,1,1
131,44,Mid-Age (35-49),Male,Accessories,Fall,Kentucky,39.0,13,26,1014.0,3.7,1,1,1,1.0,1,0,0,0.5420184073629453,0.2163494897959183,High,Low,0,0,S2,Promo-Dependent Buyers,Next Day Air,Paypal,1,1
132,28,Young Adult (25-34),Male,Clothing,Summer,Maine,29.0,46,52,1508.0,3.9,1,1,1,1.0,1,0,0,0.8875102040816326,0.3529668367346938,High,Low,0,1,S0,General Buyers,Standard,Credit Card,0,1
133,30,Young Adult (25-34),Male,Accessories,Fall,New Mexico,58.0,42,52,3016.0,4.7,1,1,1,1.0,1,1,1,0.9270204081632654,0.5074336734693877,High,Medium,0,1,S0,General Buyers,2-Day Shipping,Paypal,1,1
134,52,Senior (50-70),Male,Clothing,Winter,Montana,65.0,25,1,65.0,2.5,1,1,1,1.0,1,0,0,0.396938775510204,0.3193239795918367,Medium,Low,0,0,S0,General Buyers,Next Day Air,Venmo,1,1
135,43,Mid-Age (35-49),Male,Accessories,Fall,Texas,94.0,25,12,1128.0,4.9,1,1,1,1.0,1,1,1,0.6428603441376551,0.5901989795918368,High,Medium,1,0,S4,Promo-Habituated Spenders,Store Pickup,Cash,0,0
136,43,Mid-Age (35-49),Male,Footwear,Fall,Kansas,81.0,12,4,324.0,4.1,1,1,1,1.0,1,1,0,0.4600528211284513,0.4189974489795918,High,Low,1,0,S4,Promo-Habituated Spenders,Express,Paypal,1,1
137,39,Mid-Age (35-49),Male,Clothing,Winter,South Carolina,86.0,4,4,344.0,3.3,1,1,1,1.0,1,0,0,0.3470732292917167,0.3520561224489795,Medium,Low,1,0,S4,Promo-Habituated Spenders,Free Shipping,Debit Card,0,1
138,68,Senior (50-70),Male,Footwear,Spring,Colorado,43.0,38,52,2236.0,4.7,1,1,1,1.0,1,1,1,0.902530612244898,0.4214005102040816,High,Low,0,1,S0,General Buyers,Free Shipping,Paypal,0,1
139,68,Senior (50-70),Male,Clothing,Winter,Georgia,29.0,42,52,1508.0,4.4,1,1,1,1.0,1,1,0,0.9030204081632652,0.3625586734693877,High,Low,0,1,S0,General Buyers,Store Pickup,Bank Transfer,0,0
140,49,Mid-Age (35-49),Male,Outerwear,Fall,Florida,95.0,30,1,95.0,3.8,1,1,1,1.0,1,0,0,0.5315510204081633,0.5540841836734693,High,Medium,1,0,S4,Promo-Habituated Spenders,Store Pickup,Venmo,0,1
141,63,Senior (50-70),Male,Clothing,Fall,North Carolina,28.0,50,52,1456.0,3.9,1,1,1,1.0,1,0,0,0.912,0.369,High,Low,0,1,S0,General Buyers,2-Day Shipping,Credit Card,1,1
142,56,Senior (50-70),Male,Accessories,Fall,Virginia,46.0,45,52,2392.0,4.9,1,1,1,1.0,1,1,1,0.9613877551020408,0.4822397959183673,High,Medium,0,1,S0,General Buyers,Free Shipping,Paypal,0,1
143,37,Mid-Age (35-49),Male,Outerwear,Fall,Nebraska,58.0,33,26,1508.0,3.1,1,1,1,1.0,1,0,0,0.616467386954782,0.365515306122449,High,Low,0,0,S0,General Buyers,Free Shipping,Credit Card,0,1
144,30,Young Adult (25-34),Male,Outerwear,Fall,Missouri,48.0,25,4,192.0,2.7,1,1,1,1.0,1,0,0,0.4276446578631452,0.2569489795918367,Medium,Low,0,0,S0,General Buyers,Store Pickup,Paypal,0,1
145,19,Teen (18-24),Male,Footwear,Fall,New Jersey,43.0,25,12,516.0,3.2,1,1,1,1.0,1,0,0,0.5068603441376551,0.2650739795918367,High,Low,0,0,S0,General Buyers,Express,Cash,1,0
146,24,Teen (18-24),Male,Accessories,Fall,Missouri,95.0,44,4,380.0,4.5,1,1,1,1.0,1,1,1,0.6879711884753902,0.6675127551020408,High,High,1,1,S4,Promo-Habituated Spenders,Standard,Debit Card,0,1
147,52,Senior (50-70),Male,Clothing,Fall,Colorado,30.0,21,26,780.0,4.0,1,1,1,1.0,1,1,0,0.6149979991996799,0.2357908163265306,High,Low,0,0,S2,Promo-Dependent Buyers,Standard,Venmo,0,1
148,63,Senior (50-70),Male,Footwear,Summer,Idaho,64.0,31,26,1664.0,3.5,1,1,1,1.0,1,0,0,0.6362224889955983,0.4055612244897959,High,Low,0,0,S0,General Buyers,2-Day Shipping,Bank Transfer,1,0
149,37,Mid-Age (35-49),Male,Accessories,Fall,Wyoming,90.0,47,1,90.0,2.6,1,1,1,1.0,1,0,0,0.5396326530612245,0.5469438775510204,High,Medium,1,1,S4,Promo-Habituated Spenders,Store Pickup,Debit Card,0,1
150,38,Mid-Age (35-49),Male,Clothing,Summer,Delaware,76.0,14,12,912.0,3.2,1,1,1,1.0,1,0,0,0.4395134053621449,0.3533265306122448,Medium,Low,0,0,S0,General Buyers,Free Shipping,Paypal,0,1
151,35,Mid-Age (35-49),Male,Footwear,Fall,California,96.0,17,4,384.0,4.9,1,1,1,1.0,1,1,1,0.5546650660264106,0.5581326530612245,High,Medium,1,0,S4,Promo-Habituated Spenders,Standard,Debit Card,0,1
152,28,Young Adult (25-34),Male,Accessories,Fall,North Dakota,47.0,3,1,47.0,4.5,1,1,1,1.0,1,1,1,0.4222448979591837,0.248329081632653,Medium,Low,0,0,S2,Promo-Dependent Buyers,Next Day Air,Venmo,1,1
153,30,Young Adult (25-34),Male,Clothing,Summer,South Carolina,85.0,42,1,85.0,4.3,1,1,1,1.0,1,1,0,0.6450204081632653,0.6015586734693877,High,High,1,1,S4,Promo-Habituated Spenders,Express,Venmo,1,1
154,69,Senior (50-70),Male,Clothing,Winter,North Carolina,55.0,22,1,55.0,3.2,1,1,1,1.0,1,0,0,0.4345714285714286,0.3022678571428571,Medium,Low,0,0,S2,Promo-Dependent Buyers,Standard,Debit Card,0,1
155,41,Mid-Age (35-49),Male,Clothing,Fall,Oklahoma,98.0,21,4,392.0,3.6,1,1,1,1.0,1,0,0,0.4751548619447779,0.5092908163265306,High,Medium,1,0,S4,Promo-Habituated Spenders,Next Day Air,Venmo,1,1
156,63,Senior (50-70),Male,Clothing,Spring,Maine,77.0,21,4,308.0,4.3,1,1,1,1.0,1,1,0,0.5311548619447779,0.4594158163265306,High,Medium,0,0,S0,General Buyers,Free Shipping,Bank Transfer,0,0
157,35,Mid-Age (35-49),Male,Clothing,Fall,Missouri,26.0,40,1,26.0,4.0,1,1,1,1.0,1,1,0,0.6087755102040816,0.3152295918367347,High,Low,0,1,S0,General Buyers,Standard,Debit Card,0,1
158,36,Mid-Age (35-49),Male,Accessories,Fall,Vermont,68.0,1,26,1768.0,3.0,1,1,1,1.0,1,0,0,0.4125490196078432,0.24,Medium,Low,0,0,S0,General Buyers,Next Day Air,Bank Transfer,1,0
159,25,Young Adult (25-34),Male,Clothing,Fall,Connecticut,73.0,50,12,876.0,4.1,1,1,1,1.0,1,1,0,0.7319215686274511,0.5778749999999999,High,Medium,0,1,S0,General Buyers,Standard,Bank Transfer,0,0
160,58,Senior (50-70),Male,Accessories,Fall,New Hampshire,27.0,39,4,108.0,3.8,1,1,1,1.0,1,0,0,0.6013589435774309,0.3025025510204081,High,Low,0,1,S0,General Buyers,Store Pickup,Bank Transfer,0,0
161,27,Young Adult (25-34),Male,Accessories,Summer,Texas,23.0,34,12,276.0,4.6,1,1,1,1.0,1,1,1,0.6739623849539815,0.3074923469387755,High,Low,0,0,S0,General Buyers,Free Shipping,Venmo,0,1
162,65,Senior (50-70),Male,Accessories,Fall,North Dakota,49.0,29,26,1274.0,3.0,1,1,1,1.0,1,0,0,0.5839775910364146,0.2997321428571429,High,Low,0,0,S0,General Buyers,Express,Venmo,1,1
163,54,Senior (50-70),Male,Accessories,Summer,California,74.0,31,26,1924.0,3.0,1,1,1,1.0,1,0,0,0.5962224889955983,0.4193112244897959,High,Low,0,0,S0,General Buyers,Store Pickup,Paypal,0,1
164,54,Senior (50-70),Male,Clothing,Summer,Virginia,67.0,8,52,3484.0,3.4,1,1,1,1.0,1,0,0,0.6148571428571429,0.2953392857142857,High,Low,0,0,S0,General Buyers,Standard,Debit Card,0,1
165,59,Senior (50-70),Male,Accessories,Spring,Delaware,65.0,5,26,1690.0,2.6,1,1,1,1.0,1,0,0,0.4050388155262105,0.2232831632653061,Medium,Low,0,0,S0,General Buyers,Free Shipping,Credit Card,0,1
166,42,Mid-Age (35-49),Male,Accessories,Winter,Kentucky,60.0,7,12,720.0,2.8,1,1,1,1.0,1,0,0,0.364656262505002,0.2236122448979591,Medium,Low,0,0,S0,General Buyers,Store Pickup,Cash,0,0
167,46,Mid-Age (35-49),Male,Footwear,Fall,Delaware,31.0,30,12,372.0,4.0,1,1,1,1.0,1,1,0,0.6014725890356143,0.2860841836734694,High,Low,0,0,S0,General Buyers,Store Pickup,Cash,0,0
168,33,Young Adult (25-34),Male,Accessories,Fall,Arkansas,27.0,14,4,108.0,4.0,1,1,1,1.0,1,1,0,0.464297719087635,0.1869515306122449,High,Low,0,0,S2,Promo-Dependent Buyers,Express,Credit Card,1,1
169,34,Young Adult (25-34),Male,Footwear,Summer,Louisiana,80.0,5,26,2080.0,3.0,1,1,1,1.0,1,0,0,0.4370388155262105,0.3129081632653061,Medium,Low,0,0,S0,General Buyers,Express,Cash,1,0
170,27,Young Adult (25-34),Male,Outerwear,Summer,Nevada,30.0,3,4,120.0,3.3,1,1,1,1.0,1,0,0,0.3409507803121248,0.101954081632653,Medium,Low,0,0,S2,Promo-Dependent Buyers,Standard,Paypal,0,1
171,52,Senior (50-70),Male,Clothing,Fall,Wyoming,25.0,46,26,650.0,2.6,1,1,1,1.0,1,0,0,0.6560592236894758,0.2574668367346939,High,Low,0,1,S0,General Buyers,Store Pickup,Venmo,0,1
172,29,Young Adult (25-34),Male,Clothing,Summer,Virginia,35.0,4,52,1820.0,3.6,1,1,1,1.0,1,0,0,0.6063673469387756,0.1469311224489796,High,Low,0,0,S2,Promo-Dependent Buyers,Store Pickup,Credit Card,0,1
173,54,Senior (50-70),Male,Accessories,Summer,Nebraska,67.0,42,26,1742.0,3.9,1,1,1,1.0,1,0,0,0.7355694277711085,0.4988086734693877,High,Medium,0,1,S0,General Buyers,Next Day Air,Credit Card,1,1
174,25,Young Adult (25-34),Male,Accessories,Fall,Hawaii,46.0,30,1,46.0,3.4,1,1,1,1.0,1,0,0,0.4995510204081633,0.3157091836734694,High,Low,0,0,S0,General Buyers,Standard,Cash,0,0
175,41,Mid-Age (35-49),Male,Footwear,Winter,Vermont,35.0,37,1,35.0,3.5,1,1,1,1.0,1,0,0,0.5504081632653062,0.309298469387755,High,Low,0,0,S0,General Buyers,Express,Venmo,1,1
176,53,Senior (50-70),Male,Outerwear,Fall,Oklahoma,86.0,2,1,86.0,2.8,1,1,1,1.0,1,0,0,0.2801224489795918,0.3118520408163264,Low,Low,1,0,S4,Promo-Habituated Spenders,Next Day Air,Bank Transfer,1,0
177,53,Senior (50-70),Male,Accessories,Spring,New Hampshire,81.0,30,4,324.0,2.7,1,1,1,1.0,1,0,0,0.4582569027611045,0.4268341836734693,High,Low,1,0,S4,Promo-Habituated Spenders,Next Day Air,Credit Card,1,1
178,21,Teen (18-24),Male,Clothing,Fall,Kansas,42.0,47,12,504.0,3.7,1,1,1,1.0,1,0,0,0.6815542216886756,0.4029438775510204,High,Low,0,1,S0,General Buyers,Next Day Air,Bank Transfer,1,0
179,61,Senior (50-70),Male,Clothing,Fall,Idaho,43.0,21,4,172.0,4.3,1,1,1,1.0,1,1,0,0.5311548619447779,0.3106658163265306,High,Low,0,0,S2,Promo-Dependent Buyers,2-Day Shipping,Paypal,1,1
180,64,Senior (50-70),Male,Footwear,Fall,Illinois,31.0,9,26,806.0,4.9,1,1,1,1.0,1,1,1,0.6135286114445779,0.2329413265306122,High,Low,0,0,S2,Promo-Dependent Buyers,Store Pickup,Bank Transfer,0,0
181,51,Senior (50-70),Male,Footwear,Fall,South Dakota,81.0,12,26,2106.0,3.3,1,1,1,1.0,1,0,0,0.5038959583833533,0.3709974489795918,High,Low,1,0,S4,Promo-Habituated Spenders,Store Pickup,Debit Card,0,1
182,32,Young Adult (25-34),Male,Clothing,Summer,Massachusetts,61.0,4,52,3172.0,4.7,1,1,1,1.0,1,1,1,0.6943673469387756,0.3266811224489795,High,Low,0,0,S0,General Buyers,Next Day Air,Bank Transfer,1,0
183,38,Mid-Age (35-49),Male,Accessories,Summer,Alabama,96.0,10,1,96.0,2.8,1,1,1,1.0,1,0,0,0.3291020408163265,0.3964183673469387,Medium,Low,1,0,S4,Promo-Habituated Spenders,Store Pickup,Debit Card,0,1
184,58,Senior (50-70),Male,Clothing,Spring,Ohio,29.0,26,52,1508.0,3.6,1,1,1,1.0,1,0,0,0.741061224489796,0.2329260204081632,High,Low,0,0,S0,General Buyers,2-Day Shipping,Credit Card,1,1
185,32,Young Adult (25-34),Male,Footwear,Spring,Hawaii,33.0,40,26,858.0,3.0,1,1,1,1.0,1,0,0,0.6513245298119248,0.2858545918367347,High,Low,0,1,S0,General Buyers,Express,Cash,1,0
186,46,Mid-Age (35-49),Male,Clothing,Summer,Wisconsin,32.0,34,26,832.0,4.5,1,1,1,1.0,1,1,1,0.7345898359343738,0.3408673469387755,High,Low,0,0,S0,General Buyers,Store Pickup,Bank Transfer,0,0
187,39,Mid-Age (35-49),Male,Accessories,Summer,Minnesota,56.0,31,1,56.0,2.9,1,1,1,1.0,1,0,0,0.465673469387755,0.3345612244897959,High,Low,0,0,S0,General Buyers,Standard,Debit Card,0,1
188,19,Teen (18-24),Male,Footwear,Spring,Georgia,94.0,1,26,2444.0,3.3,1,1,1,1.0,1,0,0,0.4365490196078431,0.3717499999999999,Medium,Low,1,0,S4,Promo-Habituated Spenders,Store Pickup,Bank Transfer,0,0
189,50,Senior (50-70),Male,Clothing,Spring,Arkansas,53.0,5,26,1378.0,3.1,1,1,1,1.0,1,0,0,0.4450388155262105,0.2007831632653061,Medium,Low,0,0,S2,Promo-Dependent Buyers,Express,Bank Transfer,1,0
190,36,Mid-Age (35-49),Male,Clothing,Fall,West Virginia,82.0,4,52,4264.0,4.4,1,1,1,1.0,1,1,0,0.6703673469387755,0.4005561224489796,High,Low,1,0,S4,Promo-Habituated Spenders,Next Day Air,Credit Card,1,1
191,65,Senior (50-70),Male,Outerwear,Fall,Indiana,70.0,48,4,280.0,3.0,1,1,1,1.0,1,0,0,0.5924609843937574,0.4885459183673469,High,Medium,0,1,S0,General Buyers,Free Shipping,Venmo,0,1
192,64,Senior (50-70),Male,Accessories,Fall,Utah,76.0,29,4,304.0,3.9,1,1,1,1.0,1,0,0,0.5481344537815125,0.4718571428571427,High,Medium,0,0,S0,General Buyers,Free Shipping,Cash,0,0
193,46,Mid-Age (35-49),Male,Footwear,Summer,Nebraska,29.0,12,26,754.0,2.9,1,1,1,1.0,1,0,0,0.4718959583833533,0.1194974489795918,High,Low,0,0,S2,Promo-Dependent Buyers,Express,Paypal,1,1
194,36,Mid-Age (35-49),Male,Accessories,Fall,North Dakota,100.0,29,1,100.0,3.0,1,1,1,1.0,1,0,0,0.4614285714285714,0.5228571428571428,High,Medium,1,0,S4,Promo-Habituated Spenders,Standard,Venmo,0,1
195,51,Senior (50-70),Male,Accessories,Spring,Missouri,94.0,15,4,376.0,3.1,1,1,1,1.0,1,0,0,0.3984201680672269,0.4311785714285714,Medium,Medium,1,0,S4,Promo-Habituated Spenders,Express,Debit Card,1,1
196,51,Senior (50-70),Male,Outerwear,Fall,New York,25.0,34,12,300.0,4.3,1,1,1,1.0,1,1,0,0.6499623849539816,0.2982423469387755,High,Low,0,0,S0,General Buyers,Free Shipping,Credit Card,0,1
197,38,Mid-Age (35-49),Male,Footwear,Summer,Washington,88.0,41,26,2288.0,3.9,1,1,1,1.0,1,0,0,0.7294469787915165,0.5855816326530612,High,Medium,1,1,S4,Promo-Habituated Spenders,Next Day Air,Credit Card,1,1
198,59,Senior (50-70),Male,Accessories,Fall,South Carolina,78.0,41,12,936.0,3.2,1,1,1,1.0,1,0,0,0.6048195278111245,0.4998316326530612,High,Medium,0,1,S0,General Buyers,2-Day Shipping,Credit Card,1,1
199,57,Senior (50-70),Male,Accessories,Winter,Utah,45.0,39,26,1170.0,4.8,1,1,1,1.0,1,1,1,0.789202080832333,0.4412525510204081,High,Medium,0,1,S0,General Buyers,Standard,Credit Card,0,1
200,54,Senior (50-70),Male,Accessories,Summer,Idaho,73.0,32,52,3796.0,3.8,1,1,1,1.0,1,0,0,0.793795918367347,0.4680382653061223,High,Medium,0,0,S0,General Buyers,Express,Cash,1,0
201,25,Young Adult (25-34),Male,Clothing,Summer,Pennsylvania,61.0,29,12,732.0,3.3,1,1,1,1.0,1,0,0,0.5393501400560223,0.3702321428571428,High,Low,0,0,S0,General Buyers,Next Day Air,Venmo,1,1
202,69,Senior (50-70),Male,Clothing,Fall,Missouri,22.0,15,1,22.0,4.3,1,1,1,1.0,1,1,0,0.4797142857142856,0.1881785714285714,High,Low,0,0,S2,Promo-Dependent Buyers,Free Shipping,Bank Transfer,0,0
203,57,Senior (50-70),Male,Accessories,Spring,Nebraska,38.0,33,1,38.0,2.7,1,1,1,1.0,1,0,0,0.4619183673469388,0.254015306122449,High,Low,0,0,S0,General Buyers,Express,Venmo,1,1
204,70,Senior (50-70),Male,Accessories,Fall,Indiana,38.0,18,52,1976.0,3.2,1,1,1,1.0,1,0,0,0.6600816326530613,0.207484693877551,High,Low,0,0,S2,Promo-Dependent Buyers,Next Day Air,Bank Transfer,1,0
205,24,Teen (18-24),Male,Footwear,Fall,Arizona,100.0,35,26,2600.0,4.0,1,1,1,1.0,1,1,0,0.7007122849139655,0.613469387755102,High,High,1,0,S4,Promo-Habituated Spenders,Store Pickup,Cash,0,0
206,67,Senior (50-70),Male,Clothing,Winter,Hawaii,64.0,25,52,3328.0,3.0,1,1,1,1.0,1,0,0,0.6869387755102041,0.3449489795918368,High,Low,0,0,S0,General Buyers,Standard,Paypal,0,1
207,24,Teen (18-24),Male,Clothing,Summer,Wisconsin,55.0,6,26,1430.0,4.2,1,1,1,1.0,1,1,0,0.5391612645058024,0.2806352040816326,High,Low,0,0,S2,Promo-Dependent Buyers,Free Shipping,Venmo,0,1
208,62,Senior (50-70),Male,Accessories,Summer,Rhode Island,91.0,17,26,2366.0,2.9,1,1,1,1.0,1,0,0,0.5025082032813125,0.4162576530612245,High,Low,1,0,S4,Promo-Habituated Spenders,Express,Bank Transfer,1,0
209,57,Senior (50-70),Male,Clothing,Spring,Wisconsin,38.0,17,12,456.0,4.1,1,1,1,1.0,1,1,0,0.5298807523009204,0.2563826530612245,High,Low,0,0,S2,Promo-Dependent Buyers,Store Pickup,Credit Card,0,1
210,55,Senior (50-70),Male,Footwear,Winter,Minnesota,97.0,44,4,388.0,3.2,1,1,1,1.0,1,0,0,0.5839711884753902,0.5982627551020409,High,Medium,1,1,S4,Promo-Habituated Spenders,Store Pickup,Cash,0,0
211,45,Mid-Age (35-49),Male,Outerwear,Fall,Vermont,22.0,6,26,572.0,3.0,1,1,1,1.0,1,0,0,0.4431612645058023,0.0642602040816326,Medium,Low,0,0,S2,Promo-Dependent Buyers,2-Day Shipping,Paypal,1,1
212,69,Senior (50-70),Male,Clothing,Fall,South Dakota,92.0,45,26,2392.0,4.2,1,1,1,1.0,1,1,0,0.777936774709884,0.6414897959183673,High,High,1,1,S4,Promo-Habituated Spenders,2-Day Shipping,Debit Card,1,1
213,67,Senior (50-70),Male,Accessories,Fall,Virginia,84.0,7,1,84.0,4.2,1,1,1,1.0,1,1,0,0.422734693877551,0.4126122448979591,Medium,Low,1,0,S4,Promo-Habituated Spenders,Express,Debit Card,1,1
214,30,Young Adult (25-34),Male,Accessories,Fall,Nevada,93.0,11,4,372.0,4.4,1,1,1,1.0,1,1,0,0.4779303721488596,0.4843954081632653,High,Medium,1,0,S4,Promo-Habituated Spenders,Store Pickup,Debit Card,0,1
215,24,Teen (18-24),Male,Outerwear,Summer,Hawaii,50.0,41,4,200.0,4.2,1,1,1,1.0,1,1,0,0.6456038415366147,0.4373316326530612,High,Medium,0,1,S0,General Buyers,Next Day Air,Cash,1,0
216,62,Senior (50-70),Male,Accessories,Spring,New Jersey,64.0,24,26,1664.0,2.8,1,1,1,1.0,1,0,0,0.5373653461384554,0.3278469387755102,High,Low,0,0,S0,General Buyers,2-Day Shipping,Paypal,1,1
217,43,Mid-Age (35-49),Male,Clothing,Spring,Massachusetts,61.0,21,52,3172.0,3.7,1,1,1,1.0,1,0,0,0.7184489795918367,0.3534158163265306,High,Low,0,0,S0,General Buyers,Free Shipping,Venmo,0,1
218,35,Mid-Age (35-49),Male,Accessories,Winter,Oklahoma,48.0,24,1,48.0,3.5,1,1,1,1.0,1,0,0,0.4708163265306123,0.2998469387755101,High,Low,0,0,S2,Promo-Dependent Buyers,Next Day Air,Bank Transfer,1,0
219,28,Young Adult (25-34),Male,Clothing,Spring,California,45.0,8,4,180.0,2.9,1,1,1,1.0,1,0,0,0.339563025210084,0.1690892857142857,Medium,Low,0,0,S2,Promo-Dependent Buyers,Store Pickup,Credit Card,0,1
220,32,Young Adult (25-34),Male,Accessories,Spring,Nevada,88.0,12,26,2288.0,3.0,1,1,1,1.0,1,0,0,0.4798959583833534,0.3836224489795918,High,Low,1,0,S4,Promo-Habituated Spenders,Free Shipping,Cash,0,0
221,39,Mid-Age (35-49),Male,Footwear,Spring,Arizona,57.0,48,26,1482.0,3.7,1,1,1,1.0,1,0,0,0.7563041216486595,0.4736709183673469,High,Medium,0,1,S0,General Buyers,Express,Debit Card,1,1
222,28,Young Adult (25-34),Male,Accessories,Summer,North Carolina,68.0,6,4,272.0,4.4,1,1,1,1.0,1,1,0,0.4473181272509003,0.3495102040816327,Medium,Low,0,0,S0,General Buyers,Store Pickup,Bank Transfer,0,0
223,47,Mid-Age (35-49),Male,Accessories,Spring,New York,94.0,14,26,2444.0,4.5,1,1,1,1.0,1,1,1,0.612140856342537,0.5100765306122449,High,Medium,1,0,S4,Promo-Habituated Spenders,2-Day Shipping,Paypal,1,1
224,20,Teen (18-24),Male,Clothing,Spring,Wyoming,41.0,34,1,41.0,4.8,1,1,1,1.0,1,1,1,0.6360408163265305,0.3982423469387754,High,Low,0,0,S0,General Buyers,Free Shipping,Paypal,0,1
225,63,Senior (50-70),Male,Clothing,Summer,South Dakota,83.0,12,4,332.0,2.9,1,1,1,1.0,1,0,0,0.3640528211284514,0.3557474489795918,Medium,Low,1,0,S4,Promo-Habituated Spenders,Free Shipping,Cash,0,0
226,25,Young Adult (25-34),Male,Outerwear,Spring,Arkansas,22.0,11,1,22.0,3.2,1,1,1,1.0,1,0,0,0.3672244897959184,0.1017704081632653,Medium,Low,0,0,S2,Promo-Dependent Buyers,Next Day Air,Bank Transfer,1,0
227,29,Young Adult (25-34),Male,Footwear,Spring,Texas,74.0,5,12,888.0,3.3,1,1,1,1.0,1,0,0,0.3924113645458183,0.3046581632653061,Medium,Low,0,0,S0,General Buyers,Free Shipping,Paypal,0,1
228,50,Senior (50-70),Male,Clothing,Winter,Rhode Island,90.0,25,26,2340.0,4.2,1,1,1,1.0,1,1,0,0.6554877951180472,0.5306989795918367,High,Medium,1,0,S4,Promo-Habituated Spenders,Standard,Venmo,0,1
229,18,Teen (18-24),Male,Clothing,Spring,New Hampshire,79.0,11,1,79.0,2.9,1,1,1,1.0,1,0,0,0.3432244897959183,0.3331454081632653,Medium,Low,0,0,S0,General Buyers,Store Pickup,Credit Card,0,1
230,70,Senior (50-70),Male,Footwear,Spring,Ohio,28.0,27,4,112.0,4.6,1,1,1,1.0,1,1,1,0.5918895558223289,0.2936530612244897,High,Low,0,0,S0,General Buyers,Next Day Air,Paypal,1,1
231,66,Senior (50-70),Male,Accessories,Fall,Utah,88.0,43,1,88.0,4.1,1,1,1,1.0,1,1,0,0.6351428571428571,0.6077857142857143,High,High,1,1,S4,Promo-Habituated Spenders,Standard,Credit Card,0,1
232,28,Young Adult (25-34),Male,Clothing,Spring,Tennessee,26.0,18,4,104.0,3.1,1,1,1,1.0,1,0,0,0.4167875150060024,0.148984693877551,Medium,Low,0,0,S2,Promo-Dependent Buyers,2-Day Shipping,Debit Card,1,1
233,54,Senior (50-70),Male,Accessories,Winter,Hawaii,27.0,32,26,702.0,4.2,1,1,1,1.0,1,1,0,0.69834493797519,0.2907882653061224,High,Low,0,0,S0,General Buyers,Express,Bank Transfer,1,0
234,19,Teen (18-24),Male,Clothing,Fall,Arizona,83.0,27,4,332.0,4.5,1,1,1,1.0,1,1,1,0.5838895558223289,0.5282780612244897,High,Medium,1,0,S4,Promo-Habituated Spenders,Next Day Air,Bank Transfer,1,0
235,20,Teen (18-24),Male,Accessories,Summer,South Dakota,39.0,24,52,2028.0,3.7,1,1,1,1.0,1,0,0,0.7368163265306122,0.2724719387755102,High,Low,0,0,S2,Promo-Dependent Buyers,Next Day Air,Credit Card,1,1
236,43,Mid-Age (35-49),Male,Accessories,Winter,New Jersey,89.0,31,4,356.0,3.7,1,1,1,1.0,1,0,0,0.5443793517406963,0.5269362244897959,High,Medium,1,0,S4,Promo-Habituated Spenders,Free Shipping,Debit Card,0,1
237,38,Mid-Age (35-49),Male,Outerwear,Winter,North Dakota,68.0,39,26,1768.0,3.4,1,1,1,1.0,1,0,0,0.6772020808323329,0.4578775510204081,High,Medium,0,1,S0,General Buyers,Next Day Air,Paypal,1,1
238,50,Senior (50-70),Male,Clothing,Summer,Iowa,90.0,36,26,2340.0,3.0,1,1,1,1.0,1,0,0,0.6268347338935575,0.5148214285714285,High,Medium,1,0,S4,Promo-Habituated Spenders,Store Pickup,Debit Card,0,1
239,64,Senior (50-70),Male,Clothing,Fall,Ohio,34.0,5,1,34.0,4.2,1,1,1,1.0,1,1,0,0.4104897959183674,0.1836581632653061,Medium,Low,0,0,S2,Promo-Dependent Buyers,Free Shipping,Cash,0,0
240,49,Mid-Age (35-49),Male,Clothing,Summer,Vermont,51.0,47,26,1326.0,2.9,1,1,1,1.0,1,0,0,0.6861816726690677,0.3943188775510204,High,Low,0,1,S0,General Buyers,Express,Credit Card,1,1
241,47,Mid-Age (35-49),Male,Clothing,Winter,Montana,45.0,29,26,1170.0,3.5,1,1,1,1.0,1,0,0,0.6239775910364145,0.3122321428571428,High,Low,0,0,S0,General Buyers,Free Shipping,Bank Transfer,0,0
242,36,Mid-Age (35-49),Male,Clothing,Winter,Delaware,88.0,43,26,2288.0,4.1,1,1,1,1.0,1,1,0,0.7576918767507003,0.6077857142857143,High,High,1,1,S4,Promo-Habituated Spenders,Free Shipping,Venmo,0,1
243,55,Senior (50-70),Male,Outerwear,Summer,New York,85.0,40,4,340.0,4.3,1,1,1,1.0,1,1,0,0.6474813925570228,0.5913545918367347,High,Medium,1,1,S4,Promo-Habituated Spenders,Store Pickup,Debit Card,0,1
244,25,Young Adult (25-34),Male,Accessories,Winter,Kentucky,100.0,4,12,1200.0,2.8,1,1,1,1.0,1,0,0,0.3462889155662265,0.3833061224489795,Medium,Low,1,0,S4,Promo-Habituated Spenders,2-Day Shipping,Debit Card,1,1
245,53,Senior (50-70),Male,Accessories,Spring,Oregon,42.0,39,52,2184.0,4.9,1,1,1,1.0,1,1,1,0.92465306122449,0.4341275510204082,High,Medium,0,1,S0,General Buyers,2-Day Shipping,Paypal,1,1
246,49,Mid-Age (35-49),Male,Footwear,Summer,Rhode Island,53.0,45,26,1378.0,3.3,1,1,1,1.0,1,0,0,0.7059367747098839,0.4168647959183673,High,Low,0,1,S0,General Buyers,Next Day Air,Venmo,1,1
247,35,Mid-Age (35-49),Male,Accessories,Spring,Nevada,86.0,20,26,2236.0,3.2,1,1,1,1.0,1,0,0,0.544875550220088,0.427688775510204,High,Medium,1,0,S4,Promo-Habituated Spenders,Express,Venmo,1,1
248,29,Young Adult (25-34),Male,Clothing,Spring,Montana,66.0,14,52,3432.0,4.4,1,1,1,1.0,1,1,0,0.731591836734694,0.3815765306122449,High,Low,0,0,S0,General Buyers,Standard,Debit Card,0,1
249,47,Mid-Age (35-49),Male,Accessories,Winter,Pennsylvania,100.0,33,52,5200.0,4.8,1,1,1,1.0,1,1,1,0.8799183673469388,0.6512653061224489,High,High,1,0,S4,Promo-Habituated Spenders,Express,Paypal,1,1
250,53,Senior (50-70),Male,Accessories,Fall,Alaska,47.0,18,1,47.0,4.2,1,1,1,1.0,1,1,0,0.4900816326530612,0.306859693877551,High,Low,0,0,S2,Promo-Dependent Buyers,Standard,Credit Card,0,1
251,33,Young Adult (25-34),Male,Clothing,Fall,Mississippi,25.0,9,52,1300.0,4.0,1,1,1,1.0,1,1,0,0.6689795918367346,0.1526913265306122,High,Low,0,0,S2,Promo-Dependent Buyers,Express,Bank Transfer,1,0
252,21,Teen (18-24),Male,Accessories,Winter,Wyoming,51.0,34,1,51.0,2.5,1,1,1,1.0,1,0,0,0.4520408163265306,0.3039923469387755,Medium,Low,0,0,S0,General Buyers,Standard,Paypal,0,1
253,32,Young Adult (25-34),Male,Clothing,Summer,Delaware,41.0,33,26,1066.0,3.9,1,1,1,1.0,1,0,0,0.6804673869547819,0.3391403061224489,High,Low,0,0,S0,General Buyers,Free Shipping,Venmo,0,1
254,52,Senior (50-70),Male,Footwear,Winter,Oklahoma,73.0,15,26,1898.0,4.9,1,1,1,1.0,1,1,1,0.650263305322129,0.4473035714285714,High,Medium,0,0,S0,General Buyers,2-Day Shipping,Bank Transfer,1,0
255,67,Senior (50-70),Male,Accessories,Winter,Indiana,42.0,4,26,1092.0,3.5,1,1,1,1.0,1,0,0,0.4709163665466186,0.1715561224489796,High,Low,0,0,S2,Promo-Dependent Buyers,Store Pickup,Paypal,0,1
256,43,Mid-Age (35-49),Male,Accessories,Spring,Maryland,20.0,25,1,20.0,4.2,1,1,1,1.0,1,1,0,0.5329387755102041,0.2244489795918367,High,Low,0,0,S0,General Buyers,Free Shipping,Debit Card,0,1
257,58,Senior (50-70),Male,Accessories,Spring,South Dakota,30.0,20,4,120.0,4.7,1,1,1,1.0,1,1,1,0.5570324129651861,0.2726887755102041,High,Low,0,0,S2,Promo-Dependent Buyers,Express,Credit Card,1,1
258,20,Teen (18-24),Male,Accessories,Summer,West Virginia,53.0,5,4,212.0,4.5,1,1,1,1.0,1,1,1,0.4491956782713086,0.284783163265306,Medium,Low,0,0,S2,Promo-Dependent Buyers,Express,Credit Card,1,1
259,61,Senior (50-70),Male,Accessories,Spring,Alabama,74.0,16,4,296.0,2.8,1,1,1,1.0,1,0,0,0.3805426170468187,0.3307806122448979,Medium,Low,0,0,S0,General Buyers,Express,Cash,1,0
260,32,Young Adult (25-34),Male,Clothing,Fall,Louisiana,57.0,13,1,57.0,2.9,1,1,1,1.0,1,0,0,0.355469387755102,0.2470994897959183,Medium,Low,0,0,S2,Promo-Dependent Buyers,Standard,Debit Card,0,1
261,38,Mid-Age (35-49),Male,Accessories,Winter,Montana,57.0,11,4,228.0,3.2,1,1,1,1.0,1,0,0,0.3819303721488596,0.2548954081632653,Medium,Low,0,0,S2,Promo-Dependent Buyers,2-Day Shipping,Credit Card,1,1
262,21,Teen (18-24),Male,Clothing,Winter,California,77.0,21,1,77.0,4.9,1,1,1,1.0,1,1,1,0.5644489795918368,0.4954158163265306,High,Medium,0,0,S0,General Buyers,Standard,Credit Card,0,1
263,37,Mid-Age (35-49),Male,Clothing,Summer,Hawaii,40.0,6,1,40.0,3.8,1,1,1,1.0,1,0,0,0.3846122448979591,0.1910102040816326,Medium,Low,0,0,S2,Promo-Dependent Buyers,Next Day Air,Debit Card,1,1
264,27,Young Adult (25-34),Male,Clothing,Summer,Iowa,46.0,29,12,552.0,4.3,1,1,1,1.0,1,1,0,0.6193501400560224,0.3646071428571428,High,Low,0,0,S0,General Buyers,Store Pickup,Venmo,0,1
265,36,Mid-Age (35-49),Male,Clothing,Fall,Colorado,78.0,15,1,78.0,3.9,1,1,1,1.0,1,0,0,0.4477142857142857,0.4091785714285714,Medium,Low,0,0,S0,General Buyers,Store Pickup,Cash,0,0
266,32,Young Adult (25-34),Male,Accessories,Spring,Michigan,59.0,17,26,1534.0,3.2,1,1,1,1.0,1,0,0,0.5265082032813125,0.2942576530612245,High,Low,0,0,S2,Promo-Dependent Buyers,2-Day Shipping,Bank Transfer,1,0
267,51,Senior (50-70),Male,Accessories,Summer,Louisiana,75.0,32,52,3900.0,3.1,1,1,1,1.0,1,0,0,0.737795918367347,0.4347882653061224,High,Medium,0,0,S0,General Buyers,Express,Credit Card,1,1
268,64,Senior (50-70),Male,Clothing,Spring,Maryland,54.0,42,1,54.0,3.9,1,1,1,1.0,1,0,0,0.6130204081632653,0.4419336734693877,High,Medium,0,1,S0,General Buyers,2-Day Shipping,Venmo,1,1
269,68,Senior (50-70),Male,Footwear,Spring,Georgia,42.0,21,12,504.0,2.6,1,1,1,1.0,1,0,0,0.4343705482192878,0.2042908163265306,Medium,Low,0,0,S2,Promo-Dependent Buyers,Store Pickup,Cash,0,0
270,68,Senior (50-70),Male,Clothing,Winter,Georgia,44.0,9,26,1144.0,3.3,1,1,1,1.0,1,0,0,0.4855286114445778,0.1938163265306122,High,Low,0,0,S2,Promo-Dependent Buyers,Next Day Air,Cash,1,0
271,33,Young Adult (25-34),Male,Clothing,Fall,North Dakota,52.0,16,1,52.0,4.6,1,1,1,1.0,1,1,1,0.5098367346938775,0.3425306122448979,High,Low,0,0,S2,Promo-Dependent Buyers,Free Shipping,Bank Transfer,0,0
272,65,Senior (50-70),Male,Accessories,Summer,Maryland,69.0,42,26,1794.0,4.6,1,1,1,1.0,1,1,1,0.7915694277711085,0.5495586734693878,High,Medium,0,1,S0,General Buyers,Express,Credit Card,1,1
273,48,Mid-Age (35-49),Male,Accessories,Summer,Oregon,26.0,37,26,676.0,4.4,1,1,1,1.0,1,1,0,0.7449571828731493,0.3239234693877551,High,Low,0,0,S0,General Buyers,2-Day Shipping,Debit Card,1,1
274,69,Senior (50-70),Male,Outerwear,Spring,North Dakota,33.0,32,4,132.0,4.2,1,1,1,1.0,1,1,0,0.5905018007202881,0.3170382653061224,High,Low,0,0,S0,General Buyers,Express,Debit Card,1,1
275,59,Senior (50-70),Male,Accessories,Spring,Maryland,32.0,28,26,832.0,3.0,1,1,1,1.0,1,0,0,0.5778551420568228,0.2202551020408163,High,Low,0,0,S0,General Buyers,Express,Cash,1,0
276,48,Mid-Age (35-49),Male,Accessories,Winter,Virginia,85.0,13,52,4420.0,4.0,1,1,1,1.0,1,1,0,0.693469387755102,0.4355994897959183,High,Medium,1,0,S4,Promo-Habituated Spenders,Express,Credit Card,1,1
277,25,Young Adult (25-34),Male,Clothing,Fall,South Dakota,30.0,11,26,780.0,3.5,1,1,1,1.0,1,0,0,0.5137735094037615,0.1547704081632653,High,Low,0,0,S2,Promo-Dependent Buyers,Express,Bank Transfer,1,0
278,29,Young Adult (25-34),Male,Clothing,Winter,Georgia,29.0,36,26,754.0,3.0,1,1,1,1.0,1,0,0,0.6268347338935575,0.2479464285714285,High,Low,0,0,S0,General Buyers,Store Pickup,Bank Transfer,0,0
279,57,Senior (50-70),Male,Clothing,Spring,Hawaii,95.0,23,1,95.0,3.7,1,1,1,1.0,1,0,0,0.4806938775510204,0.5123698979591838,High,Medium,1,0,S4,Promo-Habituated Spenders,Express,Debit Card,1,1
280,23,Teen (18-24),Male,Footwear,Summer,Arkansas,69.0,37,12,828.0,4.0,1,1,1,1.0,1,1,0,0.6443297318927571,0.4880484693877551,High,Medium,0,0,S0,General Buyers,Standard,Bank Transfer,0,0
281,45,Mid-Age (35-49),Male,Footwear,Fall,Montana,69.0,21,26,1794.0,4.2,1,1,1,1.0,1,1,0,0.6309979991996799,0.4184158163265306,High,Low,0,0,S0,General Buyers,2-Day Shipping,Cash,1,0
282,38,Mid-Age (35-49),Male,Accessories,Spring,Oklahoma,61.0,22,26,1586.0,2.5,1,1,1,1.0,1,0,0,0.5011204481792717,0.2865178571428571,High,Low,0,0,S0,General Buyers,Standard,Debit Card,0,1
283,21,Teen (18-24),Male,Clothing,Summer,Minnesota,94.0,9,12,1128.0,3.0,1,1,1,1.0,1,0,0,0.3929011604641856,0.3945663265306122,Medium,Low,1,0,S4,Promo-Habituated Spenders,2-Day Shipping,Cash,1,0
284,32,Young Adult (25-34),Male,Clothing,Fall,Montana,30.0,16,1,30.0,3.2,1,1,1,1.0,1,0,0,0.3978367346938776,0.1622806122448979,Medium,Low,0,0,S2,Promo-Dependent Buyers,Next Day Air,Venmo,1,1
285,63,Senior (50-70),Male,Clothing,Summer,Ohio,45.0,4,4,180.0,3.5,1,1,1,1.0,1,0,0,0.3630732292917167,0.1846811224489796,Medium,Low,0,0,S2,Promo-Dependent Buyers,Standard,Paypal,0,1
286,29,Young Adult (25-34),Male,Accessories,Summer,Kentucky,39.0,3,26,1014.0,4.8,1,1,1,1.0,1,1,1,0.5687939175670268,0.231329081632653,High,Low,0,0,S2,Promo-Dependent Buyers,Express,Debit Card,1,1
287,27,Young Adult (25-34),Male,Accessories,Summer,Nebraska,51.0,6,1,51.0,2.6,1,1,1,1.0,1,0,0,0.2886122448979591,0.1671352040816326,Low,Low,0,0,S2,Promo-Dependent Buyers,Store Pickup,Debit Card,0,1
288,56,Senior (50-70),Male,Accessories,Spring,Delaware,37.0,18,26,962.0,3.4,1,1,1,1.0,1,0,0,0.5486306522609044,0.215109693877551,High,Low,0,0,S2,Promo-Dependent Buyers,2-Day Shipping,Venmo,1,1
289,30,Young Adult (25-34),Male,Clothing,Winter,North Carolina,62.0,34,26,1612.0,3.7,1,1,1,1.0,1,0,0,0.6705898359343738,0.4241173469387755,High,Low,0,0,S0,General Buyers,2-Day Shipping,Venmo,1,1
290,49,Mid-Age (35-49),Male,Outerwear,Fall,New York,85.0,26,12,1020.0,4.5,1,1,1,1.0,1,1,1,0.6169827931172469,0.5319260204081633,High,Medium,1,0,S4,Promo-Habituated Spenders,2-Day Shipping,Credit Card,1,1
291,58,Senior (50-70),Male,Clothing,Winter,Colorado,33.0,50,52,1716.0,3.7,1,1,1,1.0,1,0,0,0.8960000000000001,0.378875,High,Low,0,1,S0,General Buyers,Standard,Paypal,0,1
292,57,Senior (50-70),Male,Clothing,Fall,Delaware,26.0,40,12,312.0,3.3,1,1,1,1.0,1,0,0,0.6066970788315326,0.2732295918367347,High,Low,0,1,S0,General Buyers,Next Day Air,Bank Transfer,1,0
293,60,Senior (50-70),Male,Footwear,Spring,Utah,99.0,24,4,396.0,4.7,1,1,1,1.0,1,1,1,0.5815222088835534,0.5949719387755102,High,Medium,1,0,S4,Promo-Habituated Spenders,Free Shipping,Cash,0,0
294,69,Senior (50-70),Male,Accessories,Spring,Connecticut,39.0,33,1,39.0,2.7,1,1,1,1.0,1,0,0,0.4619183673469388,0.2583903061224489,High,Low,0,0,S0,General Buyers,Express,Paypal,1,1
295,70,Senior (50-70),Male,Clothing,Spring,New Jersey,20.0,19,4,80.0,4.6,1,1,1,1.0,1,1,1,0.5429099639855942,0.2178367346938775,High,Low,0,0,S2,Promo-Dependent Buyers,Store Pickup,Credit Card,0,1
296,53,Senior (50-70),Male,Accessories,Winter,West Virginia,42.0,24,4,168.0,2.7,1,1,1,1.0,1,0,0,0.4215222088835534,0.2255969387755102,Medium,Low,0,0,S2,Promo-Dependent Buyers,Store Pickup,Credit Card,0,1
297,25,Young Adult (25-34),Male,Footwear,Spring,Indiana,74.0,19,52,3848.0,4.8,1,1,1,1.0,1,1,1,0.794204081632653,0.4660867346938775,High,Medium,0,0,S0,General Buyers,2-Day Shipping,Credit Card,1,1
298,48,Mid-Age (35-49),Male,Footwear,Summer,Delaware,26.0,4,26,676.0,4.4,1,1,1,1.0,1,1,0,0.5429163665466187,0.1555561224489796,High,Low,0,0,S2,Promo-Dependent Buyers,Standard,Credit Card,0,1
299,69,Senior (50-70),Male,Clothing,Winter,Maryland,53.0,11,4,212.0,4.0,1,1,1,1.0,1,1,0,0.4459303721488595,0.2853954081632652,Medium,Low,0,0,S2,Promo-Dependent Buyers,Standard,Venmo,0,1
300,25,Young Adult (25-34),Male,Footwear,Summer,Pennsylvania,80.0,28,26,2080.0,3.2,1,1,1,1.0,1,0,0,0.5938551420568228,0.4422551020408163,High,Medium,0,0,S0,General Buyers,Next Day Air,Paypal,1,1
301,29,Young Adult (25-34),Male,Accessories,Spring,Iowa,98.0,24,52,5096.0,4.4,1,1,1,1.0,1,1,0,0.7928163265306123,0.5725969387755102,High,Medium,1,0,S4,Promo-Habituated Spenders,Store Pickup,Paypal,0,1
302,46,Mid-Age (35-49),Male,Clothing,Spring,Pennsylvania,95.0,25,4,380.0,3.8,1,1,1,1.0,1,0,0,0.5156446578631453,0.5285739795918367,High,Medium,1,0,S4,Promo-Habituated Spenders,Standard,Credit Card,0,1
303,37,Mid-Age (35-49),Male,Clothing,Summer,Delaware,44.0,27,4,176.0,3.6,1,1,1,1.0,1,0,0,0.511889555822329,0.3036530612244898,High,Low,0,0,S0,General Buyers,Express,Bank Transfer,1,0
304,20,Teen (18-24),Male,Footwear,Summer,Oregon,60.0,49,52,3120.0,3.3,1,1,1,1.0,1,0,0,0.8578775510204081,0.4678979591836734,High,Medium,0,1,S0,General Buyers,Next Day Air,Venmo,1,1
305,40,Mid-Age (35-49),Male,Clothing,Winter,Oregon,84.0,45,26,2184.0,3.4,1,1,1,1.0,1,0,0,0.7139367747098839,0.5584897959183673,High,Medium,1,1,S4,Promo-Habituated Spenders,Next Day Air,Credit Card,1,1
306,60,Senior (50-70),Male,Clothing,Fall,Utah,59.0,26,1,59.0,3.5,1,1,1,1.0,1,0,0,0.4830612244897959,0.3581760204081632,High,Low,0,0,S0,General Buyers,2-Day Shipping,Paypal,1,1
307,26,Young Adult (25-34),Male,Outerwear,Summer,North Dakota,49.0,4,1,49.0,3.6,1,1,1,1.0,1,0,0,0.3563673469387755,0.2081811224489795,Medium,Low,0,0,S2,Promo-Dependent Buyers,Express,Cash,1,0
308,29,Young Adult (25-34),Male,Accessories,Winter,Florida,32.0,3,4,128.0,3.2,1,1,1,1.0,1,0,0,0.3329507803121249,0.104704081632653,Medium,Low,0,0,S2,Promo-Dependent Buyers,Free Shipping,Credit Card,0,1
309,66,Senior (50-70),Male,Accessories,Fall,Maryland,29.0,45,26,754.0,3.7,1,1,1,1.0,1,0,0,0.737936774709884,0.3358647959183674,High,Low,0,1,S0,General Buyers,Standard,Venmo,0,1
310,66,Senior (50-70),Male,Clothing,Spring,Minnesota,22.0,21,26,572.0,4.5,1,1,1,1.0,1,1,1,0.6549979991996799,0.2307908163265306,High,Low,0,0,S2,Promo-Dependent Buyers,Standard,Cash,0,0
311,56,Senior (50-70),Male,Clothing,Winter,Montana,85.0,50,26,2210.0,4.6,1,1,1,1.0,1,1,1,0.8405490196078431,0.660375,High,High,1,1,S4,Promo-Habituated Spenders,Standard,Cash,0,0
312,69,Senior (50-70),Male,Clothing,Winter,Rhode Island,52.0,19,12,624.0,4.1,1,1,1,1.0,1,1,0,0.5421256502601041,0.3278367346938775,High,Low,0,0,S2,Promo-Dependent Buyers,Store Pickup,Bank Transfer,0,0
313,38,Mid-Age (35-49),Male,Clothing,Spring,Massachusetts,89.0,6,1,89.0,3.4,1,1,1,1.0,1,0,0,0.3526122448979591,0.3813852040816326,Medium,Low,1,0,S4,Promo-Habituated Spenders,Next Day Air,Paypal,1,1
314,42,Mid-Age (35-49),Male,Clothing,Spring,Vermont,77.0,50,4,308.0,3.7,1,1,1,1.0,1,0,0,0.6607058823529413,0.571375,High,Medium,0,1,S0,General Buyers,Express,Credit Card,1,1
315,30,Young Adult (25-34),Male,Clothing,Summer,New Jersey,24.0,17,4,96.0,3.3,1,1,1,1.0,1,0,0,0.4266650660264106,0.1471326530612244,Medium,Low,0,0,S2,Promo-Dependent Buyers,Store Pickup,Debit Card,0,1
316,66,Senior (50-70),Male,Accessories,Spring,Wisconsin,24.0,24,1,24.0,4.5,1,1,1,1.0,1,1,1,0.5508163265306123,0.2548469387755102,High,Low,0,0,S2,Promo-Dependent Buyers,Express,Debit Card,1,1
317,36,Mid-Age (35-49),Male,Accessories,Fall,California,22.0,46,12,264.0,3.3,1,1,1,1.0,1,0,0,0.6434317727090836,0.2863418367346939,High,Low,0,1,S0,General Buyers,Free Shipping,Venmo,0,1
318,58,Senior (50-70),Male,Clothing,Fall,West Virginia,82.0,42,4,328.0,4.3,1,1,1,1.0,1,1,0,0.6597262905162065,0.5884336734693878,High,Medium,1,1,S4,Promo-Habituated Spenders,Standard,Cash,0,0
319,45,Mid-Age (35-49),Male,Accessories,Winter,South Dakota,67.0,10,1,67.0,2.5,1,1,1,1.0,1,0,0,0.3051020408163265,0.2515433673469388,Medium,Low,0,0,S0,General Buyers,Standard,Cash,0,0
320,47,Mid-Age (35-49),Male,Clothing,Spring,Maine,74.0,1,4,296.0,2.6,1,1,1,1.0,1,0,0,0.2727058823529412,0.24225,Low,Low,0,0,S0,General Buyers,Standard,Cash,0,0
321,66,Senior (50-70),Male,Accessories,Summer,Kansas,72.0,28,4,288.0,4.9,1,1,1,1.0,1,1,1,0.6220120048019209,0.5092551020408163,High,Medium,0,0,S0,General Buyers,Standard,Debit Card,0,1
322,41,Mid-Age (35-49),Male,Footwear,Summer,Vermont,36.0,48,4,144.0,4.7,1,1,1,1.0,1,1,1,0.7284609843937574,0.4417959183673469,High,Medium,0,1,S0,General Buyers,Free Shipping,Debit Card,0,1
323,41,Mid-Age (35-49),Male,Accessories,Winter,Tennessee,95.0,47,12,1140.0,3.0,1,1,1,1.0,1,0,0,0.6255542216886756,0.5928188775510205,High,Medium,1,1,S4,Promo-Habituated Spenders,Standard,Credit Card,0,1
324,66,Senior (50-70),Male,Clothing,Winter,Tennessee,78.0,29,26,2028.0,3.5,1,1,1,1.0,1,0,0,0.6239775910364145,0.4566071428571428,High,Medium,0,0,S0,General Buyers,Next Day Air,Paypal,1,1
325,37,Mid-Age (35-49),Male,Clothing,Summer,Wyoming,82.0,37,4,328.0,4.8,1,1,1,1.0,1,1,1,0.6691140456182473,0.5929234693877551,High,Medium,1,0,S4,Promo-Habituated Spenders,Standard,Venmo,0,1
326,70,Senior (50-70),Male,Clothing,Winter,Vermont,70.0,38,1,70.0,4.3,1,1,1,1.0,1,1,0,0.6205306122448979,0.5155255102040817,High,Medium,0,1,S0,General Buyers,Free Shipping,Debit Card,0,1
327,62,Senior (50-70),Male,Accessories,Fall,New Jersey,41.0,48,52,2132.0,3.2,1,1,1,1.0,1,0,0,0.8437551020408163,0.3736709183673469,High,Low,0,1,S0,General Buyers,Store Pickup,Bank Transfer,0,0
328,61,Senior (50-70),Male,Outerwear,Summer,Iowa,42.0,36,52,2184.0,3.1,1,1,1,1.0,1,0,0,0.7622857142857143,0.3108214285714286,High,Low,0,0,S0,General Buyers,Free Shipping,Paypal,0,1
329,48,Mid-Age (35-49),Male,Outerwear,Fall,Florida,50.0,9,52,2600.0,2.8,1,1,1,1.0,1,0,0,0.5729795918367346,0.1900663265306122,High,Low,0,0,S2,Promo-Dependent Buyers,Free Shipping,Credit Card,0,1
330,70,Senior (50-70),Male,Clothing,Summer,Nevada,31.0,34,12,372.0,2.9,1,1,1,1.0,1,0,0,0.5379623849539816,0.2404923469387755,High,Low,0,0,S0,General Buyers,2-Day Shipping,Bank Transfer,1,0
331,46,Mid-Age (35-49),Male,Clothing,Winter,North Dakota,51.0,43,26,1326.0,3.8,1,1,1,1.0,1,0,0,0.7336918767507002,0.4279107142857142,High,Medium,0,1,S0,General Buyers,Express,Venmo,1,1
332,31,Young Adult (25-34),Male,Clothing,Fall,Florida,98.0,46,4,392.0,3.3,1,1,1,1.0,1,0,0,0.6042160864345737,0.618841836734694,High,High,1,1,S4,Promo-Habituated Spenders,Store Pickup,Paypal,0,1
333,19,Teen (18-24),Male,Clothing,Winter,New York,86.0,5,12,1032.0,2.8,1,1,1,1.0,1,0,0,0.3524113645458183,0.3271581632653061,Medium,Low,1,0,S4,Promo-Habituated Spenders,2-Day Shipping,Credit Card,1,1
334,39,Mid-Age (35-49),Male,Clothing,Winter,Alaska,64.0,15,26,1664.0,4.5,1,1,1,1.0,1,1,1,0.6182633053221289,0.3839285714285714,High,Low,0,0,S0,General Buyers,Standard,Bank Transfer,0,0
335,41,Mid-Age (35-49),Male,Clothing,Fall,Kansas,46.0,30,1,46.0,2.6,1,1,1,1.0,1,0,0,0.4355510204081633,0.2677091836734694,Medium,Low,0,0,S0,General Buyers,Next Day Air,Credit Card,1,1
336,20,Teen (18-24),Male,Clothing,Spring,Oregon,85.0,44,4,340.0,3.7,1,1,1,1.0,1,0,0,0.6239711884753902,0.5757627551020408,High,Medium,1,1,S4,Promo-Habituated Spenders,Standard,Venmo,0,1
337,36,Mid-Age (35-49),Male,Accessories,Fall,Rhode Island,81.0,16,1,81.0,4.4,1,1,1,1.0,1,1,0,0.4938367346938775,0.4574056122448979,High,Medium,1,0,S4,Promo-Habituated Spenders,Express,Paypal,1,1
338,32,Young Adult (25-34),Male,Clothing,Winter,New Mexico,59.0,16,1,59.0,4.3,1,1,1,1.0,1,1,0,0.4858367346938775,0.3551556122448979,High,Low,0,0,S2,Promo-Dependent Buyers,2-Day Shipping,Bank Transfer,1,0
339,69,Senior (50-70),Male,Clothing,Winter,Massachusetts,79.0,16,52,4108.0,3.5,1,1,1,1.0,1,0,0,0.6718367346938776,0.3946556122448979,High,Low,0,0,S0,General Buyers,Express,Cash,1,0
340,40,Mid-Age (35-49),Male,Clothing,Spring,Pennsylvania,33.0,21,4,132.0,3.8,1,1,1,1.0,1,0,0,0.4911548619447779,0.2369158163265306,High,Low,0,0,S2,Promo-Dependent Buyers,2-Day Shipping,Credit Card,1,1
341,40,Mid-Age (35-49),Male,Clothing,Summer,New Jersey,47.0,39,4,188.0,3.5,1,1,1,1.0,1,0,0,0.577358943577431,0.3720025510204081,High,Low,0,1,S0,General Buyers,Express,Venmo,1,1
342,20,Teen (18-24),Male,Accessories,Summer,Utah,20.0,40,26,520.0,4.6,1,1,1,1.0,1,1,1,0.7793245298119247,0.3249795918367346,High,Low,0,1,S0,General Buyers,Store Pickup,Debit Card,0,1
343,64,Senior (50-70),Male,Outerwear,Spring,Kentucky,36.0,48,4,144.0,2.6,1,1,1,1.0,1,0,0,0.5604609843937574,0.3157959183673469,High,Low,0,1,S0,General Buyers,Next Day Air,Credit Card,1,1
344,27,Young Adult (25-34),Male,Footwear,Summer,Nebraska,39.0,26,12,468.0,4.4,1,1,1,1.0,1,1,0,0.6089827931172469,0.3246760204081632,High,Low,0,0,S0,General Buyers,Next Day Air,Venmo,1,1
345,24,Teen (18-24),Male,Clothing,Winter,Virginia,71.0,46,12,852.0,4.0,1,1,1,1.0,1,1,0,0.6994317727090836,0.5427168367346938,High,Medium,0,1,S0,General Buyers,Standard,Debit Card,0,1
346,48,Mid-Age (35-49),Male,Footwear,Winter,Wyoming,59.0,27,1,59.0,4.4,1,1,1,1.0,1,1,0,0.5611836734693878,0.4172780612244898,High,Low,0,0,S0,General Buyers,Next Day Air,Bank Transfer,1,0
347,49,Mid-Age (35-49),Male,Clothing,Spring,New Mexico,50.0,5,52,2600.0,4.7,1,1,1,1.0,1,1,1,0.7004897959183675,0.2836581632653061,High,Low,0,0,S2,Promo-Dependent Buyers,Next Day Air,Cash,1,0
348,36,Mid-Age (35-49),Male,Footwear,Fall,Oregon,41.0,43,26,1066.0,3.9,1,1,1,1.0,1,0,0,0.7416918767507003,0.3901607142857143,High,Low,0,1,S0,General Buyers,Store Pickup,Paypal,0,1
349,56,Senior (50-70),Male,Clothing,Fall,South Carolina,59.0,17,26,1534.0,2.7,1,1,1,1.0,1,0,0,0.4865082032813125,0.2642576530612245,High,Low,0,0,S2,Promo-Dependent Buyers,Free Shipping,Paypal,0,1
350,37,Mid-Age (35-49),Male,Accessories,Winter,Arizona,87.0,3,26,2262.0,3.7,1,1,1,1.0,1,0,0,0.4807939175670268,0.375329081632653,High,Low,1,0,S4,Promo-Habituated Spenders,2-Day Shipping,Bank Transfer,1,0
351,42,Mid-Age (35-49),Male,Clothing,Spring,Kentucky,68.0,47,26,1768.0,2.6,1,1,1,1.0,1,0,0,0.6621816726690677,0.4506938775510204,High,Medium,0,1,S0,General Buyers,2-Day Shipping,Bank Transfer,1,0
352,28,Young Adult (25-34),Male,Clothing,Winter,New York,90.0,24,26,2340.0,3.9,1,1,1,1.0,1,0,0,0.6253653461384554,0.5075969387755102,High,Medium,1,0,S4,Promo-Habituated Spenders,Standard,Debit Card,0,1
353,27,Young Adult (25-34),Male,Clothing,Fall,Texas,71.0,12,4,284.0,4.9,1,1,1,1.0,1,1,1,0.5240528211284514,0.4232474489795918,High,Low,0,0,S0,General Buyers,Next Day Air,Cash,1,0
354,63,Senior (50-70),Male,Footwear,Fall,Missouri,64.0,35,12,768.0,4.1,1,1,1,1.0,1,1,0,0.6400848339335734,0.461969387755102,High,Medium,0,0,S0,General Buyers,Store Pickup,Debit Card,0,1
355,58,Senior (50-70),Male,Accessories,Fall,Pennsylvania,76.0,42,52,3952.0,3.0,1,1,1,1.0,1,0,0,0.7910204081632654,0.4841836734693877,High,Medium,0,1,S0,General Buyers,Free Shipping,Venmo,0,1
356,37,Mid-Age (35-49),Male,Accessories,Fall,Oregon,42.0,1,4,168.0,4.1,1,1,1,1.0,1,1,0,0.3927058823529411,0.1922499999999999,Medium,Low,0,0,S2,Promo-Dependent Buyers,2-Day Shipping,Paypal,1,1
357,56,Senior (50-70),Male,Clothing,Spring,Nevada,80.0,27,52,4160.0,3.8,1,1,1,1.0,1,0,0,0.7631836734693878,0.4731530612244897,High,Medium,0,0,S0,General Buyers,Standard,Cash,0,0
358,18,Teen (18-24),Male,Accessories,Spring,Arkansas,56.0,16,26,1456.0,4.0,1,1,1,1.0,1,1,0,0.5843857543017207,0.3240306122448979,High,Low,0,0,S2,Promo-Dependent Buyers,Standard,Credit Card,0,1
359,48,Mid-Age (35-49),Male,Accessories,Summer,Minnesota,25.0,36,4,100.0,3.6,1,1,1,1.0,1,0,0,0.5669915966386555,0.2664464285714286,High,Low,0,0,S0,General Buyers,Express,Credit Card,1,1
360,31,Young Adult (25-34),Male,Footwear,Winter,Georgia,74.0,30,4,296.0,3.0,1,1,1,1.0,1,0,0,0.4822569027611044,0.4142091836734693,High,Low,0,0,S0,General Buyers,Store Pickup,Credit Card,0,1
361,51,Senior (50-70),Male,Clothing,Summer,Rhode Island,30.0,18,26,780.0,3.0,1,1,1,1.0,1,0,0,0.5166306522609044,0.160484693877551,High,Low,0,0,S2,Promo-Dependent Buyers,Standard,Debit Card,0,1
362,65,Senior (50-70),Male,Clothing,Spring,Nevada,96.0,45,1,96.0,2.6,1,1,1,1.0,1,0,0,0.5273877551020408,0.5629897959183673,High,Medium,1,1,S4,Promo-Habituated Spenders,Free Shipping,Cash,0,0
363,53,Senior (50-70),Male,Footwear,Fall,Texas,64.0,1,26,1664.0,3.4,1,1,1,1.0,1,0,0,0.4445490196078431,0.2465,Medium,Low,0,0,S0,General Buyers,Free Shipping,Venmo,0,1
364,55,Senior (50-70),Male,Clothing,Winter,Florida,88.0,42,26,2288.0,3.1,1,1,1,1.0,1,0,0,0.6715694277711085,0.5426836734693878,High,Medium,1,1,S4,Promo-Habituated Spenders,Free Shipping,Bank Transfer,0,0
365,62,Senior (50-70),Male,Footwear,Summer,North Dakota,88.0,7,4,352.0,3.0,1,1,1,1.0,1,0,0,0.3414405762304922,0.3581122448979591,Medium,Low,1,0,S4,Promo-Habituated Spenders,Free Shipping,Venmo,0,1
366,55,Senior (50-70),Male,Accessories,Summer,West Virginia,88.0,50,4,352.0,3.7,1,1,1,1.0,1,0,0,0.6607058823529413,0.6194999999999999,High,High,1,1,S4,Promo-Habituated Spenders,Standard,Paypal,0,1
367,64,Senior (50-70),Male,Clothing,Spring,Nebraska,36.0,37,26,936.0,3.5,1,1,1,1.0,1,0,0,0.6729571828731493,0.3136734693877551,High,Low,0,0,S0,General Buyers,Store Pickup,Venmo,0,1
368,52,Senior (50-70),Male,Clothing,Spring,Tennessee,40.0,18,12,480.0,2.8,1,1,1,1.0,1,0,0,0.4320032012805122,0.192234693877551,Medium,Low,0,0,S2,Promo-Dependent Buyers,Store Pickup,Bank Transfer,0,0
369,24,Teen (18-24),Male,Accessories,Spring,Oklahoma,39.0,29,12,468.0,4.5,1,1,1,1.0,1,1,1,0.6353501400560224,0.3459821428571428,High,Low,0,0,S0,General Buyers,Standard,Cash,0,0
370,38,Mid-Age (35-49),Male,Accessories,Summer,Wisconsin,40.0,45,4,160.0,3.3,1,1,1,1.0,1,0,0,0.5980936374549819,0.3599897959183673,High,Low,0,1,S0,General Buyers,Store Pickup,Paypal,0,1
371,59,Senior (50-70),Male,Accessories,Winter,Oregon,34.0,13,52,1768.0,3.4,1,1,1,1.0,1,0,0,0.645469387755102,0.1764744897959183,High,Low,0,0,S2,Promo-Dependent Buyers,Express,Paypal,1,1
372,27,Young Adult (25-34),Male,Footwear,Winter,North Carolina,83.0,47,12,996.0,3.2,1,1,1,1.0,1,0,0,0.6415542216886756,0.5523188775510204,High,Medium,1,1,S4,Promo-Habituated Spenders,2-Day Shipping,Paypal,1,1
373,24,Teen (18-24),Male,Clothing,Summer,Pennsylvania,85.0,7,52,4420.0,3.7,1,1,1,1.0,1,0,0,0.6327346938775511,0.3869872448979591,High,Low,1,0,S4,Promo-Habituated Spenders,Standard,Debit Card,0,1
374,23,Teen (18-24),Male,Outerwear,Summer,North Dakota,27.0,11,26,702.0,4.6,1,1,1,1.0,1,1,1,0.6017735094037615,0.2076454081632652,High,Low,0,0,S2,Promo-Dependent Buyers,Express,Venmo,1,1
375,69,Senior (50-70),Male,Accessories,Spring,Ohio,78.0,39,12,936.0,5.0,1,1,1,1.0,1,1,1,0.7365746298519409,0.5976275510204081,High,Medium,0,1,S0,General Buyers,Store Pickup,Bank Transfer,0,0
376,59,Senior (50-70),Male,Accessories,Summer,Oklahoma,32.0,6,4,128.0,4.4,1,1,1,1.0,1,1,0,0.4473181272509003,0.1920102040816326,Medium,Low,0,0,S2,Promo-Dependent Buyers,Standard,Debit Card,0,1
377,51,Senior (50-70),Male,Footwear,Fall,South Carolina,51.0,2,26,1326.0,4.9,1,1,1,1.0,1,1,1,0.570671468587435,0.2847270408163265,High,Low,0,0,S2,Promo-Dependent Buyers,Express,Venmo,1,1
378,63,Senior (50-70),Male,Accessories,Spring,Maine,32.0,39,4,128.0,4.1,1,1,1,1.0,1,1,0,0.6253589435774309,0.3423775510204081,High,Low,0,1,S0,General Buyers,Standard,Credit Card,0,1
379,54,Senior (50-70),Male,Clothing,Winter,Nevada,62.0,23,12,744.0,4.9,1,1,1,1.0,1,1,1,0.6306154461784714,0.4399948979591837,High,Medium,0,0,S0,General Buyers,Next Day Air,Credit Card,1,1
380,32,Young Adult (25-34),Male,Clothing,Fall,Montana,29.0,46,26,754.0,4.7,1,1,1,1.0,1,1,1,0.8240592236894758,0.4009668367346939,High,Low,0,1,S0,General Buyers,2-Day Shipping,Debit Card,1,1
381,39,Mid-Age (35-49),Male,Accessories,Fall,New Hampshire,69.0,19,52,3588.0,3.0,1,1,1,1.0,1,0,0,0.6502040816326531,0.3362117346938775,High,Low,0,0,S0,General Buyers,Store Pickup,Bank Transfer,0,0
382,66,Senior (50-70),Male,Accessories,Winter,Maine,25.0,3,4,100.0,3.4,1,1,1,1.0,1,0,0,0.3489507803121248,0.086079081632653,Medium,Low,0,0,S2,Promo-Dependent Buyers,Store Pickup,Credit Card,0,1
383,28,Young Adult (25-34),Male,Clothing,Winter,California,76.0,47,4,304.0,3.2,1,1,1,1.0,1,0,0,0.6023385354141657,0.5216938775510204,High,Medium,0,1,S0,General Buyers,Store Pickup,Paypal,0,1
384,50,Senior (50-70),Male,Accessories,Fall,West Virginia,77.0,6,4,308.0,3.8,1,1,1,1.0,1,0,0,0.3993181272509003,0.3528852040816326,Medium,Low,0,0,S0,General Buyers,Standard,Paypal,0,1
385,70,Senior (50-70),Male,Clothing,Fall,California,33.0,6,1,33.0,4.5,1,1,1,1.0,1,1,1,0.4406122448979592,0.2023852040816326,Medium,Low,0,0,S2,Promo-Dependent Buyers,2-Day Shipping,Venmo,1,1
386,67,Senior (50-70),Male,Clothing,Fall,West Virginia,93.0,12,26,2418.0,2.7,1,1,1,1.0,1,0,0,0.4558959583833534,0.3874974489795918,Medium,Low,1,0,S4,Promo-Habituated Spenders,Next Day Air,Credit Card,1,1
387,64,Senior (50-70),Male,Accessories,Spring,Louisiana,39.0,40,4,156.0,3.4,1,1,1,1.0,1,0,0,0.5754813925570227,0.3361045918367347,High,Low,0,1,S0,General Buyers,Express,Paypal,1,1
388,45,Mid-Age (35-49),Male,Outerwear,Summer,Georgia,93.0,38,26,2418.0,4.6,1,1,1,1.0,1,1,1,0.7670796318527411,0.6341505102040815,High,High,1,1,S4,Promo-Habituated Spenders,Store Pickup,Paypal,0,1
389,22,Teen (18-24),Male,Accessories,Summer,Washington,82.0,10,4,328.0,2.7,1,1,1,1.0,1,0,0,0.3358079231692677,0.3291683673469388,Medium,Low,1,0,S4,Promo-Habituated Spenders,Store Pickup,Paypal,0,1
390,27,Young Adult (25-34),Male,Footwear,Spring,Virginia,42.0,28,12,504.0,4.2,1,1,1,1.0,1,1,0,0.6052276910764306,0.3360051020408163,High,Low,0,0,S0,General Buyers,Standard,Bank Transfer,0,0
391,25,Young Adult (25-34),Male,Accessories,Winter,Indiana,71.0,19,1,71.0,3.2,1,1,1,1.0,1,0,0,0.4162040816326531,0.3569617346938775,Medium,Low,0,0,S0,General Buyers,2-Day Shipping,Paypal,1,1
392,37,Mid-Age (35-49),Male,Clothing,Spring,Minnesota,86.0,25,26,2236.0,4.8,1,1,1,1.0,1,1,1,0.7034877951180472,0.5491989795918367,High,Medium,1,0,S4,Promo-Habituated Spenders,Standard,Cash,0,0
393,26,Young Adult (25-34),Male,Clothing,Spring,Idaho,82.0,38,1,82.0,3.3,1,1,1,1.0,1,0,0,0.5405306122448978,0.5080255102040816,High,Medium,1,1,S4,Promo-Habituated Spenders,Next Day Air,Credit Card,1,1
394,33,Young Adult (25-34),Male,Footwear,Fall,Vermont,65.0,6,26,1690.0,4.2,1,1,1,1.0,1,1,0,0.5391612645058024,0.3243852040816326,High,Low,0,0,S0,General Buyers,Standard,Paypal,0,1
395,43,Mid-Age (35-49),Male,Accessories,Spring,North Dakota,29.0,7,26,754.0,4.8,1,1,1,1.0,1,1,1,0.5932837134853941,0.2079872448979591,High,Low,0,0,S2,Promo-Dependent Buyers,Store Pickup,Debit Card,0,1
396,37,Mid-Age (35-49),Male,Footwear,Winter,Rhode Island,65.0,2,1,65.0,4.9,1,1,1,1.0,1,1,1,0.4481224489795919,0.3459770408163265,Medium,Low,0,0,S0,General Buyers,Store Pickup,Paypal,0,1
397,46,Mid-Age (35-49),Male,Clothing,Fall,South Carolina,88.0,24,1,88.0,3.9,1,1,1,1.0,1,0,0,0.5028163265306123,0.4988469387755102,High,Medium,1,0,S4,Promo-Habituated Spenders,Standard,Bank Transfer,0,0
398,22,Teen (18-24),Male,Accessories,Fall,Mississippi,46.0,26,1,46.0,3.0,1,1,1,1.0,1,0,0,0.4430612244897959,0.2713010204081633,Medium,Low,0,0,S0,General Buyers,Free Shipping,Cash,0,0
399,20,Teen (18-24),Male,Footwear,Winter,Montana,67.0,25,4,268.0,4.6,1,1,1,1.0,1,1,1,0.5796446578631452,0.4540739795918367,High,Medium,0,0,S0,General Buyers,Free Shipping,Debit Card,0,1
400,60,Senior (50-70),Male,Accessories,Fall,Idaho,35.0,10,12,420.0,3.5,1,1,1,1.0,1,0,0,0.4390236094437775,0.1715433673469387,Medium,Low,0,0,S2,Promo-Dependent Buyers,2-Day Shipping,Debit Card,1,1
401,39,Mid-Age (35-49),Male,Footwear,Winter,Utah,66.0,14,26,1716.0,4.8,1,1,1,1.0,1,1,1,0.636140856342537,0.4055765306122448,High,Low,0,0,S0,General Buyers,Free Shipping,Paypal,0,1
402,43,Mid-Age (35-49),Male,Clothing,Fall,Oklahoma,91.0,21,4,364.0,4.8,1,1,1,1.0,1,1,1,0.5711548619447779,0.5506658163265306,High,Medium,1,0,S4,Promo-Habituated Spenders,Standard,Cash,0,0
403,31,Young Adult (25-34),Male,Accessories,Fall,California,78.0,26,12,936.0,3.0,1,1,1,1.0,1,0,0,0.4969827931172469,0.4113010204081633,High,Low,0,0,S0,General Buyers,Express,Paypal,1,1
404,19,Teen (18-24),Male,Footwear,Winter,Nevada,45.0,12,1,45.0,4.5,1,1,1,1.0,1,1,1,0.4773469387755102,0.2854974489795918,High,Low,0,0,S2,Promo-Dependent Buyers,Next Day Air,Bank Transfer,1,0
405,35,Mid-Age (35-49),Male,Clothing,Spring,Delaware,93.0,11,12,1116.0,4.8,1,1,1,1.0,1,1,1,0.5491460584233694,0.5083954081632652,High,Medium,1,0,S4,Promo-Habituated Spenders,Store Pickup,Credit Card,0,1
406,41,Mid-Age (35-49),Male,Clothing,Summer,South Carolina,74.0,15,1,74.0,3.8,1,1,1,1.0,1,0,0,0.4397142857142856,0.3856785714285714,Medium,Low,0,0,S0,General Buyers,Standard,Cash,0,0
407,52,Senior (50-70),Male,Accessories,Spring,Maryland,55.0,13,12,660.0,4.6,1,1,1,1.0,1,1,1,0.545390956382553,0.3403494897959183,High,Low,0,0,S2,Promo-Dependent Buyers,Express,Cash,1,0
408,45,Mid-Age (35-49),Male,Clothing,Spring,North Carolina,76.0,5,26,1976.0,3.1,1,1,1,1.0,1,0,0,0.4450388155262105,0.301408163265306,Medium,Low,0,0,S0,General Buyers,Next Day Air,Credit Card,1,1
409,34,Young Adult (25-34),Male,Footwear,Spring,Alabama,66.0,36,26,1716.0,3.4,1,1,1,1.0,1,0,0,0.6588347338935574,0.4338214285714285,High,Medium,0,0,S0,General Buyers,Express,Cash,1,0
410,35,Mid-Age (35-49),Male,Clothing,Winter,Minnesota,51.0,32,12,612.0,3.3,1,1,1,1.0,1,0,0,0.5577174869947978,0.3417882653061224,High,Low,0,0,S0,General Buyers,2-Day Shipping,Bank Transfer,1,0
411,29,Young Adult (25-34),Male,Clothing,Spring,Virginia,26.0,1,4,104.0,4.8,1,1,1,1.0,1,1,1,0.4487058823529412,0.1642499999999999,Medium,Low,0,0,S2,Promo-Dependent Buyers,2-Day Shipping,Credit Card,1,1
412,59,Senior (50-70),Male,Clothing,Summer,Michigan,29.0,15,1,29.0,2.8,1,1,1,1.0,1,0,0,0.3597142857142856,0.1288035714285714,Medium,Low,0,0,S2,Promo-Dependent Buyers,Express,Paypal,1,1
413,24,Teen (18-24),Male,Outerwear,Summer,Maine,74.0,3,52,3848.0,3.1,1,1,1,1.0,1,0,0,0.5602448979591836,0.282454081632653,High,Low,0,0,S0,General Buyers,Store Pickup,Bank Transfer,0,0
414,70,Senior (50-70),Male,Accessories,Summer,Nevada,99.0,48,12,1188.0,4.6,1,1,1,1.0,1,1,1,0.7596766706682672,0.7114209183673469,High,High,1,1,S4,Promo-Habituated Spenders,Free Shipping,Cash,0,0
415,29,Young Adult (25-34),Male,Accessories,Winter,Wyoming,88.0,30,52,4576.0,2.6,1,1,1,1.0,1,0,0,0.6855510204081633,0.4514591836734694,High,Medium,1,0,S4,Promo-Habituated Spenders,Store Pickup,Debit Card,0,1
416,67,Senior (50-70),Male,Outerwear,Winter,Connecticut,31.0,40,12,372.0,2.6,1,1,1,1.0,1,0,0,0.5506970788315326,0.2531045918367347,High,Low,0,1,S0,General Buyers,Express,Bank Transfer,1,0
417,36,Mid-Age (35-49),Male,Accessories,Spring,Oregon,55.0,24,26,1430.0,3.8,1,1,1,1.0,1,0,0,0.6173653461384554,0.3484719387755102,High,Low,0,0,S2,Promo-Dependent Buyers,Free Shipping,Bank Transfer,0,0
418,23,Teen (18-24),Male,Footwear,Fall,Mississippi,81.0,48,4,324.0,4.5,1,1,1,1.0,1,1,1,0.7124609843937574,0.6266709183673469,High,High,1,1,S4,Promo-Habituated Spenders,Free Shipping,Debit Card,0,1
419,18,Teen (18-24),Male,Clothing,Spring,Illinois,73.0,27,26,1898.0,3.0,1,1,1,1.0,1,0,0,0.571732693077231,0.3945280612244898,High,Low,0,0,S0,General Buyers,Standard,Venmo,0,1
420,53,Senior (50-70),Male,Clothing,Winter,Utah,91.0,14,4,364.0,3.8,1,1,1,1.0,1,0,0,0.448297719087635,0.4549515306122449,Medium,Medium,1,0,S4,Promo-Habituated Spenders,Free Shipping,Credit Card,0,1
421,32,Young Adult (25-34),Male,Clothing,Spring,North Carolina,54.0,18,26,1404.0,3.8,1,1,1,1.0,1,0,0,0.5806306522609044,0.3134846938775509,High,Low,0,0,S2,Promo-Dependent Buyers,Free Shipping,Debit Card,0,1
422,38,Mid-Age (35-49),Male,Clothing,Winter,Kentucky,40.0,48,26,1040.0,3.5,1,1,1,1.0,1,0,0,0.7403041216486594,0.3872959183673469,High,Low,0,1,S0,General Buyers,Standard,Cash,0,0
423,47,Mid-Age (35-49),Male,Clothing,Fall,Minnesota,59.0,32,1,59.0,3.1,1,1,1,1.0,1,0,0,0.4877959183673469,0.3647882653061225,High,Low,0,0,S0,General Buyers,Store Pickup,Debit Card,0,1
424,46,Mid-Age (35-49),Male,Accessories,Spring,New York,26.0,21,26,676.0,3.0,1,1,1,1.0,1,0,0,0.5349979991996799,0.1582908163265306,High,Low,0,0,S2,Promo-Dependent Buyers,Store Pickup,Credit Card,0,1
425,66,Senior (50-70),Male,Clothing,Winter,Illinois,23.0,42,26,598.0,4.3,1,1,1,1.0,1,1,0,0.7675694277711085,0.3303086734693877,High,Low,0,1,S0,General Buyers,Standard,Paypal,0,1
426,40,Mid-Age (35-49),Male,Clothing,Winter,North Dakota,87.0,4,4,348.0,3.3,1,1,1,1.0,1,0,0,0.3470732292917167,0.3564311224489795,Medium,Low,1,0,S4,Promo-Habituated Spenders,Store Pickup,Credit Card,0,1
427,43,Mid-Age (35-49),Male,Clothing,Winter,Louisiana,71.0,19,4,284.0,4.7,1,1,1,1.0,1,1,1,0.5509099639855943,0.4469617346938775,High,Medium,0,0,S0,General Buyers,Express,Credit Card,1,1
428,58,Senior (50-70),Male,Accessories,Winter,Illinois,91.0,6,4,364.0,4.5,1,1,1,1.0,1,1,1,0.4553181272509004,0.4561352040816326,Medium,Medium,1,0,S4,Promo-Habituated Spenders,Store Pickup,Credit Card,0,1
429,21,Teen (18-24),Male,Outerwear,Winter,Wyoming,64.0,2,26,1664.0,2.9,1,1,1,1.0,1,0,0,0.410671468587435,0.2216020408163265,Medium,Low,0,0,S0,General Buyers,Free Shipping,Debit Card,0,1
430,42,Mid-Age (35-49),Male,Footwear,Winter,Washington,94.0,21,26,2444.0,4.1,1,1,1,1.0,1,1,0,0.6229979991996799,0.5217908163265306,High,Medium,1,0,S4,Promo-Habituated Spenders,2-Day Shipping,Cash,1,0
431,24,Teen (18-24),Male,Clothing,Summer,Texas,40.0,40,1,40.0,3.5,1,1,1,1.0,1,0,0,0.5687755102040817,0.3464795918367346,High,Low,0,1,S0,General Buyers,Store Pickup,Debit Card,0,1
432,43,Mid-Age (35-49),Male,Accessories,Winter,New Hampshire,76.0,33,26,1976.0,3.4,1,1,1,1.0,1,0,0,0.6404673869547819,0.4622653061224489,High,Medium,0,0,S0,General Buyers,Store Pickup,Cash,0,0
433,47,Mid-Age (35-49),Male,Clothing,Fall,Indiana,86.0,26,52,4472.0,3.3,1,1,1,1.0,1,0,0,0.7170612244897959,0.4643010204081632,High,Medium,1,0,S4,Promo-Habituated Spenders,Free Shipping,Venmo,0,1
434,49,Mid-Age (35-49),Male,Clothing,Fall,Alabama,92.0,23,26,2392.0,3.2,1,1,1,1.0,1,0,0,0.5632428971588636,0.4692448979591836,High,Medium,1,0,S4,Promo-Habituated Spenders,Store Pickup,Credit Card,0,1
435,50,Senior (50-70),Male,Footwear,Spring,Oklahoma,52.0,39,4,208.0,4.0,1,1,1,1.0,1,1,0,0.6173589435774309,0.4238775510204081,High,Low,0,1,S0,General Buyers,Store Pickup,Paypal,0,1
436,51,Senior (50-70),Male,Outerwear,Winter,Montana,28.0,42,12,336.0,3.6,1,1,1,1.0,1,0,0,0.6429419767907163,0.3101836734693878,High,Low,0,1,S0,General Buyers,Next Day Air,Bank Transfer,1,0
437,40,Mid-Age (35-49),Male,Clothing,Summer,Tennessee,46.0,41,52,2392.0,4.6,1,1,1,1.0,1,1,1,0.9128979591836734,0.4438316326530612,High,Medium,0,1,S0,General Buyers,Free Shipping,Bank Transfer,0,0
438,45,Mid-Age (35-49),Male,Accessories,Summer,New Mexico,50.0,41,1,50.0,2.6,1,1,1,1.0,1,0,0,0.5028979591836735,0.3413316326530612,High,Low,0,1,S0,General Buyers,Next Day Air,Paypal,1,1
439,52,Senior (50-70),Male,Accessories,Winter,Iowa,23.0,12,26,598.0,4.3,1,1,1,1.0,1,1,0,0.5838959583833534,0.1772474489795918,High,Low,0,0,S2,Promo-Dependent Buyers,Express,Credit Card,1,1
440,62,Senior (50-70),Male,Outerwear,Summer,Idaho,50.0,31,12,600.0,3.4,1,1,1,1.0,1,0,0,0.559595038015206,0.3383112244897959,High,Low,0,0,S0,General Buyers,Free Shipping,Cash,0,0
441,20,Teen (18-24),Male,Clothing,Winter,Oklahoma,89.0,34,26,2314.0,3.5,1,1,1,1.0,1,0,0,0.6545898359343738,0.5302423469387756,High,Medium,1,0,S4,Promo-Habituated Spenders,Store Pickup,Debit Card,0,1
442,43,Mid-Age (35-49),Male,Clothing,Winter,Florida,81.0,32,1,81.0,4.2,1,1,1,1.0,1,1,0,0.5757959183673469,0.5270382653061224,High,Medium,1,0,S4,Promo-Habituated Spenders,Standard,Credit Card,0,1
443,29,Young Adult (25-34),Male,Accessories,Fall,Michigan,69.0,31,4,276.0,3.8,1,1,1,1.0,1,0,0,0.5523793517406963,0.4454362244897959,High,Medium,0,0,S0,General Buyers,Store Pickup,Credit Card,0,1
444,22,Teen (18-24),Male,Accessories,Summer,Hawaii,67.0,24,1,67.0,3.6,1,1,1,1.0,1,0,0,0.4788163265306123,0.3889719387755102,High,Low,0,0,S0,General Buyers,Free Shipping,Paypal,0,1
445,48,Mid-Age (35-49),Male,Clothing,Summer,California,20.0,31,1,20.0,4.3,1,1,1,1.0,1,1,0,0.5776734693877551,0.2610612244897959,High,Low,0,0,S0,General Buyers,Store Pickup,Debit Card,0,1
446,42,Mid-Age (35-49),Male,Footwear,Fall,Iowa,29.0,18,1,29.0,4.9,1,1,1,1.0,1,1,1,0.5460816326530613,0.270109693877551,High,Low,0,0,S2,Promo-Dependent Buyers,Standard,Venmo,0,1
447,19,Teen (18-24),Male,Clothing,Summer,West Virginia,74.0,15,12,888.0,4.1,1,1,1,1.0,1,1,0,0.5176358543417366,0.4036785714285714,High,Low,0,0,S0,General Buyers,Store Pickup,Venmo,0,1
448,60,Senior (50-70),Male,Clothing,Spring,Washington,82.0,7,4,328.0,3.6,1,1,1,1.0,1,0,0,0.3894405762304922,0.3678622448979591,Medium,Low,1,0,S4,Promo-Habituated Spenders,Standard,Bank Transfer,0,0
449,32,Young Adult (25-34),Male,Accessories,Summer,Missouri,23.0,35,26,598.0,3.4,1,1,1,1.0,1,0,0,0.6527122849139655,0.240594387755102,High,Low,0,0,S0,General Buyers,Next Day Air,Bank Transfer,1,0
450,26,Young Adult (25-34),Male,Accessories,Summer,New York,45.0,35,12,540.0,2.9,1,1,1,1.0,1,0,0,0.5440848339335734,0.306844387755102,High,Low,0,0,S0,General Buyers,2-Day Shipping,Bank Transfer,1,0
451,25,Young Adult (25-34),Male,Footwear,Summer,Connecticut,21.0,19,12,252.0,2.7,1,1,1,1.0,1,0,0,0.4301256502601041,0.1082117346938775,Medium,Low,0,0,S2,Promo-Dependent Buyers,Store Pickup,Credit Card,0,1
452,66,Senior (50-70),Male,Accessories,Summer,Virginia,31.0,26,26,806.0,4.3,1,1,1,1.0,1,1,0,0.669610244097639,0.2836760204081632,High,Low,0,0,S0,General Buyers,Express,Credit Card,1,1
453,45,Mid-Age (35-49),Male,Clothing,Summer,Missouri,45.0,39,26,1170.0,3.8,1,1,1,1.0,1,0,0,0.7092020808323329,0.3812525510204081,High,Low,0,1,S0,General Buyers,Express,Paypal,1,1
454,54,Senior (50-70),Male,Accessories,Winter,Nebraska,56.0,22,52,2912.0,2.8,1,1,1,1.0,1,0,0,0.6525714285714286,0.2826428571428571,High,Low,0,0,S2,Promo-Dependent Buyers,Next Day Air,Credit Card,1,1
455,37,Mid-Age (35-49),Male,Outerwear,Summer,New Jersey,97.0,14,26,2522.0,3.2,1,1,1,1.0,1,0,0,0.508140856342537,0.4452015306122449,High,Medium,1,0,S4,Promo-Habituated Spenders,Next Day Air,Cash,1,0
456,54,Senior (50-70),Male,Clothing,Fall,Utah,100.0,50,26,2600.0,3.6,1,1,1,1.0,1,0,0,0.7605490196078433,0.6659999999999999,High,High,1,1,S4,Promo-Habituated Spenders,Store Pickup,Debit Card,0,1
457,50,Senior (50-70),Male,Clothing,Fall,North Carolina,96.0,33,4,384.0,4.0,1,1,1,1.0,1,1,0,0.5806242496998799,0.5857653061224489,High,Medium,1,0,S4,Promo-Habituated Spenders,2-Day Shipping,Credit Card,1,1
458,25,Young Adult (25-34),Male,Accessories,Spring,Rhode Island,99.0,48,4,396.0,4.9,1,1,1,1.0,1,1,1,0.7444609843937574,0.7294209183673469,High,High,1,1,S4,Promo-Habituated Spenders,Next Day Air,Debit Card,1,1
459,47,Mid-Age (35-49),Male,Clothing,Winter,Arkansas,91.0,48,12,1092.0,4.0,1,1,1,1.0,1,1,0,0.7116766706682672,0.6404209183673469,High,High,1,1,S4,Promo-Habituated Spenders,2-Day Shipping,Paypal,1,1
460,63,Senior (50-70),Male,Accessories,Winter,Maryland,30.0,27,26,780.0,3.8,1,1,1,1.0,1,0,0,0.6357326930772309,0.2544030612244897,High,Low,0,0,S0,General Buyers,Standard,Paypal,0,1
461,64,Senior (50-70),Male,Footwear,Summer,South Carolina,65.0,27,52,3380.0,3.8,1,1,1,1.0,1,0,0,0.7631836734693878,0.4075280612244898,High,Low,0,0,S0,General Buyers,Store Pickup,Bank Transfer,0,0
462,18,Teen (18-24),Male,Footwear,Winter,Ohio,93.0,20,52,4836.0,3.9,1,1,1,1.0,1,0,0,0.728326530612245,0.5003137755102041,High,Medium,1,0,S4,Promo-Habituated Spenders,Express,Venmo,1,1
463,59,Senior (50-70),Male,Outerwear,Fall,Illinois,81.0,48,4,324.0,3.3,1,1,1,1.0,1,0,0,0.6164609843937573,0.5546709183673469,High,Medium,1,1,S4,Promo-Habituated Spenders,Express,Venmo,1,1
464,37,Mid-Age (35-49),Male,Accessories,Summer,Georgia,81.0,29,52,4212.0,2.7,1,1,1,1.0,1,0,0,0.6874285714285714,0.4217321428571428,High,Low,1,0,S4,Promo-Habituated Spenders,Standard,Venmo,0,1
465,23,Teen (18-24),Male,Accessories,Winter,Alabama,52.0,45,12,624.0,4.7,1,1,1,1.0,1,1,1,0.7493093237294919,0.4964897959183673,High,Medium,0,1,S0,General Buyers,Next Day Air,Paypal,1,1
466,54,Senior (50-70),Male,Clothing,Summer,Oklahoma,88.0,25,4,352.0,2.8,1,1,1,1.0,1,0,0,0.4356446578631452,0.4379489795918367,Medium,Medium,1,0,S4,Promo-Habituated Spenders,Next Day Air,Cash,1,0
467,38,Mid-Age (35-49),Male,Clothing,Winter,Vermont,24.0,25,52,1248.0,4.6,1,1,1,1.0,1,1,1,0.814938775510204,0.2659489795918367,High,Low,0,0,S0,General Buyers,Free Shipping,Paypal,0,1
468,19,Teen (18-24),Male,Accessories,Spring,Nebraska,51.0,37,4,204.0,4.5,1,1,1,1.0,1,1,1,0.6451140456182474,0.4392984693877551,High,Medium,0,0,S0,General Buyers,2-Day Shipping,Debit Card,1,1
469,34,Young Adult (25-34),Male,Accessories,Fall,Georgia,38.0,16,4,152.0,5.0,1,1,1,1.0,1,1,1,0.5565426170468187,0.305280612244898,High,Low,0,0,S2,Promo-Dependent Buyers,Free Shipping,Cash,0,0
470,21,Teen (18-24),Male,Clothing,Fall,Alabama,46.0,30,26,1196.0,4.1,1,1,1,1.0,1,1,0,0.6781000400160064,0.3577091836734694,High,Low,0,0,S0,General Buyers,2-Day Shipping,Debit Card,1,1
471,50,Senior (50-70),Male,Clothing,Summer,Minnesota,63.0,6,4,252.0,4.6,1,1,1,1.0,1,1,1,0.4633181272509003,0.3396352040816326,High,Low,0,0,S0,General Buyers,Express,Cash,1,0
472,55,Senior (50-70),Male,Accessories,Winter,Missouri,72.0,36,4,288.0,4.9,1,1,1,1.0,1,1,1,0.6709915966386555,0.5500714285714285,High,Medium,0,0,S0,General Buyers,2-Day Shipping,Bank Transfer,1,0
473,20,Teen (18-24),Male,Clothing,Winter,Georgia,39.0,3,4,156.0,3.9,1,1,1,1.0,1,0,0,0.3889507803121248,0.177329081632653,Medium,Low,0,0,S2,Promo-Dependent Buyers,Free Shipping,Bank Transfer,0,0
474,34,Young Adult (25-34),Male,Outerwear,Spring,West Virginia,42.0,29,4,168.0,3.9,1,1,1,1.0,1,0,0,0.5481344537815125,0.3231071428571428,High,Low,0,0,S0,General Buyers,Store Pickup,Paypal,0,1
475,62,Senior (50-70),Male,Clothing,Summer,Arkansas,76.0,15,4,304.0,2.6,1,1,1,1.0,1,0,0,0.3584201680672269,0.3224285714285714,Medium,Low,0,0,S0,General Buyers,2-Day Shipping,Cash,1,0
476,21,Teen (18-24),Male,Footwear,Summer,Ohio,66.0,18,1,66.0,2.7,1,1,1,1.0,1,0,0,0.3700816326530612,0.299984693877551,Medium,Low,0,0,S0,General Buyers,Free Shipping,Debit Card,0,1
477,21,Teen (18-24),Male,Accessories,Spring,Connecticut,90.0,2,26,2340.0,3.5,1,1,1,1.0,1,0,0,0.458671468587435,0.3713520408163265,High,Low,1,0,S4,Promo-Habituated Spenders,Free Shipping,Debit Card,0,1
478,42,Mid-Age (35-49),Male,Clothing,Summer,North Dakota,56.0,49,52,2912.0,3.7,1,1,1,1.0,1,0,0,0.8898775510204082,0.4743979591836735,High,Medium,0,1,S0,General Buyers,Free Shipping,Debit Card,0,1
479,35,Mid-Age (35-49),Male,Accessories,Winter,Kansas,43.0,48,1,43.0,3.2,1,1,1,1.0,1,0,0,0.5937551020408163,0.3824209183673469,High,Low,0,1,S0,General Buyers,Free Shipping,Venmo,0,1
480,39,Mid-Age (35-49),Male,Accessories,Winter,Iowa,84.0,43,12,1008.0,3.3,1,1,1,1.0,1,0,0,0.6250644257703081,0.5422857142857143,High,Medium,1,1,S4,Promo-Habituated Spenders,Store Pickup,Venmo,0,1
481,68,Senior (50-70),Male,Clothing,Summer,Vermont,88.0,30,26,2288.0,4.8,1,1,1,1.0,1,1,1,0.7341000400160065,0.5834591836734694,High,Medium,1,0,S4,Promo-Habituated Spenders,Standard,Debit Card,0,1
482,46,Mid-Age (35-49),Male,Accessories,Fall,Wisconsin,88.0,10,26,2288.0,3.2,1,1,1,1.0,1,0,0,0.4836510604241697,0.3854183673469388,High,Low,1,0,S4,Promo-Habituated Spenders,2-Day Shipping,Paypal,1,1
483,41,Mid-Age (35-49),Male,Accessories,Winter,Connecticut,42.0,11,1,42.0,2.5,1,1,1,1.0,1,0,0,0.3112244897959184,0.1472704081632653,Medium,Low,0,0,S2,Promo-Dependent Buyers,2-Day Shipping,Venmo,1,1
484,23,Teen (18-24),Male,Clothing,Fall,Oklahoma,73.0,12,52,3796.0,3.9,1,1,1,1.0,1,0,0,0.6793469387755102,0.3719974489795917,High,Low,0,0,S0,General Buyers,Store Pickup,Debit Card,0,1
485,68,Senior (50-70),Male,Accessories,Summer,Missouri,73.0,28,4,292.0,4.7,1,1,1,1.0,1,1,1,0.6060120048019209,0.5016301020408163,High,Medium,0,0,S0,General Buyers,Free Shipping,Bank Transfer,0,0
486,48,Mid-Age (35-49),Male,Footwear,Spring,Tennessee,44.0,36,26,1144.0,2.6,1,1,1,1.0,1,0,0,0.5948347338935575,0.2895714285714286,High,Low,0,0,S0,General Buyers,Next Day Air,Debit Card,1,1
487,38,Mid-Age (35-49),Male,Footwear,Fall,New Mexico,63.0,37,4,252.0,2.8,1,1,1,1.0,1,0,0,0.5091140456182472,0.3897984693877551,High,Low,0,0,S0,General Buyers,Store Pickup,Venmo,0,1
488,41,Mid-Age (35-49),Male,Outerwear,Winter,Iowa,68.0,22,4,272.0,4.4,1,1,1,1.0,1,1,0,0.5452773109243698,0.4311428571428571,High,Medium,0,0,S0,General Buyers,Store Pickup,Credit Card,0,1
489,58,Senior (50-70),Male,Clothing,Spring,Maine,29.0,32,52,1508.0,4.6,1,1,1,1.0,1,1,1,0.8577959183673469,0.3235382653061224,High,Low,0,0,S0,General Buyers,Standard,Venmo,0,1
490,49,Mid-Age (35-49),Male,Clothing,Summer,South Dakota,85.0,40,1,85.0,3.2,1,1,1,1.0,1,0,0,0.5447755102040817,0.5253545918367347,High,Medium,1,1,S4,Promo-Habituated Spenders,Standard,Paypal,0,1
491,57,Senior (50-70),Male,Footwear,Winter,Colorado,42.0,47,12,504.0,4.2,1,1,1,1.0,1,1,0,0.7215542216886756,0.4329438775510204,High,Medium,0,1,S0,General Buyers,2-Day Shipping,Cash,1,0
492,49,Mid-Age (35-49),Male,Outerwear,Summer,Vermont,69.0,24,26,1794.0,3.8,1,1,1,1.0,1,0,0,0.6173653461384554,0.4097219387755102,High,Low,0,0,S0,General Buyers,2-Day Shipping,Credit Card,1,1
493,50,Senior (50-70),Male,Clothing,Fall,Michigan,62.0,11,52,3224.0,3.9,1,1,1,1.0,1,0,0,0.6732244897959184,0.3187704081632653,High,Low,0,0,S0,General Buyers,Standard,Debit Card,0,1
494,28,Young Adult (25-34),Male,Accessories,Summer,Nevada,48.0,19,26,1248.0,4.7,1,1,1,1.0,1,1,1,0.6587531012404962,0.3463367346938775,High,Low,0,0,S2,Promo-Dependent Buyers,Store Pickup,Cash,0,0
495,38,Mid-Age (35-49),Male,Footwear,Winter,Indiana,68.0,42,52,3536.0,4.5,1,1,1,1.0,1,1,1,0.9110204081632652,0.5391836734693878,High,Medium,0,1,S0,General Buyers,Express,Debit Card,1,1
496,33,Young Adult (25-34),Male,Accessories,Fall,Michigan,36.0,6,26,936.0,3.3,1,1,1,1.0,1,0,0,0.4671612645058023,0.1435102040816326,High,Low,0,0,S2,Promo-Dependent Buyers,Free Shipping,Debit Card,0,1
497,30,Young Adult (25-34),Male,Clothing,Fall,California,63.0,31,26,1638.0,3.3,1,1,1,1.0,1,0,0,0.6202224889955982,0.3891862244897959,High,Low,0,0,S0,General Buyers,Express,Venmo,1,1
498,43,Mid-Age (35-49),Male,Footwear,Winter,Oklahoma,39.0,31,52,2028.0,4.6,1,1,1,1.0,1,1,1,0.851673469387755,0.3621862244897958,High,Low,0,0,S0,General Buyers,Free Shipping,Cash,0,0
499,43,Mid-Age (35-49),Male,Footwear,Spring,Iowa,78.0,27,12,936.0,3.6,1,1,1,1.0,1,0,0,0.5511052420968388,0.4524030612244897,High,Medium,0,0,S0,General Buyers,Free Shipping,Bank Transfer,0,0
500,36,Mid-Age (35-49),Male,Footwear,Winter,Rhode Island,99.0,24,12,1188.0,4.8,1,1,1,1.0,1,1,1,0.6287378951580633,0.6009719387755103,High,High,1,0,S4,Promo-Habituated Spenders,Express,Paypal,1,1
501,36,Mid-Age (35-49),Male,Clothing,Fall,Washington,31.0,35,4,124.0,4.8,1,1,1,1.0,1,1,1,0.6568691476590636,0.359594387755102,High,Low,0,0,S0,General Buyers,Next Day Air,Venmo,1,1
502,64,Senior (50-70),Male,Footwear,Spring,Florida,45.0,21,1,45.0,2.9,1,1,1,1.0,1,0,0,0.4044489795918367,0.2354158163265306,Medium,Low,0,0,S2,Promo-Dependent Buyers,Next Day Air,Venmo,1,1
503,59,Senior (50-70),Male,Clothing,Fall,South Carolina,30.0,8,26,780.0,2.8,1,1,1,1.0,1,0,0,0.439406162464986,0.0974642857142857,Medium,Low,0,0,S2,Promo-Dependent Buyers,Express,Paypal,1,1
504,55,Senior (50-70),Male,Footwear,Summer,West Virginia,24.0,26,4,96.0,3.2,1,1,1,1.0,1,0,0,0.4737671068427371,0.1870510204081632,High,Low,0,0,S0,General Buyers,Next Day Air,Bank Transfer,1,0
505,42,Mid-Age (35-49),Male,Footwear,Winter,Missouri,22.0,26,1,22.0,3.9,1,1,1,1.0,1,0,0,0.5150612244897959,0.2203010204081632,High,Low,0,0,S0,General Buyers,Free Shipping,Paypal,0,1
506,61,Senior (50-70),Male,Clothing,Spring,Maine,63.0,9,26,1638.0,4.3,1,1,1,1.0,1,1,0,0.5655286114445778,0.3369413265306122,High,Low,0,0,S0,General Buyers,Express,Cash,1,0
507,28,Young Adult (25-34),Male,Accessories,Fall,Georgia,40.0,48,1,40.0,2.7,1,1,1,1.0,1,0,0,0.5537551020408162,0.3392959183673469,High,Low,0,1,S0,General Buyers,2-Day Shipping,Debit Card,1,1
508,65,Senior (50-70),Male,Clothing,Spring,Maine,20.0,33,26,520.0,5.0,1,1,1,1.0,1,1,1,0.768467386954782,0.3132653061224489,High,Low,0,0,S0,General Buyers,Store Pickup,Debit Card,0,1
509,27,Young Adult (25-34),Male,Accessories,Winter,Illinois,20.0,31,4,80.0,3.7,1,1,1,1.0,1,0,0,0.5443793517406963,0.2250612244897959,High,Low,0,0,S0,General Buyers,Store Pickup,Paypal,0,1
510,41,Mid-Age (35-49),Male,Clothing,Summer,Delaware,80.0,17,52,4160.0,3.9,1,1,1,1.0,1,0,0,0.7099591836734694,0.4281326530612244,High,Medium,0,0,S0,General Buyers,Free Shipping,Debit Card,0,1
511,21,Teen (18-24),Male,Clothing,Fall,West Virginia,87.0,22,1,87.0,3.9,1,1,1,1.0,1,0,0,0.4905714285714285,0.4842678571428571,High,Medium,1,0,S4,Promo-Habituated Spenders,2-Day Shipping,Venmo,1,1
512,61,Senior (50-70),Male,Clothing,Fall,Hawaii,46.0,8,1,46.0,3.1,1,1,1,1.0,1,0,0,0.3408571428571428,0.1854642857142857,Medium,Low,0,0,S2,Promo-Dependent Buyers,Free Shipping,Paypal,0,1
513,19,Teen (18-24),Male,Accessories,Winter,New York,49.0,2,12,588.0,3.8,1,1,1,1.0,1,0,0,0.4140440176070428,0.2099770408163265,Medium,Low,0,0,S2,Promo-Dependent Buyers,Next Day Air,Bank Transfer,1,0
514,22,Teen (18-24),Male,Accessories,Fall,New Mexico,65.0,45,1,65.0,3.6,1,1,1,1.0,1,0,0,0.6073877551020408,0.4873647959183673,High,Medium,0,1,S0,General Buyers,Store Pickup,Venmo,0,1
515,64,Senior (50-70),Male,Clothing,Winter,Indiana,62.0,47,4,248.0,4.3,1,1,1,1.0,1,1,0,0.6903385354141657,0.5264438775510204,High,Medium,0,1,S0,General Buyers,Standard,Paypal,0,1
516,28,Young Adult (25-34),Male,Accessories,Spring,Kentucky,67.0,7,12,804.0,4.5,1,1,1,1.0,1,1,1,0.5006562625050021,0.3562372448979591,High,Low,0,0,S0,General Buyers,Next Day Air,Cash,1,0
517,34,Young Adult (25-34),Male,Clothing,Fall,West Virginia,41.0,19,26,1066.0,2.8,1,1,1,1.0,1,0,0,0.5067531012404962,0.2017117346938775,High,Low,0,0,S2,Promo-Dependent Buyers,2-Day Shipping,Debit Card,1,1
518,61,Senior (50-70),Male,Footwear,Fall,North Dakota,49.0,44,4,196.0,2.7,1,1,1,1.0,1,0,0,0.5439711884753902,0.3582627551020408,High,Low,0,1,S0,General Buyers,Free Shipping,Cash,0,0
519,24,Teen (18-24),Male,Clothing,Fall,Oregon,100.0,16,4,400.0,2.9,1,1,1,1.0,1,0,0,0.3885426170468187,0.450530612244898,Medium,Medium,1,0,S4,Promo-Habituated Spenders,Next Day Air,Venmo,1,1
520,19,Teen (18-24),Male,Accessories,Summer,Minnesota,54.0,17,4,216.0,4.4,1,1,1,1.0,1,1,0,0.5146650660264106,0.3443826530612245,High,Low,0,0,S2,Promo-Dependent Buyers,2-Day Shipping,Bank Transfer,1,0
521,51,Senior (50-70),Male,Accessories,Spring,South Carolina,84.0,20,4,336.0,3.9,1,1,1,1.0,1,0,0,0.4930324129651861,0.460938775510204,High,Medium,1,0,S4,Promo-Habituated Spenders,Free Shipping,Debit Card,0,1
522,36,Mid-Age (35-49),Male,Clothing,Winter,Vermont,41.0,50,1,41.0,3.5,1,1,1,1.0,1,0,0,0.6300000000000001,0.401875,High,Low,0,1,S0,General Buyers,Standard,Bank Transfer,0,0
523,65,Senior (50-70),Male,Accessories,Spring,Minnesota,88.0,37,4,352.0,2.5,1,1,1,1.0,1,0,0,0.4851140456182473,0.481173469387755,High,Medium,1,0,S4,Promo-Habituated Spenders,Store Pickup,Cash,0,0
524,46,Mid-Age (35-49),Male,Footwear,Spring,Delaware,40.0,5,4,160.0,4.9,1,1,1,1.0,1,1,1,0.4811956782713086,0.2519081632653061,High,Low,0,0,S2,Promo-Dependent Buyers,Express,Paypal,1,1
525,59,Senior (50-70),Male,Clothing,Summer,Pennsylvania,39.0,44,1,39.0,4.8,1,1,1,1.0,1,1,1,0.697265306122449,0.4405127551020408,High,Medium,0,1,S0,General Buyers,Free Shipping,Paypal,0,1
526,51,Senior (50-70),Male,Outerwear,Spring,Iowa,37.0,41,12,444.0,3.2,1,1,1,1.0,1,0,0,0.6048195278111245,0.3204566326530612,High,Low,0,1,S0,General Buyers,Next Day Air,Debit Card,1,1
527,51,Senior (50-70),Male,Clothing,Winter,New Jersey,52.0,19,12,624.0,4.9,1,1,1,1.0,1,1,1,0.6061256502601041,0.3758367346938775,High,Low,0,0,S2,Promo-Dependent Buyers,Standard,Cash,0,0
528,21,Teen (18-24),Male,Clothing,Winter,South Carolina,23.0,47,4,92.0,4.3,1,1,1,1.0,1,1,0,0.6903385354141657,0.3558188775510204,High,Low,0,1,S0,General Buyers,Next Day Air,Bank Transfer,1,0
529,34,Young Adult (25-34),Male,Footwear,Winter,Maryland,88.0,40,1,88.0,3.2,1,1,1,1.0,1,0,0,0.5447755102040817,0.5384795918367347,High,Medium,1,1,S4,Promo-Habituated Spenders,Express,Cash,1,0
530,32,Young Adult (25-34),Male,Clothing,Fall,California,84.0,6,12,1008.0,3.7,1,1,1,1.0,1,0,0,0.4305338135254101,0.3775102040816326,Medium,Low,1,0,S4,Promo-Habituated Spenders,Standard,Credit Card,0,1
531,48,Mid-Age (35-49),Male,Outerwear,Winter,Montana,37.0,25,26,962.0,3.2,1,1,1,1.0,1,0,0,0.5754877951180473,0.2388239795918367,High,Low,0,0,S0,General Buyers,Store Pickup,Credit Card,0,1
532,50,Senior (50-70),Male,Footwear,Fall,Vermont,51.0,42,52,2652.0,3.4,1,1,1,1.0,1,0,0,0.8230204081632653,0.3988086734693877,High,Low,0,1,S0,General Buyers,Next Day Air,Cash,1,0
533,26,Young Adult (25-34),Male,Clothing,Winter,Texas,76.0,35,4,304.0,4.1,1,1,1,1.0,1,1,0,0.6008691476590636,0.514469387755102,High,Medium,0,0,S0,General Buyers,Express,Bank Transfer,1,0
534,57,Senior (50-70),Male,Footwear,Spring,North Carolina,60.0,17,52,3120.0,4.5,1,1,1,1.0,1,1,1,0.7579591836734695,0.3766326530612244,High,Low,0,0,S0,General Buyers,Next Day Air,Debit Card,1,1
535,65,Senior (50-70),Male,Accessories,Fall,Florida,72.0,4,4,288.0,4.5,1,1,1,1.0,1,1,1,0.4430732292917167,0.3628061224489796,Medium,Low,0,0,S0,General Buyers,Next Day Air,Paypal,1,1
536,56,Senior (50-70),Male,Clothing,Spring,West Virginia,45.0,24,52,2340.0,3.2,1,1,1,1.0,1,0,0,0.6968163265306123,0.2687219387755102,High,Low,0,0,S2,Promo-Dependent Buyers,Free Shipping,Bank Transfer,0,0
537,44,Mid-Age (35-49),Male,Outerwear,Fall,Illinois,84.0,16,4,336.0,4.4,1,1,1,1.0,1,1,0,0.5085426170468188,0.4705306122448979,High,Medium,1,0,S4,Promo-Habituated Spenders,Store Pickup,Debit Card,0,1
538,50,Senior (50-70),Male,Clothing,Summer,Virginia,49.0,14,1,49.0,3.0,1,1,1,1.0,1,0,0,0.3695918367346938,0.2232015306122448,Medium,Low,0,0,S2,Promo-Dependent Buyers,Store Pickup,Debit Card,0,1
539,27,Young Adult (25-34),Male,Clothing,Spring,Virginia,22.0,43,52,1144.0,3.2,1,1,1,1.0,1,0,0,0.8131428571428572,0.2650357142857142,High,Low,0,1,S0,General Buyers,Free Shipping,Cash,0,0
540,49,Mid-Age (35-49),Male,Outerwear,Winter,Wyoming,48.0,49,52,2496.0,4.0,1,1,1,1.0,1,1,0,0.913877551020408,0.4573979591836734,High,Medium,0,1,S0,General Buyers,Store Pickup,Debit Card,0,1
541,49,Mid-Age (35-49),Male,Clothing,Spring,South Carolina,37.0,33,4,148.0,3.1,1,1,1,1.0,1,0,0,0.50862424969988,0.2736403061224489,High,Low,0,0,S0,General Buyers,Next Day Air,Cash,1,0
542,52,Senior (50-70),Male,Outerwear,Fall,Connecticut,27.0,45,26,702.0,2.8,1,1,1,1.0,1,0,0,0.665936774709884,0.2731147959183673,High,Low,0,1,S0,General Buyers,Next Day Air,Cash,1,0
543,27,Young Adult (25-34),Male,Footwear,Spring,Illinois,79.0,35,26,2054.0,4.6,1,1,1,1.0,1,1,1,0.7487122849139656,0.5575943877551021,High,Medium,0,0,S0,General Buyers,Next Day Air,Cash,1,0
544,53,Senior (50-70),Male,Clothing,Spring,Alabama,98.0,11,12,1176.0,4.3,1,1,1,1.0,1,1,0,0.5091460584233694,0.5002704081632653,High,Medium,1,0,S4,Promo-Habituated Spenders,Express,Credit Card,1,1
545,34,Young Adult (25-34),Male,Footwear,Summer,Washington,64.0,30,4,256.0,3.3,1,1,1,1.0,1,0,0,0.5062569027611045,0.3884591836734694,High,Low,0,0,S0,General Buyers,Standard,Bank Transfer,0,0
546,33,Young Adult (25-34),Male,Outerwear,Summer,Alabama,32.0,48,1,32.0,3.5,1,1,1,1.0,1,0,0,0.6177551020408163,0.3522959183673469,High,Low,0,1,S0,General Buyers,2-Day Shipping,Debit Card,1,1
547,62,Senior (50-70),Male,Clothing,Winter,New Mexico,74.0,45,26,1924.0,3.4,1,1,1,1.0,1,0,0,0.7139367747098839,0.5147397959183674,High,Medium,0,1,S0,General Buyers,Free Shipping,Venmo,0,1
548,38,Mid-Age (35-49),Male,Outerwear,Winter,Nevada,50.0,26,52,2600.0,2.8,1,1,1,1.0,1,0,0,0.677061224489796,0.2768010204081632,High,Low,0,0,S0,General Buyers,Free Shipping,Venmo,0,1
549,36,Mid-Age (35-49),Male,Accessories,Winter,Nebraska,64.0,41,4,256.0,4.6,1,1,1,1.0,1,1,1,0.6776038415366146,0.5225816326530612,High,Medium,0,1,S0,General Buyers,Store Pickup,Debit Card,0,1
550,31,Young Adult (25-34),Male,Accessories,Fall,Arizona,29.0,37,26,754.0,3.6,1,1,1,1.0,1,0,0,0.6809571828731493,0.2890484693877551,High,Low,0,0,S0,General Buyers,Express,Venmo,1,1
551,62,Senior (50-70),Male,Accessories,Summer,Georgia,62.0,12,52,3224.0,3.3,1,1,1,1.0,1,0,0,0.6313469387755102,0.2878724489795918,High,Low,0,0,S0,General Buyers,Store Pickup,Paypal,0,1
552,29,Young Adult (25-34),Male,Outerwear,Fall,Idaho,78.0,27,26,2028.0,3.1,1,1,1,1.0,1,0,0,0.579732693077231,0.4224030612244898,High,Low,0,0,S0,General Buyers,2-Day Shipping,Cash,1,0
553,24,Teen (18-24),Male,Clothing,Fall,Missouri,94.0,18,52,4888.0,3.5,1,1,1,1.0,1,0,0,0.6840816326530612,0.470484693877551,High,Medium,1,0,S4,Promo-Habituated Spenders,Express,Bank Transfer,1,0
554,63,Senior (50-70),Male,Accessories,Winter,Florida,59.0,15,4,236.0,3.2,1,1,1,1.0,1,0,0,0.4064201680672269,0.2840535714285714,Medium,Low,0,0,S2,Promo-Dependent Buyers,Express,Credit Card,1,1
555,56,Senior (50-70),Male,Footwear,Summer,Minnesota,47.0,34,52,2444.0,3.0,1,1,1,1.0,1,0,0,0.7420408163265306,0.3164923469387755,High,Low,0,0,S0,General Buyers,Express,Bank Transfer,1,0
556,63,Senior (50-70),Male,Accessories,Fall,Maine,57.0,37,1,57.0,4.8,1,1,1,1.0,1,1,1,0.654408163265306,0.4835484693877551,High,Medium,0,0,S0,General Buyers,Express,Venmo,1,1
557,40,Mid-Age (35-49),Male,Outerwear,Winter,Montana,90.0,21,26,2340.0,5.0,1,1,1,1.0,1,1,1,0.69499799919968,0.5582908163265305,High,Medium,1,0,S4,Promo-Habituated Spenders,Store Pickup,Cash,0,0
558,18,Teen (18-24),Male,Clothing,Spring,Alaska,60.0,31,52,3120.0,2.9,1,1,1,1.0,1,0,0,0.7156734693877551,0.3520612244897959,High,Low,0,0,S0,General Buyers,Free Shipping,Debit Card,0,1
559,50,Senior (50-70),Male,Footwear,Fall,Iowa,77.0,43,4,308.0,3.2,1,1,1,1.0,1,0,0,0.5778487394957983,0.5056607142857142,High,Medium,0,1,S0,General Buyers,Express,Debit Card,1,1
560,66,Senior (50-70),Male,Accessories,Fall,Arizona,41.0,22,12,492.0,2.9,1,1,1,1.0,1,0,0,0.4644929971988795,0.2230178571428571,High,Low,0,0,S2,Promo-Dependent Buyers,Store Pickup,Bank Transfer,0,0
561,25,Young Adult (25-34),Male,Accessories,Fall,Louisiana,48.0,12,1,48.0,3.8,1,1,1,1.0,1,0,0,0.4213469387755102,0.2566224489795918,Medium,Low,0,0,S2,Promo-Dependent Buyers,Free Shipping,Debit Card,0,1
562,65,Senior (50-70),Male,Outerwear,Fall,Alabama,65.0,25,26,1690.0,2.6,1,1,1,1.0,1,0,0,0.5274877951180472,0.3253239795918367,High,Low,0,0,S0,General Buyers,Next Day Air,Paypal,1,1
563,53,Senior (50-70),Male,Clothing,Summer,Missouri,62.0,40,1,62.0,3.5,1,1,1,1.0,1,0,0,0.5687755102040817,0.4427295918367347,High,Medium,0,1,S0,General Buyers,Standard,Debit Card,0,1
564,61,Senior (50-70),Male,Footwear,Fall,Idaho,99.0,16,4,396.0,4.4,1,1,1,1.0,1,1,0,0.5085426170468188,0.5361556122448979,High,Medium,1,0,S4,Promo-Habituated Spenders,Standard,Debit Card,0,1
565,67,Senior (50-70),Male,Clothing,Winter,Florida,58.0,30,52,3016.0,3.4,1,1,1,1.0,1,0,0,0.7495510204081632,0.3682091836734694,High,Low,0,0,S0,General Buyers,Next Day Air,Bank Transfer,1,0
566,59,Senior (50-70),Male,Accessories,Fall,Idaho,43.0,10,52,2236.0,4.2,1,1,1,1.0,1,1,0,0.6911020408163265,0.2485433673469387,High,Low,0,0,S2,Promo-Dependent Buyers,Store Pickup,Venmo,0,1
567,55,Senior (50-70),Male,Footwear,Spring,Alabama,93.0,1,26,2418.0,3.6,1,1,1,1.0,1,0,0,0.4605490196078431,0.3853749999999999,High,Low,1,0,S4,Promo-Habituated Spenders,Store Pickup,Debit Card,0,1
568,21,Teen (18-24),Male,Clothing,Winter,New Hampshire,50.0,24,26,1300.0,3.0,1,1,1,1.0,1,0,0,0.5533653461384554,0.2785969387755102,High,Low,0,0,S2,Promo-Dependent Buyers,Next Day Air,Venmo,1,1
569,44,Mid-Age (35-49),Male,Clothing,Summer,Utah,88.0,36,12,1056.0,4.0,1,1,1,1.0,1,1,0,0.6382072829131653,0.5660714285714286,High,Medium,1,0,S4,Promo-Habituated Spenders,Free Shipping,Paypal,0,1
570,65,Senior (50-70),Male,Clothing,Fall,Alabama,33.0,46,4,132.0,4.4,1,1,1,1.0,1,1,0,0.6922160864345738,0.4004668367346938,High,Low,0,1,S0,General Buyers,Express,Credit Card,1,1
571,65,Senior (50-70),Male,Clothing,Fall,Iowa,99.0,20,1,99.0,4.1,1,1,1,1.0,1,1,0,0.4943265306122448,0.5385637755102041,High,Medium,1,0,S4,Promo-Habituated Spenders,Standard,Cash,0,0
572,54,Senior (50-70),Male,Outerwear,Spring,Kentucky,76.0,37,52,3952.0,3.6,1,1,1,1.0,1,0,0,0.8084081632653062,0.4946734693877551,High,Medium,0,0,S0,General Buyers,Free Shipping,Venmo,0,1
573,56,Senior (50-70),Male,Accessories,Summer,South Carolina,97.0,26,1,97.0,4.6,1,1,1,1.0,1,1,1,0.5710612244897959,0.5904260204081633,High,Medium,1,0,S4,Promo-Habituated Spenders,Next Day Air,Bank Transfer,1,0
574,58,Senior (50-70),Male,Clothing,Summer,California,68.0,23,26,1768.0,3.2,1,1,1,1.0,1,0,0,0.5632428971588636,0.3642448979591837,High,Low,0,0,S0,General Buyers,2-Day Shipping,Credit Card,1,1
575,54,Senior (50-70),Male,Footwear,Fall,Maine,79.0,20,26,2054.0,4.8,1,1,1,1.0,1,1,1,0.672875550220088,0.4930637755102041,High,Medium,0,0,S0,General Buyers,Free Shipping,Bank Transfer,0,0
576,58,Senior (50-70),Male,Clothing,Fall,Nebraska,86.0,38,12,1032.0,4.8,1,1,1,1.0,1,1,1,0.714452180872349,0.6155255102040815,High,High,1,1,S4,Promo-Habituated Spenders,Express,Paypal,1,1
577,48,Mid-Age (35-49),Male,Accessories,Winter,Washington,68.0,5,4,272.0,5.0,1,1,1,1.0,1,1,1,0.4891956782713085,0.3804081632653061,High,Low,0,0,S0,General Buyers,2-Day Shipping,Credit Card,1,1
578,19,Teen (18-24),Male,Clothing,Fall,Alabama,52.0,41,1,52.0,3.7,1,1,1,1.0,1,0,0,0.5908979591836735,0.4160816326530612,High,Low,0,1,S0,General Buyers,Store Pickup,Venmo,0,1
579,69,Senior (50-70),Male,Footwear,Fall,Maine,90.0,22,26,2340.0,4.6,1,1,1,1.0,1,1,1,0.6691204481792716,0.5393928571428571,High,Medium,1,0,S4,Promo-Habituated Spenders,Next Day Air,Credit Card,1,1
580,58,Senior (50-70),Male,Footwear,Winter,California,41.0,48,1,41.0,3.7,1,1,1,1.0,1,0,0,0.6337551020408163,0.4036709183673469,High,Low,0,1,S0,General Buyers,Free Shipping,Credit Card,0,1
581,49,Mid-Age (35-49),Male,Clothing,Spring,Iowa,80.0,10,52,4160.0,4.1,1,1,1,1.0,1,1,0,0.6831020408163265,0.4044183673469387,High,Low,0,0,S0,General Buyers,Free Shipping,Paypal,0,1
582,32,Young Adult (25-34),Male,Clothing,Winter,Iowa,100.0,12,4,400.0,2.7,1,1,1,1.0,1,0,0,0.3480528211284514,0.4181224489795918,Medium,Low,1,0,S4,Promo-Habituated Spenders,Store Pickup,Bank Transfer,0,0
583,40,Mid-Age (35-49),Male,Outerwear,Spring,Colorado,77.0,2,4,308.0,4.9,1,1,1,1.0,1,1,1,0.4628283313325331,0.3984770408163265,High,Low,0,0,S0,General Buyers,Store Pickup,Bank Transfer,0,0
584,25,Young Adult (25-34),Male,Clothing,Spring,California,78.0,38,12,936.0,4.0,1,1,1,1.0,1,1,0,0.6504521808723489,0.5325255102040816,High,Medium,0,1,S0,General Buyers,Store Pickup,Paypal,0,1
585,70,Senior (50-70),Male,Clothing,Spring,Indiana,94.0,20,12,1128.0,4.7,1,1,1,1.0,1,1,1,0.5962480992396959,0.5526887755102041,High,Medium,1,0,S4,Promo-Habituated Spenders,Free Shipping,Debit Card,0,1
586,69,Senior (50-70),Male,Clothing,Fall,South Carolina,23.0,5,4,92.0,2.8,1,1,1,1.0,1,0,0,0.3131956782713085,0.0515331632653061,Medium,Low,0,0,S2,Promo-Dependent Buyers,Next Day Air,Cash,1,0
587,45,Mid-Age (35-49),Male,Clothing,Winter,Wisconsin,20.0,9,1,20.0,4.9,1,1,1,1.0,1,1,1,0.4909795918367347,0.1848163265306122,High,Low,0,0,S2,Promo-Dependent Buyers,2-Day Shipping,Venmo,1,1
588,29,Young Adult (25-34),Male,Clothing,Fall,Washington,86.0,48,4,344.0,4.2,1,1,1,1.0,1,1,0,0.6884609843937574,0.6305459183673469,High,High,1,1,S4,Promo-Habituated Spenders,Express,Debit Card,1,1
589,47,Mid-Age (35-49),Male,Footwear,Fall,South Dakota,60.0,9,4,240.0,3.0,1,1,1,1.0,1,0,0,0.3536854741896759,0.2458163265306122,Medium,Low,0,0,S0,General Buyers,Standard,Debit Card,0,1
590,28,Young Adult (25-34),Male,Clothing,Fall,Minnesota,70.0,40,1,70.0,3.4,1,1,1,1.0,1,0,0,0.5607755102040816,0.4717295918367347,High,Medium,0,1,S0,General Buyers,2-Day Shipping,Paypal,1,1
591,64,Senior (50-70),Male,Accessories,Fall,Alaska,39.0,30,26,1014.0,4.6,1,1,1,1.0,1,1,1,0.7181000400160065,0.3570841836734694,High,Low,0,0,S0,General Buyers,Standard,Venmo,0,1
592,47,Mid-Age (35-49),Male,Accessories,Fall,Kentucky,37.0,6,26,962.0,4.2,1,1,1,1.0,1,1,0,0.5391612645058024,0.2018852040816326,High,Low,0,0,S2,Promo-Dependent Buyers,Store Pickup,Debit Card,0,1
593,60,Senior (50-70),Male,Footwear,Fall,North Dakota,29.0,42,4,116.0,3.2,1,1,1,1.0,1,0,0,0.5717262905162065,0.2905586734693878,High,Low,0,1,S0,General Buyers,Free Shipping,Venmo,0,1
594,67,Senior (50-70),Male,Outerwear,Winter,Alaska,35.0,9,4,140.0,4.4,1,1,1,1.0,1,1,0,0.4656854741896759,0.2204413265306122,High,Low,0,0,S2,Promo-Dependent Buyers,Store Pickup,Paypal,0,1
595,35,Mid-Age (35-49),Male,Clothing,Winter,Oklahoma,83.0,6,12,996.0,2.5,1,1,1,1.0,1,0,0,0.3345338135254101,0.3011352040816326,Medium,Low,1,0,S4,Promo-Habituated Spenders,Next Day Air,Debit Card,1,1
596,30,Young Adult (25-34),Male,Footwear,Summer,Delaware,77.0,47,4,308.0,3.6,1,1,1,1.0,1,0,0,0.6343385354141657,0.5500688775510204,High,Medium,0,1,S0,General Buyers,Next Day Air,Paypal,1,1
597,23,Teen (18-24),Male,Footwear,Summer,Montana,37.0,36,1,37.0,4.5,1,1,1,1.0,1,1,1,0.6242857142857143,0.3729464285714285,High,Low,0,0,S0,General Buyers,Store Pickup,Venmo,0,1
598,70,Senior (50-70),Male,Accessories,Summer,Alaska,69.0,19,26,1794.0,3.4,1,1,1,1.0,1,0,0,0.5547531012404961,0.3602117346938775,High,Low,0,0,S0,General Buyers,Standard,Bank Transfer,0,0
599,21,Teen (18-24),Male,Clothing,Winter,California,66.0,30,4,264.0,3.2,1,1,1,1.0,1,0,0,0.4982569027611044,0.3912091836734693,High,Low,0,0,S0,General Buyers,2-Day Shipping,Cash,1,0
600,51,Senior (50-70),Male,Footwear,Spring,Massachusetts,26.0,27,4,104.0,4.2,1,1,1,1.0,1,1,0,0.5598895558223289,0.2609030612244898,High,Low,0,0,S0,General Buyers,Standard,Debit Card,0,1
601,22,Teen (18-24),Male,Accessories,Spring,South Carolina,63.0,25,12,756.0,5.0,1,1,1,1.0,1,1,1,0.650860344137655,0.4605739795918367,High,Medium,0,0,S0,General Buyers,2-Day Shipping,Venmo,1,1
602,32,Young Adult (25-34),Male,Accessories,Summer,West Virginia,38.0,5,26,988.0,4.7,1,1,1,1.0,1,1,1,0.5730388155262105,0.2311581632653061,High,Low,0,0,S2,Promo-Dependent Buyers,Store Pickup,Cash,0,0
603,37,Mid-Age (35-49),Male,Footwear,Summer,Oregon,58.0,10,4,232.0,4.2,1,1,1,1.0,1,1,0,0.4558079231692677,0.3141683673469387,Medium,Low,0,0,S2,Promo-Dependent Buyers,Next Day Air,Cash,1,0
604,31,Young Adult (25-34),Male,Accessories,Winter,Massachusetts,46.0,26,4,184.0,3.4,1,1,1,1.0,1,0,0,0.4897671068427371,0.2953010204081632,High,Low,0,0,S0,General Buyers,2-Day Shipping,Paypal,1,1
605,44,Mid-Age (35-49),Male,Accessories,Fall,West Virginia,92.0,11,4,368.0,4.4,1,1,1,1.0,1,1,0,0.4779303721488596,0.4800204081632653,High,Medium,1,0,S4,Promo-Habituated Spenders,Store Pickup,Credit Card,0,1
606,40,Mid-Age (35-49),Male,Accessories,Winter,California,32.0,17,52,1664.0,4.2,1,1,1,1.0,1,1,0,0.7339591836734695,0.2361326530612245,High,Low,0,0,S2,Promo-Dependent Buyers,Standard,Bank Transfer,0,0
607,27,Young Adult (25-34),Male,Accessories,Spring,Colorado,90.0,44,12,1080.0,4.5,1,1,1,1.0,1,1,1,0.7271868747499001,0.6456377551020408,High,High,1,1,S4,Promo-Habituated Spenders,Standard,Paypal,0,1
608,47,Mid-Age (35-49),Male,Clothing,Fall,Indiana,23.0,44,12,276.0,2.8,1,1,1,1.0,1,0,0,0.5911868747499001,0.2505127551020408,High,Low,0,1,S0,General Buyers,Next Day Air,Cash,1,0
609,41,Mid-Age (35-49),Male,Accessories,Fall,Delaware,25.0,21,4,100.0,3.3,1,1,1,1.0,1,0,0,0.4511548619447779,0.1719158163265306,Medium,Low,0,0,S2,Promo-Dependent Buyers,Next Day Air,Venmo,1,1
610,51,Senior (50-70),Male,Clothing,Fall,Ohio,54.0,49,26,1404.0,4.6,1,1,1,1.0,1,1,1,0.8344265706282512,0.5196479591836735,High,Medium,0,1,S0,General Buyers,Next Day Air,Credit Card,1,1
611,53,Senior (50-70),Male,Clothing,Summer,Oklahoma,72.0,27,4,288.0,2.5,1,1,1,1.0,1,0,0,0.4238895558223289,0.3601530612244897,Medium,Low,0,0,S0,General Buyers,Free Shipping,Bank Transfer,0,0
612,43,Mid-Age (35-49),Male,Accessories,Winter,California,33.0,19,12,396.0,4.7,1,1,1,1.0,1,1,1,0.5901256502601041,0.2807117346938775,High,Low,0,0,S2,Promo-Dependent Buyers,Store Pickup,Cash,0,0
613,67,Senior (50-70),Male,Accessories,Fall,New Hampshire,43.0,33,4,172.0,4.6,1,1,1,1.0,1,1,1,0.62862424969988,0.3898903061224489,High,Low,0,0,S0,General Buyers,Express,Credit Card,1,1
614,61,Senior (50-70),Male,Outerwear,Fall,Pennsylvania,51.0,46,26,1326.0,2.6,1,1,1,1.0,1,0,0,0.6560592236894758,0.3712168367346938,High,Low,0,1,S0,General Buyers,Standard,Cash,0,0
615,68,Senior (50-70),Male,Accessories,Winter,Idaho,85.0,21,26,2210.0,4.0,1,1,1,1.0,1,1,0,0.6149979991996799,0.4764158163265306,High,Medium,1,0,S4,Promo-Habituated Spenders,Standard,Credit Card,0,1
616,67,Senior (50-70),Male,Footwear,Summer,Maryland,100.0,23,1,100.0,2.6,1,1,1,1.0,1,0,0,0.3926938775510204,0.4682448979591836,Medium,Medium,1,0,S4,Promo-Habituated Spenders,Next Day Air,Venmo,1,1
617,29,Young Adult (25-34),Male,Accessories,Spring,Pennsylvania,72.0,38,4,288.0,4.6,1,1,1,1.0,1,1,1,0.6592364945978391,0.5422755102040816,High,Medium,0,1,S0,General Buyers,Free Shipping,Credit Card,0,1
618,50,Senior (50-70),Male,Accessories,Fall,Colorado,57.0,2,4,228.0,2.6,1,1,1,1.0,1,0,0,0.278828331332533,0.1729770408163265,Low,Low,0,0,S2,Promo-Dependent Buyers,Standard,Bank Transfer,0,0
619,61,Senior (50-70),Male,Outerwear,Spring,Indiana,94.0,21,26,2444.0,4.0,1,1,1,1.0,1,1,0,0.6149979991996799,0.5157908163265306,High,Medium,1,0,S4,Promo-Habituated Spenders,Express,Debit Card,1,1
620,19,Teen (18-24),Male,Accessories,Summer,Nebraska,34.0,1,4,136.0,4.6,1,1,1,1.0,1,1,1,0.4327058823529411,0.1872499999999999,Medium,Low,0,0,S2,Promo-Dependent Buyers,Store Pickup,Debit Card,0,1
621,33,Young Adult (25-34),Male,Accessories,Fall,Rhode Island,89.0,10,4,356.0,3.7,1,1,1,1.0,1,0,0,0.4158079231692677,0.4197933673469388,Medium,Low,1,0,S4,Promo-Habituated Spenders,2-Day Shipping,Venmo,1,1
622,51,Senior (50-70),Male,Accessories,Fall,Kansas,27.0,45,52,1404.0,4.4,1,1,1,1.0,1,1,0,0.9213877551020409,0.3691147959183674,High,Low,0,1,S0,General Buyers,Store Pickup,Credit Card,0,1
623,69,Senior (50-70),Male,Clothing,Spring,Georgia,63.0,44,26,1638.0,4.0,1,1,1,1.0,1,1,0,0.7558143257302922,0.4975127551020407,High,Medium,0,1,S0,General Buyers,Next Day Air,Bank Transfer,1,0
624,19,Teen (18-24),Male,Footwear,Fall,Nevada,70.0,48,26,1820.0,4.7,1,1,1,1.0,1,1,1,0.8363041216486594,0.5905459183673469,High,Medium,0,1,S0,General Buyers,Standard,Paypal,0,1
625,55,Senior (50-70),Male,Clothing,Fall,South Carolina,87.0,21,1,87.0,3.4,1,1,1,1.0,1,0,0,0.4444489795918367,0.4491658163265306,Medium,Medium,1,0,S4,Promo-Habituated Spenders,Express,Paypal,1,1
626,49,Mid-Age (35-49),Male,Accessories,Fall,Delaware,79.0,1,52,4108.0,4.0,1,1,1,1.0,1,1,0,0.62,0.348125,High,Low,0,0,S0,General Buyers,Next Day Air,Venmo,1,1
627,31,Young Adult (25-34),Male,Accessories,Spring,New Hampshire,79.0,10,1,79.0,3.9,1,1,1,1.0,1,0,0,0.4171020408163265,0.3880433673469388,Medium,Low,0,0,S0,General Buyers,Standard,Venmo,0,1
628,42,Mid-Age (35-49),Male,Footwear,Winter,Oregon,44.0,24,12,528.0,4.1,1,1,1,1.0,1,1,0,0.5727378951580633,0.3183469387755102,High,Low,0,0,S2,Promo-Dependent Buyers,Express,Paypal,1,1
629,69,Senior (50-70),Male,Clothing,Fall,Massachusetts,85.0,29,12,1020.0,3.8,1,1,1,1.0,1,0,0,0.5793501400560224,0.5052321428571428,High,Medium,1,0,S4,Promo-Habituated Spenders,2-Day Shipping,Credit Card,1,1
630,26,Young Adult (25-34),Male,Footwear,Spring,Vermont,90.0,11,1,90.0,4.7,1,1,1,1.0,1,1,1,0.4872244897959184,0.4892704081632653,High,Medium,1,0,S4,Promo-Habituated Spenders,Standard,Debit Card,0,1
631,41,Mid-Age (35-49),Male,Accessories,Fall,Mississippi,94.0,33,1,94.0,4.3,1,1,1,1.0,1,1,0,0.5899183673469388,0.5950153061224489,High,Medium,1,0,S4,Promo-Habituated Spenders,2-Day Shipping,Debit Card,1,1
632,55,Senior (50-70),Male,Footwear,Summer,Washington,68.0,27,26,1768.0,4.1,1,1,1,1.0,1,1,0,0.6597326930772309,0.4386530612244897,High,Medium,0,0,S0,General Buyers,Store Pickup,Cash,0,0
633,35,Mid-Age (35-49),Male,Accessories,Winter,Wyoming,51.0,19,26,1326.0,3.9,1,1,1,1.0,1,0,0,0.5947531012404962,0.3114617346938775,High,Low,0,0,S2,Promo-Dependent Buyers,Next Day Air,Venmo,1,1
634,66,Senior (50-70),Male,Footwear,Spring,Minnesota,33.0,50,4,132.0,2.9,1,1,1,1.0,1,0,0,0.5967058823529412,0.330875,High,Low,0,1,S0,General Buyers,Express,Debit Card,1,1
635,36,Mid-Age (35-49),Male,Footwear,Summer,Ohio,60.0,46,52,3120.0,3.9,1,1,1,1.0,1,0,0,0.8875102040816326,0.4885918367346938,High,Medium,0,1,S0,General Buyers,Standard,Paypal,0,1
636,27,Young Adult (25-34),Male,Clothing,Fall,South Carolina,59.0,28,4,236.0,4.3,1,1,1,1.0,1,1,0,0.5740120048019207,0.4163801020408163,High,Low,0,0,S0,General Buyers,2-Day Shipping,Cash,1,0
637,41,Mid-Age (35-49),Male,Accessories,Summer,Wisconsin,30.0,14,4,120.0,2.8,1,1,1,1.0,1,0,0,0.368297719087635,0.1280765306122449,Medium,Low,0,0,S2,Promo-Dependent Buyers,Store Pickup,Bank Transfer,0,0
638,21,Teen (18-24),Male,Clothing,Winter,Tennessee,20.0,46,26,520.0,3.4,1,1,1,1.0,1,0,0,0.7200592236894757,0.2835918367346939,High,Low,0,1,S0,General Buyers,2-Day Shipping,Cash,1,0
639,53,Senior (50-70),Male,Footwear,Summer,Maryland,20.0,41,12,240.0,2.7,1,1,1,1.0,1,0,0,0.5648195278111244,0.2160816326530612,High,Low,0,1,S0,General Buyers,Express,Paypal,1,1
640,54,Senior (50-70),Male,Clothing,Spring,Mississippi,24.0,50,1,24.0,4.0,1,1,1,1.0,1,1,0,0.67,0.3575,High,Low,0,1,S0,General Buyers,2-Day Shipping,Credit Card,1,1
641,53,Senior (50-70),Male,Clothing,Summer,Minnesota,88.0,28,26,2288.0,4.4,1,1,1,1.0,1,1,0,0.6898551420568227,0.5492551020408163,High,Medium,1,0,S4,Promo-Habituated Spenders,Store Pickup,Debit Card,0,1
642,47,Mid-Age (35-49),Male,Clothing,Winter,Alaska,78.0,23,4,312.0,3.9,1,1,1,1.0,1,0,0,0.5113997599039616,0.4499948979591837,High,Medium,0,0,S0,General Buyers,2-Day Shipping,Credit Card,1,1
643,64,Senior (50-70),Male,Clothing,Spring,Arkansas,25.0,14,26,650.0,2.8,1,1,1,1.0,1,0,0,0.476140856342537,0.1062015306122448,High,Low,0,0,S2,Promo-Dependent Buyers,2-Day Shipping,Debit Card,1,1
644,18,Teen (18-24),Male,Clothing,Winter,Oregon,57.0,10,4,228.0,3.2,1,1,1,1.0,1,0,0,0.3758079231692677,0.2497933673469387,Medium,Low,0,0,S2,Promo-Dependent Buyers,Next Day Air,Bank Transfer,1,0
645,68,Senior (50-70),Male,Accessories,Summer,Louisiana,93.0,37,52,4836.0,4.3,1,1,1,1.0,1,1,0,0.8644081632653061,0.611048469387755,High,High,1,0,S4,Promo-Habituated Spenders,Next Day Air,Cash,1,0
646,62,Senior (50-70),Male,Clothing,Summer,Oklahoma,42.0,15,26,1092.0,4.2,1,1,1,1.0,1,1,0,0.5942633053221289,0.2696785714285714,High,Low,0,0,S2,Promo-Dependent Buyers,Express,Venmo,1,1
647,51,Senior (50-70),Male,Footwear,Spring,Indiana,54.0,19,26,1404.0,4.9,1,1,1,1.0,1,1,1,0.6747531012404963,0.3845867346938775,High,Low,0,0,S2,Promo-Dependent Buyers,Standard,Venmo,0,1
648,54,Senior (50-70),Male,Clothing,Summer,Mississippi,70.0,23,26,1820.0,3.7,1,1,1,1.0,1,0,0,0.6032428971588635,0.4029948979591837,High,Low,0,0,S0,General Buyers,Express,Credit Card,1,1
649,22,Teen (18-24),Male,Clothing,Winter,Michigan,31.0,35,52,1612.0,4.1,1,1,1,1.0,1,1,0,0.8361632653061225,0.317594387755102,High,Low,0,0,S0,General Buyers,Store Pickup,Credit Card,0,1
650,53,Senior (50-70),Male,Clothing,Spring,Delaware,93.0,33,4,372.0,4.2,1,1,1,1.0,1,1,0,0.5966242496998799,0.5846403061224489,High,Medium,1,0,S4,Promo-Habituated Spenders,Store Pickup,Paypal,0,1
651,34,Young Adult (25-34),Male,Accessories,Spring,Florida,40.0,12,1,40.0,3.9,1,1,1,1.0,1,0,0,0.4293469387755102,0.2276224489795918,Medium,Low,0,0,S2,Promo-Dependent Buyers,Next Day Air,Bank Transfer,1,0
652,32,Young Adult (25-34),Male,Accessories,Summer,Arkansas,32.0,41,26,832.0,2.9,1,1,1,1.0,1,0,0,0.6494469787915166,0.2805816326530612,High,Low,0,1,S0,General Buyers,Next Day Air,Venmo,1,1
653,64,Senior (50-70),Male,Accessories,Winter,Minnesota,27.0,27,52,1404.0,3.1,1,1,1,1.0,1,0,0,0.7071836734693878,0.1992780612244898,High,Low,0,0,S0,General Buyers,Free Shipping,Venmo,0,1
654,20,Teen (18-24),Male,Accessories,Winter,North Dakota,68.0,45,26,1768.0,3.6,1,1,1,1.0,1,0,0,0.7299367747098839,0.5004897959183674,High,Medium,0,1,S0,General Buyers,2-Day Shipping,Cash,1,0
655,24,Teen (18-24),Male,Accessories,Summer,California,59.0,23,1,59.0,4.4,1,1,1,1.0,1,1,0,0.5366938775510204,0.3968698979591837,High,Low,0,0,S2,Promo-Dependent Buyers,2-Day Shipping,Venmo,1,1
656,20,Teen (18-24),Male,Accessories,Fall,Mississippi,36.0,19,12,432.0,3.1,1,1,1,1.0,1,0,0,0.4621256502601041,0.1978367346938775,High,Low,0,0,S2,Promo-Dependent Buyers,Free Shipping,Venmo,0,1
657,42,Mid-Age (35-49),Male,Clothing,Summer,Pennsylvania,23.0,6,4,92.0,3.9,1,1,1,1.0,1,0,0,0.4073181272509003,0.1226352040816326,Medium,Low,0,0,S2,Promo-Dependent Buyers,Standard,Paypal,0,1
658,48,Mid-Age (35-49),Male,Outerwear,Winter,Arizona,80.0,6,4,320.0,4.3,1,1,1,1.0,1,1,0,0.4393181272509003,0.3960102040816325,Medium,Low,0,0,S0,General Buyers,Free Shipping,Paypal,0,1
659,62,Senior (50-70),Male,Accessories,Fall,Louisiana,37.0,20,52,1924.0,4.9,1,1,1,1.0,1,1,1,0.808326530612245,0.3153137755102041,High,Low,0,0,S2,Promo-Dependent Buyers,Store Pickup,Venmo,0,1
660,62,Senior (50-70),Male,Clothing,Spring,Virginia,52.0,8,52,2704.0,3.6,1,1,1,1.0,1,0,0,0.630857142857143,0.2417142857142857,High,Low,0,0,S2,Promo-Dependent Buyers,2-Day Shipping,Cash,1,0
661,50,Senior (50-70),Male,Outerwear,Fall,Montana,79.0,39,4,316.0,5.0,1,1,1,1.0,1,1,1,0.697358943577431,0.6020025510204081,High,High,0,1,S0,General Buyers,2-Day Shipping,Credit Card,1,1
662,57,Senior (50-70),Male,Clothing,Fall,Iowa,68.0,39,4,272.0,4.1,1,1,1,1.0,1,1,0,0.6253589435774309,0.4998775510204081,High,Medium,0,1,S0,General Buyers,Store Pickup,Credit Card,0,1
663,24,Teen (18-24),Male,Accessories,Fall,Illinois,98.0,39,26,2548.0,2.8,1,1,1,1.0,1,0,0,0.629202080832333,0.5531275510204081,High,Medium,1,1,S4,Promo-Habituated Spenders,Express,Venmo,1,1
664,59,Senior (50-70),Male,Clothing,Fall,Alaska,83.0,23,12,996.0,4.7,1,1,1,1.0,1,1,1,0.6146154461784714,0.5198698979591836,High,Medium,1,0,S4,Promo-Habituated Spenders,Express,Credit Card,1,1
665,63,Senior (50-70),Male,Clothing,Winter,Colorado,83.0,41,26,2158.0,4.4,1,1,1,1.0,1,1,0,0.7694469787915166,0.5937066326530612,High,Medium,1,1,S4,Promo-Habituated Spenders,Express,Paypal,1,1
666,41,Mid-Age (35-49),Male,Clothing,Spring,New Mexico,55.0,50,1,55.0,4.9,1,1,1,1.0,1,1,1,0.7420000000000001,0.547125,High,Medium,0,1,S0,General Buyers,2-Day Shipping,Credit Card,1,1
667,35,Mid-Age (35-49),Male,Clothing,Winter,Colorado,26.0,30,4,104.0,3.1,1,1,1,1.0,1,0,0,0.4902569027611044,0.2102091836734693,High,Low,0,0,S0,General Buyers,Free Shipping,Debit Card,0,1
668,34,Young Adult (25-34),Male,Accessories,Winter,Arizona,76.0,32,4,304.0,2.6,1,1,1,1.0,1,0,0,0.4625018007202881,0.4091632653061224,High,Low,0,0,S0,General Buyers,Standard,Bank Transfer,0,0
669,49,Mid-Age (35-49),Male,Clothing,Fall,Hawaii,85.0,35,12,1020.0,2.9,1,1,1,1.0,1,0,0,0.5440848339335734,0.4818443877551021,High,Medium,1,0,S4,Promo-Habituated Spenders,Express,Bank Transfer,1,0
670,43,Mid-Age (35-49),Male,Outerwear,Spring,Illinois,89.0,45,26,2314.0,3.3,1,1,1,1.0,1,0,0,0.7059367747098839,0.5743647959183674,High,Medium,1,1,S4,Promo-Habituated Spenders,Free Shipping,Venmo,0,1
671,63,Senior (50-70),Male,Clothing,Spring,Louisiana,41.0,37,26,1066.0,4.8,1,1,1,1.0,1,1,1,0.7769571828731492,0.4135484693877551,High,Low,0,0,S0,General Buyers,Next Day Air,Cash,1,0
672,38,Mid-Age (35-49),Male,Outerwear,Winter,Iowa,30.0,45,52,1560.0,4.7,1,1,1,1.0,1,1,1,0.9453877551020408,0.4002397959183673,High,Low,0,1,S0,General Buyers,Express,Cash,1,0
673,59,Senior (50-70),Male,Clothing,Winter,Washington,53.0,29,4,212.0,3.3,1,1,1,1.0,1,0,0,0.5001344537815126,0.3352321428571428,High,Low,0,0,S0,General Buyers,2-Day Shipping,Cash,1,0
674,35,Mid-Age (35-49),Male,Clothing,Spring,Oklahoma,66.0,27,26,1716.0,4.2,1,1,1,1.0,1,1,0,0.6677326930772309,0.4359030612244897,High,Medium,0,0,S0,General Buyers,Free Shipping,Venmo,0,1
675,48,Mid-Age (35-49),Male,Accessories,Winter,Washington,33.0,36,1,33.0,4.7,1,1,1,1.0,1,1,1,0.6402857142857143,0.3674464285714285,High,Low,0,0,S0,General Buyers,Store Pickup,Bank Transfer,0,0
676,64,Senior (50-70),Male,Accessories,Spring,Arkansas,86.0,9,1,86.0,2.6,1,1,1,1.0,1,0,0,0.3069795918367347,0.3355663265306122,Medium,Low,1,0,S4,Promo-Habituated Spenders,2-Day Shipping,Cash,1,0
677,28,Young Adult (25-34),Male,Clothing,Winter,Connecticut,60.0,38,26,1560.0,2.9,1,1,1,1.0,1,0,0,0.6310796318527411,0.3877755102040816,High,Low,0,1,S0,General Buyers,2-Day Shipping,Venmo,1,1
678,60,Senior (50-70),Male,Clothing,Summer,Washington,62.0,41,1,62.0,2.7,1,1,1,1.0,1,0,0,0.5108979591836735,0.3998316326530612,High,Low,0,1,S0,General Buyers,Express,Paypal,1,1
679,27,Young Adult (25-34),Male,Clothing,Fall,Maine,74.0,25,4,296.0,3.3,1,1,1,1.0,1,0,0,0.4756446578631452,0.4066989795918367,High,Low,0,0,S0,General Buyers,Store Pickup,Debit Card,0,1
680,56,Senior (50-70),Male,Footwear,Fall,Michigan,95.0,37,26,2470.0,3.4,1,1,1,1.0,1,0,0,0.6649571828731492,0.5657984693877551,High,Medium,1,0,S4,Promo-Habituated Spenders,Express,Venmo,1,1
681,58,Senior (50-70),Male,Footwear,Spring,Tennessee,25.0,3,1,25.0,4.2,1,1,1,1.0,1,1,0,0.3982448979591836,0.134079081632653,Medium,Low,0,0,S2,Promo-Dependent Buyers,Express,Paypal,1,1
682,30,Young Adult (25-34),Male,Clothing,Winter,Louisiana,59.0,24,4,236.0,3.8,1,1,1,1.0,1,0,0,0.5095222088835534,0.3659719387755101,High,Low,0,0,S2,Promo-Dependent Buyers,2-Day Shipping,Credit Card,1,1
683,23,Teen (18-24),Male,Outerwear,Summer,Missouri,29.0,49,26,754.0,4.0,1,1,1,1.0,1,1,0,0.7864265706282513,0.3742729591836734,High,Low,0,1,S0,General Buyers,Standard,Credit Card,0,1
684,33,Young Adult (25-34),Male,Footwear,Winter,Michigan,36.0,3,12,432.0,2.7,1,1,1,1.0,1,0,0,0.3321664665866346,0.092204081632653,Medium,Low,0,0,S2,Promo-Dependent Buyers,Free Shipping,Bank Transfer,0,0
685,63,Senior (50-70),Male,Accessories,Summer,Alabama,82.0,42,12,984.0,4.7,1,1,1,1.0,1,1,1,0.7309419767907164,0.6124336734693878,High,High,1,1,S4,Promo-Habituated Spenders,Express,Debit Card,1,1
686,70,Senior (50-70),Male,Clothing,Winter,Massachusetts,71.0,32,26,1846.0,3.5,1,1,1,1.0,1,0,0,0.64234493797519,0.4412882653061224,High,Medium,0,0,S0,General Buyers,Standard,Cash,0,0
687,70,Senior (50-70),Male,Clothing,Fall,Indiana,35.0,33,26,910.0,3.0,1,1,1,1.0,1,0,0,0.608467386954782,0.2588903061224489,High,Low,0,0,S0,General Buyers,2-Day Shipping,Venmo,1,1
688,19,Teen (18-24),Male,Accessories,Winter,West Virginia,38.0,46,4,152.0,3.3,1,1,1,1.0,1,0,0,0.6042160864345737,0.3563418367346939,High,Low,0,1,S0,General Buyers,Free Shipping,Bank Transfer,0,0
689,25,Young Adult (25-34),Male,Accessories,Summer,Michigan,59.0,44,12,708.0,4.7,1,1,1,1.0,1,1,1,0.7431868747499001,0.5220127551020408,High,Medium,0,1,S0,General Buyers,Store Pickup,Venmo,0,1
690,19,Teen (18-24),Male,Clothing,Summer,Pennsylvania,91.0,35,4,364.0,4.7,1,1,1,1.0,1,1,1,0.6488691476590637,0.6160943877551021,High,High,1,0,S4,Promo-Habituated Spenders,Express,Credit Card,1,1
691,25,Young Adult (25-34),Male,Clothing,Spring,Alaska,68.0,45,52,3536.0,4.8,1,1,1,1.0,1,1,1,0.9533877551020408,0.5724897959183674,High,Medium,0,1,S0,General Buyers,Standard,Bank Transfer,0,0
692,60,Senior (50-70),Male,Accessories,Summer,Massachusetts,21.0,37,26,546.0,2.9,1,1,1,1.0,1,0,0,0.6249571828731493,0.2120484693877551,High,Low,0,0,S0,General Buyers,Standard,Paypal,0,1
693,35,Mid-Age (35-49),Male,Accessories,Spring,North Dakota,95.0,40,4,380.0,4.0,1,1,1,1.0,1,1,0,0.6234813925570227,0.6171045918367347,High,High,1,1,S4,Promo-Habituated Spenders,2-Day Shipping,Debit Card,1,1
694,46,Mid-Age (35-49),Male,Clothing,Spring,Vermont,52.0,30,4,208.0,3.1,1,1,1,1.0,1,0,0,0.4902569027611044,0.3239591836734694,High,Low,0,0,S0,General Buyers,Free Shipping,Cash,0,0
695,41,Mid-Age (35-49),Male,Clothing,Fall,Kentucky,21.0,38,4,84.0,3.5,1,1,1,1.0,1,0,0,0.5712364945978391,0.2531505102040816,High,Low,0,1,S0,General Buyers,2-Day Shipping,Venmo,1,1
696,30,Young Adult (25-34),Male,Clothing,Summer,Nevada,67.0,15,4,268.0,3.7,1,1,1,1.0,1,0,0,0.4464201680672269,0.3490535714285714,Medium,Low,0,0,S0,General Buyers,Next Day Air,Debit Card,1,1
697,44,Mid-Age (35-49),Male,Accessories,Fall,Utah,42.0,49,12,504.0,2.8,1,1,1,1.0,1,0,0,0.6217991196478592,0.3591479591836735,High,Low,0,1,S0,General Buyers,Standard,Cash,0,0
698,61,Senior (50-70),Male,Accessories,Summer,North Dakota,63.0,40,4,252.0,4.6,1,1,1,1.0,1,1,1,0.6714813925570227,0.5131045918367346,High,Medium,0,1,S0,General Buyers,Free Shipping,Debit Card,0,1
699,55,Senior (50-70),Male,Footwear,Winter,Iowa,41.0,40,52,2132.0,3.8,1,1,1,1.0,1,0,0,0.8427755102040816,0.3688545918367346,High,Low,0,1,S0,General Buyers,Standard,Debit Card,0,1
700,50,Senior (50-70),Male,Accessories,Fall,Connecticut,46.0,5,52,2392.0,2.6,1,1,1,1.0,1,0,0,0.5324897959183674,0.1401581632653061,High,Low,0,0,S2,Promo-Dependent Buyers,2-Day Shipping,Paypal,1,1
701,57,Senior (50-70),Male,Clothing,Winter,Wisconsin,79.0,5,12,948.0,4.1,1,1,1,1.0,1,1,0,0.4564113645458183,0.3745331632653061,Medium,Low,0,0,S0,General Buyers,Standard,Paypal,0,1
702,51,Senior (50-70),Male,Footwear,Fall,Idaho,90.0,5,4,360.0,3.3,1,1,1,1.0,1,0,0,0.3531956782713085,0.3746581632653061,Medium,Low,1,0,S4,Promo-Habituated Spenders,Next Day Air,Debit Card,1,1
703,18,Teen (18-24),Male,Clothing,Winter,Montana,71.0,1,52,3692.0,3.4,1,1,1,1.0,1,0,0,0.572,0.2771249999999999,High,Low,0,0,S0,General Buyers,Store Pickup,Cash,0,0
704,63,Senior (50-70),Male,Clothing,Summer,Connecticut,87.0,21,52,4524.0,3.0,1,1,1,1.0,1,0,0,0.6624489795918368,0.4251658163265306,High,Low,1,0,S4,Promo-Habituated Spenders,Standard,Venmo,0,1
705,34,Young Adult (25-34),Male,Clothing,Spring,Idaho,66.0,18,1,66.0,3.2,1,1,1,1.0,1,0,0,0.4100816326530613,0.329984693877551,Medium,Low,0,0,S0,General Buyers,Express,Paypal,1,1
706,25,Young Adult (25-34),Male,Clothing,Summer,Arkansas,90.0,49,4,360.0,4.5,1,1,1,1.0,1,1,1,0.7185834333733493,0.6711479591836734,High,High,1,1,S4,Promo-Habituated Spenders,Free Shipping,Cash,0,0
707,46,Mid-Age (35-49),Male,Clothing,Summer,Iowa,47.0,27,52,2444.0,4.8,1,1,1,1.0,1,1,1,0.8431836734693878,0.3887780612244897,High,Low,0,0,S0,General Buyers,Express,Debit Card,1,1
708,59,Senior (50-70),Male,Clothing,Spring,Louisiana,38.0,21,1,38.0,3.7,1,1,1,1.0,1,0,0,0.4684489795918368,0.2527908163265306,High,Low,0,0,S2,Promo-Dependent Buyers,Next Day Air,Venmo,1,1
709,37,Mid-Age (35-49),Male,Accessories,Summer,Kentucky,50.0,19,26,1300.0,3.4,1,1,1,1.0,1,0,0,0.5547531012404961,0.2770867346938775,High,Low,0,0,S2,Promo-Dependent Buyers,Store Pickup,Cash,0,0
710,49,Mid-Age (35-49),Male,Outerwear,Summer,Massachusetts,79.0,23,12,948.0,4.6,1,1,1,1.0,1,1,1,0.6066154461784714,0.4963698979591836,High,Medium,0,0,S0,General Buyers,Standard,Debit Card,0,1
711,22,Teen (18-24),Male,Accessories,Spring,Virginia,91.0,26,26,2366.0,4.1,1,1,1,1.0,1,1,0,0.653610244097639,0.5341760204081633,High,Medium,1,0,S4,Promo-Habituated Spenders,Standard,Paypal,0,1
712,64,Senior (50-70),Male,Footwear,Spring,New Hampshire,60.0,13,26,1560.0,3.5,1,1,1,1.0,1,0,0,0.5260184073629453,0.2962244897959183,High,Low,0,0,S0,General Buyers,2-Day Shipping,Bank Transfer,1,0
713,42,Mid-Age (35-49),Male,Clothing,Summer,New Hampshire,81.0,36,4,324.0,3.8,1,1,1,1.0,1,0,0,0.5829915966386554,0.5234464285714285,High,Medium,1,0,S4,Promo-Habituated Spenders,Next Day Air,Bank Transfer,1,0
714,37,Mid-Age (35-49),Male,Clothing,Summer,Oregon,90.0,39,26,2340.0,2.6,1,1,1,1.0,1,0,0,0.613202080832333,0.5061275510204082,High,Medium,1,1,S4,Promo-Habituated Spenders,Express,Bank Transfer,1,0
715,26,Young Adult (25-34),Male,Outerwear,Fall,South Dakota,70.0,40,26,1820.0,4.4,1,1,1,1.0,1,1,0,0.7633245298119248,0.5317295918367347,High,Medium,0,1,S0,General Buyers,Store Pickup,Debit Card,0,1
716,33,Young Adult (25-34),Male,Clothing,Spring,Delaware,63.0,37,4,252.0,2.6,1,1,1,1.0,1,0,0,0.4931140456182473,0.3777984693877551,High,Low,0,0,S0,General Buyers,Express,Debit Card,1,1
717,30,Young Adult (25-34),Male,Accessories,Spring,Missouri,29.0,9,26,754.0,3.6,1,1,1,1.0,1,0,0,0.5095286114445778,0.1461913265306122,High,Low,0,0,S2,Promo-Dependent Buyers,Express,Venmo,1,1
718,21,Teen (18-24),Male,Clothing,Spring,Alaska,90.0,7,4,360.0,4.2,1,1,1,1.0,1,1,0,0.4374405762304922,0.4388622448979591,Medium,Medium,1,0,S4,Promo-Habituated Spenders,Express,Venmo,1,1
719,22,Teen (18-24),Male,Clothing,Summer,Florida,22.0,25,1,22.0,4.6,1,1,1,1.0,1,1,1,0.564938775510204,0.2571989795918367,High,Low,0,0,S0,General Buyers,Standard,Bank Transfer,0,0
720,63,Senior (50-70),Male,Clothing,Summer,Mississippi,22.0,42,26,572.0,3.3,1,1,1,1.0,1,0,0,0.6875694277711084,0.2659336734693878,High,Low,0,1,S0,General Buyers,Next Day Air,Venmo,1,1
721,33,Young Adult (25-34),Male,Accessories,Fall,New Mexico,62.0,19,52,3224.0,3.4,1,1,1,1.0,1,0,0,0.682204081632653,0.3295867346938775,High,Low,0,0,S0,General Buyers,Free Shipping,Debit Card,0,1
722,43,Mid-Age (35-49),Male,Clothing,Summer,California,57.0,41,4,228.0,4.4,1,1,1,1.0,1,1,0,0.6616038415366147,0.4799566326530612,High,Medium,0,1,S0,General Buyers,Next Day Air,Debit Card,1,1
723,27,Young Adult (25-34),Male,Clothing,Summer,Wyoming,32.0,50,26,832.0,4.3,1,1,1,1.0,1,1,0,0.8165490196078432,0.4105,High,Low,0,1,S0,General Buyers,Store Pickup,Cash,0,0
724,35,Mid-Age (35-49),Male,Accessories,Fall,Missouri,53.0,43,12,636.0,3.5,1,1,1,1.0,1,0,0,0.6410644257703082,0.4186607142857142,High,Low,0,1,S0,General Buyers,Express,Paypal,1,1
725,37,Mid-Age (35-49),Male,Clothing,Fall,New Hampshire,79.0,36,4,316.0,4.7,1,1,1,1.0,1,1,1,0.6549915966386555,0.5686964285714285,High,Medium,0,0,S0,General Buyers,Store Pickup,Venmo,0,1
726,61,Senior (50-70),Male,Accessories,Winter,Texas,61.0,33,26,1586.0,3.1,1,1,1,1.0,1,0,0,0.616467386954782,0.3786403061224489,High,Low,0,0,S0,General Buyers,Standard,Debit Card,0,1
727,32,Young Adult (25-34),Male,Clothing,Summer,North Dakota,78.0,20,4,312.0,3.6,1,1,1,1.0,1,0,0,0.4690324129651861,0.416688775510204,High,Low,0,0,S0,General Buyers,Next Day Air,Bank Transfer,1,0
728,62,Senior (50-70),Male,Clothing,Winter,Arkansas,97.0,37,4,388.0,4.8,1,1,1,1.0,1,1,1,0.6691140456182473,0.6585484693877551,High,High,1,0,S4,Promo-Habituated Spenders,Next Day Air,Venmo,1,1
729,29,Young Adult (25-34),Male,Clothing,Winter,Nebraska,78.0,12,4,312.0,3.7,1,1,1,1.0,1,0,0,0.4280528211284514,0.3818724489795918,Medium,Low,0,0,S0,General Buyers,Next Day Air,Paypal,1,1
730,41,Mid-Age (35-49),Male,Accessories,Summer,Minnesota,56.0,46,4,224.0,3.2,1,1,1,1.0,1,0,0,0.5962160864345738,0.4290918367346938,High,Medium,0,1,S0,General Buyers,Express,Paypal,1,1
731,48,Mid-Age (35-49),Male,Footwear,Summer,Massachusetts,25.0,28,26,650.0,3.9,1,1,1,1.0,1,0,0,0.6498551420568227,0.2436301020408163,High,Low,0,0,S0,General Buyers,Standard,Venmo,0,1
732,43,Mid-Age (35-49),Male,Outerwear,Spring,Arkansas,28.0,30,26,728.0,3.5,1,1,1,1.0,1,0,0,0.6301000400160064,0.2429591836734694,High,Low,0,0,S0,General Buyers,Free Shipping,Paypal,0,1
733,34,Young Adult (25-34),Male,Clothing,Spring,New Hampshire,57.0,28,26,1482.0,2.8,1,1,1,1.0,1,0,0,0.5618551420568227,0.3176301020408163,High,Low,0,0,S0,General Buyers,Express,Cash,1,0
734,45,Mid-Age (35-49),Male,Clothing,Fall,Rhode Island,36.0,20,26,936.0,2.7,1,1,1,1.0,1,0,0,0.5048755502200881,0.1789387755102041,High,Low,0,0,S2,Promo-Dependent Buyers,2-Day Shipping,Debit Card,1,1
735,65,Senior (50-70),Male,Clothing,Winter,New Jersey,69.0,39,4,276.0,3.1,1,1,1,1.0,1,0,0,0.545358943577431,0.4442525510204081,High,Medium,0,1,S0,General Buyers,Express,Bank Transfer,1,0
736,61,Senior (50-70),Male,Accessories,Fall,Montana,48.0,48,26,1248.0,3.6,1,1,1,1.0,1,0,0,0.7483041216486594,0.4282959183673469,High,Medium,0,1,S0,General Buyers,2-Day Shipping,Cash,1,0
737,18,Teen (18-24),Male,Clothing,Spring,Colorado,58.0,32,4,232.0,2.9,1,1,1,1.0,1,0,0,0.4865018007202881,0.3484132653061225,High,Low,0,0,S0,General Buyers,2-Day Shipping,Credit Card,1,1
738,47,Mid-Age (35-49),Male,Accessories,Spring,Nebraska,24.0,28,1,24.0,3.6,1,1,1,1.0,1,0,0,0.5033061224489797,0.2212551020408163,High,Low,0,0,S0,General Buyers,Store Pickup,Paypal,0,1
739,56,Senior (50-70),Male,Accessories,Winter,Minnesota,31.0,27,4,124.0,3.5,1,1,1,1.0,1,0,0,0.503889555822329,0.2407780612244898,High,Low,0,0,S0,General Buyers,2-Day Shipping,Venmo,1,1
740,64,Senior (50-70),Male,Clothing,Summer,Minnesota,29.0,26,26,754.0,3.5,1,1,1,1.0,1,0,0,0.605610244097639,0.2269260204081632,High,Low,0,0,S0,General Buyers,Free Shipping,Venmo,0,1
741,26,Young Adult (25-34),Male,Clothing,Summer,South Dakota,69.0,22,26,1794.0,2.8,1,1,1,1.0,1,0,0,0.5251204481792717,0.3395178571428571,High,Low,0,0,S0,General Buyers,Next Day Air,Credit Card,1,1
742,22,Teen (18-24),Male,Clothing,Summer,West Virginia,79.0,23,4,316.0,4.7,1,1,1,1.0,1,1,1,0.5753997599039616,0.5023698979591837,High,Medium,0,0,S0,General Buyers,Free Shipping,Bank Transfer,0,0
743,64,Senior (50-70),Male,Clothing,Summer,Nevada,39.0,21,4,156.0,3.1,1,1,1,1.0,1,0,0,0.4351548619447779,0.2211658163265306,Medium,Low,0,0,S2,Promo-Dependent Buyers,Express,Debit Card,1,1
744,21,Teen (18-24),Male,Accessories,Fall,North Carolina,84.0,36,52,4368.0,4.9,1,1,1,1.0,1,1,1,0.9062857142857144,0.6025714285714285,High,High,1,0,S4,Promo-Habituated Spenders,Free Shipping,Cash,0,0
745,67,Senior (50-70),Male,Footwear,Spring,Illinois,66.0,42,26,1716.0,4.1,1,1,1,1.0,1,1,0,0.7515694277711085,0.5064336734693877,High,Medium,0,1,S0,General Buyers,Next Day Air,Debit Card,1,1
746,46,Mid-Age (35-49),Male,Clothing,Fall,Michigan,92.0,4,12,1104.0,4.7,1,1,1,1.0,1,1,1,0.4982889155662265,0.4623061224489796,High,Medium,1,0,S4,Promo-Habituated Spenders,Standard,Venmo,0,1
747,40,Mid-Age (35-49),Male,Footwear,Winter,Michigan,45.0,47,1,45.0,2.5,1,1,1,1.0,1,0,0,0.5316326530612245,0.3440688775510204,High,Low,0,1,S0,General Buyers,Free Shipping,Credit Card,0,1
748,51,Senior (50-70),Male,Clothing,Spring,Oklahoma,74.0,13,52,3848.0,4.4,1,1,1,1.0,1,1,0,0.7254693877551021,0.4114744897959184,High,Low,0,0,S0,General Buyers,Next Day Air,Bank Transfer,1,0
749,35,Mid-Age (35-49),Male,Accessories,Fall,South Dakota,39.0,8,4,156.0,3.9,1,1,1,1.0,1,0,0,0.419563025210084,0.2028392857142857,Medium,Low,0,0,S2,Promo-Dependent Buyers,Free Shipping,Bank Transfer,0,0
750,56,Senior (50-70),Male,Accessories,Winter,Oklahoma,71.0,11,4,284.0,3.7,1,1,1,1.0,1,0,0,0.4219303721488596,0.3461454081632653,Medium,Low,0,0,S0,General Buyers,Standard,Debit Card,0,1
751,25,Young Adult (25-34),Male,Clothing,Fall,Maryland,95.0,5,1,95.0,3.4,1,1,1,1.0,1,0,0,0.3464897959183673,0.4025331632653061,Medium,Low,1,0,S4,Promo-Habituated Spenders,Free Shipping,Venmo,0,1
752,65,Senior (50-70),Male,Accessories,Fall,Ohio,72.0,1,12,864.0,4.8,1,1,1,1.0,1,1,1,0.487921568627451,0.3654999999999999,High,Low,0,0,S0,General Buyers,Free Shipping,Credit Card,0,1
753,39,Mid-Age (35-49),Male,Accessories,Fall,Ohio,85.0,17,4,340.0,4.2,1,1,1,1.0,1,1,0,0.4986650660264106,0.4680076530612245,High,Medium,1,0,S4,Promo-Habituated Spenders,2-Day Shipping,Paypal,1,1
754,47,Mid-Age (35-49),Male,Footwear,Fall,Massachusetts,54.0,27,4,216.0,3.4,1,1,1,1.0,1,0,0,0.4958895558223289,0.3354030612244897,High,Low,0,0,S0,General Buyers,Store Pickup,Venmo,0,1
755,36,Mid-Age (35-49),Male,Accessories,Spring,North Carolina,41.0,3,4,164.0,2.9,1,1,1,1.0,1,0,0,0.3089507803121248,0.126079081632653,Medium,Low,0,0,S2,Promo-Dependent Buyers,Store Pickup,Debit Card,0,1
756,66,Senior (50-70),Male,Outerwear,Spring,Florida,24.0,22,52,1248.0,3.3,1,1,1,1.0,1,0,0,0.6925714285714285,0.1726428571428571,High,Low,0,0,S2,Promo-Dependent Buyers,Free Shipping,Paypal,0,1
757,62,Senior (50-70),Male,Accessories,Summer,Montana,99.0,24,26,2574.0,4.8,1,1,1,1.0,1,1,1,0.6973653461384555,0.6009719387755103,High,High,1,0,S4,Promo-Habituated Spenders,Standard,Cash,0,0
758,41,Mid-Age (35-49),Male,Clothing,Fall,Minnesota,32.0,18,4,128.0,3.8,1,1,1,1.0,1,0,0,0.4727875150060024,0.217234693877551,High,Low,0,0,S2,Promo-Dependent Buyers,Store Pickup,Debit Card,0,1
759,66,Senior (50-70),Male,Footwear,Summer,Massachusetts,71.0,39,4,284.0,4.6,1,1,1,1.0,1,1,1,0.665358943577431,0.5430025510204081,High,Medium,0,1,S0,General Buyers,2-Day Shipping,Bank Transfer,1,0
760,51,Senior (50-70),Male,Clothing,Winter,Rhode Island,49.0,25,26,1274.0,2.6,1,1,1,1.0,1,0,0,0.5274877951180472,0.2553239795918367,High,Low,0,0,S0,General Buyers,Next Day Air,Credit Card,1,1
761,33,Young Adult (25-34),Male,Accessories,Fall,Minnesota,50.0,6,1,50.0,3.4,1,1,1,1.0,1,0,0,0.3526122448979591,0.2107602040816326,Medium,Low,0,0,S2,Promo-Dependent Buyers,Free Shipping,Cash,0,0
762,57,Senior (50-70),Male,Accessories,Fall,Nevada,91.0,26,52,4732.0,4.2,1,1,1,1.0,1,1,0,0.789061224489796,0.5401760204081633,High,Medium,1,0,S4,Promo-Habituated Spenders,Express,Bank Transfer,1,0
763,45,Mid-Age (35-49),Male,Accessories,Fall,New Mexico,46.0,43,26,1196.0,3.9,1,1,1,1.0,1,0,0,0.7416918767507003,0.4120357142857143,High,Low,0,1,S0,General Buyers,Standard,Debit Card,0,1
764,61,Senior (50-70),Male,Clothing,Spring,North Carolina,50.0,6,12,600.0,2.9,1,1,1,1.0,1,0,0,0.3665338135254101,0.1807602040816326,Medium,Low,0,0,S2,Promo-Dependent Buyers,2-Day Shipping,Credit Card,1,1
765,55,Senior (50-70),Male,Clothing,Fall,Virginia,39.0,6,4,156.0,4.2,1,1,1,1.0,1,1,0,0.4313181272509003,0.2106352040816326,Medium,Low,0,0,S2,Promo-Dependent Buyers,Free Shipping,Debit Card,0,1
766,54,Senior (50-70),Male,Footwear,Summer,Alaska,99.0,13,4,396.0,3.0,1,1,1,1.0,1,0,0,0.3781752701080432,0.4368494897959184,Medium,Medium,1,0,S4,Promo-Habituated Spenders,Store Pickup,Cash,0,0
767,57,Senior (50-70),Male,Accessories,Winter,Nevada,48.0,13,12,576.0,3.6,1,1,1,1.0,1,0,0,0.465390956382553,0.2497244897959183,High,Low,0,0,S2,Promo-Dependent Buyers,Next Day Air,Paypal,1,1
768,27,Young Adult (25-34),Male,Outerwear,Fall,Pennsylvania,77.0,11,1,77.0,2.5,1,1,1,1.0,1,0,0,0.3112244897959184,0.3003954081632652,Medium,Low,0,0,S0,General Buyers,Next Day Air,Cash,1,0
769,64,Senior (50-70),Male,Accessories,Spring,Illinois,95.0,45,52,4940.0,2.6,1,1,1,1.0,1,0,0,0.7773877551020408,0.5586147959183674,High,Medium,1,1,S4,Promo-Habituated Spenders,Express,Venmo,1,1
770,52,Senior (50-70),Male,Clothing,Spring,Delaware,100.0,8,12,1200.0,4.3,1,1,1,1.0,1,1,0,0.4907787114845938,0.4937142857142856,High,Medium,1,0,S4,Promo-Habituated Spenders,Store Pickup,Paypal,0,1
771,19,Teen (18-24),Male,Footwear,Spring,Vermont,54.0,8,1,54.0,3.3,1,1,1,1.0,1,0,0,0.3568571428571429,0.2324642857142856,Medium,Low,0,0,S2,Promo-Dependent Buyers,Express,Credit Card,1,1
772,22,Teen (18-24),Male,Clothing,Fall,Hawaii,68.0,34,26,1768.0,2.6,1,1,1,1.0,1,0,0,0.5825898359343737,0.3843673469387755,High,Low,0,0,S0,General Buyers,Next Day Air,Bank Transfer,1,0
773,18,Teen (18-24),Male,Clothing,Fall,Illinois,22.0,40,26,572.0,3.6,1,1,1,1.0,1,0,0,0.6993245298119248,0.2737295918367347,High,Low,0,1,S0,General Buyers,Free Shipping,Debit Card,0,1
774,29,Young Adult (25-34),Male,Accessories,Winter,California,84.0,14,26,2184.0,2.6,1,1,1,1.0,1,0,0,0.460140856342537,0.3523265306122449,High,Low,1,0,S4,Promo-Habituated Spenders,Express,Debit Card,1,1
775,42,Mid-Age (35-49),Male,Accessories,Summer,Nevada,46.0,11,4,184.0,3.5,1,1,1,1.0,1,0,0,0.4059303721488596,0.2247704081632653,Medium,Low,0,0,S2,Promo-Dependent Buyers,Standard,Credit Card,0,1
776,49,Mid-Age (35-49),Male,Accessories,Winter,Kentucky,53.0,8,12,636.0,3.0,1,1,1,1.0,1,0,0,0.3867787114845938,0.2100892857142856,Medium,Low,0,0,S2,Promo-Dependent Buyers,Store Pickup,Paypal,0,1
777,49,Mid-Age (35-49),Male,Clothing,Spring,Alabama,60.0,8,4,240.0,5.0,1,1,1,1.0,1,1,1,0.507563025210084,0.3607142857142856,High,Low,0,0,S0,General Buyers,Standard,Venmo,0,1
778,55,Senior (50-70),Male,Clothing,Spring,Wyoming,32.0,37,52,1664.0,2.5,1,1,1,1.0,1,0,0,0.7204081632653061,0.2361734693877551,High,Low,0,0,S0,General Buyers,Express,Venmo,1,1
779,29,Young Adult (25-34),Male,Clothing,Summer,Massachusetts,50.0,23,1,50.0,2.9,1,1,1,1.0,1,0,0,0.4166938775510204,0.2674948979591837,Medium,Low,0,0,S2,Promo-Dependent Buyers,Store Pickup,Debit Card,0,1
780,60,Senior (50-70),Male,Clothing,Spring,Utah,94.0,38,1,94.0,4.6,1,1,1,1.0,1,1,1,0.6445306122448979,0.6385255102040815,High,High,1,1,S4,Promo-Habituated Spenders,Express,Cash,1,0
781,34,Young Adult (25-34),Male,Footwear,Spring,New York,26.0,38,4,104.0,3.6,1,1,1,1.0,1,0,0,0.5792364945978391,0.2810255102040816,High,Low,0,1,S0,General Buyers,Free Shipping,Cash,0,0
782,30,Young Adult (25-34),Male,Accessories,Winter,Vermont,44.0,12,26,1144.0,3.0,1,1,1,1.0,1,0,0,0.4798959583833534,0.1911224489795918,High,Low,0,0,S2,Promo-Dependent Buyers,Store Pickup,Credit Card,0,1
783,28,Young Adult (25-34),Male,Clothing,Summer,Hawaii,57.0,15,52,2964.0,4.5,1,1,1,1.0,1,1,1,0.7457142857142857,0.3533035714285714,High,Low,0,0,S2,Promo-Dependent Buyers,Standard,Cash,0,0
784,63,Senior (50-70),Male,Clothing,Winter,Louisiana,65.0,38,26,1690.0,4.5,1,1,1,1.0,1,1,1,0.7590796318527411,0.5056505102040816,High,Medium,0,1,S0,General Buyers,Next Day Air,Paypal,1,1
785,31,Young Adult (25-34),Male,Clothing,Winter,Alabama,72.0,41,4,288.0,3.2,1,1,1,1.0,1,0,0,0.5656038415366147,0.4735816326530612,High,Medium,0,1,S0,General Buyers,Store Pickup,Bank Transfer,0,0
786,46,Mid-Age (35-49),Male,Clothing,Spring,Louisiana,62.0,37,26,1612.0,4.0,1,1,1,1.0,1,1,0,0.7129571828731492,0.4574234693877551,High,Medium,0,0,S0,General Buyers,Next Day Air,Paypal,1,1
787,70,Senior (50-70),Male,Accessories,Winter,Indiana,21.0,16,4,84.0,4.8,1,1,1,1.0,1,1,1,0.5405426170468187,0.2189056122448979,High,Low,0,0,S2,Promo-Dependent Buyers,Express,Bank Transfer,1,0
788,53,Senior (50-70),Male,Accessories,Spring,Michigan,85.0,25,52,4420.0,3.7,1,1,1,1.0,1,0,0,0.7429387755102042,0.4788239795918367,High,Medium,1,0,S4,Promo-Habituated Spenders,Free Shipping,Venmo,0,1
789,50,Senior (50-70),Male,Clothing,Summer,Rhode Island,51.0,18,4,204.0,3.8,1,1,1,1.0,1,0,0,0.4727875150060024,0.300359693877551,High,Low,0,0,S2,Promo-Dependent Buyers,Store Pickup,Bank Transfer,0,0
790,33,Young Adult (25-34),Male,Accessories,Fall,Idaho,84.0,4,26,2184.0,2.7,1,1,1,1.0,1,0,0,0.4069163665466186,0.3073061224489796,Medium,Low,1,0,S4,Promo-Habituated Spenders,Standard,Credit Card,0,1
791,22,Teen (18-24),Male,Clothing,Summer,Louisiana,37.0,12,4,148.0,4.9,1,1,1,1.0,1,1,1,0.5240528211284514,0.2744974489795918,High,Low,0,0,S2,Promo-Dependent Buyers,Store Pickup,Bank Transfer,0,0
792,50,Senior (50-70),Male,Accessories,Summer,North Carolina,44.0,35,26,1144.0,3.1,1,1,1,1.0,1,0,0,0.6287122849139656,0.314469387755102,High,Low,0,0,S0,General Buyers,2-Day Shipping,Paypal,1,1
793,34,Young Adult (25-34),Male,Footwear,Spring,New Jersey,45.0,45,52,2340.0,4.2,1,1,1,1.0,1,1,0,0.9053877551020408,0.4358647959183673,High,Medium,0,1,S0,General Buyers,Next Day Air,Venmo,1,1
794,24,Teen (18-24),Male,Clothing,Summer,Alabama,35.0,16,12,420.0,3.8,1,1,1,1.0,1,0,0,0.4997583033213285,0.2201556122448979,High,Low,0,0,S2,Promo-Dependent Buyers,Free Shipping,Credit Card,0,1
795,69,Senior (50-70),Male,Accessories,Winter,Kentucky,50.0,10,26,1300.0,4.2,1,1,1,1.0,1,1,0,0.5636510604241697,0.2791683673469387,High,Low,0,0,S2,Promo-Dependent Buyers,Store Pickup,Debit Card,0,1
796,39,Mid-Age (35-49),Male,Footwear,Summer,New York,26.0,34,1,26.0,4.6,1,1,1,1.0,1,1,1,0.6200408163265305,0.3206173469387754,High,Low,0,0,S0,General Buyers,Store Pickup,Venmo,0,1
797,42,Mid-Age (35-49),Male,Clothing,Fall,Arizona,78.0,43,1,78.0,4.0,1,1,1,1.0,1,1,0,0.6271428571428571,0.5580357142857142,High,Medium,0,1,S0,General Buyers,2-Day Shipping,Credit Card,1,1
798,42,Mid-Age (35-49),Male,Outerwear,Fall,Maryland,82.0,38,52,4264.0,4.0,1,1,1,1.0,1,1,0,0.8465306122448979,0.5500255102040816,High,Medium,1,1,S4,Promo-Habituated Spenders,2-Day Shipping,Debit Card,1,1
799,29,Young Adult (25-34),Male,Clothing,Spring,Alaska,39.0,48,4,156.0,3.8,1,1,1,1.0,1,0,0,0.6564609843937573,0.4009209183673469,High,Low,0,1,S0,General Buyers,2-Day Shipping,Paypal,1,1
800,55,Senior (50-70),Male,Accessories,Summer,Nevada,55.0,31,1,55.0,3.8,1,1,1,1.0,1,0,0,0.5376734693877551,0.3841862244897959,High,Low,0,0,S0,General Buyers,Free Shipping,Paypal,0,1
801,32,Young Adult (25-34),Male,Clothing,Summer,Utah,20.0,20,4,80.0,2.6,1,1,1,1.0,1,0,0,0.3890324129651861,0.102938775510204,Medium,Low,0,0,S2,Promo-Dependent Buyers,Free Shipping,Cash,0,0
802,25,Young Adult (25-34),Male,Accessories,Fall,New Mexico,29.0,12,26,754.0,4.9,1,1,1,1.0,1,1,1,0.6318959583833534,0.2394974489795918,High,Low,0,0,S2,Promo-Dependent Buyers,Express,Credit Card,1,1
803,38,Mid-Age (35-49),Male,Clothing,Winter,Delaware,41.0,2,52,2132.0,3.5,1,1,1,1.0,1,0,0,0.586122448979592,0.1569770408163265,High,Low,0,0,S2,Promo-Dependent Buyers,Next Day Air,Bank Transfer,1,0
804,32,Young Adult (25-34),Male,Clothing,Winter,Connecticut,38.0,30,4,152.0,2.8,1,1,1,1.0,1,0,0,0.4662569027611044,0.2447091836734693,High,Low,0,0,S0,General Buyers,Express,Venmo,1,1
805,43,Mid-Age (35-49),Male,Footwear,Summer,Mississippi,47.0,28,4,188.0,2.6,1,1,1,1.0,1,0,0,0.4380120048019207,0.2618801020408163,Medium,Low,0,0,S0,General Buyers,Store Pickup,Venmo,0,1
806,41,Mid-Age (35-49),Male,Clothing,Summer,Connecticut,30.0,40,12,360.0,3.7,1,1,1,1.0,1,0,0,0.6386970788315327,0.3147295918367347,High,Low,0,1,S0,General Buyers,Next Day Air,Debit Card,1,1
807,56,Senior (50-70),Male,Clothing,Summer,Florida,56.0,46,4,224.0,2.7,1,1,1,1.0,1,0,0,0.5562160864345738,0.3990918367346939,High,Low,0,1,S0,General Buyers,Standard,Paypal,0,1
808,27,Young Adult (25-34),Male,Clothing,Winter,New York,89.0,15,52,4628.0,3.3,1,1,1,1.0,1,0,0,0.6497142857142856,0.4213035714285714,High,Low,1,0,S4,Promo-Habituated Spenders,Express,Credit Card,1,1
809,46,Mid-Age (35-49),Male,Footwear,Fall,Wisconsin,96.0,38,4,384.0,4.6,1,1,1,1.0,1,1,1,0.6592364945978391,0.6472755102040816,High,High,1,1,S4,Promo-Habituated Spenders,Next Day Air,Cash,1,0
810,48,Mid-Age (35-49),Male,Footwear,Fall,South Carolina,81.0,30,26,2106.0,4.9,1,1,1,1.0,1,1,1,0.7421000400160065,0.5588341836734694,High,Medium,1,0,S4,Promo-Habituated Spenders,Next Day Air,Paypal,1,1
811,52,Senior (50-70),Male,Accessories,Fall,South Dakota,83.0,32,26,2158.0,4.9,1,1,1,1.0,1,1,1,0.7543449379751901,0.5777882653061224,High,Medium,1,0,S4,Promo-Habituated Spenders,Store Pickup,Debit Card,0,1
812,18,Teen (18-24),Male,Footwear,Winter,Illinois,35.0,36,4,140.0,2.7,1,1,1,1.0,1,0,0,0.4949915966386555,0.2561964285714285,High,Low,0,0,S0,General Buyers,Free Shipping,Venmo,0,1
813,64,Senior (50-70),Male,Footwear,Summer,Alaska,56.0,32,52,2912.0,3.2,1,1,1,1.0,1,0,0,0.745795918367347,0.3576632653061224,High,Low,0,0,S0,General Buyers,Standard,Credit Card,0,1
814,54,Senior (50-70),Male,Accessories,Summer,Montana,45.0,14,1,45.0,2.9,1,1,1,1.0,1,0,0,0.3615918367346938,0.1997015306122449,Medium,Low,0,0,S2,Promo-Dependent Buyers,Store Pickup,Debit Card,0,1
815,31,Young Adult (25-34),Male,Clothing,Winter,Minnesota,62.0,8,12,744.0,3.8,1,1,1,1.0,1,0,0,0.4507787114845938,0.2974642857142857,Medium,Low,0,0,S0,General Buyers,Express,Paypal,1,1
816,30,Young Adult (25-34),Male,Accessories,Spring,West Virginia,84.0,27,26,2184.0,3.0,1,1,1,1.0,1,0,0,0.571732693077231,0.4426530612244898,High,Medium,1,0,S4,Promo-Habituated Spenders,Next Day Air,Venmo,1,1
817,26,Young Adult (25-34),Male,Clothing,Summer,Illinois,24.0,24,12,288.0,3.9,1,1,1,1.0,1,0,0,0.5567378951580633,0.2188469387755102,High,Low,0,0,S2,Promo-Dependent Buyers,Store Pickup,Debit Card,0,1
818,25,Young Adult (25-34),Male,Accessories,Spring,Nevada,21.0,30,26,546.0,4.7,1,1,1,1.0,1,1,1,0.7261000400160065,0.2843341836734694,High,Low,0,0,S0,General Buyers,Store Pickup,Paypal,0,1
819,59,Senior (50-70),Male,Clothing,Winter,Idaho,91.0,34,12,1092.0,4.9,1,1,1,1.0,1,1,1,0.6979623849539817,0.6229923469387755,High,High,1,0,S4,Promo-Habituated Spenders,Store Pickup,Debit Card,0,1
820,55,Senior (50-70),Male,Accessories,Winter,Colorado,36.0,28,4,144.0,4.8,1,1,1,1.0,1,1,1,0.6140120048019208,0.3457551020408163,High,Low,0,0,S0,General Buyers,Next Day Air,Debit Card,1,1
821,56,Senior (50-70),Male,Footwear,Spring,Louisiana,39.0,27,12,468.0,2.5,1,1,1,1.0,1,0,0,0.4631052420968388,0.2157780612244897,High,Low,0,0,S0,General Buyers,2-Day Shipping,Debit Card,1,1
822,62,Senior (50-70),Male,Clothing,Spring,Vermont,39.0,31,26,1014.0,3.9,1,1,1,1.0,1,0,0,0.6682224889955982,0.3201862244897959,High,Low,0,0,S0,General Buyers,Standard,Credit Card,0,1
823,35,Mid-Age (35-49),Male,Clothing,Winter,Mississippi,59.0,23,1,59.0,3.4,1,1,1,1.0,1,0,0,0.4566938775510204,0.3368698979591836,Medium,Low,0,0,S2,Promo-Dependent Buyers,Standard,Bank Transfer,0,0
824,51,Senior (50-70),Male,Accessories,Winter,Georgia,27.0,11,4,108.0,2.5,1,1,1,1.0,1,0,0,0.3259303721488595,0.0816454081632653,Medium,Low,0,0,S2,Promo-Dependent Buyers,Free Shipping,Credit Card,0,1
825,61,Senior (50-70),Male,Clothing,Spring,Georgia,94.0,48,4,376.0,3.0,1,1,1,1.0,1,0,0,0.5924609843937574,0.5935459183673469,High,Medium,1,1,S4,Promo-Habituated Spenders,Store Pickup,Cash,0,0
826,27,Young Adult (25-34),Male,Accessories,Fall,Nebraska,94.0,17,12,1128.0,3.6,1,1,1,1.0,1,0,0,0.4898807523009204,0.4713826530612244,High,Medium,1,0,S4,Promo-Habituated Spenders,Next Day Air,Cash,1,0
827,54,Senior (50-70),Male,Clothing,Winter,Massachusetts,94.0,36,52,4888.0,3.6,1,1,1,1.0,1,0,0,0.8022857142857143,0.5683214285714286,High,Medium,1,0,S4,Promo-Habituated Spenders,Standard,Paypal,0,1
828,31,Young Adult (25-34),Male,Footwear,Fall,Colorado,51.0,33,26,1326.0,4.1,1,1,1,1.0,1,1,0,0.6964673869547819,0.3948903061224489,High,Low,0,0,S0,General Buyers,Free Shipping,Bank Transfer,0,0
829,24,Teen (18-24),Male,Clothing,Fall,Nevada,62.0,27,26,1612.0,3.7,1,1,1,1.0,1,0,0,0.6277326930772309,0.3884030612244898,High,Low,0,0,S0,General Buyers,2-Day Shipping,Paypal,1,1
830,42,Mid-Age (35-49),Male,Clothing,Spring,Idaho,57.0,14,26,1482.0,3.8,1,1,1,1.0,1,0,0,0.556140856342537,0.3062015306122448,High,Low,0,0,S2,Promo-Dependent Buyers,2-Day Shipping,Credit Card,1,1
831,41,Mid-Age (35-49),Male,Clothing,Fall,Wyoming,76.0,5,1,76.0,4.2,1,1,1,1.0,1,1,0,0.4104897959183674,0.3674081632653061,Medium,Low,0,0,S0,General Buyers,Express,Credit Card,1,1
832,66,Senior (50-70),Male,Accessories,Summer,Washington,63.0,47,4,252.0,4.3,1,1,1,1.0,1,1,0,0.6903385354141657,0.5308188775510204,High,Medium,0,1,S0,General Buyers,Express,Cash,1,0
833,58,Senior (50-70),Male,Outerwear,Fall,California,80.0,28,26,2080.0,2.5,1,1,1,1.0,1,0,0,0.5378551420568227,0.4002551020408162,High,Low,0,0,S0,General Buyers,Express,Cash,1,0
834,43,Mid-Age (35-49),Male,Accessories,Fall,Oklahoma,68.0,11,1,68.0,3.5,1,1,1,1.0,1,0,0,0.3912244897959184,0.3210204081632653,Medium,Low,0,0,S0,General Buyers,Standard,Credit Card,0,1
835,52,Senior (50-70),Male,Accessories,Summer,Nevada,89.0,18,52,4628.0,3.1,1,1,1,1.0,1,0,0,0.6520816326530613,0.424609693877551,High,Low,1,0,S4,Promo-Habituated Spenders,Free Shipping,Credit Card,0,1
836,35,Mid-Age (35-49),Male,Footwear,Summer,Maryland,26.0,21,52,1352.0,2.5,1,1,1,1.0,1,0,0,0.6224489795918368,0.1282908163265306,High,Low,0,0,S2,Promo-Dependent Buyers,Next Day Air,Debit Card,1,1
837,23,Teen (18-24),Male,Accessories,Winter,West Virginia,90.0,22,26,2340.0,3.9,1,1,1,1.0,1,0,0,0.6131204481792717,0.4973928571428571,High,Medium,1,0,S4,Promo-Habituated Spenders,Store Pickup,Cash,0,0
838,25,Young Adult (25-34),Male,Clothing,Spring,Illinois,28.0,33,4,112.0,4.9,1,1,1,1.0,1,1,1,0.65262424969988,0.342265306122449,High,Low,0,0,S0,General Buyers,Express,Cash,1,0
839,33,Young Adult (25-34),Male,Outerwear,Spring,Kentucky,29.0,49,1,29.0,4.3,1,1,1,1.0,1,1,0,0.6878775510204082,0.3922729591836734,High,Low,0,1,S0,General Buyers,Express,Credit Card,1,1
840,48,Mid-Age (35-49),Male,Clothing,Spring,Illinois,31.0,10,4,124.0,2.6,1,1,1,1.0,1,0,0,0.3278079231692677,0.1000433673469387,Medium,Low,0,0,S2,Promo-Dependent Buyers,Free Shipping,Debit Card,0,1
841,42,Mid-Age (35-49),Male,Clothing,Summer,Alabama,24.0,18,52,1248.0,4.2,1,1,1,1.0,1,1,0,0.7400816326530613,0.206234693877551,High,Low,0,0,S2,Promo-Dependent Buyers,2-Day Shipping,Paypal,1,1
842,55,Senior (50-70),Male,Clothing,Summer,Texas,88.0,28,26,2288.0,2.6,1,1,1,1.0,1,0,0,0.5458551420568227,0.4412551020408163,High,Medium,1,0,S4,Promo-Habituated Spenders,Store Pickup,Paypal,0,1
843,59,Senior (50-70),Male,Clothing,Spring,Missouri,87.0,25,52,4524.0,3.6,1,1,1,1.0,1,0,0,0.7349387755102041,0.4815739795918367,High,Medium,1,0,S4,Promo-Habituated Spenders,Express,Paypal,1,1
844,65,Senior (50-70),Male,Clothing,Summer,Pennsylvania,80.0,6,52,4160.0,3.2,1,1,1,1.0,1,0,0,0.5866122448979592,0.3300102040816326,High,Low,0,0,S0,General Buyers,Express,Paypal,1,1
845,59,Senior (50-70),Male,Footwear,Winter,Missouri,48.0,44,26,1248.0,4.4,1,1,1,1.0,1,1,0,0.7878143257302922,0.4558877551020408,High,Medium,0,1,S0,General Buyers,Express,Venmo,1,1
846,31,Young Adult (25-34),Male,Accessories,Winter,Michigan,21.0,30,12,252.0,3.7,1,1,1,1.0,1,0,0,0.5774725890356143,0.2243341836734693,High,Low,0,0,S0,General Buyers,Standard,Venmo,0,1
847,49,Mid-Age (35-49),Male,Footwear,Spring,Kentucky,72.0,42,4,288.0,3.7,1,1,1,1.0,1,0,0,0.6117262905162064,0.5086836734693878,High,Medium,0,1,S0,General Buyers,Express,Debit Card,1,1
848,53,Senior (50-70),Male,Clothing,Fall,New Jersey,44.0,30,12,528.0,4.1,1,1,1,1.0,1,1,0,0.6094725890356143,0.3489591836734693,High,Low,0,0,S0,General Buyers,Standard,Paypal,0,1
849,48,Mid-Age (35-49),Male,Footwear,Fall,Delaware,73.0,33,26,1898.0,3.6,1,1,1,1.0,1,0,0,0.6564673869547819,0.4611403061224489,High,Medium,0,0,S0,General Buyers,Store Pickup,Credit Card,0,1
850,23,Teen (18-24),Male,Clothing,Spring,Missouri,61.0,24,4,244.0,4.3,1,1,1,1.0,1,1,0,0.5495222088835534,0.4047219387755101,High,Low,0,0,S0,General Buyers,Express,Paypal,1,1
851,68,Senior (50-70),Male,Footwear,Winter,Connecticut,20.0,13,12,240.0,2.6,1,1,1,1.0,1,0,0,0.385390956382553,0.0672244897959183,Medium,Low,0,0,S2,Promo-Dependent Buyers,Store Pickup,Venmo,0,1
852,35,Mid-Age (35-49),Male,Footwear,Summer,Massachusetts,86.0,19,12,1032.0,2.9,1,1,1,1.0,1,0,0,0.446125650260104,0.4045867346938775,Medium,Low,1,0,S4,Promo-Habituated Spenders,Express,Debit Card,1,1
853,34,Young Adult (25-34),Male,Clothing,Spring,Florida,60.0,23,4,240.0,4.2,1,1,1,1.0,1,1,0,0.5353997599039616,0.3892448979591837,High,Low,0,0,S0,General Buyers,Next Day Air,Debit Card,1,1
854,62,Senior (50-70),Male,Accessories,Winter,Delaware,43.0,35,12,516.0,4.0,1,1,1,1.0,1,1,0,0.6320848339335734,0.364094387755102,High,Low,0,0,S0,General Buyers,Free Shipping,Cash,0,0
855,21,Teen (18-24),Male,Clothing,Spring,California,44.0,22,12,528.0,4.3,1,1,1,1.0,1,1,0,0.5764929971988796,0.3201428571428571,High,Low,0,0,S2,Promo-Dependent Buyers,Free Shipping,Venmo,0,1
856,70,Senior (50-70),Male,Clothing,Spring,Oregon,76.0,14,4,304.0,3.0,1,1,1,1.0,1,0,0,0.3842977190876351,0.3413265306122448,Medium,Low,0,0,S0,General Buyers,2-Day Shipping,Credit Card,1,1
857,55,Senior (50-70),Male,Clothing,Summer,Alaska,33.0,47,26,858.0,3.5,1,1,1,1.0,1,0,0,0.7341816726690678,0.3515688775510204,High,Low,0,1,S0,General Buyers,Express,Debit Card,1,1
858,43,Mid-Age (35-49),Male,Clothing,Fall,Missouri,60.0,50,4,240.0,3.0,1,1,1,1.0,1,0,0,0.6047058823529412,0.4549999999999999,High,Medium,0,1,S0,General Buyers,Standard,Debit Card,0,1
859,19,Teen (18-24),Male,Outerwear,Fall,Oklahoma,26.0,33,52,1352.0,3.1,1,1,1,1.0,1,0,0,0.7439183673469388,0.2255153061224489,High,Low,0,0,S0,General Buyers,Free Shipping,Paypal,0,1
860,47,Mid-Age (35-49),Male,Clothing,Winter,Wisconsin,73.0,7,12,876.0,4.0,1,1,1,1.0,1,1,0,0.460656262505002,0.3524872448979591,High,Low,0,0,S0,General Buyers,Next Day Air,Debit Card,1,1
861,26,Young Adult (25-34),Male,Footwear,Spring,South Carolina,87.0,3,12,1044.0,4.1,1,1,1,1.0,1,1,0,0.4441664665866346,0.399329081632653,Medium,Low,1,0,S4,Promo-Habituated Spenders,Standard,Cash,0,0
862,46,Mid-Age (35-49),Male,Clothing,Spring,Virginia,100.0,35,4,400.0,3.8,1,1,1,1.0,1,0,0,0.5768691476590636,0.601469387755102,High,High,1,0,S4,Promo-Habituated Spenders,2-Day Shipping,Credit Card,1,1
863,19,Teen (18-24),Male,Outerwear,Winter,Arkansas,84.0,13,26,2184.0,4.9,1,1,1,1.0,1,1,1,0.6380184073629452,0.4852244897959183,High,Medium,1,0,S4,Promo-Habituated Spenders,Standard,Paypal,0,1
864,49,Mid-Age (35-49),Male,Footwear,Summer,Vermont,41.0,42,26,1066.0,3.9,1,1,1,1.0,1,0,0,0.7355694277711085,0.3850586734693877,High,Low,0,1,S0,General Buyers,Standard,Paypal,0,1
865,51,Senior (50-70),Male,Clothing,Winter,Kentucky,59.0,5,1,59.0,3.9,1,1,1,1.0,1,0,0,0.3864897959183673,0.2750331632653061,Medium,Low,0,0,S2,Promo-Dependent Buyers,Next Day Air,Paypal,1,1
866,64,Senior (50-70),Male,Clothing,Winter,Colorado,26.0,23,1,26.0,4.8,1,1,1,1.0,1,1,1,0.5686938775510204,0.2764948979591837,High,Low,0,0,S2,Promo-Dependent Buyers,Store Pickup,Venmo,0,1
867,67,Senior (50-70),Male,Accessories,Summer,New Mexico,69.0,11,26,1794.0,2.7,1,1,1,1.0,1,0,0,0.4497735094037615,0.2773954081632653,Medium,Low,0,0,S0,General Buyers,Free Shipping,Paypal,0,1
868,37,Mid-Age (35-49),Male,Outerwear,Spring,Colorado,20.0,23,26,520.0,3.1,1,1,1,1.0,1,0,0,0.5552428971588635,0.1482448979591836,High,Low,0,0,S2,Promo-Dependent Buyers,Free Shipping,Bank Transfer,0,0
869,40,Mid-Age (35-49),Male,Clothing,Summer,North Carolina,83.0,2,4,332.0,3.2,1,1,1,1.0,1,0,0,0.3268283313325331,0.3227270408163265,Medium,Low,1,0,S4,Promo-Habituated Spenders,Next Day Air,Credit Card,1,1
870,38,Mid-Age (35-49),Male,Accessories,Spring,New Hampshire,54.0,33,52,2808.0,2.7,1,1,1,1.0,1,0,0,0.7119183673469388,0.324015306122449,High,Low,0,0,S0,General Buyers,2-Day Shipping,Paypal,1,1
871,66,Senior (50-70),Male,Clothing,Fall,West Virginia,66.0,6,26,1716.0,2.5,1,1,1,1.0,1,0,0,0.4031612645058023,0.2267602040816326,Medium,Low,0,0,S0,General Buyers,Standard,Bank Transfer,0,0
872,47,Mid-Age (35-49),Male,Accessories,Spring,Hawaii,42.0,45,4,168.0,2.6,1,1,1,1.0,1,0,0,0.542093637454982,0.3267397959183673,High,Low,0,1,S0,General Buyers,Next Day Air,Debit Card,1,1
873,56,Senior (50-70),Male,Clothing,Spring,North Dakota,33.0,25,4,132.0,2.9,1,1,1,1.0,1,0,0,0.4436446578631452,0.2033239795918367,Medium,Low,0,0,S0,General Buyers,Standard,Cash,0,0
874,51,Senior (50-70),Male,Footwear,Summer,Mississippi,77.0,24,4,308.0,4.2,1,1,1,1.0,1,1,0,0.5415222088835534,0.4687219387755101,High,Medium,0,0,S0,General Buyers,Free Shipping,Venmo,0,1
875,25,Young Adult (25-34),Male,Outerwear,Fall,Maine,65.0,10,4,260.0,4.4,1,1,1,1.0,1,1,0,0.4718079231692677,0.3567933673469388,High,Low,0,0,S0,General Buyers,Free Shipping,Venmo,0,1
876,37,Mid-Age (35-49),Male,Footwear,Summer,North Dakota,39.0,7,4,156.0,4.1,1,1,1,1.0,1,1,0,0.4294405762304921,0.2097372448979591,Medium,Low,0,0,S2,Promo-Dependent Buyers,Free Shipping,Bank Transfer,0,0
877,41,Mid-Age (35-49),Male,Accessories,Summer,Nebraska,51.0,1,52,2652.0,3.8,1,1,1,1.0,1,0,0,0.604,0.2136249999999999,High,Low,0,0,S2,Promo-Dependent Buyers,2-Day Shipping,Debit Card,1,1
878,64,Senior (50-70),Male,Accessories,Winter,Nebraska,65.0,45,4,260.0,4.9,1,1,1,1.0,1,1,1,0.726093637454982,0.5653647959183674,High,Medium,0,1,S0,General Buyers,Next Day Air,Venmo,1,1
879,23,Teen (18-24),Male,Accessories,Summer,Tennessee,89.0,37,52,4628.0,4.9,1,1,1,1.0,1,1,1,0.9124081632653062,0.6295484693877551,High,High,1,0,S4,Promo-Habituated Spenders,Express,Debit Card,1,1
880,62,Senior (50-70),Male,Clothing,Spring,Wyoming,76.0,14,4,304.0,4.1,1,1,1,1.0,1,1,0,0.472297719087635,0.4073265306122448,High,Low,0,0,S0,General Buyers,Free Shipping,Paypal,0,1
881,39,Mid-Age (35-49),Male,Accessories,Spring,Nevada,75.0,25,12,900.0,3.1,1,1,1,1.0,1,0,0,0.4988603441376551,0.3990739795918367,High,Low,0,0,S0,General Buyers,Express,Debit Card,1,1
882,52,Senior (50-70),Male,Footwear,Summer,South Carolina,61.0,18,1,61.0,2.7,1,1,1,1.0,1,0,0,0.3700816326530612,0.278109693877551,Medium,Low,0,0,S0,General Buyers,Next Day Air,Venmo,1,1
883,50,Senior (50-70),Male,Footwear,Fall,Virginia,35.0,37,4,140.0,3.8,1,1,1,1.0,1,0,0,0.5891140456182473,0.3272984693877551,High,Low,0,0,S0,General Buyers,Next Day Air,Cash,1,0
884,28,Young Adult (25-34),Male,Footwear,Fall,Pennsylvania,37.0,30,12,444.0,4.3,1,1,1,1.0,1,1,0,0.6254725890356143,0.3303341836734694,High,Low,0,0,S0,General Buyers,Free Shipping,Bank Transfer,0,0
885,67,Senior (50-70),Male,Clothing,Winter,Hawaii,91.0,34,52,4732.0,4.1,1,1,1,1.0,1,1,0,0.8300408163265306,0.5749923469387754,High,Medium,1,0,S4,Promo-Habituated Spenders,Express,Bank Transfer,1,0
886,41,Mid-Age (35-49),Male,Clothing,Fall,Ohio,99.0,49,4,396.0,4.4,1,1,1,1.0,1,1,0,0.7105834333733493,0.7045229591836735,High,High,1,1,S4,Promo-Habituated Spenders,Free Shipping,Debit Card,0,1
887,19,Teen (18-24),Male,Clothing,Summer,Utah,54.0,48,12,648.0,3.6,1,1,1,1.0,1,0,0,0.6796766706682673,0.4545459183673469,High,Medium,0,1,S0,General Buyers,Express,Bank Transfer,1,0
888,70,Senior (50-70),Male,Accessories,Winter,Minnesota,47.0,33,26,1222.0,3.3,1,1,1,1.0,1,0,0,0.6324673869547819,0.3293903061224489,High,Low,0,0,S0,General Buyers,2-Day Shipping,Paypal,1,1
889,49,Mid-Age (35-49),Male,Accessories,Spring,New Hampshire,77.0,44,1,77.0,3.8,1,1,1,1.0,1,0,0,0.617265306122449,0.5467627551020408,High,Medium,0,1,S0,General Buyers,Express,Cash,1,0
890,59,Senior (50-70),Male,Accessories,Fall,Arizona,84.0,50,52,4368.0,2.8,1,1,1,1.0,1,0,0,0.8240000000000001,0.548,High,Medium,1,1,S4,Promo-Habituated Spenders,Free Shipping,Venmo,0,1
891,52,Senior (50-70),Male,Accessories,Spring,New York,51.0,47,12,612.0,4.3,1,1,1,1.0,1,1,0,0.7295542216886756,0.4783188775510204,High,Medium,0,1,S0,General Buyers,2-Day Shipping,Credit Card,1,1
892,20,Teen (18-24),Male,Clothing,Summer,Pennsylvania,26.0,24,4,104.0,3.9,1,1,1,1.0,1,0,0,0.5175222088835534,0.2275969387755102,High,Low,0,0,S2,Promo-Dependent Buyers,Store Pickup,Paypal,0,1
893,31,Young Adult (25-34),Male,Clothing,Summer,New Mexico,64.0,43,12,768.0,2.7,1,1,1,1.0,1,0,0,0.5770644257703081,0.4187857142857143,High,Low,0,1,S0,General Buyers,Free Shipping,Debit Card,0,1
894,33,Young Adult (25-34),Male,Accessories,Spring,Nebraska,51.0,14,12,612.0,4.7,1,1,1,1.0,1,1,1,0.5595134053621449,0.3339515306122449,High,Low,0,0,S2,Promo-Dependent Buyers,Express,Venmo,1,1
895,44,Mid-Age (35-49),Male,Clothing,Spring,Wyoming,60.0,3,4,240.0,3.8,1,1,1,1.0,1,0,0,0.3809507803121248,0.2632040816326531,Medium,Low,0,0,S0,General Buyers,Free Shipping,Debit Card,0,1
896,40,Mid-Age (35-49),Male,Accessories,Spring,Mississippi,69.0,33,4,276.0,4.7,1,1,1,1.0,1,1,1,0.63662424969988,0.509640306122449,High,Medium,0,0,S0,General Buyers,Next Day Air,Debit Card,1,1
897,69,Senior (50-70),Male,Accessories,Spring,Arkansas,29.0,38,26,754.0,4.7,1,1,1,1.0,1,1,1,0.7750796318527411,0.3601505102040816,High,Low,0,1,S0,General Buyers,Express,Cash,1,0
898,29,Young Adult (25-34),Male,Clothing,Spring,Illinois,91.0,46,52,4732.0,3.4,1,1,1,1.0,1,0,0,0.8475102040816326,0.5942168367346939,High,Medium,1,1,S4,Promo-Habituated Spenders,Express,Venmo,1,1
899,54,Senior (50-70),Male,Accessories,Spring,Nevada,70.0,19,4,280.0,3.5,1,1,1,1.0,1,0,0,0.4549099639855942,0.3705867346938775,Medium,Low,0,0,S0,General Buyers,2-Day Shipping,Bank Transfer,1,0
900,65,Senior (50-70),Male,Clothing,Summer,Rhode Island,58.0,20,1,58.0,4.0,1,1,1,1.0,1,1,0,0.4863265306122449,0.353188775510204,High,Low,0,0,S2,Promo-Dependent Buyers,Standard,Paypal,0,1
901,54,Senior (50-70),Male,Accessories,Fall,West Virginia,98.0,42,4,392.0,3.3,1,1,1,1.0,1,0,0,0.5797262905162064,0.5984336734693878,High,Medium,1,1,S4,Promo-Habituated Spenders,Free Shipping,Bank Transfer,0,0
902,60,Senior (50-70),Male,Accessories,Summer,Missouri,68.0,34,12,816.0,4.7,1,1,1,1.0,1,1,1,0.6819623849539816,0.5103673469387755,High,Medium,0,0,S0,General Buyers,2-Day Shipping,Cash,1,0
903,43,Mid-Age (35-49),Male,Accessories,Summer,Kentucky,44.0,5,12,528.0,2.8,1,1,1,1.0,1,0,0,0.3524113645458183,0.1434081632653061,Medium,Low,0,0,S2,Promo-Dependent Buyers,Next Day Air,Cash,1,0
904,44,Mid-Age (35-49),Male,Outerwear,Winter,Washington,45.0,3,4,180.0,3.3,1,1,1,1.0,1,0,0,0.3409507803121248,0.167579081632653,Medium,Low,0,0,S2,Promo-Dependent Buyers,Express,Paypal,1,1
905,69,Senior (50-70),Male,Clothing,Spring,Alaska,99.0,46,4,396.0,2.9,1,1,1,1.0,1,0,0,0.5722160864345738,0.599216836734694,High,High,1,1,S4,Promo-Habituated Spenders,Free Shipping,Paypal,0,1
906,46,Mid-Age (35-49),Male,Clothing,Spring,Mississippi,68.0,16,1,68.0,2.8,1,1,1,1.0,1,0,0,0.3658367346938775,0.3045306122448979,Medium,Low,0,0,S0,General Buyers,Standard,Venmo,0,1
907,41,Mid-Age (35-49),Male,Clothing,Spring,South Carolina,56.0,21,26,1456.0,4.2,1,1,1,1.0,1,1,0,0.6309979991996799,0.3615408163265305,High,Low,0,0,S2,Promo-Dependent Buyers,Standard,Debit Card,0,1
908,32,Young Adult (25-34),Male,Clothing,Winter,Missouri,43.0,34,26,1118.0,4.4,1,1,1,1.0,1,1,0,0.7265898359343738,0.3829923469387755,High,Low,0,0,S0,General Buyers,Express,Credit Card,1,1
909,26,Young Adult (25-34),Male,Accessories,Winter,New Jersey,99.0,9,4,396.0,3.6,1,1,1,1.0,1,0,0,0.4016854741896759,0.4524413265306122,Medium,Medium,1,0,S4,Promo-Habituated Spenders,Free Shipping,Paypal,0,1
910,61,Senior (50-70),Male,Accessories,Fall,Louisiana,56.0,36,52,2912.0,2.7,1,1,1,1.0,1,0,0,0.7302857142857143,0.3480714285714286,High,Low,0,0,S0,General Buyers,Express,Paypal,1,1
911,49,Mid-Age (35-49),Male,Clothing,Spring,South Carolina,25.0,22,12,300.0,3.4,1,1,1,1.0,1,0,0,0.5044929971988795,0.1830178571428571,High,Low,0,0,S2,Promo-Dependent Buyers,Express,Credit Card,1,1
912,53,Senior (50-70),Male,Clothing,Winter,Vermont,74.0,2,4,296.0,2.8,1,1,1,1.0,1,0,0,0.294828331332533,0.2593520408163265,Low,Low,0,0,S0,General Buyers,2-Day Shipping,Bank Transfer,1,0
913,24,Teen (18-24),Male,Clothing,Winter,Arkansas,56.0,32,12,672.0,3.4,1,1,1,1.0,1,0,0,0.5657174869947978,0.3696632653061224,High,Low,0,0,S0,General Buyers,Next Day Air,Bank Transfer,1,0
914,37,Mid-Age (35-49),Male,Footwear,Fall,Utah,47.0,29,4,188.0,2.6,1,1,1,1.0,1,0,0,0.4441344537815125,0.2669821428571428,Medium,Low,0,0,S0,General Buyers,Next Day Air,Cash,1,0
915,43,Mid-Age (35-49),Male,Clothing,Summer,Washington,67.0,27,4,268.0,4.1,1,1,1,1.0,1,1,0,0.5518895558223289,0.4342780612244897,High,Medium,0,0,S0,General Buyers,Standard,Venmo,0,1
916,31,Young Adult (25-34),Male,Clothing,Winter,Rhode Island,22.0,33,26,572.0,2.9,1,1,1,1.0,1,0,0,0.600467386954782,0.1960153061224489,High,Low,0,0,S0,General Buyers,Store Pickup,Credit Card,0,1
917,49,Mid-Age (35-49),Male,Clothing,Spring,Illinois,34.0,16,12,408.0,2.7,1,1,1,1.0,1,0,0,0.4117583033213285,0.1497806122448979,Medium,Low,0,0,S2,Promo-Dependent Buyers,Standard,Venmo,0,1
918,69,Senior (50-70),Male,Clothing,Spring,Missouri,64.0,11,4,256.0,3.7,1,1,1,1.0,1,0,0,0.4219303721488596,0.3155204081632653,Medium,Low,0,0,S0,General Buyers,Standard,Bank Transfer,0,0
919,65,Senior (50-70),Male,Clothing,Spring,North Carolina,42.0,11,26,1092.0,4.3,1,1,1,1.0,1,1,0,0.5777735094037615,0.2552704081632653,High,Low,0,0,S2,Promo-Dependent Buyers,2-Day Shipping,Cash,1,0
920,41,Mid-Age (35-49),Male,Clothing,Winter,Massachusetts,82.0,17,26,2132.0,2.6,1,1,1,1.0,1,0,0,0.4785082032813125,0.3588826530612244,High,Low,1,0,S4,Promo-Habituated Spenders,2-Day Shipping,Debit Card,1,1
921,37,Mid-Age (35-49),Male,Accessories,Summer,Arkansas,81.0,37,52,4212.0,4.3,1,1,1,1.0,1,1,0,0.8644081632653061,0.558548469387755,High,Medium,1,0,S4,Promo-Habituated Spenders,Free Shipping,Cash,0,0
922,70,Senior (50-70),Male,Outerwear,Summer,South Dakota,24.0,18,52,1248.0,4.1,1,1,1,1.0,1,1,0,0.7320816326530613,0.200234693877551,High,Low,0,0,S2,Promo-Dependent Buyers,Express,Paypal,1,1
923,63,Senior (50-70),Male,Footwear,Fall,Georgia,60.0,13,12,720.0,4.2,1,1,1,1.0,1,1,0,0.513390956382553,0.3382244897959183,High,Low,0,0,S0,General Buyers,Standard,Credit Card,0,1
924,55,Senior (50-70),Male,Clothing,Spring,Arkansas,24.0,7,52,1248.0,4.2,1,1,1,1.0,1,1,0,0.672734693877551,0.1501122448979591,High,Low,0,0,S2,Promo-Dependent Buyers,2-Day Shipping,Paypal,1,1
925,52,Senior (50-70),Male,Clothing,Winter,Kansas,78.0,37,4,312.0,3.1,1,1,1,1.0,1,0,0,0.5331140456182473,0.4734234693877551,High,Medium,0,0,S0,General Buyers,Standard,Cash,0,0
926,22,Teen (18-24),Male,Clothing,Winter,Arizona,88.0,8,12,1056.0,4.9,1,1,1,1.0,1,1,1,0.5387787114845939,0.4772142857142857,High,Medium,1,0,S4,Promo-Habituated Spenders,Express,Cash,1,0
927,54,Senior (50-70),Male,Clothing,Spring,Massachusetts,63.0,11,26,1638.0,4.4,1,1,1,1.0,1,1,0,0.5857735094037615,0.3531454081632653,High,Low,0,0,S0,General Buyers,Express,Cash,1,0
928,28,Young Adult (25-34),Male,Footwear,Summer,New Mexico,78.0,8,26,2028.0,4.4,1,1,1,1.0,1,1,0,0.567406162464986,0.4034642857142857,High,Low,0,0,S0,General Buyers,Standard,Venmo,0,1
929,67,Senior (50-70),Male,Clothing,Winter,Arkansas,37.0,31,4,148.0,3.4,1,1,1,1.0,1,0,0,0.5203793517406963,0.2814362244897959,High,Low,0,0,S0,General Buyers,Store Pickup,Cash,0,0
930,59,Senior (50-70),Male,Footwear,Fall,Nebraska,94.0,26,26,2444.0,4.5,1,1,1,1.0,1,1,1,0.685610244097639,0.5713010204081632,High,Medium,1,0,S4,Promo-Habituated Spenders,2-Day Shipping,Debit Card,1,1
931,26,Young Adult (25-34),Male,Clothing,Fall,Hawaii,78.0,20,26,2028.0,4.5,1,1,1,1.0,1,1,1,0.648875550220088,0.470688775510204,High,Medium,0,0,S0,General Buyers,Store Pickup,Credit Card,0,1
932,24,Teen (18-24),Male,Outerwear,Winter,Nebraska,36.0,24,26,936.0,4.1,1,1,1,1.0,1,1,0,0.6413653461384554,0.2833469387755102,High,Low,0,0,S2,Promo-Dependent Buyers,Standard,Bank Transfer,0,0
933,62,Senior (50-70),Male,Clothing,Winter,Indiana,24.0,45,26,624.0,3.2,1,1,1,1.0,1,0,0,0.697936774709884,0.2839897959183673,High,Low,0,1,S0,General Buyers,Standard,Debit Card,0,1
934,70,Senior (50-70),Male,Footwear,Spring,Colorado,84.0,33,12,1008.0,2.7,1,1,1,1.0,1,0,0,0.5158399359743898,0.455265306122449,High,Medium,1,0,S4,Promo-Habituated Spenders,Store Pickup,Debit Card,0,1
935,45,Mid-Age (35-49),Male,Clothing,Spring,Oregon,47.0,21,12,564.0,3.7,1,1,1,1.0,1,0,0,0.5223705482192877,0.2921658163265306,High,Low,0,0,S2,Promo-Dependent Buyers,Express,Bank Transfer,1,0
936,58,Senior (50-70),Male,Clothing,Fall,Ohio,51.0,2,26,1326.0,2.6,1,1,1,1.0,1,0,0,0.386671468587435,0.1467270408163265,Medium,Low,0,0,S2,Promo-Dependent Buyers,Store Pickup,Bank Transfer,0,0
937,31,Young Adult (25-34),Male,Footwear,Summer,Maine,84.0,28,52,4368.0,2.7,1,1,1,1.0,1,0,0,0.6813061224489796,0.4297551020408163,High,Medium,1,0,S4,Promo-Habituated Spenders,Free Shipping,Cash,0,0
938,32,Young Adult (25-34),Male,Clothing,Summer,Iowa,24.0,18,4,96.0,2.7,1,1,1,1.0,1,0,0,0.3847875150060024,0.116234693877551,Medium,Low,0,0,S2,Promo-Dependent Buyers,Express,Venmo,1,1
939,36,Mid-Age (35-49),Male,Clothing,Fall,Wisconsin,97.0,21,26,2522.0,4.8,1,1,1,1.0,1,1,1,0.67899799919968,0.5769158163265306,High,Medium,1,0,S4,Promo-Habituated Spenders,Free Shipping,Debit Card,0,1
940,25,Young Adult (25-34),Male,Clothing,Winter,New York,89.0,24,12,1068.0,4.8,1,1,1,1.0,1,1,1,0.6287378951580633,0.5572219387755102,High,Medium,1,0,S4,Promo-Habituated Spenders,Next Day Air,Credit Card,1,1
941,48,Mid-Age (35-49),Male,Accessories,Spring,Colorado,44.0,15,4,176.0,2.6,1,1,1,1.0,1,0,0,0.3584201680672269,0.1824285714285714,Medium,Low,0,0,S2,Promo-Dependent Buyers,Store Pickup,Paypal,0,1
942,39,Mid-Age (35-49),Male,Accessories,Winter,Illinois,35.0,38,4,140.0,4.5,1,1,1,1.0,1,1,1,0.651236494597839,0.3744005102040816,High,Low,0,1,S0,General Buyers,2-Day Shipping,Paypal,1,1
943,26,Young Adult (25-34),Male,Clothing,Winter,Arizona,91.0,38,26,2366.0,3.2,1,1,1,1.0,1,0,0,0.6550796318527411,0.5414005102040816,High,Medium,1,1,S4,Promo-Habituated Spenders,Express,Paypal,1,1
944,32,Young Adult (25-34),Male,Accessories,Winter,Oklahoma,63.0,13,26,1638.0,3.8,1,1,1,1.0,1,0,0,0.5500184073629452,0.3273494897959184,High,Low,0,0,S0,General Buyers,Next Day Air,Venmo,1,1
945,54,Senior (50-70),Male,Accessories,Spring,Indiana,97.0,39,26,2522.0,4.8,1,1,1,1.0,1,1,1,0.789202080832333,0.6687525510204081,High,High,1,1,S4,Promo-Habituated Spenders,Express,Cash,1,0
946,38,Mid-Age (35-49),Male,Footwear,Summer,Minnesota,38.0,8,4,152.0,4.1,1,1,1,1.0,1,1,0,0.435563025210084,0.2104642857142857,Medium,Low,0,0,S2,Promo-Dependent Buyers,Store Pickup,Venmo,0,1
947,46,Mid-Age (35-49),Male,Outerwear,Spring,Pennsylvania,24.0,4,4,96.0,2.8,1,1,1,1.0,1,0,0,0.3070732292917166,0.0508061224489795,Medium,Low,0,0,S2,Promo-Dependent Buyers,Next Day Air,Paypal,1,1
948,57,Senior (50-70),Male,Clothing,Winter,Indiana,32.0,6,4,128.0,3.9,1,1,1,1.0,1,0,0,0.4073181272509003,0.1620102040816326,Medium,Low,0,0,S2,Promo-Dependent Buyers,Store Pickup,Cash,0,0
949,49,Mid-Age (35-49),Male,Accessories,Summer,Alabama,90.0,11,4,360.0,4.9,1,1,1,1.0,1,1,1,0.5179303721488596,0.5012704081632653,High,Medium,1,0,S4,Promo-Habituated Spenders,Express,Venmo,1,1
950,33,Young Adult (25-34),Male,Clothing,Summer,Montana,36.0,49,12,432.0,3.4,1,1,1,1.0,1,0,0,0.6697991196478591,0.3688979591836734,High,Low,0,1,S0,General Buyers,Standard,Venmo,0,1
951,54,Senior (50-70),Male,Accessories,Winter,New Mexico,37.0,30,4,148.0,4.1,1,1,1,1.0,1,1,0,0.5702569027611044,0.3183341836734694,High,Low,0,0,S0,General Buyers,Free Shipping,Paypal,0,1
952,47,Mid-Age (35-49),Male,Clothing,Summer,Alaska,51.0,34,12,612.0,2.9,1,1,1,1.0,1,0,0,0.5379623849539816,0.3279923469387755,High,Low,0,0,S0,General Buyers,Express,Bank Transfer,1,0
953,36,Mid-Age (35-49),Male,Accessories,Fall,Idaho,71.0,28,12,852.0,3.1,1,1,1,1.0,1,0,0,0.5172276910764306,0.3968801020408162,High,Low,0,0,S0,General Buyers,2-Day Shipping,Paypal,1,1
954,68,Senior (50-70),Male,Accessories,Spring,Utah,50.0,36,4,200.0,3.6,1,1,1,1.0,1,0,0,0.5669915966386555,0.3758214285714286,High,Low,0,0,S0,General Buyers,2-Day Shipping,Venmo,1,1
955,60,Senior (50-70),Male,Accessories,Fall,Louisiana,74.0,18,4,296.0,3.5,1,1,1,1.0,1,0,0,0.4487875150060024,0.382984693877551,Medium,Low,0,0,S0,General Buyers,Standard,Credit Card,0,1
956,55,Senior (50-70),Male,Clothing,Summer,Mississippi,75.0,4,12,900.0,3.4,1,1,1,1.0,1,0,0,0.3942889155662265,0.3099311224489796,Medium,Low,0,0,S0,General Buyers,Free Shipping,Paypal,0,1
957,29,Young Adult (25-34),Male,Clothing,Spring,Mississippi,99.0,42,4,396.0,2.9,1,1,1,1.0,1,0,0,0.5477262905162065,0.5788086734693878,High,Medium,1,1,S4,Promo-Habituated Spenders,2-Day Shipping,Debit Card,1,1
958,38,Mid-Age (35-49),Male,Accessories,Spring,Indiana,23.0,11,4,92.0,4.7,1,1,1,1.0,1,1,1,0.5019303721488596,0.1961454081632653,High,Low,0,0,S2,Promo-Dependent Buyers,Store Pickup,Cash,0,0
959,70,Senior (50-70),Male,Footwear,Winter,Washington,53.0,31,26,1378.0,4.4,1,1,1,1.0,1,1,0,0.7082224889955983,0.4114362244897959,High,Low,0,0,S0,General Buyers,Free Shipping,Credit Card,0,1
960,36,Mid-Age (35-49),Male,Clothing,Spring,Nevada,99.0,12,26,2574.0,2.6,1,1,1,1.0,1,0,0,0.4478959583833534,0.4077474489795918,Medium,Low,1,0,S4,Promo-Habituated Spenders,Standard,Cash,0,0
961,18,Teen (18-24),Male,Accessories,Spring,Louisiana,48.0,20,4,192.0,4.4,1,1,1,1.0,1,1,0,0.5330324129651861,0.333438775510204,High,Low,0,0,S2,Promo-Dependent Buyers,Standard,Venmo,0,1
962,62,Senior (50-70),Male,Footwear,Fall,Pennsylvania,72.0,37,4,288.0,3.7,1,1,1,1.0,1,0,0,0.5811140456182473,0.4831734693877551,High,Medium,0,0,S0,General Buyers,Next Day Air,Debit Card,1,1
963,29,Young Adult (25-34),Male,Accessories,Spring,Michigan,64.0,26,26,1664.0,4.4,1,1,1,1.0,1,1,0,0.677610244097639,0.4340510204081632,High,Medium,0,0,S0,General Buyers,Standard,Debit Card,0,1
964,21,Teen (18-24),Male,Footwear,Spring,South Carolina,63.0,14,52,3276.0,2.5,1,1,1,1.0,1,0,0,0.5795918367346939,0.2544515306122449,High,Low,0,0,S0,General Buyers,2-Day Shipping,Credit Card,1,1
965,42,Mid-Age (35-49),Male,Footwear,Spring,Arizona,51.0,12,26,1326.0,2.6,1,1,1,1.0,1,0,0,0.4478959583833534,0.1977474489795918,Medium,Low,0,0,S2,Promo-Dependent Buyers,Next Day Air,Venmo,1,1
966,43,Mid-Age (35-49),Male,Footwear,Spring,Delaware,55.0,10,1,55.0,5.0,1,1,1,1.0,1,1,1,0.5051020408163265,0.3490433673469387,High,Low,0,0,S2,Promo-Dependent Buyers,Store Pickup,Credit Card,0,1
967,58,Senior (50-70),Male,Clothing,Spring,Kentucky,55.0,19,1,55.0,4.9,1,1,1,1.0,1,1,1,0.5522040816326531,0.3889617346938775,High,Low,0,0,S2,Promo-Dependent Buyers,Express,Cash,1,0
968,27,Young Adult (25-34),Male,Clothing,Summer,Georgia,26.0,4,52,1352.0,3.7,1,1,1,1.0,1,0,0,0.6143673469387756,0.1135561224489796,High,Low,0,0,S2,Promo-Dependent Buyers,Store Pickup,Cash,0,0
969,57,Senior (50-70),Male,Clothing,Summer,North Carolina,67.0,48,4,268.0,3.1,1,1,1,1.0,1,0,0,0.6004609843937574,0.4814209183673469,High,Medium,0,1,S0,General Buyers,Next Day Air,Bank Transfer,1,0
970,40,Mid-Age (35-49),Male,Outerwear,Fall,California,31.0,37,12,372.0,3.2,1,1,1,1.0,1,0,0,0.5803297318927572,0.2737984693877551,High,Low,0,0,S0,General Buyers,Express,Paypal,1,1
971,45,Mid-Age (35-49),Male,Clothing,Winter,California,66.0,4,12,792.0,4.4,1,1,1,1.0,1,1,0,0.4742889155662265,0.3305561224489796,High,Low,0,0,S0,General Buyers,Free Shipping,Cash,0,0
972,47,Mid-Age (35-49),Male,Accessories,Summer,Indiana,67.0,15,52,3484.0,4.3,1,1,1,1.0,1,1,0,0.7297142857142856,0.3850535714285714,High,Low,0,0,S0,General Buyers,Next Day Air,Credit Card,1,1
973,61,Senior (50-70),Male,Footwear,Winter,Colorado,61.0,33,52,3172.0,3.0,1,1,1,1.0,1,0,0,0.7359183673469388,0.3726403061224489,High,Low,0,0,S0,General Buyers,Standard,Credit Card,0,1
974,60,Senior (50-70),Male,Outerwear,Fall,Colorado,75.0,30,4,300.0,3.5,1,1,1,1.0,1,0,0,0.5222569027611045,0.4485841836734693,High,Medium,0,0,S0,General Buyers,2-Day Shipping,Bank Transfer,1,0
975,69,Senior (50-70),Male,Clothing,Spring,North Carolina,90.0,23,12,1080.0,3.6,1,1,1,1.0,1,0,0,0.5266154461784713,0.4844948979591836,High,Medium,1,0,S4,Promo-Habituated Spenders,2-Day Shipping,Bank Transfer,1,0
976,58,Senior (50-70),Male,Clothing,Summer,Washington,40.0,2,52,2080.0,3.8,1,1,1,1.0,1,0,0,0.6101224489795919,0.1706020408163265,High,Low,0,0,S2,Promo-Dependent Buyers,2-Day Shipping,Bank Transfer,1,0
977,34,Young Adult (25-34),Male,Clothing,Fall,Florida,90.0,50,4,360.0,3.6,1,1,1,1.0,1,0,0,0.6527058823529412,0.62225,High,High,1,1,S4,Promo-Habituated Spenders,Express,Credit Card,1,1
978,20,Teen (18-24),Male,Accessories,Spring,Washington,20.0,34,26,520.0,4.6,1,1,1,1.0,1,1,1,0.7425898359343737,0.2943673469387755,High,Low,0,0,S0,General Buyers,Express,Cash,1,0
979,56,Senior (50-70),Male,Accessories,Summer,Colorado,40.0,33,52,2080.0,2.5,1,1,1,1.0,1,0,0,0.6959183673469388,0.2507653061224489,High,Low,0,0,S0,General Buyers,Standard,Credit Card,0,1
980,64,Senior (50-70),Male,Accessories,Fall,New Hampshire,33.0,34,12,396.0,3.5,1,1,1,1.0,1,0,0,0.5859623849539817,0.2852423469387755,High,Low,0,0,S0,General Buyers,Store Pickup,Debit Card,0,1
981,56,Senior (50-70),Male,Footwear,Spring,Maryland,98.0,39,4,392.0,4.0,1,1,1,1.0,1,1,0,0.6173589435774309,0.6251275510204081,High,High,1,1,S4,Promo-Habituated Spenders,Free Shipping,Paypal,0,1
982,27,Young Adult (25-34),Male,Accessories,Spring,Maryland,42.0,47,4,168.0,3.5,1,1,1,1.0,1,0,0,0.6263385354141657,0.3909438775510204,High,Low,0,1,S0,General Buyers,Next Day Air,Credit Card,1,1
983,35,Mid-Age (35-49),Male,Outerwear,Summer,Texas,62.0,37,12,744.0,3.2,1,1,1,1.0,1,0,0,0.5803297318927572,0.4094234693877551,High,Low,0,0,S0,General Buyers,Standard,Paypal,0,1
984,24,Teen (18-24),Male,Accessories,Winter,New Mexico,45.0,40,26,1170.0,3.5,1,1,1,1.0,1,0,0,0.6913245298119248,0.3683545918367347,High,Low,0,1,S0,General Buyers,Free Shipping,Venmo,0,1
985,26,Young Adult (25-34),Male,Footwear,Summer,Utah,78.0,8,26,2028.0,3.4,1,1,1,1.0,1,0,0,0.487406162464986,0.3434642857142856,High,Low,0,0,S0,General Buyers,Free Shipping,Credit Card,0,1
986,32,Young Adult (25-34),Male,Accessories,Fall,West Virginia,80.0,12,1,80.0,5.0,1,1,1,1.0,1,1,1,0.5173469387755103,0.4686224489795918,High,Medium,0,0,S0,General Buyers,Express,Bank Transfer,1,0
987,54,Senior (50-70),Male,Accessories,Spring,Connecticut,96.0,36,12,1152.0,4.5,1,1,1,1.0,1,1,1,0.6782072829131653,0.6310714285714285,High,High,1,0,S4,Promo-Habituated Spenders,Store Pickup,Bank Transfer,0,0
988,62,Senior (50-70),Male,Accessories,Summer,West Virginia,47.0,48,52,2444.0,2.8,1,1,1,1.0,1,0,0,0.8117551020408162,0.3759209183673468,High,Low,0,1,S0,General Buyers,Express,Paypal,1,1
989,50,Senior (50-70),Male,Clothing,Winter,Ohio,84.0,47,26,2184.0,4.9,1,1,1,1.0,1,1,1,0.8461816726690677,0.6586938775510204,High,High,1,1,S4,Promo-Habituated Spenders,2-Day Shipping,Paypal,1,1
990,70,Senior (50-70),Male,Footwear,Spring,Texas,31.0,2,12,372.0,3.1,1,1,1,1.0,1,0,0,0.3580440176070428,0.0892270408163265,Medium,Low,0,0,S2,Promo-Dependent Buyers,Store Pickup,Bank Transfer,0,0
991,48,Mid-Age (35-49),Male,Accessories,Spring,Washington,63.0,24,52,3276.0,4.8,1,1,1,1.0,1,1,1,0.8248163265306123,0.4434719387755101,High,Medium,0,0,S0,General Buyers,Store Pickup,Cash,0,0
992,20,Teen (18-24),Male,Clothing,Spring,Wisconsin,97.0,40,26,2522.0,2.7,1,1,1,1.0,1,0,0,0.6273245298119248,0.5478545918367347,High,Medium,1,1,S4,Promo-Habituated Spenders,Standard,Bank Transfer,0,0
993,46,Mid-Age (35-49),Male,Outerwear,Winter,Louisiana,99.0,50,52,5148.0,4.6,1,1,1,1.0,1,1,1,0.968,0.7216250000000001,High,High,1,1,S4,Promo-Habituated Spenders,Express,Debit Card,1,1
994,51,Senior (50-70),Male,Footwear,Winter,Iowa,90.0,25,52,4680.0,4.4,1,1,1,1.0,1,1,0,0.7989387755102041,0.5426989795918367,High,Medium,1,0,S4,Promo-Habituated Spenders,Store Pickup,Cash,0,0
995,53,Senior (50-70),Male,Footwear,Fall,New York,68.0,20,12,816.0,3.2,1,1,1,1.0,1,0,0,0.4762480992396959,0.3489387755102041,High,Low,0,0,S0,General Buyers,Express,Debit Card,1,1
996,44,Mid-Age (35-49),Male,Accessories,Spring,Idaho,80.0,10,52,4160.0,3.0,1,1,1,1.0,1,0,0,0.5951020408163266,0.3384183673469387,High,Low,0,0,S0,General Buyers,2-Day Shipping,Venmo,1,1
997,29,Young Adult (25-34),Male,Footwear,Summer,Delaware,91.0,32,4,364.0,4.9,1,1,1,1.0,1,1,1,0.6465018007202882,0.6127882653061225,High,High,1,0,S4,Promo-Habituated Spenders,Standard,Bank Transfer,0,0
998,64,Senior (50-70),Male,Clothing,Spring,Kentucky,30.0,31,26,780.0,3.6,1,1,1,1.0,1,0,0,0.6442224889955983,0.2628112244897959,High,Low,0,0,S0,General Buyers,Express,Cash,1,0
999,51,Senior (50-70),Male,Footwear,Spring,Connecticut,90.0,48,26,2340.0,3.8,1,1,1,1.0,1,0,0,0.7643041216486594,0.6240459183673469,High,High,1,1,S4,Promo-Habituated Spenders,Next Day Air,Bank Transfer,1,0
1000,50,Senior (50-70),Male,Clothing,Spring,New Mexico,28.0,23,12,336.0,2.9,1,1,1,1.0,1,0,0,0.4706154461784713,0.1712448979591836,High,Low,0,0,S2,Promo-Dependent Buyers,Standard,Debit Card,0,1
1001,43,Mid-Age (35-49),Male,Clothing,Winter,Georgia,46.0,1,26,1196.0,3.9,1,1,1,1.0,1,0,0,0.4845490196078431,0.1977499999999999,High,Low,0,0,S2,Promo-Dependent Buyers,Express,Bank Transfer,1,0
1002,61,Senior (50-70),Male,Clothing,Fall,Washington,60.0,4,26,1560.0,3.6,1,1,1,1.0,1,0,0,0.4789163665466187,0.2563061224489795,High,Low,0,0,S0,General Buyers,Standard,Debit Card,0,1
1003,55,Senior (50-70),Male,Footwear,Spring,North Dakota,59.0,3,26,1534.0,3.5,1,1,1,1.0,1,0,0,0.4647939175670268,0.240829081632653,High,Low,0,0,S2,Promo-Dependent Buyers,Store Pickup,Bank Transfer,0,0
1004,56,Senior (50-70),Male,Accessories,Fall,Ohio,68.0,3,26,1768.0,4.0,1,1,1,1.0,1,1,0,0.5047939175670269,0.310204081632653,High,Low,0,0,S0,General Buyers,Store Pickup,Cash,0,0
1005,33,Young Adult (25-34),Male,Accessories,Summer,Tennessee,79.0,44,1,79.0,4.8,1,1,1,1.0,1,1,1,0.697265306122449,0.6155127551020408,High,High,0,1,S0,General Buyers,2-Day Shipping,Cash,1,0
1006,43,Mid-Age (35-49),Male,Accessories,Winter,New York,94.0,5,26,2444.0,3.9,1,1,1,1.0,1,0,0,0.5090388155262104,0.4281581632653061,High,Medium,1,0,S4,Promo-Habituated Spenders,Store Pickup,Debit Card,0,1
1007,21,Teen (18-24),Male,Clothing,Summer,Michigan,83.0,50,4,332.0,4.5,1,1,1,1.0,1,1,1,0.7247058823529412,0.645625,High,High,1,1,S4,Promo-Habituated Spenders,Next Day Air,Venmo,1,1
1008,58,Senior (50-70),Male,Accessories,Spring,Georgia,62.0,2,1,62.0,4.8,1,1,1,1.0,1,1,1,0.4401224489795918,0.3268520408163265,Medium,Low,0,0,S0,General Buyers,Standard,Credit Card,0,1
1009,41,Mid-Age (35-49),Male,Accessories,Spring,New Mexico,85.0,29,1,85.0,2.6,1,1,1,1.0,1,0,0,0.4294285714285714,0.4332321428571428,Medium,Medium,1,0,S4,Promo-Habituated Spenders,Store Pickup,Paypal,0,1
1010,39,Mid-Age (35-49),Male,Clothing,Summer,Louisiana,30.0,11,1,30.0,3.1,1,1,1,1.0,1,0,0,0.3592244897959183,0.1307704081632653,Medium,Low,0,0,S2,Promo-Dependent Buyers,Express,Venmo,1,1
1011,54,Senior (50-70),Male,Clothing,Spring,South Dakota,24.0,37,26,624.0,4.7,1,1,1,1.0,1,1,1,0.7689571828731493,0.3331734693877551,High,Low,0,0,S0,General Buyers,2-Day Shipping,Credit Card,1,1
1012,43,Mid-Age (35-49),Male,Accessories,Spring,Montana,25.0,32,26,650.0,2.9,1,1,1,1.0,1,0,0,0.5943449379751901,0.2040382653061224,High,Low,0,0,S0,General Buyers,Next Day Air,Debit Card,1,1
1013,28,Young Adult (25-34),Male,Footwear,Summer,New Mexico,37.0,27,1,37.0,3.8,1,1,1,1.0,1,0,0,0.5131836734693878,0.2850280612244897,High,Low,0,0,S0,General Buyers,Express,Credit Card,1,1
1014,59,Senior (50-70),Male,Accessories,Summer,South Carolina,69.0,31,26,1794.0,3.8,1,1,1,1.0,1,0,0,0.6602224889955982,0.4454362244897959,High,Medium,0,0,S0,General Buyers,2-Day Shipping,Venmo,1,1
1015,28,Young Adult (25-34),Male,Footwear,Summer,Ohio,97.0,36,26,2522.0,3.0,1,1,1,1.0,1,0,0,0.6268347338935575,0.5454464285714286,High,Medium,1,0,S4,Promo-Habituated Spenders,Standard,Debit Card,0,1
1016,68,Senior (50-70),Male,Accessories,Summer,North Carolina,24.0,34,52,1248.0,4.1,1,1,1,1.0,1,1,0,0.8300408163265306,0.2818673469387754,High,Low,0,0,S0,General Buyers,Standard,Cash,0,0
1017,20,Teen (18-24),Male,Accessories,Summer,Idaho,30.0,15,4,120.0,3.4,1,1,1,1.0,1,0,0,0.4224201680672269,0.1691785714285714,Medium,Low,0,0,S2,Promo-Dependent Buyers,Express,Bank Transfer,1,0
1018,21,Teen (18-24),Male,Outerwear,Fall,Oklahoma,53.0,14,1,53.0,2.5,1,1,1,1.0,1,0,0,0.3295918367346939,0.2107015306122449,Medium,Low,0,0,S2,Promo-Dependent Buyers,Express,Credit Card,1,1
1019,50,Senior (50-70),Male,Clothing,Spring,Georgia,70.0,46,52,3640.0,4.9,1,1,1,1.0,1,1,1,0.9675102040816328,0.5923418367346939,High,Medium,0,1,S0,General Buyers,Next Day Air,Cash,1,0
1020,32,Young Adult (25-34),Male,Clothing,Winter,Kentucky,76.0,33,26,1976.0,2.8,1,1,1,1.0,1,0,0,0.592467386954782,0.4262653061224489,High,Low,0,0,S0,General Buyers,Standard,Venmo,0,1
1021,24,Teen (18-24),Male,Accessories,Fall,Delaware,95.0,41,1,95.0,4.5,1,1,1,1.0,1,1,1,0.6548979591836734,0.6522066326530612,High,High,1,1,S4,Promo-Habituated Spenders,Express,Debit Card,1,1
1022,55,Senior (50-70),Male,Outerwear,Winter,Massachusetts,51.0,39,52,2652.0,4.9,1,1,1,1.0,1,1,1,0.92465306122449,0.4735025510204081,High,Medium,0,1,S0,General Buyers,2-Day Shipping,Paypal,1,1
1023,61,Senior (50-70),Male,Accessories,Winter,Nebraska,41.0,7,1,41.0,4.9,1,1,1,1.0,1,1,1,0.4787346938775511,0.2664872448979591,High,Low,0,0,S2,Promo-Dependent Buyers,Store Pickup,Cash,0,0
1024,61,Senior (50-70),Male,Accessories,Winter,Maine,71.0,29,4,284.0,3.5,1,1,1,1.0,1,0,0,0.5161344537815126,0.4259821428571428,High,Low,0,0,S0,General Buyers,Free Shipping,Bank Transfer,0,0
1025,28,Young Adult (25-34),Male,Clothing,Summer,Pennsylvania,66.0,18,4,264.0,3.5,1,1,1,1.0,1,0,0,0.4487875150060024,0.347984693877551,Medium,Low,0,0,S0,General Buyers,Free Shipping,Venmo,0,1
1026,60,Senior (50-70),Male,Clothing,Winter,Nebraska,84.0,15,1,84.0,4.9,1,1,1,1.0,1,1,1,0.5277142857142858,0.4954285714285714,High,Medium,1,0,S4,Promo-Habituated Spenders,Free Shipping,Credit Card,0,1
1027,49,Mid-Age (35-49),Male,Accessories,Winter,Virginia,95.0,39,26,2470.0,3.0,1,1,1,1.0,1,0,0,0.645202080832333,0.5520025510204082,High,Medium,1,1,S4,Promo-Habituated Spenders,Express,Paypal,1,1
1028,33,Young Adult (25-34),Male,Accessories,Summer,Ohio,90.0,11,12,1080.0,2.8,1,1,1,1.0,1,0,0,0.3891460584233693,0.3752704081632653,Medium,Low,1,0,S4,Promo-Habituated Spenders,Next Day Air,Cash,1,0
1029,45,Mid-Age (35-49),Male,Clothing,Summer,Nebraska,36.0,4,26,936.0,3.7,1,1,1,1.0,1,0,0,0.4869163665466187,0.1573061224489796,High,Low,0,0,S2,Promo-Dependent Buyers,Standard,Cash,0,0
1030,29,Young Adult (25-34),Male,Accessories,Spring,Ohio,22.0,33,26,572.0,3.6,1,1,1,1.0,1,0,0,0.6564673869547819,0.2380153061224489,High,Low,0,0,S0,General Buyers,2-Day Shipping,Venmo,1,1
1031,58,Senior (50-70),Male,Outerwear,Winter,Kentucky,89.0,37,4,356.0,3.3,1,1,1,1.0,1,0,0,0.5491140456182473,0.5335484693877551,High,Medium,1,0,S4,Promo-Habituated Spenders,Next Day Air,Debit Card,1,1
1032,22,Teen (18-24),Male,Footwear,Spring,Tennessee,50.0,32,4,200.0,3.4,1,1,1,1.0,1,0,0,0.5265018007202881,0.3434132653061224,High,Low,0,0,S0,General Buyers,Free Shipping,Cash,0,0
1033,55,Senior (50-70),Male,Footwear,Fall,Maine,36.0,44,4,144.0,4.0,1,1,1,1.0,1,1,0,0.6479711884753901,0.3793877551020408,High,Low,0,1,S0,General Buyers,Free Shipping,Credit Card,0,1
1034,19,Teen (18-24),Male,Clothing,Spring,Montana,52.0,41,4,208.0,4.6,1,1,1,1.0,1,1,1,0.6776038415366146,0.4700816326530612,High,Medium,0,1,S0,General Buyers,Free Shipping,Bank Transfer,0,0
1035,68,Senior (50-70),Male,Clothing,Fall,Maryland,29.0,44,52,1508.0,4.2,1,1,1,1.0,1,1,0,0.899265306122449,0.3607627551020408,High,Low,0,1,S0,General Buyers,Next Day Air,Bank Transfer,1,0
1036,61,Senior (50-70),Male,Clothing,Fall,Georgia,89.0,32,1,89.0,2.8,1,1,1,1.0,1,0,0,0.4637959183673469,0.4780382653061225,High,Medium,1,0,S4,Promo-Habituated Spenders,Express,Venmo,1,1
1037,68,Senior (50-70),Male,Accessories,Fall,Hawaii,47.0,13,12,564.0,3.7,1,1,1,1.0,1,0,0,0.4733909563825531,0.2513494897959183,High,Low,0,0,S2,Promo-Dependent Buyers,2-Day Shipping,Bank Transfer,1,0
1038,52,Senior (50-70),Male,Accessories,Spring,Rhode Island,25.0,48,4,100.0,3.4,1,1,1,1.0,1,0,0,0.6244609843937573,0.3156709183673469,High,Low,0,1,S0,General Buyers,Standard,Debit Card,0,1
1039,41,Mid-Age (35-49),Male,Clothing,Fall,Nebraska,74.0,3,52,3848.0,3.0,1,1,1,1.0,1,0,0,0.5522448979591836,0.276454081632653,High,Low,0,0,S0,General Buyers,Express,Bank Transfer,1,0
1040,29,Young Adult (25-34),Male,Accessories,Fall,Michigan,46.0,39,12,552.0,4.8,1,1,1,1.0,1,1,1,0.7205746298519409,0.4456275510204082,High,Medium,0,1,S0,General Buyers,Standard,Venmo,0,1
1041,68,Senior (50-70),Male,Clothing,Fall,North Carolina,22.0,7,26,572.0,4.0,1,1,1,1.0,1,1,0,0.5292837134853942,0.1293622448979591,High,Low,0,0,S2,Promo-Dependent Buyers,Next Day Air,Cash,1,0
1042,36,Mid-Age (35-49),Male,Clothing,Summer,Minnesota,25.0,11,26,650.0,4.9,1,1,1,1.0,1,1,1,0.6257735094037615,0.2168954081632653,High,Low,0,0,S2,Promo-Dependent Buyers,Next Day Air,Cash,1,0
1043,55,Senior (50-70),Male,Accessories,Spring,Maryland,80.0,47,52,4160.0,4.9,1,1,1,1.0,1,1,1,0.9736326530612246,0.6411938775510204,High,High,0,1,S0,General Buyers,Next Day Air,Credit Card,1,1
1044,28,Young Adult (25-34),Male,Clothing,Spring,Hawaii,76.0,28,26,1976.0,3.3,1,1,1,1.0,1,0,0,0.6018551420568227,0.4307551020408163,High,Medium,0,0,S0,General Buyers,2-Day Shipping,Debit Card,1,1
1045,39,Mid-Age (35-49),Male,Clothing,Summer,Oregon,30.0,17,4,120.0,4.4,1,1,1,1.0,1,1,0,0.5146650660264106,0.2393826530612245,High,Low,0,0,S2,Promo-Dependent Buyers,Next Day Air,Bank Transfer,1,0
1046,54,Senior (50-70),Male,Clothing,Fall,New Mexico,79.0,11,26,2054.0,3.5,1,1,1,1.0,1,0,0,0.5137735094037615,0.3691454081632653,High,Low,0,0,S0,General Buyers,2-Day Shipping,Paypal,1,1
1047,40,Mid-Age (35-49),Male,Footwear,Winter,Illinois,22.0,12,1,22.0,4.2,1,1,1,1.0,1,1,0,0.4533469387755102,0.1668724489795918,Medium,Low,0,0,S2,Promo-Dependent Buyers,Standard,Venmo,0,1
1048,31,Young Adult (25-34),Male,Clothing,Fall,Utah,36.0,7,26,936.0,4.2,1,1,1,1.0,1,1,0,0.5452837134853942,0.2026122448979591,High,Low,0,0,S2,Promo-Dependent Buyers,Standard,Credit Card,0,1
1049,30,Young Adult (25-34),Male,Clothing,Fall,Maine,77.0,19,26,2002.0,2.7,1,1,1,1.0,1,0,0,0.4987531012404962,0.3532117346938775,High,Low,0,0,S0,General Buyers,Standard,Venmo,0,1
1050,45,Mid-Age (35-49),Male,Accessories,Fall,Virginia,33.0,24,4,132.0,2.8,1,1,1,1.0,1,0,0,0.4295222088835534,0.1922219387755102,Medium,Low,0,0,S2,Promo-Dependent Buyers,Store Pickup,Cash,0,0
1051,48,Mid-Age (35-49),Male,Footwear,Winter,Florida,64.0,19,12,768.0,3.8,1,1,1,1.0,1,0,0,0.518125650260104,0.3623367346938775,High,Low,0,0,S0,General Buyers,Next Day Air,Venmo,1,1
1052,45,Mid-Age (35-49),Male,Clothing,Fall,Ohio,53.0,39,1,53.0,2.6,1,1,1,1.0,1,0,0,0.4906530612244898,0.3442525510204081,High,Low,0,1,S0,General Buyers,Free Shipping,Paypal,0,1
1053,60,Senior (50-70),Male,Footwear,Fall,Virginia,36.0,1,26,936.0,3.0,1,1,1,1.0,1,0,0,0.4125490196078432,0.0999999999999999,Medium,Low,0,0,S2,Promo-Dependent Buyers,2-Day Shipping,Credit Card,1,1
1054,59,Senior (50-70),Male,Clothing,Spring,Kansas,70.0,10,26,1820.0,3.3,0,1,1,1.0,1,0,0,0.2416510604241696,0.3126683673469387,Low,Low,0,0,S0,General Buyers,2-Day Shipping,Debit Card,1,1
1055,18,Teen (18-24),Male,Clothing,Winter,Arkansas,96.0,48,4,384.0,4.9,0,1,1,1.0,1,1,1,0.4944609843937575,0.7162959183673469,High,High,1,1,S4,Promo-Habituated Spenders,Express,Paypal,1,1
1056,70,Senior (50-70),Male,Outerwear,Spring,Massachusetts,27.0,24,1,27.0,3.3,0,1,1,1.0,1,0,0,0.2048163265306122,0.1959719387755102,Low,Low,0,0,S2,Promo-Dependent Buyers,Next Day Air,Debit Card,1,1
1057,20,Teen (18-24),Male,Clothing,Winter,Idaho,64.0,42,26,1664.0,2.9,0,1,1,1.0,1,0,0,0.4055694277711084,0.4256836734693878,Medium,Low,0,1,S0,General Buyers,2-Day Shipping,Venmo,1,1
1058,65,Senior (50-70),Male,Outerwear,Spring,Wisconsin,23.0,20,52,1196.0,4.4,0,1,1,1.0,1,1,0,0.5183265306122449,0.2240637755102041,High,Low,0,0,S2,Promo-Dependent Buyers,2-Day Shipping,Credit Card,1,1
1059,29,Young Adult (25-34),Male,Accessories,Summer,New Mexico,33.0,49,4,132.0,3.1,0,1,1,1.0,1,0,0,0.3565834333733493,0.3377729591836734,Medium,Low,0,1,S0,General Buyers,Next Day Air,Bank Transfer,1,0
1060,22,Teen (18-24),Male,Outerwear,Winter,North Carolina,34.0,25,12,408.0,2.5,0,1,1,1.0,1,0,0,0.200860344137655,0.1836989795918367,Low,Low,0,0,S0,General Buyers,Standard,Debit Card,0,1
1061,27,Young Adult (25-34),Male,Clothing,Summer,Iowa,35.0,21,4,140.0,2.6,0,1,1,1.0,1,0,0,0.1451548619447779,0.1736658163265306,Low,Low,0,0,S2,Promo-Dependent Buyers,Next Day Air,Debit Card,1,1
1062,36,Mid-Age (35-49),Male,Outerwear,Summer,Idaho,62.0,12,4,248.0,4.4,0,1,1,1.0,1,1,0,0.2340528211284514,0.3538724489795918,Low,Low,0,0,S0,General Buyers,Free Shipping,Venmo,0,1
1063,59,Senior (50-70),Male,Footwear,Fall,Ohio,75.0,21,4,300.0,2.6,0,1,1,1.0,1,0,0,0.1451548619447779,0.3486658163265306,Low,Low,0,0,S0,General Buyers,Next Day Air,Debit Card,1,1
1064,62,Senior (50-70),Male,Clothing,Summer,Alabama,29.0,35,12,348.0,3.3,0,1,1,1.0,1,0,0,0.3260848339335734,0.260844387755102,Medium,Low,0,0,S0,General Buyers,Free Shipping,Cash,0,0
1065,34,Young Adult (25-34),Male,Accessories,Spring,Wyoming,28.0,42,4,112.0,3.5,0,1,1,1.0,1,0,0,0.3457262905162065,0.3041836734693878,Medium,Low,0,1,S0,General Buyers,Express,Credit Card,1,1
1066,59,Senior (50-70),Male,Clothing,Spring,Alabama,20.0,3,4,80.0,4.1,0,1,1,1.0,1,1,0,0.1549507803121248,0.106204081632653,Low,Low,0,0,S2,Promo-Dependent Buyers,Store Pickup,Paypal,0,1
1067,49,Mid-Age (35-49),Male,Outerwear,Winter,Mississippi,96.0,11,26,2496.0,4.0,0,1,1,1.0,1,1,0,0.3037735094037614,0.4735204081632652,Medium,Medium,1,0,S4,Promo-Habituated Spenders,Store Pickup,Paypal,0,1
1068,18,Teen (18-24),Male,Clothing,Summer,Pennsylvania,43.0,22,4,172.0,2.7,0,1,1,1.0,1,0,0,0.1592773109243697,0.2197678571428571,Low,Low,0,0,S2,Promo-Dependent Buyers,2-Day Shipping,Paypal,1,1
1069,55,Senior (50-70),Male,Clothing,Fall,Wyoming,94.0,47,52,4888.0,2.5,0,1,1,1.0,1,0,0,0.5316326530612245,0.5584438775510204,High,Medium,1,1,S4,Promo-Habituated Spenders,Standard,Credit Card,0,1
1070,38,Mid-Age (35-49),Male,Clothing,Fall,Maryland,81.0,33,4,324.0,4.3,0,1,1,1.0,1,1,0,0.3546242496998799,0.5381403061224489,Medium,Medium,1,0,S4,Promo-Habituated Spenders,Next Day Air,Venmo,1,1
1071,50,Senior (50-70),Male,Accessories,Summer,North Carolina,75.0,50,52,3900.0,3.3,0,1,1,1.0,1,0,0,0.614,0.538625,High,Medium,0,1,S0,General Buyers,Free Shipping,Debit Card,0,1
1072,61,Senior (50-70),Male,Accessories,Summer,Pennsylvania,81.0,46,12,972.0,2.6,0,1,1,1.0,1,0,0,0.3374317727090836,0.5024668367346938,Medium,Medium,1,1,S4,Promo-Habituated Spenders,Express,Credit Card,1,1
1073,48,Mid-Age (35-49),Male,Clothing,Fall,Idaho,92.0,34,26,2392.0,3.8,0,1,1,1.0,1,0,0,0.4285898359343737,0.5613673469387754,Medium,Medium,1,0,S4,Promo-Habituated Spenders,Express,Debit Card,1,1
1074,22,Teen (18-24),Male,Accessories,Spring,California,96.0,33,12,1152.0,4.0,0,1,1,1.0,1,1,0,0.3698399359743897,0.5857653061224489,Medium,Medium,1,0,S4,Promo-Habituated Spenders,Store Pickup,Credit Card,0,1
1075,48,Mid-Age (35-49),Male,Accessories,Fall,Tennessee,71.0,45,26,1846.0,2.6,0,1,1,1.0,1,0,0,0.399936774709884,0.4536147959183673,Medium,Medium,0,1,S0,General Buyers,Standard,Bank Transfer,0,0
1076,57,Senior (50-70),Male,Accessories,Summer,Missouri,50.0,32,26,1300.0,4.9,0,1,1,1.0,1,1,1,0.5043449379751901,0.4334132653061224,High,Medium,0,0,S0,General Buyers,Next Day Air,Debit Card,1,1
1077,33,Young Adult (25-34),Male,Outerwear,Spring,North Dakota,72.0,47,26,1872.0,2.9,0,1,1,1.0,1,0,0,0.4361816726690676,0.4861938775510204,Medium,Medium,0,1,S0,General Buyers,Standard,Venmo,0,1
1078,58,Senior (50-70),Male,Outerwear,Winter,West Virginia,28.0,5,4,112.0,3.7,0,1,1,1.0,1,0,0,0.1351956782713085,0.1274081632653061,Low,Low,0,0,S2,Promo-Dependent Buyers,Standard,Paypal,0,1
1079,37,Mid-Age (35-49),Male,Clothing,Fall,Arizona,59.0,49,26,1534.0,4.4,0,1,1,1.0,1,1,0,0.5684265706282513,0.5295229591836734,High,Medium,0,1,S0,General Buyers,Express,Credit Card,1,1
1080,18,Teen (18-24),Male,Outerwear,Summer,Oklahoma,33.0,48,12,396.0,4.4,0,1,1,1.0,1,1,0,0.4936766706682672,0.4106709183673469,High,Low,0,1,S0,General Buyers,Free Shipping,Bank Transfer,0,0
1081,65,Senior (50-70),Male,Accessories,Fall,Pennsylvania,59.0,22,4,236.0,3.8,0,1,1,1.0,1,0,0,0.2472773109243697,0.3557678571428571,Low,Low,0,0,S2,Promo-Dependent Buyers,Express,Cash,1,0
1082,62,Senior (50-70),Male,Accessories,Spring,Idaho,30.0,45,1,30.0,4.5,0,1,1,1.0,1,1,1,0.4293877551020408,0.3882397959183673,Medium,Low,0,1,S0,General Buyers,Standard,Credit Card,0,1
1083,54,Senior (50-70),Male,Accessories,Winter,South Carolina,85.0,30,4,340.0,2.6,0,1,1,1.0,1,0,0,0.2002569027611044,0.4383341836734694,Low,Medium,1,0,S4,Promo-Habituated Spenders,Next Day Air,Venmo,1,1
1084,35,Mid-Age (35-49),Male,Accessories,Summer,Washington,97.0,43,52,5044.0,3.3,0,1,1,1.0,1,0,0,0.5711428571428571,0.5991607142857143,High,High,1,1,S4,Promo-Habituated Spenders,Store Pickup,Cash,0,0
1085,34,Young Adult (25-34),Male,Clothing,Fall,Arkansas,36.0,48,4,144.0,4.1,0,1,1,1.0,1,1,0,0.4304609843937574,0.4057959183673469,Medium,Low,0,1,S0,General Buyers,Next Day Air,Cash,1,0
1086,25,Young Adult (25-34),Male,Accessories,Winter,Utah,85.0,23,26,2210.0,3.0,0,1,1,1.0,1,0,0,0.2972428971588635,0.4266198979591836,Low,Low,1,0,S4,Promo-Habituated Spenders,Store Pickup,Venmo,0,1
1087,53,Senior (50-70),Male,Accessories,Winter,Alaska,62.0,27,26,1612.0,3.0,0,1,1,1.0,1,0,0,0.3217326930772308,0.3464030612244898,Medium,Low,0,0,S0,General Buyers,Free Shipping,Paypal,0,1
1088,45,Mid-Age (35-49),Male,Clothing,Winter,West Virginia,71.0,7,12,852.0,3.4,0,1,1,1.0,1,0,0,0.1626562625050019,0.3077372448979591,Low,Low,0,0,S0,General Buyers,Next Day Air,Bank Transfer,1,0
1089,49,Mid-Age (35-49),Male,Clothing,Winter,Louisiana,21.0,2,52,1092.0,2.7,0,1,1,1.0,1,0,0,0.2721224489795918,0.0214770408163265,Low,Low,0,0,S2,Promo-Dependent Buyers,Free Shipping,Paypal,0,1
1090,40,Mid-Age (35-49),Male,Accessories,Spring,Arizona,61.0,33,26,1586.0,3.8,0,1,1,1.0,1,0,0,0.4224673869547818,0.4206403061224489,Medium,Low,0,0,S0,General Buyers,Next Day Air,Paypal,1,1
1091,38,Mid-Age (35-49),Male,Accessories,Spring,Connecticut,58.0,27,26,1508.0,4.2,0,1,1,1.0,1,1,0,0.4177326930772309,0.4009030612244898,Medium,Low,0,0,S0,General Buyers,Store Pickup,Cash,0,0
1092,44,Mid-Age (35-49),Male,Clothing,Spring,North Carolina,80.0,6,26,2080.0,4.7,0,1,1,1.0,1,1,1,0.3291612645058023,0.4200102040816326,Medium,Low,0,0,S0,General Buyers,Store Pickup,Credit Card,0,1
1093,68,Senior (50-70),Male,Accessories,Spring,South Dakota,50.0,20,4,200.0,4.1,0,1,1,1.0,1,1,0,0.259032412965186,0.324188775510204,Low,Low,0,0,S2,Promo-Dependent Buyers,2-Day Shipping,Venmo,1,1
1094,60,Senior (50-70),Male,Footwear,Winter,Delaware,48.0,46,4,192.0,4.2,0,1,1,1.0,1,1,0,0.4262160864345738,0.4540918367346939,Medium,Medium,0,1,S0,General Buyers,2-Day Shipping,Venmo,1,1
1095,25,Young Adult (25-34),Male,Accessories,Winter,Connecticut,40.0,25,4,160.0,4.8,0,1,1,1.0,1,1,1,0.3456446578631452,0.3479489795918367,Medium,Low,0,0,S0,General Buyers,Next Day Air,Cash,1,0
1096,19,Teen (18-24),Male,Outerwear,Summer,Tennessee,34.0,30,4,136.0,3.0,0,1,1,1.0,1,0,0,0.2322569027611044,0.2392091836734693,Low,Low,0,0,S0,General Buyers,Free Shipping,Bank Transfer,0,0
1097,57,Senior (50-70),Male,Outerwear,Fall,New Hampshire,46.0,48,1,46.0,2.6,0,1,1,1.0,1,0,0,0.2957551020408163,0.3595459183673469,Low,Low,0,1,S0,General Buyers,Standard,Credit Card,0,1
1098,58,Senior (50-70),Male,Accessories,Summer,Vermont,27.0,47,52,1404.0,3.2,0,1,1,1.0,1,0,0,0.5876326530612246,0.3073188775510204,High,Low,0,1,S0,General Buyers,Store Pickup,Bank Transfer,0,0
1099,49,Mid-Age (35-49),Male,Accessories,Spring,Idaho,98.0,27,52,5096.0,3.6,0,1,1,1.0,1,0,0,0.4971836734693878,0.5399030612244897,High,Medium,1,0,S4,Promo-Habituated Spenders,Next Day Air,Credit Card,1,1
1100,19,Teen (18-24),Male,Clothing,Fall,North Carolina,73.0,45,26,1898.0,2.6,0,1,1,1.0,1,0,0,0.399936774709884,0.4623647959183673,Medium,Medium,0,1,S0,General Buyers,Next Day Air,Bank Transfer,1,0
1101,50,Senior (50-70),Male,Clothing,Spring,Nevada,28.0,2,52,1456.0,4.4,0,1,1,1.0,1,1,0,0.4081224489795919,0.1541020408163265,Medium,Low,0,0,S2,Promo-Dependent Buyers,Express,Credit Card,1,1
1102,30,Young Adult (25-34),Male,Accessories,Fall,Delaware,76.0,39,26,1976.0,3.0,0,1,1,1.0,1,0,0,0.3952020808323329,0.4688775510204082,Medium,Medium,0,1,S0,General Buyers,Free Shipping,Cash,0,0
1103,52,Senior (50-70),Male,Clothing,Fall,Texas,83.0,24,26,2158.0,2.9,0,1,1,1.0,1,0,0,0.2953653461384553,0.4169719387755102,Low,Low,1,0,S4,Promo-Habituated Spenders,Express,Cash,1,0
1104,35,Mid-Age (35-49),Male,Clothing,Spring,Tennessee,23.0,8,26,598.0,4.3,0,1,1,1.0,1,1,0,0.309406162464986,0.1568392857142857,Medium,Low,0,0,S2,Promo-Dependent Buyers,Free Shipping,Debit Card,0,1
1105,35,Mid-Age (35-49),Male,Accessories,Fall,Delaware,28.0,8,4,112.0,3.1,0,1,1,1.0,1,0,0,0.105563025210084,0.1067142857142857,Low,Low,0,0,S2,Promo-Dependent Buyers,Express,Bank Transfer,1,0
1106,33,Young Adult (25-34),Male,Clothing,Spring,Massachusetts,83.0,6,4,332.0,3.0,0,1,1,1.0,1,0,0,0.0853181272509003,0.3311352040816326,Low,Low,1,0,S4,Promo-Habituated Spenders,Next Day Air,Venmo,1,1
1107,52,Senior (50-70),Male,Clothing,Winter,Minnesota,96.0,12,26,2496.0,3.6,0,1,1,1.0,1,0,0,0.2778959583833533,0.4546224489795918,Low,Medium,1,0,S4,Promo-Habituated Spenders,Store Pickup,Venmo,0,1
1108,69,Senior (50-70),Male,Footwear,Fall,Texas,62.0,26,52,3224.0,2.8,0,1,1,1.0,1,0,0,0.4270612244897959,0.3293010204081632,Medium,Low,0,0,S0,General Buyers,Store Pickup,Bank Transfer,0,0
1109,27,Young Adult (25-34),Male,Clothing,Fall,Nebraska,25.0,50,26,650.0,2.8,0,1,1,1.0,1,0,0,0.4465490196078431,0.289875,Medium,Low,0,1,S0,General Buyers,Standard,Cash,0,0
1110,66,Senior (50-70),Male,Clothing,Winter,Oklahoma,97.0,2,52,5044.0,3.8,0,1,1,1.0,1,0,0,0.3601224489795918,0.4199770408163265,Medium,Low,1,0,S4,Promo-Habituated Spenders,Next Day Air,Venmo,1,1
1111,28,Young Adult (25-34),Male,Clothing,Fall,Texas,61.0,31,26,1586.0,3.0,0,1,1,1.0,1,0,0,0.3462224889955982,0.3624362244897959,Medium,Low,0,0,S0,General Buyers,Standard,Cash,0,0
1112,22,Teen (18-24),Male,Footwear,Summer,New York,66.0,4,26,1716.0,4.1,0,1,1,1.0,1,1,0,0.2689163665466186,0.3125561224489795,Low,Low,0,0,S0,General Buyers,Next Day Air,Credit Card,1,1
1113,69,Senior (50-70),Male,Clothing,Spring,Washington,67.0,32,4,268.0,4.6,0,1,1,1.0,1,1,1,0.3725018007202881,0.4897882653061224,Medium,Medium,0,0,S0,General Buyers,Free Shipping,Paypal,0,1
1114,28,Young Adult (25-34),Male,Accessories,Summer,Maryland,80.0,11,26,2080.0,4.8,0,1,1,1.0,1,1,1,0.3677735094037615,0.4515204081632652,Medium,Medium,0,0,S0,General Buyers,Next Day Air,Paypal,1,1
1115,55,Senior (50-70),Male,Clothing,Fall,New Hampshire,25.0,47,4,100.0,2.6,0,1,1,1.0,1,0,0,0.3043385354141656,0.2625688775510204,Medium,Low,0,1,S0,General Buyers,Next Day Air,Bank Transfer,1,0
1116,30,Young Adult (25-34),Male,Accessories,Fall,New York,58.0,37,52,3016.0,4.0,0,1,1,1.0,1,1,0,0.5904081632653061,0.439923469387755,High,Medium,0,0,S0,General Buyers,2-Day Shipping,Cash,1,0
1117,67,Senior (50-70),Male,Accessories,Winter,Hawaii,96.0,39,26,2496.0,4.2,0,1,1,1.0,1,1,0,0.4912020808323329,0.628377551020408,High,High,1,1,S4,Promo-Habituated Spenders,Express,Paypal,1,1
1118,25,Young Adult (25-34),Male,Accessories,Spring,California,77.0,24,12,924.0,4.5,0,1,1,1.0,1,1,1,0.3547378951580632,0.4867219387755102,Medium,Medium,0,0,S0,General Buyers,Store Pickup,Credit Card,0,1
1119,49,Mid-Age (35-49),Male,Accessories,Summer,Indiana,65.0,11,4,260.0,4.9,0,1,1,1.0,1,1,1,0.2679303721488596,0.3918954081632653,Low,Low,0,0,S0,General Buyers,Standard,Paypal,0,1
1120,34,Young Adult (25-34),Male,Accessories,Spring,Louisiana,36.0,36,52,1872.0,3.1,0,1,1,1.0,1,0,0,0.5122857142857143,0.2845714285714286,High,Low,0,0,S0,General Buyers,Standard,Credit Card,0,1
1121,22,Teen (18-24),Male,Footwear,Winter,Pennsylvania,84.0,40,12,1008.0,4.0,0,1,1,1.0,1,1,0,0.4126970788315326,0.5689795918367346,Medium,Medium,1,1,S4,Promo-Habituated Spenders,Next Day Air,Debit Card,1,1
1122,63,Senior (50-70),Male,Clothing,Fall,Florida,58.0,25,4,232.0,3.2,0,1,1,1.0,1,0,0,0.2176446578631452,0.3306989795918367,Low,Low,0,0,S0,General Buyers,Express,Cash,1,0
1123,70,Senior (50-70),Male,Accessories,Spring,North Carolina,62.0,12,1,62.0,4.3,0,1,1,1.0,1,1,0,0.2113469387755102,0.3478724489795918,Low,Low,0,0,S0,General Buyers,2-Day Shipping,Credit Card,1,1
1124,36,Mid-Age (35-49),Male,Accessories,Fall,Massachusetts,67.0,38,12,804.0,2.5,0,1,1,1.0,1,0,0,0.2804521808723489,0.3944005102040816,Low,Low,0,1,S0,General Buyers,Store Pickup,Cash,0,0
1125,42,Mid-Age (35-49),Male,Clothing,Spring,Iowa,20.0,40,4,80.0,3.8,0,1,1,1.0,1,0,0,0.3574813925570227,0.2769795918367347,Medium,Low,0,1,S0,General Buyers,Express,Cash,1,0
1126,27,Young Adult (25-34),Male,Footwear,Summer,North Dakota,90.0,10,52,4680.0,2.7,0,1,1,1.0,1,0,0,0.3211020408163265,0.3641683673469387,Medium,Low,1,0,S4,Promo-Habituated Spenders,2-Day Shipping,Bank Transfer,1,0
1127,23,Teen (18-24),Male,Accessories,Winter,Iowa,58.0,47,26,1508.0,3.4,0,1,1,1.0,1,0,0,0.4761816726690676,0.4549438775510204,High,Medium,0,1,S0,General Buyers,Standard,Venmo,0,1
1128,50,Senior (50-70),Male,Clothing,Spring,Delaware,53.0,22,12,636.0,4.8,0,1,1,1.0,1,1,1,0.3664929971988795,0.3895178571428571,Medium,Low,0,0,S2,Promo-Dependent Buyers,Store Pickup,Debit Card,0,1
1129,56,Senior (50-70),Male,Accessories,Winter,New York,30.0,35,12,360.0,4.7,0,1,1,1.0,1,1,1,0.4380848339335734,0.349219387755102,Medium,Low,0,0,S0,General Buyers,Next Day Air,Debit Card,1,1
1130,37,Mid-Age (35-49),Male,Clothing,Winter,New Hampshire,65.0,46,26,1690.0,4.7,0,1,1,1.0,1,1,1,0.5740592236894758,0.5584668367346939,High,Medium,0,1,S0,General Buyers,Express,Venmo,1,1
1131,67,Senior (50-70),Male,Accessories,Summer,Kentucky,41.0,30,26,1066.0,3.9,0,1,1,1.0,1,0,0,0.4121000400160063,0.3238341836734694,Medium,Low,0,0,S0,General Buyers,Standard,Paypal,0,1
1132,67,Senior (50-70),Male,Clothing,Spring,Illinois,73.0,20,12,876.0,3.7,0,1,1,1.0,1,0,0,0.2662480992396959,0.4008137755102041,Low,Low,0,0,S0,General Buyers,Express,Bank Transfer,1,0
1133,50,Senior (50-70),Male,Clothing,Spring,North Carolina,98.0,25,26,2548.0,4.3,0,1,1,1.0,1,1,0,0.4134877951180472,0.5716989795918367,Medium,Medium,1,0,S4,Promo-Habituated Spenders,Store Pickup,Cash,0,0
1134,36,Mid-Age (35-49),Male,Footwear,Winter,Connecticut,36.0,29,52,1872.0,4.1,0,1,1,1.0,1,1,0,0.5494285714285714,0.3088571428571428,High,Low,0,0,S0,General Buyers,2-Day Shipping,Cash,1,0
1135,62,Senior (50-70),Male,Clothing,Summer,Wisconsin,81.0,2,4,324.0,3.8,0,1,1,1.0,1,0,0,0.1248283313325329,0.3499770408163265,Low,Low,1,0,S4,Promo-Habituated Spenders,Express,Venmo,1,1
1136,65,Senior (50-70),Male,Clothing,Winter,Massachusetts,90.0,32,4,360.0,3.6,0,1,1,1.0,1,0,0,0.2925018007202881,0.5304132653061224,Low,Medium,1,0,S4,Promo-Habituated Spenders,2-Day Shipping,Bank Transfer,1,0
1137,23,Teen (18-24),Male,Accessories,Summer,Illinois,83.0,37,12,996.0,4.8,0,1,1,1.0,1,1,1,0.4583297318927571,0.5972984693877551,High,Medium,1,0,S4,Promo-Habituated Spenders,Free Shipping,Cash,0,0
1138,46,Mid-Age (35-49),Male,Clothing,Winter,New Mexico,91.0,16,4,364.0,2.8,0,1,1,1.0,1,0,0,0.1305426170468187,0.4051556122448979,Low,Low,1,0,S4,Promo-Habituated Spenders,2-Day Shipping,Bank Transfer,1,0
1139,18,Teen (18-24),Male,Clothing,Summer,Iowa,36.0,32,26,936.0,4.7,0,1,1,1.0,1,1,1,0.4883449379751901,0.3601632653061224,High,Low,0,0,S0,General Buyers,Express,Venmo,1,1
1140,58,Senior (50-70),Male,Outerwear,Spring,Alabama,53.0,42,26,1378.0,3.9,0,1,1,1.0,1,0,0,0.4855694277711084,0.4375586734693877,High,Medium,0,1,S0,General Buyers,Standard,Debit Card,0,1
1141,31,Young Adult (25-34),Male,Clothing,Winter,Maryland,39.0,6,4,156.0,2.6,0,1,1,1.0,1,0,0,0.0533181272509003,0.1146352040816326,Low,Low,0,0,S2,Promo-Dependent Buyers,Store Pickup,Credit Card,0,1
1142,39,Mid-Age (35-49),Male,Accessories,Winter,Ohio,33.0,23,26,858.0,4.7,0,1,1,1.0,1,1,1,0.4332428971588636,0.3011198979591837,Medium,Low,0,0,S2,Promo-Dependent Buyers,Next Day Air,Paypal,1,1
1143,69,Senior (50-70),Male,Clothing,Spring,Ohio,76.0,27,26,1976.0,3.5,0,1,1,1.0,1,0,0,0.3617326930772309,0.4376530612244897,Medium,Medium,0,0,S0,General Buyers,Store Pickup,Venmo,0,1
1144,68,Senior (50-70),Male,Footwear,Winter,Nevada,23.0,43,4,92.0,4.4,0,1,1,1.0,1,1,0,0.4238487394957983,0.3414107142857143,Medium,Low,0,1,S0,General Buyers,Standard,Paypal,0,1
1145,41,Mid-Age (35-49),Male,Clothing,Fall,South Carolina,54.0,25,26,1404.0,4.4,0,1,1,1.0,1,1,0,0.4214877951180472,0.3851989795918367,Medium,Low,0,0,S0,General Buyers,2-Day Shipping,Bank Transfer,1,0
1146,31,Young Adult (25-34),Male,Footwear,Summer,Nevada,89.0,30,4,356.0,3.0,0,1,1,1.0,1,0,0,0.2322569027611044,0.4798341836734694,Low,Medium,1,0,S4,Promo-Habituated Spenders,Express,Cash,1,0
1147,48,Mid-Age (35-49),Male,Footwear,Summer,Wisconsin,38.0,7,4,152.0,4.2,0,1,1,1.0,1,1,0,0.1874405762304922,0.2113622448979591,Low,Low,0,0,S2,Promo-Dependent Buyers,Standard,Bank Transfer,0,0
1148,59,Senior (50-70),Male,Accessories,Winter,Tennessee,36.0,17,1,36.0,4.3,0,1,1,1.0,1,1,0,0.2419591836734693,0.2596326530612244,Low,Low,0,0,S2,Promo-Dependent Buyers,Next Day Air,Debit Card,1,1
1149,34,Young Adult (25-34),Male,Clothing,Spring,Florida,66.0,10,26,1716.0,2.6,0,1,1,1.0,1,0,0,0.1856510604241696,0.2531683673469387,Low,Low,0,0,S0,General Buyers,Store Pickup,Paypal,0,1
1150,21,Teen (18-24),Male,Accessories,Spring,Georgia,42.0,40,1,42.0,3.3,0,1,1,1.0,1,0,0,0.3027755102040816,0.3432295918367347,Low,Low,0,1,S0,General Buyers,Store Pickup,Venmo,0,1
1151,29,Young Adult (25-34),Male,Accessories,Winter,Kentucky,36.0,50,26,936.0,2.7,0,1,1,1.0,1,0,0,0.4385490196078431,0.332,Medium,Low,0,1,S0,General Buyers,Next Day Air,Venmo,1,1
1152,41,Mid-Age (35-49),Male,Clothing,Spring,Ohio,86.0,24,52,4472.0,3.8,0,1,1,1.0,1,0,0,0.4948163265306122,0.4840969387755102,High,Medium,1,0,S4,Promo-Habituated Spenders,Express,Credit Card,1,1
1153,62,Senior (50-70),Male,Accessories,Fall,Connecticut,49.0,8,4,196.0,4.0,0,1,1,1.0,1,1,0,0.177563025210084,0.2525892857142857,Low,Low,0,0,S2,Promo-Dependent Buyers,Standard,Paypal,0,1
1154,27,Young Adult (25-34),Male,Clothing,Summer,Idaho,41.0,6,4,164.0,4.0,0,1,1,1.0,1,1,0,0.1653181272509003,0.2073852040816326,Low,Low,0,0,S2,Promo-Dependent Buyers,Free Shipping,Bank Transfer,0,0
1155,49,Mid-Age (35-49),Male,Clothing,Spring,Georgia,82.0,44,26,2132.0,2.9,0,1,1,1.0,1,0,0,0.4178143257302921,0.5146377551020408,Medium,Medium,1,1,S4,Promo-Habituated Spenders,2-Day Shipping,Credit Card,1,1
1156,67,Senior (50-70),Male,Clothing,Fall,Tennessee,53.0,47,4,212.0,2.6,0,1,1,1.0,1,0,0,0.3043385354141656,0.3850688775510203,Medium,Low,0,1,S0,General Buyers,Express,Paypal,1,1
1157,20,Teen (18-24),Male,Footwear,Summer,Hawaii,21.0,6,4,84.0,4.8,0,1,1,1.0,1,1,1,0.2293181272509003,0.1678852040816326,Low,Low,0,0,S2,Promo-Dependent Buyers,Express,Venmo,1,1
1158,37,Mid-Age (35-49),Male,Accessories,Fall,Maryland,66.0,11,4,264.0,4.4,0,1,1,1.0,1,1,0,0.2279303721488595,0.3662704081632653,Low,Low,0,0,S0,General Buyers,Standard,Cash,0,0
1159,69,Senior (50-70),Male,Accessories,Summer,Nevada,89.0,41,1,89.0,4.0,0,1,1,1.0,1,1,0,0.3648979591836734,0.5959566326530612,Medium,Medium,1,1,S4,Promo-Habituated Spenders,2-Day Shipping,Bank Transfer,1,0
1160,66,Senior (50-70),Male,Accessories,Fall,New Hampshire,55.0,46,4,220.0,3.6,0,1,1,1.0,1,0,0,0.3782160864345738,0.4487168367346938,Medium,Medium,0,1,S0,General Buyers,2-Day Shipping,Venmo,1,1
1161,37,Mid-Age (35-49),Male,Accessories,Summer,North Dakota,42.0,9,26,1092.0,3.2,0,1,1,1.0,1,0,0,0.2275286114445778,0.1790663265306122,Low,Low,0,0,S2,Promo-Dependent Buyers,Next Day Air,Venmo,1,1
1162,63,Senior (50-70),Male,Clothing,Fall,Oklahoma,52.0,37,12,624.0,3.1,0,1,1,1.0,1,0,0,0.3223297318927571,0.3596734693877551,Medium,Low,0,0,S0,General Buyers,2-Day Shipping,Paypal,1,1
1163,47,Mid-Age (35-49),Male,Footwear,Winter,North Carolina,92.0,13,52,4784.0,4.2,0,1,1,1.0,1,1,0,0.459469387755102,0.4782244897959183,High,Medium,1,0,S4,Promo-Habituated Spenders,Express,Paypal,1,1
1164,26,Young Adult (25-34),Male,Clothing,Summer,Tennessee,56.0,24,12,672.0,3.0,0,1,1,1.0,1,0,0,0.2347378951580632,0.3048469387755101,Low,Low,0,0,S2,Promo-Dependent Buyers,2-Day Shipping,Debit Card,1,1
1165,68,Senior (50-70),Male,Clothing,Winter,Montana,96.0,47,4,384.0,4.2,0,1,1,1.0,1,1,0,0.4323385354141656,0.6691938775510203,Medium,High,1,1,S4,Promo-Habituated Spenders,Standard,Paypal,0,1
1166,51,Senior (50-70),Male,Clothing,Winter,Wisconsin,64.0,21,4,256.0,2.9,0,1,1,1.0,1,0,0,0.1691548619447779,0.3185408163265306,Low,Low,0,0,S0,General Buyers,Next Day Air,Venmo,1,1
1167,48,Mid-Age (35-49),Male,Clothing,Winter,Connecticut,48.0,22,26,1248.0,3.7,0,1,1,1.0,1,0,0,0.3471204481792717,0.3016428571428571,Medium,Low,0,0,S2,Promo-Dependent Buyers,Store Pickup,Venmo,0,1
1168,60,Senior (50-70),Male,Clothing,Summer,New Jersey,83.0,16,4,332.0,3.6,0,1,1,1.0,1,0,0,0.1945426170468187,0.4181556122448979,Low,Low,1,0,S4,Promo-Habituated Spenders,Free Shipping,Paypal,0,1
1169,68,Senior (50-70),Male,Accessories,Summer,Mississippi,91.0,37,26,2366.0,3.6,0,1,1,1.0,1,0,0,0.4309571828731492,0.5602984693877551,Medium,Medium,1,0,S4,Promo-Habituated Spenders,Standard,Debit Card,0,1
1170,25,Young Adult (25-34),Male,Accessories,Fall,Wyoming,94.0,3,1,94.0,4.5,0,1,1,1.0,1,1,1,0.1722448979591837,0.453954081632653,Low,Medium,1,0,S4,Promo-Habituated Spenders,2-Day Shipping,Cash,1,0
1171,57,Senior (50-70),Male,Clothing,Spring,Illinois,62.0,33,26,1612.0,3.2,0,1,1,1.0,1,0,0,0.3744673869547819,0.3890153061224489,Medium,Low,0,0,S0,General Buyers,Express,Cash,1,0
1172,41,Mid-Age (35-49),Male,Clothing,Spring,Louisiana,55.0,15,1,55.0,3.9,0,1,1,1.0,1,0,0,0.1977142857142856,0.3085535714285714,Low,Low,0,0,S2,Promo-Dependent Buyers,Next Day Air,Debit Card,1,1
1173,59,Senior (50-70),Male,Outerwear,Spring,Oregon,68.0,42,26,1768.0,4.6,0,1,1,1.0,1,1,1,0.5415694277711085,0.5451836734693878,High,Medium,0,1,S0,General Buyers,Store Pickup,Bank Transfer,0,0
1174,44,Mid-Age (35-49),Male,Accessories,Winter,South Dakota,76.0,42,26,1976.0,2.5,0,1,1,1.0,1,0,0,0.3735694277711084,0.4541836734693877,Medium,Medium,0,1,S0,General Buyers,Express,Cash,1,0
1175,42,Mid-Age (35-49),Male,Accessories,Winter,Michigan,31.0,19,26,806.0,4.3,0,1,1,1.0,1,1,0,0.3767531012404962,0.2479617346938775,Medium,Low,0,0,S2,Promo-Dependent Buyers,Express,Bank Transfer,1,0
1176,35,Mid-Age (35-49),Male,Accessories,Spring,New Jersey,81.0,26,4,324.0,4.1,0,1,1,1.0,1,1,0,0.2957671068427371,0.4904260204081632,Low,Medium,1,0,S4,Promo-Habituated Spenders,Store Pickup,Paypal,0,1
1177,36,Mid-Age (35-49),Male,Clothing,Winter,Oregon,83.0,39,4,332.0,3.8,0,1,1,1.0,1,0,0,0.3513589435774309,0.5475025510204081,Medium,Medium,1,1,S4,Promo-Habituated Spenders,Free Shipping,Paypal,0,1
1178,54,Senior (50-70),Male,Clothing,Spring,Iowa,21.0,24,12,252.0,4.8,0,1,1,1.0,1,1,1,0.3787378951580632,0.2597219387755102,Medium,Low,0,0,S2,Promo-Dependent Buyers,Standard,Debit Card,0,1
1179,37,Mid-Age (35-49),Male,Clothing,Spring,South Carolina,22.0,23,1,22.0,4.9,0,1,1,1.0,1,1,1,0.3266938775510205,0.2649948979591837,Medium,Low,0,0,S2,Promo-Dependent Buyers,Express,Debit Card,1,1
1180,20,Teen (18-24),Male,Clothing,Summer,Indiana,33.0,44,1,33.0,2.8,0,1,1,1.0,1,0,0,0.2872653061224489,0.2942627551020408,Low,Low,0,1,S0,General Buyers,Free Shipping,Bank Transfer,0,0
1181,23,Teen (18-24),Male,Clothing,Spring,Oregon,23.0,34,12,276.0,4.9,0,1,1,1.0,1,1,1,0.4479623849539816,0.3254923469387755,Medium,Low,0,0,S0,General Buyers,Standard,Cash,0,0
1182,61,Senior (50-70),Male,Clothing,Summer,New York,96.0,43,4,384.0,3.5,0,1,1,1.0,1,0,0,0.3518487394957983,0.6067857142857143,Medium,High,1,1,S4,Promo-Habituated Spenders,Free Shipping,Bank Transfer,0,0
1183,37,Mid-Age (35-49),Male,Accessories,Spring,New Mexico,21.0,45,4,84.0,3.8,0,1,1,1.0,1,0,0,0.388093637454982,0.3068647959183673,Medium,Low,0,1,S0,General Buyers,Express,Paypal,1,1
1184,23,Teen (18-24),Male,Clothing,Spring,Louisiana,39.0,4,52,2028.0,4.5,0,1,1,1.0,1,1,1,0.4283673469387755,0.2184311224489795,Medium,Low,0,0,S2,Promo-Dependent Buyers,2-Day Shipping,Credit Card,1,1
1185,63,Senior (50-70),Male,Accessories,Fall,South Carolina,73.0,19,1,73.0,3.4,0,1,1,1.0,1,0,0,0.182204081632653,0.3777117346938775,Low,Low,0,0,S0,General Buyers,Express,Credit Card,1,1
1186,47,Mid-Age (35-49),Male,Clothing,Spring,Maine,64.0,29,12,768.0,3.9,0,1,1,1.0,1,0,0,0.3373501400560224,0.4193571428571429,Medium,Low,0,0,S0,General Buyers,Standard,Credit Card,0,1
1187,63,Senior (50-70),Male,Clothing,Summer,Indiana,68.0,27,1,68.0,4.1,0,1,1,1.0,1,1,0,0.2871836734693877,0.4386530612244897,Low,Medium,0,0,S0,General Buyers,2-Day Shipping,Credit Card,1,1
1188,56,Senior (50-70),Male,Accessories,Fall,Iowa,89.0,37,4,356.0,3.0,0,1,1,1.0,1,0,0,0.2751140456182473,0.5155484693877551,Low,Medium,1,0,S4,Promo-Habituated Spenders,Express,Credit Card,1,1
1189,68,Senior (50-70),Male,Clothing,Summer,Mississippi,29.0,11,52,1508.0,3.3,0,1,1,1.0,1,0,0,0.3752244897959184,0.1383954081632653,Medium,Low,0,0,S2,Promo-Dependent Buyers,Next Day Air,Credit Card,1,1
1190,64,Senior (50-70),Male,Clothing,Summer,Arkansas,97.0,28,1,97.0,3.8,0,1,1,1.0,1,0,0,0.2693061224489795,0.5526301020408163,Low,Medium,1,0,S4,Promo-Habituated Spenders,Free Shipping,Debit Card,0,1
1191,62,Senior (50-70),Male,Clothing,Winter,South Carolina,45.0,31,52,2340.0,4.3,0,1,1,1.0,1,1,0,0.5776734693877551,0.3704362244897959,High,Low,0,0,S0,General Buyers,Next Day Air,Credit Card,1,1
1192,34,Young Adult (25-34),Male,Clothing,Winter,Indiana,70.0,50,4,280.0,4.1,0,1,1,1.0,1,1,0,0.4427058823529411,0.56475,Medium,Medium,0,1,S0,General Buyers,Free Shipping,Venmo,0,1
1193,49,Mid-Age (35-49),Male,Outerwear,Summer,Florida,56.0,42,4,224.0,4.0,0,1,1,1.0,1,1,0,0.3857262905162065,0.4566836734693877,Medium,Medium,0,1,S0,General Buyers,2-Day Shipping,Venmo,1,1
1194,40,Mid-Age (35-49),Male,Outerwear,Fall,Alaska,55.0,18,26,1430.0,5.0,0,1,1,1.0,1,1,1,0.4266306522609043,0.389859693877551,Medium,Low,0,0,S2,Promo-Dependent Buyers,2-Day Shipping,Credit Card,1,1
1195,50,Senior (50-70),Male,Clothing,Winter,New York,46.0,6,26,1196.0,3.1,0,1,1,1.0,1,0,0,0.2011612645058023,0.1752602040816326,Low,Low,0,0,S2,Promo-Dependent Buyers,2-Day Shipping,Credit Card,1,1
1196,25,Young Adult (25-34),Male,Accessories,Winter,Texas,95.0,33,12,1140.0,4.0,0,1,1,1.0,1,1,0,0.3698399359743897,0.5813903061224489,Medium,Medium,1,0,S4,Promo-Habituated Spenders,2-Day Shipping,Venmo,1,1
1197,30,Young Adult (25-34),Male,Accessories,Winter,North Dakota,88.0,13,26,2288.0,3.2,0,1,1,1.0,1,0,0,0.2520184073629452,0.4007244897959183,Low,Low,1,0,S4,Promo-Habituated Spenders,2-Day Shipping,Bank Transfer,1,0
1198,54,Senior (50-70),Male,Footwear,Fall,Vermont,92.0,26,1,92.0,3.9,0,1,1,1.0,1,0,0,0.2650612244897959,0.5265510204081633,Low,Medium,1,0,S4,Promo-Habituated Spenders,Standard,Paypal,0,1
1199,40,Mid-Age (35-49),Male,Clothing,Summer,New Jersey,49.0,17,1,49.0,3.9,0,1,1,1.0,1,0,0,0.2099591836734693,0.2925076530612245,Low,Low,0,0,S2,Promo-Dependent Buyers,2-Day Shipping,Cash,1,0
1200,49,Mid-Age (35-49),Male,Footwear,Fall,Maryland,89.0,3,52,4628.0,4.5,0,1,1,1.0,1,1,1,0.4222448979591837,0.4320790816326531,Medium,Medium,1,0,S4,Promo-Habituated Spenders,Free Shipping,Debit Card,0,1
1201,27,Young Adult (25-34),Male,Outerwear,Winter,Connecticut,22.0,7,52,1144.0,4.4,0,1,1,1.0,1,1,0,0.438734693877551,0.1533622448979592,Medium,Low,0,0,S2,Promo-Dependent Buyers,Store Pickup,Paypal,0,1
1202,27,Young Adult (25-34),Male,Footwear,Summer,Illinois,61.0,46,26,1586.0,3.1,0,1,1,1.0,1,0,0,0.4460592236894758,0.4449668367346938,Medium,Medium,0,1,S0,General Buyers,2-Day Shipping,Venmo,1,1
1203,48,Mid-Age (35-49),Male,Accessories,Spring,Maryland,29.0,14,4,116.0,2.9,0,1,1,1.0,1,0,0,0.126297719087635,0.1297015306122449,Low,Low,0,0,S2,Promo-Dependent Buyers,Standard,Venmo,0,1
1204,40,Mid-Age (35-49),Male,Footwear,Winter,Minnesota,82.0,23,1,82.0,3.7,0,1,1,1.0,1,0,0,0.2306938775510204,0.4554948979591837,Low,Medium,1,0,S4,Promo-Habituated Spenders,Free Shipping,Bank Transfer,0,0
1205,67,Senior (50-70),Male,Accessories,Spring,Florida,94.0,20,4,376.0,3.2,0,1,1,1.0,1,0,0,0.187032412965186,0.462688775510204,Low,Medium,1,0,S4,Promo-Habituated Spenders,2-Day Shipping,Credit Card,1,1
1206,52,Senior (50-70),Male,Accessories,Spring,California,99.0,38,26,2574.0,3.5,0,1,1,1.0,1,0,0,0.429079631852741,0.5944005102040817,Medium,Medium,1,1,S4,Promo-Habituated Spenders,Standard,Bank Transfer,0,0
1207,22,Teen (18-24),Male,Accessories,Fall,Mississippi,59.0,16,4,236.0,3.0,0,1,1,1.0,1,0,0,0.1465426170468187,0.2771556122448979,Low,Low,0,0,S2,Promo-Dependent Buyers,Free Shipping,Venmo,0,1
1208,62,Senior (50-70),Male,Footwear,Summer,Washington,90.0,48,4,360.0,4.1,0,1,1,1.0,1,1,0,0.4304609843937574,0.6420459183673469,Medium,High,1,1,S4,Promo-Habituated Spenders,Next Day Air,Credit Card,1,1
1209,20,Teen (18-24),Male,Footwear,Winter,Wisconsin,100.0,8,1,100.0,3.8,0,1,1,1.0,1,0,0,0.1468571428571428,0.4637142857142856,Low,Medium,1,0,S4,Promo-Habituated Spenders,2-Day Shipping,Debit Card,1,1
1210,41,Mid-Age (35-49),Male,Clothing,Winter,Pennsylvania,62.0,16,12,744.0,3.8,0,1,1,1.0,1,0,0,0.2497583033213285,0.3382806122448979,Low,Low,0,0,S0,General Buyers,Next Day Air,Bank Transfer,1,0
1211,34,Young Adult (25-34),Male,Accessories,Fall,Missouri,78.0,5,4,312.0,4.1,0,1,1,1.0,1,1,0,0.1671956782713085,0.3701581632653061,Low,Low,0,0,S0,General Buyers,Next Day Air,Cash,1,0
1212,23,Teen (18-24),Male,Clothing,Spring,Oklahoma,94.0,14,4,376.0,4.6,0,1,1,1.0,1,1,1,0.262297719087635,0.5160765306122449,Low,Medium,1,0,S4,Promo-Habituated Spenders,Store Pickup,Venmo,0,1
1213,32,Young Adult (25-34),Male,Footwear,Summer,Pennsylvania,74.0,18,52,3848.0,2.5,0,1,1,1.0,1,0,0,0.3540816326530612,0.322984693877551,Medium,Low,0,0,S0,General Buyers,Free Shipping,Credit Card,0,1
1214,68,Senior (50-70),Male,Accessories,Spring,Kentucky,52.0,14,4,208.0,3.7,0,1,1,1.0,1,0,0,0.1902977190876351,0.2783265306122449,Low,Low,0,0,S2,Promo-Dependent Buyers,Express,Debit Card,1,1
1215,30,Young Adult (25-34),Male,Outerwear,Fall,Vermont,81.0,5,4,324.0,3.8,0,1,1,1.0,1,0,0,0.1431956782713085,0.3652831632653061,Low,Low,1,0,S4,Promo-Habituated Spenders,Free Shipping,Cash,0,0
1216,66,Senior (50-70),Male,Clothing,Winter,Oregon,20.0,15,4,80.0,2.6,0,1,1,1.0,1,0,0,0.1084201680672268,0.0774285714285714,Low,Low,0,0,S2,Promo-Dependent Buyers,2-Day Shipping,Credit Card,1,1
1217,62,Senior (50-70),Male,Clothing,Summer,Utah,32.0,3,4,128.0,3.7,0,1,1,1.0,1,0,0,0.1229507803121248,0.134704081632653,Low,Low,0,0,S2,Promo-Dependent Buyers,Free Shipping,Venmo,0,1
1218,50,Senior (50-70),Male,Footwear,Fall,Nebraska,63.0,12,4,252.0,2.6,0,1,1,1.0,1,0,0,0.0900528211284514,0.2502474489795918,Low,Low,0,0,S0,General Buyers,Free Shipping,Cash,0,0
1219,55,Senior (50-70),Male,Footwear,Spring,Pennsylvania,79.0,43,4,316.0,3.1,0,1,1,1.0,1,0,0,0.3198487394957983,0.5084107142857143,Medium,Medium,0,1,S0,General Buyers,Store Pickup,Cash,0,0
1220,19,Teen (18-24),Male,Clothing,Winter,Vermont,23.0,35,26,598.0,2.5,0,1,1,1.0,1,0,0,0.3307122849139656,0.186594387755102,Medium,Low,0,0,S0,General Buyers,Next Day Air,Credit Card,1,1
1221,67,Senior (50-70),Male,Accessories,Winter,Kentucky,64.0,36,4,256.0,3.8,0,1,1,1.0,1,0,0,0.3329915966386554,0.4490714285714285,Medium,Medium,0,0,S0,General Buyers,Express,Bank Transfer,1,0
1222,18,Teen (18-24),Male,Clothing,Winter,Iowa,69.0,3,4,276.0,4.5,0,1,1,1.0,1,1,1,0.1869507803121248,0.344579081632653,Low,Low,0,0,S0,General Buyers,Standard,Cash,0,0
1223,58,Senior (50-70),Male,Clothing,Fall,Indiana,69.0,27,1,69.0,3.4,0,1,1,1.0,1,0,0,0.2311836734693877,0.4010280612244898,Low,Low,0,0,S0,General Buyers,Store Pickup,Bank Transfer,0,0
1224,69,Senior (50-70),Male,Clothing,Winter,Kansas,24.0,21,52,1248.0,3.9,0,1,1,1.0,1,0,0,0.4844489795918367,0.2035408163265306,High,Low,0,0,S2,Promo-Dependent Buyers,Free Shipping,Bank Transfer,0,0
1225,62,Senior (50-70),Male,Clothing,Summer,Illinois,50.0,18,52,2600.0,3.7,0,1,1,1.0,1,0,0,0.4500816326530613,0.289984693877551,Medium,Low,0,0,S2,Promo-Dependent Buyers,Store Pickup,Venmo,0,1
1226,28,Young Adult (25-34),Male,Accessories,Fall,North Carolina,97.0,16,52,5044.0,2.6,0,1,1,1.0,1,0,0,0.3498367346938775,0.4194056122448979,Medium,Low,1,0,S4,Promo-Habituated Spenders,Free Shipping,Debit Card,0,1
1227,53,Senior (50-70),Male,Footwear,Fall,Ohio,91.0,18,26,2366.0,3.4,0,1,1,1.0,1,0,0,0.2986306522609043,0.451359693877551,Low,Medium,1,0,S4,Promo-Habituated Spenders,Store Pickup,Venmo,0,1
1228,27,Young Adult (25-34),Male,Clothing,Spring,Illinois,37.0,19,26,962.0,4.9,0,1,1,1.0,1,1,1,0.4247531012404962,0.3102117346938776,Medium,Low,0,0,S2,Promo-Dependent Buyers,Store Pickup,Bank Transfer,0,0
1229,55,Senior (50-70),Male,Outerwear,Winter,Indiana,55.0,1,1,55.0,3.9,0,1,1,1.0,1,0,0,0.1119999999999999,0.2371249999999999,Low,Low,0,0,S2,Promo-Dependent Buyers,Express,Cash,1,0
1230,34,Young Adult (25-34),Male,Accessories,Winter,Kansas,52.0,39,1,52.0,3.6,0,1,1,1.0,1,0,0,0.3206530612244898,0.3998775510204082,Medium,Low,0,1,S0,General Buyers,Express,Bank Transfer,1,0
1231,25,Young Adult (25-34),Male,Accessories,Spring,Illinois,80.0,49,12,960.0,3.8,0,1,1,1.0,1,0,0,0.4517991196478591,0.5853979591836734,Medium,Medium,0,1,S0,General Buyers,Standard,Venmo,0,1
1232,66,Senior (50-70),Male,Clothing,Spring,Pennsylvania,79.0,43,26,2054.0,4.0,0,1,1,1.0,1,1,0,0.4996918767507002,0.5624107142857142,High,Medium,0,1,S0,General Buyers,2-Day Shipping,Credit Card,1,1
1233,57,Senior (50-70),Male,Accessories,Summer,New York,23.0,31,4,92.0,3.6,0,1,1,1.0,1,0,0,0.2863793517406963,0.2321862244897959,Low,Low,0,0,S0,General Buyers,Free Shipping,Debit Card,0,1
1234,46,Mid-Age (35-49),Male,Clothing,Winter,Utah,73.0,40,4,292.0,3.5,0,1,1,1.0,1,0,0,0.3334813925570228,0.4908545918367347,Medium,Medium,0,1,S0,General Buyers,Next Day Air,Venmo,1,1
1235,38,Mid-Age (35-49),Male,Accessories,Fall,New Jersey,99.0,2,26,2574.0,4.1,0,1,1,1.0,1,1,0,0.2566714685874349,0.4467270408163265,Low,Medium,1,0,S4,Promo-Habituated Spenders,Store Pickup,Bank Transfer,0,0
1236,23,Teen (18-24),Male,Clothing,Spring,Idaho,22.0,46,4,88.0,3.0,0,1,1,1.0,1,0,0,0.3302160864345738,0.2683418367346939,Medium,Low,0,1,S0,General Buyers,Store Pickup,Paypal,0,1
1237,42,Mid-Age (35-49),Male,Accessories,Summer,New Mexico,68.0,35,4,272.0,4.4,0,1,1,1.0,1,1,0,0.3748691476590636,0.4974693877551021,Medium,Medium,0,0,S0,General Buyers,Store Pickup,Debit Card,0,1
1238,25,Young Adult (25-34),Male,Clothing,Spring,Michigan,92.0,42,4,368.0,4.4,0,1,1,1.0,1,1,0,0.4177262905162065,0.6381836734693878,Medium,High,1,1,S4,Promo-Habituated Spenders,2-Day Shipping,Credit Card,1,1
1239,55,Senior (50-70),Male,Clothing,Winter,Wyoming,77.0,3,26,2002.0,3.7,0,1,1,1.0,1,0,0,0.2307939175670268,0.331579081632653,Low,Low,0,0,S0,General Buyers,Express,Venmo,1,1
1240,62,Senior (50-70),Male,Outerwear,Spring,New Jersey,37.0,32,4,148.0,4.8,0,1,1,1.0,1,1,1,0.3885018007202881,0.3705382653061224,Medium,Low,0,0,S0,General Buyers,Standard,Debit Card,0,1
1241,41,Mid-Age (35-49),Male,Accessories,Winter,New Jersey,79.0,48,1,79.0,2.9,0,1,1,1.0,1,0,0,0.3197551020408162,0.5219209183673469,Medium,Medium,0,1,S0,General Buyers,Store Pickup,Debit Card,0,1
1242,58,Senior (50-70),Male,Clothing,Winter,Hawaii,51.0,34,52,2652.0,3.1,0,1,1,1.0,1,0,0,0.5000408163265306,0.3399923469387755,High,Low,0,0,S0,General Buyers,Express,Credit Card,1,1
1243,56,Senior (50-70),Male,Clothing,Summer,Nevada,27.0,15,4,108.0,4.0,0,1,1,1.0,1,1,0,0.2204201680672268,0.1920535714285714,Low,Low,0,0,S2,Promo-Dependent Buyers,Next Day Air,Bank Transfer,1,0
1244,25,Young Adult (25-34),Male,Clothing,Spring,New Hampshire,23.0,22,1,23.0,3.0,0,1,1,1.0,1,0,0,0.1685714285714285,0.1502678571428571,Low,Low,0,0,S2,Promo-Dependent Buyers,Store Pickup,Debit Card,0,1
1245,70,Senior (50-70),Male,Clothing,Summer,Indiana,76.0,2,12,912.0,3.9,0,1,1,1.0,1,0,0,0.1720440176070428,0.3341020408163264,Low,Low,0,0,S0,General Buyers,2-Day Shipping,Cash,1,0
1246,42,Mid-Age (35-49),Male,Clothing,Fall,New York,31.0,30,52,1612.0,3.4,0,1,1,1.0,1,0,0,0.4995510204081633,0.2500841836734694,High,Low,0,0,S0,General Buyers,Standard,Bank Transfer,0,0
1247,27,Young Adult (25-34),Male,Clothing,Winter,Louisiana,60.0,27,12,720.0,2.7,0,1,1,1.0,1,0,0,0.2291052420968387,0.3196530612244898,Low,Low,0,0,S0,General Buyers,Standard,Cash,0,0
1248,65,Senior (50-70),Male,Clothing,Spring,Virginia,99.0,18,26,2574.0,3.8,0,1,1,1.0,1,0,0,0.3306306522609043,0.510359693877551,Medium,Medium,1,0,S4,Promo-Habituated Spenders,Express,Venmo,1,1
1249,62,Senior (50-70),Male,Accessories,Winter,Wisconsin,37.0,8,1,37.0,3.0,0,1,1,1.0,1,0,0,0.0828571428571428,0.1400892857142857,Low,Low,0,0,S2,Promo-Dependent Buyers,Free Shipping,Credit Card,0,1
1250,62,Senior (50-70),Male,Footwear,Winter,Oregon,50.0,48,26,1300.0,4.5,0,1,1,1.0,1,1,1,0.5703041216486595,0.4910459183673469,High,Medium,0,1,S0,General Buyers,Express,Venmo,1,1
1251,52,Senior (50-70),Male,Clothing,Winter,New Hampshire,26.0,24,12,312.0,4.1,0,1,1,1.0,1,1,0,0.3227378951580631,0.2395969387755102,Medium,Low,0,0,S2,Promo-Dependent Buyers,Free Shipping,Cash,0,0
1252,56,Senior (50-70),Male,Clothing,Spring,Indiana,86.0,43,12,1032.0,5.0,0,1,1,1.0,1,1,1,0.5110644257703081,0.6530357142857143,High,High,1,1,S4,Promo-Habituated Spenders,Next Day Air,Credit Card,1,1
1253,28,Young Adult (25-34),Male,Footwear,Fall,Massachusetts,41.0,8,4,164.0,4.0,0,1,1,1.0,1,1,0,0.177563025210084,0.2175892857142857,Low,Low,0,0,S2,Promo-Dependent Buyers,Standard,Cash,0,0
1254,39,Mid-Age (35-49),Male,Footwear,Winter,Montana,23.0,49,1,23.0,4.9,0,1,1,1.0,1,1,1,0.4858775510204082,0.4020229591836735,High,Low,0,1,S0,General Buyers,Express,Paypal,1,1
1255,54,Senior (50-70),Male,Footwear,Spring,California,56.0,2,26,1456.0,3.3,0,1,1,1.0,1,0,0,0.1926714685874349,0.2106020408163265,Low,Low,0,0,S2,Promo-Dependent Buyers,2-Day Shipping,Credit Card,1,1
1256,30,Young Adult (25-34),Male,Accessories,Fall,Indiana,68.0,38,26,1768.0,4.1,0,1,1,1.0,1,1,0,0.477079631852741,0.4947755102040816,High,Medium,0,1,S0,General Buyers,Standard,Cash,0,0
1257,45,Mid-Age (35-49),Male,Outerwear,Winter,West Virginia,48.0,4,26,1248.0,3.6,0,1,1,1.0,1,0,0,0.2289163665466186,0.2038061224489795,Low,Low,0,0,S2,Promo-Dependent Buyers,Express,Cash,1,0
1258,68,Senior (50-70),Male,Clothing,Spring,Minnesota,67.0,31,4,268.0,3.0,0,1,1,1.0,1,0,0,0.2383793517406963,0.3886862244897959,Low,Low,0,0,S0,General Buyers,Free Shipping,Cash,0,0
1259,47,Mid-Age (35-49),Male,Footwear,Spring,Ohio,87.0,34,4,348.0,4.1,0,1,1,1.0,1,1,0,0.3447466986794717,0.5574923469387755,Medium,Medium,1,0,S4,Promo-Habituated Spenders,2-Day Shipping,Debit Card,1,1
1260,68,Senior (50-70),Male,Clothing,Fall,Minnesota,64.0,45,12,768.0,3.9,0,1,1,1.0,1,0,0,0.4353093237294918,0.5009897959183673,Medium,Medium,0,1,S0,General Buyers,Standard,Credit Card,0,1
1261,63,Senior (50-70),Male,Clothing,Spring,Virginia,93.0,30,4,372.0,4.1,0,1,1,1.0,1,1,0,0.3202569027611044,0.5633341836734693,Medium,Medium,1,0,S4,Promo-Habituated Spenders,Store Pickup,Debit Card,0,1
1262,20,Teen (18-24),Male,Clothing,Summer,Connecticut,29.0,2,26,754.0,2.8,0,1,1,1.0,1,0,0,0.1526714685874349,0.0624770408163265,Low,Low,0,0,S2,Promo-Dependent Buyers,Next Day Air,Credit Card,1,1
1263,29,Young Adult (25-34),Male,Footwear,Winter,Tennessee,62.0,44,12,744.0,4.8,0,1,1,1.0,1,1,1,0.5011868747499,0.5411377551020408,High,Medium,0,1,S0,General Buyers,Store Pickup,Venmo,0,1
1264,41,Mid-Age (35-49),Male,Clothing,Winter,Delaware,70.0,1,26,1820.0,4.6,0,1,1,1.0,1,1,1,0.2905490196078431,0.34475,Low,Low,0,0,S0,General Buyers,2-Day Shipping,Credit Card,1,1
1265,52,Senior (50-70),Male,Clothing,Winter,Vermont,92.0,1,26,2392.0,2.5,0,1,1,1.0,1,0,0,0.1225490196078431,0.315,Low,Low,1,0,S4,Promo-Habituated Spenders,Next Day Air,Venmo,1,1
1266,32,Young Adult (25-34),Male,Clothing,Spring,Louisiana,79.0,27,52,4108.0,2.7,0,1,1,1.0,1,0,0,0.4251836734693878,0.4027780612244898,Medium,Low,0,0,S0,General Buyers,Next Day Air,Bank Transfer,1,0
1267,20,Teen (18-24),Male,Clothing,Fall,North Dakota,31.0,14,4,124.0,4.0,0,1,1,1.0,1,1,0,0.214297719087635,0.2044515306122449,Low,Low,0,0,S2,Promo-Dependent Buyers,Standard,Debit Card,0,1
1268,47,Mid-Age (35-49),Male,Clothing,Spring,Oregon,83.0,41,52,4316.0,2.7,0,1,1,1.0,1,0,0,0.5108979591836735,0.4917066326530612,High,Medium,1,1,S4,Promo-Habituated Spenders,Standard,Cash,0,0
1269,23,Teen (18-24),Male,Outerwear,Winter,Idaho,88.0,25,26,2288.0,2.9,0,1,1,1.0,1,0,0,0.3014877951180472,0.4439489795918367,Low,Medium,1,0,S4,Promo-Habituated Spenders,Next Day Air,Debit Card,1,1
1270,43,Mid-Age (35-49),Male,Accessories,Spring,Vermont,53.0,47,4,212.0,3.0,0,1,1,1.0,1,0,0,0.3363385354141657,0.4090688775510204,Medium,Low,0,1,S0,General Buyers,Standard,Paypal,0,1
1271,67,Senior (50-70),Male,Clothing,Fall,West Virginia,98.0,20,1,98.0,3.3,0,1,1,1.0,1,0,0,0.1803265306122448,0.486188775510204,Low,Medium,1,0,S4,Promo-Habituated Spenders,Standard,Cash,0,0
1272,70,Senior (50-70),Male,Accessories,Spring,Kentucky,57.0,42,1,57.0,4.3,0,1,1,1.0,1,1,0,0.3950204081632653,0.4790586734693877,Medium,Medium,0,1,S0,General Buyers,Store Pickup,Paypal,0,1
1273,35,Mid-Age (35-49),Male,Footwear,Winter,Wisconsin,80.0,16,12,960.0,4.4,0,1,1,1.0,1,1,0,0.2977583033213286,0.4530306122448979,Low,Medium,0,0,S0,General Buyers,Express,Bank Transfer,1,0
1274,41,Mid-Age (35-49),Male,Clothing,Spring,Mississippi,29.0,32,4,116.0,4.1,0,1,1,1.0,1,1,0,0.3325018007202881,0.2935382653061224,Medium,Low,0,0,S0,General Buyers,Next Day Air,Credit Card,1,1
1275,54,Senior (50-70),Male,Accessories,Spring,Missouri,73.0,37,4,292.0,3.1,0,1,1,1.0,1,0,0,0.2831140456182473,0.451548469387755,Low,Medium,0,0,S0,General Buyers,2-Day Shipping,Paypal,1,1
1276,55,Senior (50-70),Male,Clothing,Fall,Arkansas,32.0,1,12,384.0,4.5,0,1,1,1.0,1,1,1,0.213921568627451,0.1725,Low,Low,0,0,S2,Promo-Dependent Buyers,Standard,Paypal,0,1
1277,51,Senior (50-70),Male,Footwear,Spring,Wyoming,68.0,37,52,3536.0,4.8,0,1,1,1.0,1,1,1,0.654408163265306,0.5316734693877551,High,Medium,0,0,S0,General Buyers,Next Day Air,Bank Transfer,1,0
1278,19,Teen (18-24),Male,Clothing,Spring,Rhode Island,97.0,5,4,388.0,5.0,0,1,1,1.0,1,1,1,0.2391956782713085,0.5072831632653061,Low,Medium,1,0,S4,Promo-Habituated Spenders,Express,Venmo,1,1
1279,28,Young Adult (25-34),Male,Clothing,Fall,Utah,98.0,31,26,2548.0,2.8,0,1,1,1.0,1,0,0,0.3302224889955982,0.5123112244897959,Medium,Medium,1,0,S4,Promo-Habituated Spenders,Next Day Air,Venmo,1,1
1280,63,Senior (50-70),Male,Clothing,Fall,Maryland,56.0,18,1,56.0,3.7,0,1,1,1.0,1,0,0,0.2000816326530612,0.316234693877551,Low,Low,0,0,S2,Promo-Dependent Buyers,Express,Debit Card,1,1
1281,30,Young Adult (25-34),Male,Clothing,Winter,Georgia,78.0,39,4,312.0,4.4,0,1,1,1.0,1,1,0,0.3993589435774309,0.5616275510204082,Medium,Medium,0,1,S0,General Buyers,2-Day Shipping,Venmo,1,1
1282,29,Young Adult (25-34),Male,Accessories,Spring,New Jersey,81.0,8,26,2106.0,4.5,0,1,1,1.0,1,1,1,0.325406162464986,0.4225892857142856,Medium,Low,1,0,S4,Promo-Habituated Spenders,Store Pickup,Venmo,0,1
1283,24,Teen (18-24),Male,Clothing,Winter,New Hampshire,68.0,20,12,816.0,3.0,0,1,1,1.0,1,0,0,0.2102480992396958,0.3369387755102041,Low,Low,0,0,S0,General Buyers,Free Shipping,Venmo,0,1
1284,69,Senior (50-70),Male,Clothing,Winter,Oregon,94.0,23,4,376.0,3.9,0,1,1,1.0,1,0,0,0.2613997599039616,0.5199948979591836,Low,Medium,1,0,S4,Promo-Habituated Spenders,2-Day Shipping,Debit Card,1,1
1285,65,Senior (50-70),Male,Clothing,Spring,Arkansas,93.0,38,26,2418.0,3.9,0,1,1,1.0,1,0,0,0.461079631852741,0.5921505102040815,High,Medium,1,1,S4,Promo-Habituated Spenders,Express,Paypal,1,1
1286,64,Senior (50-70),Male,Accessories,Fall,North Carolina,99.0,45,26,2574.0,3.5,0,1,1,1.0,1,0,0,0.471936774709884,0.6301147959183673,High,High,1,1,S4,Promo-Habituated Spenders,Next Day Air,Bank Transfer,1,0
1287,40,Mid-Age (35-49),Male,Accessories,Winter,West Virginia,49.0,44,26,1274.0,4.9,0,1,1,1.0,1,1,1,0.5778143257302921,0.4902627551020408,High,Medium,0,1,S0,General Buyers,Next Day Air,Debit Card,1,1
1288,24,Teen (18-24),Male,Clothing,Winter,Utah,28.0,20,12,336.0,3.4,0,1,1,1.0,1,0,0,0.2422480992396958,0.185938775510204,Low,Low,0,0,S2,Promo-Dependent Buyers,Standard,Paypal,0,1
1289,66,Senior (50-70),Male,Accessories,Winter,South Dakota,93.0,34,26,2418.0,4.1,0,1,1,1.0,1,1,0,0.4525898359343737,0.5837423469387755,Medium,Medium,1,0,S4,Promo-Habituated Spenders,Standard,Paypal,0,1
1290,35,Mid-Age (35-49),Male,Outerwear,Fall,New Hampshire,24.0,10,52,1248.0,2.9,0,1,1,1.0,1,0,0,0.3371020408163265,0.0874183673469387,Medium,Low,0,0,S2,Promo-Dependent Buyers,Next Day Air,Paypal,1,1
1291,67,Senior (50-70),Male,Clothing,Spring,Maryland,35.0,3,1,35.0,3.4,0,1,1,1.0,1,0,0,0.0842448979591836,0.129829081632653,Low,Low,0,0,S2,Promo-Dependent Buyers,Free Shipping,Paypal,0,1
1292,69,Senior (50-70),Male,Footwear,Spring,South Dakota,68.0,23,26,1768.0,3.2,0,1,1,1.0,1,0,0,0.3132428971588635,0.3642448979591837,Medium,Low,0,0,S0,General Buyers,2-Day Shipping,Debit Card,1,1
1293,26,Young Adult (25-34),Male,Accessories,Summer,Kentucky,61.0,42,1,61.0,3.8,0,1,1,1.0,1,0,0,0.3550204081632653,0.4665586734693877,Medium,Medium,0,1,S0,General Buyers,Free Shipping,Bank Transfer,0,0
1294,23,Teen (18-24),Male,Clothing,Fall,Florida,74.0,30,1,74.0,4.1,0,1,1,1.0,1,1,0,0.3055510204081632,0.4802091836734693,Medium,Medium,0,0,S0,General Buyers,Standard,Debit Card,0,1
1295,27,Young Adult (25-34),Male,Clothing,Summer,Texas,64.0,21,4,256.0,4.5,0,1,1,1.0,1,1,1,0.2971548619447779,0.4145408163265306,Low,Low,0,0,S0,General Buyers,Standard,Cash,0,0
1296,30,Young Adult (25-34),Male,Footwear,Fall,New Mexico,60.0,50,52,3120.0,2.8,0,1,1,1.0,1,0,0,0.5740000000000001,0.4429999999999999,High,Medium,0,1,S0,General Buyers,Standard,Paypal,0,1
1297,48,Mid-Age (35-49),Male,Clothing,Spring,South Dakota,29.0,16,26,754.0,2.8,0,1,1,1.0,1,0,0,0.2383857543017206,0.1339056122448979,Low,Low,0,0,S2,Promo-Dependent Buyers,Express,Cash,1,0
1298,44,Mid-Age (35-49),Male,Footwear,Summer,New Jersey,85.0,32,1,85.0,4.6,0,1,1,1.0,1,1,1,0.3577959183673469,0.5685382653061224,Medium,Medium,1,0,S4,Promo-Habituated Spenders,Standard,Venmo,0,1
1299,29,Young Adult (25-34),Male,Clothing,Summer,Indiana,81.0,14,26,2106.0,3.0,0,1,1,1.0,1,0,0,0.242140856342537,0.3632015306122449,Low,Low,1,0,S4,Promo-Habituated Spenders,Free Shipping,Bank Transfer,0,0
1300,29,Young Adult (25-34),Male,Accessories,Fall,Louisiana,23.0,42,26,598.0,3.6,0,1,1,1.0,1,0,0,0.4615694277711085,0.2883086734693877,High,Low,0,1,S0,General Buyers,2-Day Shipping,Venmo,1,1
1301,67,Senior (50-70),Male,Clothing,Spring,West Virginia,100.0,47,4,400.0,4.5,0,1,1,1.0,1,1,1,0.4563385354141657,0.7046938775510204,Medium,High,1,1,S4,Promo-Habituated Spenders,Next Day Air,Credit Card,1,1
1302,42,Mid-Age (35-49),Male,Clothing,Fall,Maine,54.0,21,52,2808.0,5.0,0,1,1,1.0,1,1,1,0.5724489795918368,0.4007908163265306,High,Low,0,0,S2,Promo-Dependent Buyers,Express,Debit Card,1,1
1303,23,Teen (18-24),Male,Footwear,Fall,Idaho,25.0,37,12,300.0,2.9,0,1,1,1.0,1,0,0,0.3063297318927571,0.2295484693877551,Medium,Low,0,0,S0,General Buyers,Next Day Air,Credit Card,1,1
1304,34,Young Adult (25-34),Male,Clothing,Summer,New York,32.0,10,1,32.0,3.1,0,1,1,1.0,1,0,0,0.1031020408163265,0.1344183673469388,Low,Low,0,0,S2,Promo-Dependent Buyers,Next Day Air,Credit Card,1,1
1305,64,Senior (50-70),Male,Accessories,Spring,Montana,63.0,18,4,252.0,4.0,0,1,1,1.0,1,1,0,0.2387875150060024,0.364859693877551,Low,Low,0,0,S0,General Buyers,2-Day Shipping,Paypal,1,1
1306,31,Young Adult (25-34),Male,Clothing,Spring,Mississippi,56.0,2,4,224.0,4.5,0,1,1,1.0,1,1,1,0.180828331332533,0.2826020408163265,Low,Low,0,0,S2,Promo-Dependent Buyers,Express,Paypal,1,1
1307,54,Senior (50-70),Male,Clothing,Winter,Alaska,33.0,40,1,33.0,4.5,0,1,1,1.0,1,1,1,0.3987755102040816,0.3758545918367347,Medium,Low,0,1,S0,General Buyers,Next Day Air,Paypal,1,1
1308,23,Teen (18-24),Male,Outerwear,Summer,Missouri,32.0,43,1,32.0,3.1,0,1,1,1.0,1,0,0,0.3051428571428571,0.3027857142857143,Medium,Low,0,1,S0,General Buyers,Express,Paypal,1,1
1309,59,Senior (50-70),Male,Clothing,Summer,Rhode Island,38.0,14,4,152.0,4.4,0,1,1,1.0,1,1,0,0.2462977190876351,0.2590765306122449,Low,Low,0,0,S2,Promo-Dependent Buyers,Next Day Air,Credit Card,1,1
1310,32,Young Adult (25-34),Male,Clothing,Summer,Hawaii,21.0,41,4,84.0,4.7,0,1,1,1.0,1,1,1,0.4356038415366147,0.3404566326530612,Medium,Low,0,1,S0,General Buyers,Store Pickup,Cash,0,0
1311,43,Mid-Age (35-49),Male,Clothing,Winter,South Carolina,59.0,38,4,236.0,3.1,0,1,1,1.0,1,0,0,0.2892364945978391,0.3954005102040816,Low,Low,0,1,S0,General Buyers,Store Pickup,Credit Card,0,1
1312,32,Young Adult (25-34),Male,Footwear,Fall,Tennessee,87.0,12,1,87.0,4.2,0,1,1,1.0,1,1,0,0.2033469387755102,0.4512474489795918,Low,Medium,1,0,S4,Promo-Habituated Spenders,Express,Venmo,1,1
1313,66,Senior (50-70),Male,Clothing,Winter,Missouri,79.0,19,12,948.0,3.0,0,1,1,1.0,1,0,0,0.204125650260104,0.3799617346938775,Low,Low,0,0,S0,General Buyers,Store Pickup,Bank Transfer,0,0
1314,70,Senior (50-70),Male,Footwear,Summer,Missouri,28.0,23,26,728.0,3.8,0,1,1,1.0,1,0,0,0.3612428971588635,0.2252448979591836,Medium,Low,0,0,S2,Promo-Dependent Buyers,Free Shipping,Credit Card,0,1
1315,42,Mid-Age (35-49),Male,Footwear,Summer,Missouri,67.0,49,1,67.0,3.4,0,1,1,1.0,1,0,0,0.3658775510204081,0.5045229591836735,Medium,Medium,0,1,S0,General Buyers,Free Shipping,Debit Card,0,1
1316,56,Senior (50-70),Male,Clothing,Spring,Mississippi,75.0,29,4,300.0,4.2,0,1,1,1.0,1,1,0,0.3221344537815126,0.4854821428571428,Medium,Medium,0,0,S0,General Buyers,2-Day Shipping,Debit Card,1,1
1317,28,Young Adult (25-34),Male,Accessories,Spring,Arkansas,32.0,14,26,832.0,4.6,0,1,1,1.0,1,1,1,0.370140856342537,0.2448265306122448,Medium,Low,0,0,S2,Promo-Dependent Buyers,Standard,Debit Card,0,1
1318,28,Young Adult (25-34),Male,Clothing,Spring,Kentucky,43.0,19,12,516.0,2.8,0,1,1,1.0,1,0,0,0.188125650260104,0.2104617346938775,Low,Low,0,0,S2,Promo-Dependent Buyers,Free Shipping,Cash,0,0
1319,52,Senior (50-70),Male,Clothing,Spring,Connecticut,93.0,19,26,2418.0,2.7,0,1,1,1.0,1,0,0,0.2487531012404962,0.4232117346938775,Low,Low,1,0,S4,Promo-Habituated Spenders,Express,Credit Card,1,1
1320,65,Senior (50-70),Male,Accessories,Spring,Oklahoma,24.0,48,52,1248.0,4.0,0,1,1,1.0,1,1,0,0.6577551020408162,0.3472959183673469,High,Low,0,1,S0,General Buyers,Standard,Bank Transfer,0,0
1321,56,Senior (50-70),Male,Accessories,Fall,California,31.0,19,1,31.0,3.1,0,1,1,1.0,1,0,0,0.1582040816326531,0.1759617346938775,Low,Low,0,0,S2,Promo-Dependent Buyers,Free Shipping,Debit Card,0,1
1322,59,Senior (50-70),Male,Clothing,Winter,Missouri,84.0,45,4,336.0,3.7,0,1,1,1.0,1,0,0,0.380093637454982,0.5764897959183672,Medium,Medium,1,1,S4,Promo-Habituated Spenders,Express,Bank Transfer,1,0
1323,23,Teen (18-24),Male,Clothing,Winter,Washington,74.0,17,4,296.0,4.0,0,1,1,1.0,1,1,0,0.2326650660264105,0.4078826530612245,Low,Low,0,0,S0,General Buyers,Next Day Air,Bank Transfer,1,0
1324,58,Senior (50-70),Male,Clothing,Spring,New York,62.0,15,4,248.0,4.6,0,1,1,1.0,1,1,1,0.2684201680672268,0.3811785714285713,Low,Low,0,0,S0,General Buyers,Standard,Debit Card,0,1
1325,39,Mid-Age (35-49),Male,Accessories,Summer,Indiana,77.0,11,26,2002.0,3.8,0,1,1,1.0,1,0,0,0.2877735094037614,0.3783954081632652,Low,Low,0,0,S0,General Buyers,Free Shipping,Credit Card,0,1
1326,28,Young Adult (25-34),Male,Accessories,Summer,Oregon,73.0,1,12,876.0,3.5,0,1,1,1.0,1,0,0,0.133921568627451,0.291875,Low,Low,0,0,S0,General Buyers,Express,Cash,1,0
1327,40,Mid-Age (35-49),Male,Footwear,Spring,Texas,50.0,17,12,600.0,3.8,0,1,1,1.0,1,0,0,0.2558807523009203,0.2908826530612244,Low,Low,0,0,S2,Promo-Dependent Buyers,Free Shipping,Cash,0,0
1328,52,Senior (50-70),Male,Outerwear,Winter,Florida,40.0,37,52,2080.0,2.8,0,1,1,1.0,1,0,0,0.494408163265306,0.2891734693877551,High,Low,0,0,S0,General Buyers,Standard,Cash,0,0
1329,37,Mid-Age (35-49),Male,Clothing,Winter,Rhode Island,97.0,40,52,5044.0,3.7,0,1,1,1.0,1,0,0,0.5847755102040817,0.6078545918367346,High,High,1,1,S4,Promo-Habituated Spenders,Standard,Bank Transfer,0,0
1330,70,Senior (50-70),Male,Accessories,Fall,Texas,63.0,50,4,252.0,3.3,0,1,1,1.0,1,0,0,0.3787058823529411,0.486125,Medium,Medium,0,1,S0,General Buyers,Express,Paypal,1,1
1331,30,Young Adult (25-34),Male,Accessories,Fall,Vermont,65.0,20,26,1690.0,2.9,0,1,1,1.0,1,0,0,0.270875550220088,0.317813775510204,Low,Low,0,0,S0,General Buyers,Standard,Paypal,0,1
1332,38,Mid-Age (35-49),Male,Clothing,Spring,Maryland,91.0,8,26,2366.0,3.2,0,1,1,1.0,1,0,0,0.221406162464986,0.3883392857142856,Low,Low,1,0,S4,Promo-Habituated Spenders,Standard,Paypal,0,1
1333,66,Senior (50-70),Male,Clothing,Spring,Alaska,60.0,16,4,240.0,4.3,0,1,1,1.0,1,1,0,0.2505426170468187,0.3595306122448979,Low,Low,0,0,S0,General Buyers,Store Pickup,Bank Transfer,0,0
1334,29,Young Adult (25-34),Male,Clothing,Winter,Idaho,69.0,9,4,276.0,2.7,0,1,1,1.0,1,0,0,0.0796854741896758,0.2671913265306123,Low,Low,0,0,S0,General Buyers,Next Day Air,Bank Transfer,1,0
1335,46,Mid-Age (35-49),Male,Outerwear,Spring,West Virginia,52.0,12,12,624.0,3.8,0,1,1,1.0,1,0,0,0.2252685074029611,0.2741224489795918,Low,Low,0,0,S2,Promo-Dependent Buyers,Store Pickup,Venmo,0,1
1336,56,Senior (50-70),Male,Footwear,Fall,Nevada,49.0,26,52,2548.0,4.8,0,1,1,1.0,1,1,1,0.5870612244897959,0.3924260204081632,High,Low,0,0,S0,General Buyers,2-Day Shipping,Credit Card,1,1
1337,23,Teen (18-24),Male,Footwear,Spring,Oregon,85.0,44,26,2210.0,4.8,0,1,1,1.0,1,1,1,0.5698143257302921,0.6417627551020408,High,High,1,1,S4,Promo-Habituated Spenders,Store Pickup,Debit Card,0,1
1338,37,Mid-Age (35-49),Male,Clothing,Spring,Tennessee,86.0,19,26,2236.0,3.4,0,1,1,1.0,1,0,0,0.3047531012404962,0.4345867346938775,Medium,Medium,1,0,S4,Promo-Habituated Spenders,Express,Credit Card,1,1
1339,56,Senior (50-70),Male,Accessories,Winter,Alabama,51.0,43,26,1326.0,2.6,0,1,1,1.0,1,0,0,0.3876918767507002,0.3559107142857143,Medium,Low,0,1,S0,General Buyers,Standard,Paypal,0,1
1340,36,Mid-Age (35-49),Male,Accessories,Winter,Indiana,56.0,5,4,224.0,5.0,0,1,1,1.0,1,1,1,0.2391956782713085,0.3279081632653061,Low,Low,0,0,S2,Promo-Dependent Buyers,Next Day Air,Bank Transfer,1,0
1341,40,Mid-Age (35-49),Male,Accessories,Fall,Idaho,72.0,5,4,288.0,4.4,0,1,1,1.0,1,1,0,0.1911956782713085,0.3619081632653061,Low,Low,0,0,S0,General Buyers,Next Day Air,Debit Card,1,1
1342,26,Young Adult (25-34),Male,Clothing,Fall,Rhode Island,27.0,31,4,108.0,3.8,0,1,1,1.0,1,0,0,0.3023793517406963,0.2616862244897959,Low,Low,0,0,S0,General Buyers,Standard,Bank Transfer,0,0
1343,57,Senior (50-70),Male,Accessories,Summer,Arizona,43.0,11,12,516.0,3.4,0,1,1,1.0,1,0,0,0.1871460584233693,0.2056454081632653,Low,Low,0,0,S2,Promo-Dependent Buyers,2-Day Shipping,Bank Transfer,1,0
1344,68,Senior (50-70),Male,Footwear,Spring,Florida,56.0,34,12,672.0,3.4,0,1,1,1.0,1,0,0,0.3279623849539816,0.3798673469387755,Medium,Low,0,0,S0,General Buyers,Standard,Bank Transfer,0,0
1345,56,Senior (50-70),Male,Clothing,Fall,New York,37.0,14,1,37.0,4.9,0,1,1,1.0,1,1,1,0.2715918367346939,0.2847015306122449,Low,Low,0,0,S2,Promo-Dependent Buyers,Next Day Air,Cash,1,0
1346,40,Mid-Age (35-49),Male,Clothing,Fall,Nebraska,21.0,42,52,1092.0,3.6,0,1,1,1.0,1,0,0,0.5890204081632653,0.2795586734693878,High,Low,0,1,S0,General Buyers,Standard,Venmo,0,1
1347,44,Mid-Age (35-49),Male,Clothing,Winter,Mississippi,91.0,15,26,2366.0,3.0,0,1,1,1.0,1,0,0,0.2482633053221288,0.4120535714285714,Low,Low,1,0,S4,Promo-Habituated Spenders,Free Shipping,Venmo,0,1
1348,44,Mid-Age (35-49),Male,Clothing,Summer,Vermont,95.0,47,12,1140.0,3.9,0,1,1,1.0,1,0,0,0.4475542216886754,0.6468188775510204,Medium,High,1,1,S4,Promo-Habituated Spenders,2-Day Shipping,Bank Transfer,1,0
1349,19,Teen (18-24),Male,Accessories,Spring,Nebraska,54.0,23,26,1404.0,3.2,0,1,1,1.0,1,0,0,0.3132428971588635,0.3029948979591836,Medium,Low,0,0,S2,Promo-Dependent Buyers,Standard,Credit Card,0,1
1350,21,Teen (18-24),Male,Clothing,Spring,South Carolina,36.0,23,26,936.0,3.2,0,1,1,1.0,1,0,0,0.3132428971588635,0.2242448979591836,Medium,Low,0,0,S2,Promo-Dependent Buyers,Next Day Air,Cash,1,0
1351,31,Young Adult (25-34),Male,Accessories,Fall,Delaware,71.0,1,4,284.0,4.3,0,1,1,1.0,1,1,0,0.1587058823529411,0.3311249999999999,Low,Low,0,0,S0,General Buyers,Next Day Air,Cash,1,0
1352,30,Young Adult (25-34),Male,Outerwear,Summer,Vermont,31.0,28,4,124.0,2.8,0,1,1,1.0,1,0,0,0.2040120048019207,0.2038801020408163,Low,Low,0,0,S0,General Buyers,2-Day Shipping,Bank Transfer,1,0
1353,65,Senior (50-70),Male,Accessories,Spring,Indiana,89.0,37,26,2314.0,4.5,0,1,1,1.0,1,1,1,0.5029571828731493,0.6055484693877551,High,High,1,0,S4,Promo-Habituated Spenders,Next Day Air,Credit Card,1,1
1354,39,Mid-Age (35-49),Male,Clothing,Winter,Oregon,83.0,4,4,332.0,4.1,0,1,1,1.0,1,1,0,0.1610732292917166,0.3869311224489795,Low,Low,1,0,S4,Promo-Habituated Spenders,Next Day Air,Cash,1,0
1355,64,Senior (50-70),Male,Accessories,Spring,Maryland,42.0,21,4,168.0,3.6,0,1,1,1.0,1,0,0,0.2251548619447779,0.2642908163265306,Low,Low,0,0,S2,Promo-Dependent Buyers,2-Day Shipping,Bank Transfer,1,0
1356,59,Senior (50-70),Male,Clothing,Summer,Florida,91.0,50,26,2366.0,3.0,0,1,1,1.0,1,0,0,0.4625490196078431,0.590625,High,Medium,1,1,S4,Promo-Habituated Spenders,2-Day Shipping,Paypal,1,1
1357,49,Mid-Age (35-49),Male,Outerwear,Spring,Indiana,61.0,34,1,61.0,4.0,0,1,1,1.0,1,1,0,0.3220408163265306,0.4377423469387754,Medium,Medium,0,0,S0,General Buyers,Free Shipping,Bank Transfer,0,0
1358,24,Teen (18-24),Male,Accessories,Summer,Texas,66.0,20,4,264.0,3.5,0,1,1,1.0,1,0,0,0.211032412965186,0.358188775510204,Low,Low,0,0,S0,General Buyers,Next Day Air,Cash,1,0
1359,19,Teen (18-24),Male,Accessories,Spring,Nebraska,22.0,25,4,88.0,2.5,0,1,1,1.0,1,0,0,0.1616446578631452,0.1311989795918367,Low,Low,0,0,S0,General Buyers,Store Pickup,Venmo,0,1
1360,27,Young Adult (25-34),Male,Clothing,Winter,North Carolina,68.0,26,26,1768.0,4.3,0,1,1,1.0,1,1,0,0.419610244097639,0.4455510204081632,Medium,Medium,0,0,S0,General Buyers,Store Pickup,Bank Transfer,0,0
1361,56,Senior (50-70),Male,Clothing,Fall,Alabama,43.0,4,1,43.0,2.8,0,1,1,1.0,1,0,0,0.0423673469387754,0.1339311224489796,Low,Low,0,0,S2,Promo-Dependent Buyers,Express,Bank Transfer,1,0
1362,49,Mid-Age (35-49),Male,Clothing,Fall,Alabama,32.0,39,12,384.0,3.7,0,1,1,1.0,1,0,0,0.3825746298519408,0.3183775510204081,Medium,Low,0,1,S0,General Buyers,Next Day Air,Debit Card,1,1
1363,41,Mid-Age (35-49),Male,Outerwear,Fall,Colorado,46.0,29,52,2392.0,4.3,0,1,1,1.0,1,1,0,0.5654285714285714,0.3646071428571428,High,Low,0,0,S0,General Buyers,Express,Cash,1,0
1364,36,Mid-Age (35-49),Male,Clothing,Summer,Wisconsin,90.0,47,4,360.0,4.0,0,1,1,1.0,1,1,0,0.4163385354141656,0.6309438775510203,Medium,High,1,1,S4,Promo-Habituated Spenders,Express,Paypal,1,1
1365,68,Senior (50-70),Male,Accessories,Fall,Delaware,75.0,5,4,300.0,4.7,0,1,1,1.0,1,1,1,0.2151956782713085,0.3930331632653061,Low,Low,0,0,S0,General Buyers,Express,Cash,1,0
1366,28,Young Adult (25-34),Male,Accessories,Winter,Indiana,69.0,18,26,1794.0,4.5,0,1,1,1.0,1,1,1,0.3866306522609044,0.421109693877551,Medium,Low,0,0,S0,General Buyers,Store Pickup,Bank Transfer,0,0
1367,45,Mid-Age (35-49),Male,Accessories,Fall,Iowa,40.0,10,26,1040.0,3.1,0,1,1,1.0,1,0,0,0.2256510604241696,0.1694183673469387,Low,Low,0,0,S2,Promo-Dependent Buyers,Free Shipping,Credit Card,0,1
1368,60,Senior (50-70),Male,Accessories,Fall,Iowa,63.0,25,4,252.0,3.8,0,1,1,1.0,1,0,0,0.2656446578631452,0.3885739795918367,Low,Low,0,0,S0,General Buyers,Express,Cash,1,0
1369,21,Teen (18-24),Male,Clothing,Summer,Wisconsin,36.0,2,52,1872.0,4.9,0,1,1,1.0,1,1,1,0.4481224489795919,0.2191020408163265,Medium,Low,0,0,S2,Promo-Dependent Buyers,Express,Cash,1,0
1370,32,Young Adult (25-34),Male,Footwear,Winter,Iowa,75.0,48,26,1950.0,3.2,0,1,1,1.0,1,0,0,0.4663041216486594,0.5224209183673469,High,Medium,0,1,S0,General Buyers,Standard,Venmo,0,1
1371,27,Young Adult (25-34),Male,Accessories,Summer,Montana,67.0,41,4,268.0,3.8,0,1,1,1.0,1,0,0,0.3636038415366146,0.4877066326530612,Medium,Medium,0,1,S0,General Buyers,2-Day Shipping,Bank Transfer,1,0
1372,40,Mid-Age (35-49),Male,Clothing,Spring,Mississippi,64.0,42,12,768.0,2.8,0,1,1,1.0,1,0,0,0.3289419767907163,0.4196836734693877,Medium,Low,0,1,S0,General Buyers,Store Pickup,Credit Card,0,1
1373,64,Senior (50-70),Male,Clothing,Fall,Michigan,61.0,44,26,1586.0,4.0,0,1,1,1.0,1,1,0,0.5058143257302921,0.4887627551020408,High,Medium,0,1,S0,General Buyers,2-Day Shipping,Paypal,1,1
1374,18,Teen (18-24),Male,Accessories,Winter,Virginia,40.0,6,4,160.0,2.6,0,1,1,1.0,1,0,0,0.0533181272509003,0.1190102040816326,Low,Low,0,0,S2,Promo-Dependent Buyers,Store Pickup,Cash,0,0
1375,22,Teen (18-24),Male,Accessories,Fall,New York,97.0,5,4,388.0,2.7,0,1,1,1.0,1,0,0,0.0551956782713085,0.3692831632653061,Low,Low,1,0,S4,Promo-Habituated Spenders,Free Shipping,Bank Transfer,0,0
1376,42,Mid-Age (35-49),Male,Footwear,Spring,Maine,31.0,8,1,31.0,4.1,0,1,1,1.0,1,1,0,0.1708571428571428,0.1798392857142857,Low,Low,0,0,S2,Promo-Dependent Buyers,2-Day Shipping,Credit Card,1,1
1377,57,Senior (50-70),Male,Footwear,Spring,New Jersey,65.0,24,1,65.0,5.0,0,1,1,1.0,1,1,1,0.3408163265306122,0.4642219387755102,Medium,Medium,0,0,S0,General Buyers,Free Shipping,Paypal,0,1
1378,33,Young Adult (25-34),Male,Accessories,Spring,Maryland,54.0,42,12,648.0,3.0,0,1,1,1.0,1,0,0,0.3449419767907163,0.3879336734693878,Medium,Low,0,1,S0,General Buyers,Next Day Air,Venmo,1,1
1379,37,Mid-Age (35-49),Male,Outerwear,Fall,Kentucky,49.0,24,52,2548.0,3.6,0,1,1,1.0,1,0,0,0.4788163265306123,0.3102219387755102,High,Low,0,0,S2,Promo-Dependent Buyers,Free Shipping,Venmo,0,1
1380,21,Teen (18-24),Male,Clothing,Fall,Minnesota,64.0,38,26,1664.0,2.8,0,1,1,1.0,1,0,0,0.373079631852741,0.3992755102040816,Medium,Low,0,1,S0,General Buyers,2-Day Shipping,Venmo,1,1
1381,51,Senior (50-70),Male,Footwear,Winter,Massachusetts,35.0,41,26,910.0,4.6,0,1,1,1.0,1,1,1,0.5354469787915166,0.3957066326530611,High,Low,0,1,S0,General Buyers,Standard,Cash,0,0
1382,30,Young Adult (25-34),Male,Footwear,Winter,Illinois,86.0,48,4,344.0,2.9,0,1,1,1.0,1,0,0,0.3344609843937574,0.5525459183673469,Medium,Medium,1,1,S4,Promo-Habituated Spenders,Standard,Venmo,0,1
1383,68,Senior (50-70),Male,Outerwear,Winter,Michigan,55.0,16,4,220.0,4.8,0,1,1,1.0,1,1,1,0.2905426170468187,0.3676556122448979,Low,Low,0,0,S2,Promo-Dependent Buyers,Express,Bank Transfer,1,0
1384,36,Mid-Age (35-49),Male,Accessories,Spring,Wisconsin,58.0,4,12,696.0,3.3,0,1,1,1.0,1,0,0,0.1362889155662264,0.2295561224489795,Low,Low,0,0,S2,Promo-Dependent Buyers,Express,Venmo,1,1
1385,46,Mid-Age (35-49),Male,Footwear,Fall,Alaska,96.0,8,52,4992.0,4.6,0,1,1,1.0,1,1,1,0.4608571428571428,0.4942142857142856,High,Medium,1,0,S4,Promo-Habituated Spenders,Standard,Bank Transfer,0,0
1386,41,Mid-Age (35-49),Male,Accessories,Fall,Mississippi,64.0,1,26,1664.0,2.6,0,1,1,1.0,1,0,0,0.1305490196078431,0.1985,Low,Low,0,0,S0,General Buyers,Store Pickup,Bank Transfer,0,0
1387,68,Senior (50-70),Male,Outerwear,Fall,Oregon,56.0,4,4,224.0,4.0,0,1,1,1.0,1,1,0,0.1530732292917166,0.2628061224489796,Low,Low,0,0,S2,Promo-Dependent Buyers,Next Day Air,Debit Card,1,1
1388,21,Teen (18-24),Male,Clothing,Winter,Maryland,85.0,20,12,1020.0,3.8,0,1,1,1.0,1,0,0,0.2742480992396958,0.459313775510204,Low,Medium,1,0,S4,Promo-Habituated Spenders,Standard,Credit Card,0,1
1389,62,Senior (50-70),Male,Clothing,Spring,Arkansas,23.0,40,4,92.0,3.9,0,1,1,1.0,1,0,0,0.3654813925570228,0.2961045918367346,Medium,Low,0,1,S0,General Buyers,Express,Cash,1,0
1390,59,Senior (50-70),Male,Accessories,Fall,Illinois,72.0,8,26,1872.0,2.6,0,1,1,1.0,1,0,0,0.173406162464986,0.2692142857142857,Low,Low,0,0,S0,General Buyers,Store Pickup,Debit Card,0,1
1391,25,Young Adult (25-34),Male,Accessories,Summer,Arkansas,38.0,42,52,1976.0,4.3,0,1,1,1.0,1,1,0,0.6450204081632653,0.3959336734693877,High,Low,0,1,S0,General Buyers,Standard,Debit Card,0,1
1392,53,Senior (50-70),Male,Clothing,Winter,Mississippi,29.0,38,1,29.0,3.6,0,1,1,1.0,1,0,0,0.314530612244898,0.2941505102040816,Medium,Low,0,1,S0,General Buyers,Express,Credit Card,1,1
1393,31,Young Adult (25-34),Male,Accessories,Spring,Arkansas,46.0,34,4,184.0,4.2,0,1,1,1.0,1,1,0,0.3527466986794718,0.3841173469387755,Medium,Low,0,0,S0,General Buyers,Express,Venmo,1,1
1394,46,Mid-Age (35-49),Male,Accessories,Spring,Idaho,58.0,14,26,1508.0,3.9,0,1,1,1.0,1,0,0,0.3141408563425369,0.3165765306122449,Medium,Low,0,0,S2,Promo-Dependent Buyers,Express,Paypal,1,1
1395,26,Young Adult (25-34),Male,Outerwear,Fall,Iowa,43.0,39,52,2236.0,4.7,0,1,1,1.0,1,1,1,0.6586530612244899,0.4265025510204081,High,Low,0,1,S0,General Buyers,Next Day Air,Cash,1,0
1396,47,Mid-Age (35-49),Male,Accessories,Spring,West Virginia,32.0,40,26,832.0,2.8,0,1,1,1.0,1,0,0,0.3853245298119247,0.2694795918367346,Medium,Low,0,1,S0,General Buyers,Next Day Air,Paypal,1,1
1397,37,Mid-Age (35-49),Male,Clothing,Winter,Wisconsin,30.0,49,12,360.0,3.0,0,1,1,1.0,1,0,0,0.3877991196478592,0.3186479591836735,Medium,Low,0,1,S0,General Buyers,Next Day Air,Debit Card,1,1
1398,55,Senior (50-70),Male,Accessories,Summer,Massachusetts,67.0,33,1,67.0,4.7,0,1,1,1.0,1,1,1,0.3719183673469388,0.500890306122449,Medium,Medium,0,0,S0,General Buyers,Store Pickup,Paypal,0,1
1399,30,Young Adult (25-34),Male,Clothing,Summer,Texas,45.0,25,52,2340.0,2.5,0,1,1,1.0,1,0,0,0.396938775510204,0.2318239795918367,Medium,Low,0,0,S0,General Buyers,Free Shipping,Credit Card,0,1
1400,19,Teen (18-24),Male,Accessories,Winter,Nebraska,81.0,48,1,81.0,3.1,0,1,1,1.0,1,0,0,0.3357551020408162,0.5426709183673469,Medium,Medium,1,1,S4,Promo-Habituated Spenders,Store Pickup,Venmo,0,1
1401,36,Mid-Age (35-49),Male,Accessories,Fall,Nevada,23.0,22,4,92.0,3.6,0,1,1,1.0,1,0,0,0.2312773109243697,0.1862678571428571,Low,Low,0,0,S2,Promo-Dependent Buyers,Next Day Air,Credit Card,1,1
1402,23,Teen (18-24),Male,Footwear,Fall,Indiana,59.0,1,52,3068.0,3.5,0,1,1,1.0,1,0,0,0.33,0.230625,Medium,Low,0,0,S2,Promo-Dependent Buyers,2-Day Shipping,Paypal,1,1
1403,62,Senior (50-70),Male,Accessories,Summer,North Dakota,21.0,47,12,252.0,3.1,0,1,1,1.0,1,0,0,0.3835542216886755,0.2750688775510204,Medium,Low,0,1,S0,General Buyers,Express,Paypal,1,1
1404,26,Young Adult (25-34),Male,Accessories,Spring,Georgia,20.0,20,26,520.0,3.6,0,1,1,1.0,1,0,0,0.3268755502200881,0.162938775510204,Medium,Low,0,0,S2,Promo-Dependent Buyers,Store Pickup,Credit Card,0,1
1405,36,Mid-Age (35-49),Male,Accessories,Winter,New Mexico,28.0,10,52,1456.0,3.5,0,1,1,1.0,1,0,0,0.3851020408163265,0.1409183673469387,Medium,Low,0,0,S2,Promo-Dependent Buyers,Next Day Air,Debit Card,1,1
1406,33,Young Adult (25-34),Male,Clothing,Winter,New Hampshire,100.0,39,12,1200.0,2.7,0,1,1,1.0,1,0,0,0.3025746298519408,0.5558775510204081,Low,Medium,1,1,S4,Promo-Habituated Spenders,Store Pickup,Credit Card,0,1
1407,32,Young Adult (25-34),Male,Clothing,Spring,Washington,46.0,15,12,552.0,3.6,0,1,1,1.0,1,0,0,0.2276358543417367,0.2511785714285714,Low,Low,0,0,S2,Promo-Dependent Buyers,Express,Debit Card,1,1
1408,56,Senior (50-70),Male,Accessories,Spring,Nevada,61.0,11,1,61.0,4.5,0,1,1,1.0,1,1,1,0.2212244897959184,0.3503954081632653,Low,Low,0,0,S0,General Buyers,Express,Credit Card,1,1
1409,58,Senior (50-70),Male,Clothing,Winter,Maine,58.0,38,52,3016.0,4.1,0,1,1,1.0,1,1,0,0.6045306122448979,0.4510255102040815,High,Medium,0,1,S0,General Buyers,Free Shipping,Venmo,0,1
1410,34,Young Adult (25-34),Male,Accessories,Spring,Idaho,50.0,41,26,1300.0,4.2,0,1,1,1.0,1,1,0,0.5034469787915166,0.4373316326530612,High,Medium,0,1,S0,General Buyers,Standard,Cash,0,0
1411,61,Senior (50-70),Male,Accessories,Summer,Tennessee,93.0,18,1,93.0,4.0,0,1,1,1.0,1,1,0,0.2240816326530612,0.496109693877551,Low,Medium,1,0,S4,Promo-Habituated Spenders,Store Pickup,Debit Card,0,1
1412,48,Mid-Age (35-49),Male,Clothing,Summer,Louisiana,24.0,13,4,96.0,2.8,0,1,1,1.0,1,0,0,0.1121752701080432,0.0967244897959183,Low,Low,0,0,S2,Promo-Dependent Buyers,Store Pickup,Venmo,0,1
1413,25,Young Adult (25-34),Male,Clothing,Summer,Michigan,100.0,43,1,100.0,2.6,0,1,1,1.0,1,0,0,0.2651428571428571,0.5702857142857143,Low,Medium,1,1,S4,Promo-Habituated Spenders,2-Day Shipping,Venmo,1,1
1414,51,Senior (50-70),Male,Clothing,Fall,New Hampshire,79.0,12,4,316.0,2.7,0,1,1,1.0,1,0,0,0.0980528211284514,0.3262474489795918,Low,Low,0,0,S0,General Buyers,Store Pickup,Bank Transfer,0,0
1415,29,Young Adult (25-34),Male,Clothing,Summer,Minnesota,51.0,3,26,1326.0,4.5,0,1,1,1.0,1,1,1,0.2947939175670268,0.265829081632653,Low,Low,0,0,S2,Promo-Dependent Buyers,Store Pickup,Credit Card,0,1
1416,54,Senior (50-70),Male,Accessories,Winter,Illinois,90.0,12,4,360.0,3.7,0,1,1,1.0,1,0,0,0.1780528211284514,0.4343724489795918,Low,Medium,1,0,S4,Promo-Habituated Spenders,Free Shipping,Credit Card,0,1
1417,48,Mid-Age (35-49),Male,Footwear,Summer,Idaho,56.0,46,4,224.0,3.4,0,1,1,1.0,1,0,0,0.3622160864345738,0.4410918367346939,Medium,Medium,0,1,S0,General Buyers,Free Shipping,Cash,0,0
1418,62,Senior (50-70),Male,Clothing,Spring,Montana,25.0,21,26,650.0,4.6,0,1,1,1.0,1,1,1,0.4129979991996798,0.2499158163265306,Medium,Low,0,0,S2,Promo-Dependent Buyers,Standard,Debit Card,0,1
1419,18,Teen (18-24),Male,Clothing,Summer,Alabama,75.0,23,4,300.0,4.1,0,1,1,1.0,1,1,0,0.2773997599039616,0.4488698979591836,Low,Medium,0,0,S0,General Buyers,2-Day Shipping,Venmo,1,1
1420,43,Mid-Age (35-49),Male,Accessories,Summer,Montana,75.0,4,4,300.0,2.6,0,1,1,1.0,1,0,0,0.0410732292917166,0.2619311224489796,Low,Low,0,0,S0,General Buyers,Free Shipping,Debit Card,0,1
1421,22,Teen (18-24),Male,Clothing,Summer,California,53.0,45,4,212.0,4.6,0,1,1,1.0,1,1,1,0.452093637454982,0.4948647959183673,Medium,Medium,0,1,S0,General Buyers,Store Pickup,Paypal,0,1
1422,68,Senior (50-70),Male,Clothing,Spring,Pennsylvania,100.0,24,26,2600.0,3.0,0,1,1,1.0,1,0,0,0.3033653461384553,0.4973469387755102,Medium,Medium,1,0,S4,Promo-Habituated Spenders,Standard,Bank Transfer,0,0
1423,44,Mid-Age (35-49),Male,Clothing,Fall,Texas,27.0,3,26,702.0,3.4,0,1,1,1.0,1,0,0,0.2067939175670268,0.094829081632653,Low,Low,0,0,S2,Promo-Dependent Buyers,Free Shipping,Paypal,0,1
1424,51,Senior (50-70),Male,Footwear,Fall,Michigan,60.0,12,4,240.0,3.5,0,1,1,1.0,1,0,0,0.1620528211284514,0.2911224489795918,Low,Low,0,0,S0,General Buyers,Free Shipping,Venmo,0,1
1425,66,Senior (50-70),Male,Outerwear,Fall,Connecticut,23.0,34,4,92.0,3.5,0,1,1,1.0,1,0,0,0.2967466986794718,0.2414923469387755,Low,Low,0,0,S0,General Buyers,Standard,Bank Transfer,0,0
1426,59,Senior (50-70),Male,Outerwear,Winter,Wyoming,40.0,39,1,40.0,3.7,0,1,1,1.0,1,0,0,0.3286530612244898,0.3533775510204082,Medium,Low,0,1,S0,General Buyers,Next Day Air,Credit Card,1,1
1427,60,Senior (50-70),Male,Clothing,Summer,Michigan,38.0,35,4,152.0,4.8,0,1,1,1.0,1,1,1,0.4068691476590636,0.390219387755102,Medium,Low,0,0,S0,General Buyers,Free Shipping,Paypal,0,1
1428,31,Young Adult (25-34),Male,Accessories,Summer,South Dakota,90.0,8,1,90.0,4.9,0,1,1,1.0,1,1,1,0.2348571428571429,0.4859642857142857,Low,Medium,1,0,S4,Promo-Habituated Spenders,Store Pickup,Credit Card,0,1
1429,20,Teen (18-24),Male,Clothing,Summer,North Dakota,97.0,42,4,388.0,4.9,0,1,1,1.0,1,1,1,0.4577262905162065,0.6900586734693878,High,High,1,1,S4,Promo-Habituated Spenders,Express,Paypal,1,1
1430,24,Teen (18-24),Male,Clothing,Fall,Maryland,38.0,6,4,152.0,4.7,0,1,1,1.0,1,1,1,0.2213181272509004,0.2362602040816326,Low,Low,0,0,S2,Promo-Dependent Buyers,Standard,Credit Card,0,1
1431,48,Mid-Age (35-49),Male,Footwear,Summer,Michigan,30.0,3,26,780.0,4.9,0,1,1,1.0,1,1,1,0.3267939175670268,0.197954081632653,Medium,Low,0,0,S2,Promo-Dependent Buyers,Free Shipping,Credit Card,0,1
1432,39,Mid-Age (35-49),Male,Clothing,Fall,South Dakota,88.0,29,4,352.0,2.9,0,1,1,1.0,1,0,0,0.2181344537815125,0.4643571428571428,Low,Medium,1,0,S4,Promo-Habituated Spenders,Express,Venmo,1,1
1433,34,Young Adult (25-34),Male,Accessories,Winter,Florida,33.0,32,4,132.0,4.4,0,1,1,1.0,1,1,0,0.3565018007202881,0.3290382653061224,Medium,Low,0,0,S0,General Buyers,Express,Debit Card,1,1
1434,70,Senior (50-70),Male,Clothing,Winter,Minnesota,60.0,45,52,3120.0,3.2,0,1,1,1.0,1,0,0,0.5753877551020409,0.4414897959183673,High,Medium,0,1,S0,General Buyers,Next Day Air,Debit Card,1,1
1435,59,Senior (50-70),Male,Clothing,Summer,New York,64.0,21,26,1664.0,4.6,0,1,1,1.0,1,1,1,0.4129979991996798,0.4205408163265306,Medium,Low,0,0,S0,General Buyers,Free Shipping,Debit Card,0,1
1436,45,Mid-Age (35-49),Male,Accessories,Fall,Oregon,95.0,41,52,4940.0,4.0,0,1,1,1.0,1,1,0,0.6148979591836734,0.6222066326530612,High,High,1,1,S4,Promo-Habituated Spenders,Standard,Cash,0,0
1437,35,Mid-Age (35-49),Male,Footwear,Winter,Minnesota,83.0,23,26,2158.0,3.7,0,1,1,1.0,1,0,0,0.3532428971588636,0.4598698979591836,Medium,Medium,1,0,S4,Promo-Habituated Spenders,Free Shipping,Paypal,0,1
1438,69,Senior (50-70),Male,Footwear,Winter,Montana,97.0,14,1,97.0,4.2,0,1,1,1.0,1,1,0,0.2155918367346939,0.5052015306122449,Low,Medium,1,0,S4,Promo-Habituated Spenders,Free Shipping,Cash,0,0
1439,58,Senior (50-70),Male,Outerwear,Spring,Washington,38.0,24,12,456.0,2.9,0,1,1,1.0,1,0,0,0.2267378951580632,0.2200969387755102,Low,Low,0,0,S2,Promo-Dependent Buyers,Standard,Debit Card,0,1
1440,25,Young Adult (25-34),Male,Footwear,Summer,New Mexico,48.0,25,26,1248.0,4.8,0,1,1,1.0,1,1,1,0.4534877951180472,0.3829489795918367,Medium,Low,0,0,S0,General Buyers,Next Day Air,Cash,1,0
1441,27,Young Adult (25-34),Male,Footwear,Spring,Arizona,76.0,13,12,912.0,4.4,0,1,1,1.0,1,1,0,0.279390956382553,0.4202244897959183,Low,Low,0,0,S0,General Buyers,Standard,Venmo,0,1
1442,34,Young Adult (25-34),Male,Clothing,Summer,Nebraska,25.0,3,4,100.0,3.4,0,1,1,1.0,1,0,0,0.0989507803121248,0.086079081632653,Low,Low,0,0,S2,Promo-Dependent Buyers,Free Shipping,Venmo,0,1
1443,53,Senior (50-70),Male,Clothing,Spring,Idaho,92.0,42,1,92.0,2.8,0,1,1,1.0,1,0,0,0.2750204081632653,0.5421836734693878,Low,Medium,1,1,S4,Promo-Habituated Spenders,2-Day Shipping,Credit Card,1,1
1444,58,Senior (50-70),Male,Footwear,Fall,Idaho,47.0,2,12,564.0,4.2,0,1,1,1.0,1,1,0,0.1960440176070428,0.2252270408163265,Low,Low,0,0,S2,Promo-Dependent Buyers,Next Day Air,Cash,1,0
1445,32,Young Adult (25-34),Male,Clothing,Fall,Vermont,36.0,26,4,144.0,3.8,0,1,1,1.0,1,0,0,0.2717671068427371,0.2755510204081632,Low,Low,0,0,S0,General Buyers,Express,Cash,1,0
1446,64,Senior (50-70),Male,Accessories,Fall,Arkansas,51.0,24,1,51.0,3.1,0,1,1,1.0,1,0,0,0.1888163265306122,0.2889719387755102,Low,Low,0,0,S2,Promo-Dependent Buyers,2-Day Shipping,Credit Card,1,1
1447,63,Senior (50-70),Male,Clothing,Summer,Wyoming,35.0,6,4,140.0,3.2,0,1,1,1.0,1,0,0,0.1013181272509003,0.1331352040816326,Low,Low,0,0,S2,Promo-Dependent Buyers,Express,Credit Card,1,1
1448,23,Teen (18-24),Male,Clothing,Summer,New Mexico,57.0,25,12,684.0,3.0,0,1,1,1.0,1,0,0,0.240860344137655,0.3143239795918368,Low,Low,0,0,S0,General Buyers,Next Day Air,Paypal,1,1
1449,64,Senior (50-70),Male,Footwear,Summer,West Virginia,95.0,11,4,380.0,3.6,0,1,1,1.0,1,0,0,0.1639303721488595,0.4451454081632653,Low,Medium,1,0,S4,Promo-Habituated Spenders,Free Shipping,Credit Card,0,1
1450,18,Teen (18-24),Male,Clothing,Winter,New York,41.0,20,4,164.0,2.5,0,1,1,1.0,1,0,0,0.131032412965186,0.188813775510204,Low,Low,0,0,S2,Promo-Dependent Buyers,Store Pickup,Cash,0,0
1451,25,Young Adult (25-34),Male,Clothing,Winter,Illinois,44.0,25,4,176.0,3.4,0,1,1,1.0,1,0,0,0.2336446578631452,0.2814489795918367,Low,Low,0,0,S0,General Buyers,Free Shipping,Cash,0,0
1452,54,Senior (50-70),Male,Outerwear,Fall,Utah,34.0,35,4,136.0,2.5,0,1,1,1.0,1,0,0,0.2228691476590636,0.234719387755102,Low,Low,0,0,S0,General Buyers,Next Day Air,Paypal,1,1
1453,60,Senior (50-70),Male,Outerwear,Spring,Colorado,25.0,11,4,100.0,4.7,0,1,1,1.0,1,1,1,0.2519303721488596,0.2048954081632653,Low,Low,0,0,S2,Promo-Dependent Buyers,2-Day Shipping,Bank Transfer,1,0
1454,36,Mid-Age (35-49),Male,Footwear,Winter,Virginia,93.0,41,26,2418.0,3.2,0,1,1,1.0,1,0,0,0.4234469787915166,0.5654566326530612,Medium,Medium,1,1,S4,Promo-Habituated Spenders,2-Day Shipping,Bank Transfer,1,0
1455,66,Senior (50-70),Male,Footwear,Winter,Georgia,50.0,17,1,50.0,2.9,0,1,1,1.0,1,0,0,0.1299591836734693,0.2368826530612244,Low,Low,0,0,S2,Promo-Dependent Buyers,Free Shipping,Credit Card,0,1
1456,60,Senior (50-70),Male,Clothing,Fall,Alabama,79.0,1,4,316.0,4.9,0,1,1,1.0,1,1,1,0.2067058823529412,0.402125,Low,Low,0,0,S0,General Buyers,Express,Paypal,1,1
1457,59,Senior (50-70),Male,Outerwear,Spring,Montana,100.0,30,4,400.0,2.7,0,1,1,1.0,1,0,0,0.2082569027611044,0.5099591836734694,Low,Medium,1,0,S4,Promo-Habituated Spenders,Store Pickup,Paypal,0,1
1458,58,Senior (50-70),Male,Clothing,Spring,Pennsylvania,57.0,47,26,1482.0,4.7,0,1,1,1.0,1,1,1,0.5801816726690676,0.5285688775510204,High,Medium,0,1,S0,General Buyers,Express,Venmo,1,1
1459,35,Mid-Age (35-49),Male,Clothing,Spring,Missouri,28.0,34,52,1456.0,2.9,0,1,1,1.0,1,0,0,0.4840408163265305,0.2273673469387755,High,Low,0,0,S0,General Buyers,2-Day Shipping,Venmo,1,1
1460,20,Teen (18-24),Male,Footwear,Winter,Maine,35.0,18,26,910.0,4.8,0,1,1,1.0,1,1,1,0.4106306522609043,0.290359693877551,Medium,Low,0,0,S2,Promo-Dependent Buyers,Express,Venmo,1,1
1461,70,Senior (50-70),Male,Footwear,Fall,Pennsylvania,85.0,33,26,2210.0,4.6,0,1,1,1.0,1,1,1,0.4864673869547818,0.573640306122449,High,Medium,1,0,S4,Promo-Habituated Spenders,Standard,Venmo,0,1
1462,54,Senior (50-70),Male,Accessories,Summer,Oregon,95.0,42,4,380.0,5.0,0,1,1,1.0,1,1,1,0.4657262905162065,0.6873086734693877,High,High,1,1,S4,Promo-Habituated Spenders,2-Day Shipping,Venmo,1,1
1463,38,Mid-Age (35-49),Male,Footwear,Summer,Utah,90.0,2,4,360.0,4.8,0,1,1,1.0,1,1,1,0.204828331332533,0.4493520408163265,Low,Medium,1,0,S4,Promo-Habituated Spenders,2-Day Shipping,Venmo,1,1
1464,54,Senior (50-70),Male,Accessories,Summer,Oklahoma,49.0,1,12,588.0,4.9,0,1,1,1.0,1,1,1,0.245921568627451,0.270875,Low,Low,0,0,S2,Promo-Dependent Buyers,Store Pickup,Bank Transfer,0,0
1465,33,Young Adult (25-34),Male,Accessories,Winter,Montana,92.0,23,4,368.0,4.6,0,1,1,1.0,1,1,1,0.3173997599039616,0.5532448979591836,Medium,Medium,1,0,S4,Promo-Habituated Spenders,2-Day Shipping,Bank Transfer,1,0
1466,46,Mid-Age (35-49),Male,Accessories,Winter,Nebraska,72.0,42,26,1872.0,3.9,0,1,1,1.0,1,0,0,0.4855694277711084,0.5206836734693877,High,Medium,0,1,S0,General Buyers,Store Pickup,Cash,0,0
1467,58,Senior (50-70),Male,Clothing,Summer,Alabama,71.0,3,1,71.0,4.5,0,1,1,1.0,1,1,1,0.1722448979591837,0.353329081632653,Low,Low,0,0,S0,General Buyers,Store Pickup,Paypal,0,1
1468,30,Young Adult (25-34),Male,Accessories,Winter,Ohio,27.0,16,26,702.0,4.7,0,1,1,1.0,1,1,1,0.3903857543017207,0.2391556122448979,Medium,Low,0,0,S2,Promo-Dependent Buyers,Store Pickup,Debit Card,0,1
1469,42,Mid-Age (35-49),Male,Accessories,Fall,Arkansas,39.0,46,26,1014.0,3.9,0,1,1,1.0,1,0,0,0.5100592236894758,0.3967168367346938,High,Low,0,1,S0,General Buyers,Express,Cash,1,0
1470,28,Young Adult (25-34),Male,Accessories,Winter,Mississippi,98.0,31,4,392.0,4.4,0,1,1,1.0,1,1,0,0.3503793517406963,0.6083112244897959,Medium,High,1,0,S4,Promo-Habituated Spenders,Standard,Paypal,0,1
1471,43,Mid-Age (35-49),Male,Footwear,Spring,California,27.0,15,4,108.0,3.9,0,1,1,1.0,1,0,0,0.2124201680672268,0.1860535714285714,Low,Low,0,0,S2,Promo-Dependent Buyers,Next Day Air,Cash,1,0
1472,31,Young Adult (25-34),Male,Accessories,Spring,Alaska,71.0,48,4,284.0,2.8,0,1,1,1.0,1,0,0,0.3264609843937574,0.4809209183673468,Medium,Medium,0,1,S0,General Buyers,2-Day Shipping,Venmo,1,1
1473,39,Mid-Age (35-49),Male,Accessories,Spring,Indiana,24.0,11,52,1248.0,3.5,0,1,1,1.0,1,0,0,0.3912244897959184,0.1285204081632653,Medium,Low,0,0,S2,Promo-Dependent Buyers,Store Pickup,Cash,0,0
1474,69,Senior (50-70),Male,Clothing,Fall,Wisconsin,63.0,20,4,252.0,4.3,0,1,1,1.0,1,1,0,0.275032412965186,0.393063775510204,Low,Low,0,0,S0,General Buyers,Express,Credit Card,1,1
1475,31,Young Adult (25-34),Male,Clothing,Fall,New Jersey,72.0,6,12,864.0,3.9,0,1,1,1.0,1,0,0,0.1965338135254101,0.3370102040816326,Low,Low,0,0,S0,General Buyers,Next Day Air,Credit Card,1,1
1476,44,Mid-Age (35-49),Male,Clothing,Spring,Rhode Island,61.0,24,12,732.0,4.0,0,1,1,1.0,1,1,0,0.3147378951580632,0.3867219387755102,Medium,Low,0,0,S0,General Buyers,Express,Cash,1,0
1477,39,Mid-Age (35-49),Male,Accessories,Fall,Wyoming,56.0,18,12,672.0,4.1,0,1,1,1.0,1,1,0,0.2860032012805121,0.340234693877551,Low,Low,0,0,S2,Promo-Dependent Buyers,Next Day Air,Credit Card,1,1
1478,24,Teen (18-24),Male,Accessories,Summer,Oregon,32.0,1,4,128.0,4.3,0,1,1,1.0,1,1,0,0.1587058823529411,0.1605,Low,Low,0,0,S2,Promo-Dependent Buyers,Standard,Paypal,0,1
1479,28,Young Adult (25-34),Male,Accessories,Summer,Washington,23.0,13,26,598.0,4.2,0,1,1,1.0,1,1,0,0.3320184073629452,0.1763494897959183,Medium,Low,0,0,S2,Promo-Dependent Buyers,Free Shipping,Venmo,0,1
1480,48,Mid-Age (35-49),Male,Outerwear,Spring,Washington,100.0,2,52,5200.0,4.0,0,1,1,1.0,1,1,0,0.3761224489795918,0.4451020408163265,Medium,Medium,1,0,S4,Promo-Habituated Spenders,Standard,Bank Transfer,0,0
1481,39,Mid-Age (35-49),Male,Accessories,Fall,New Hampshire,74.0,26,4,296.0,3.6,0,1,1,1.0,1,0,0,0.2557671068427371,0.4298010204081632,Low,Medium,0,0,S0,General Buyers,Express,Cash,1,0
1482,64,Senior (50-70),Male,Clothing,Spring,Maryland,33.0,31,4,132.0,3.3,0,1,1,1.0,1,0,0,0.2623793517406962,0.2579362244897959,Low,Low,0,0,S0,General Buyers,Standard,Paypal,0,1
1483,28,Young Adult (25-34),Male,Accessories,Spring,Wisconsin,67.0,43,52,3484.0,4.1,0,1,1,1.0,1,1,0,0.6351428571428571,0.5159107142857142,High,Medium,0,1,S0,General Buyers,2-Day Shipping,Bank Transfer,1,0
1484,39,Mid-Age (35-49),Male,Accessories,Summer,Massachusetts,61.0,12,26,1586.0,4.7,0,1,1,1.0,1,1,1,0.3658959583833533,0.3674974489795918,Medium,Low,0,0,S0,General Buyers,Next Day Air,Debit Card,1,1
1485,49,Mid-Age (35-49),Male,Clothing,Summer,Nebraska,46.0,22,4,184.0,4.4,0,1,1,1.0,1,1,0,0.2952773109243697,0.3348928571428571,Low,Low,0,0,S2,Promo-Dependent Buyers,Store Pickup,Venmo,0,1
1486,22,Teen (18-24),Male,Accessories,Spring,Nebraska,56.0,3,26,1456.0,3.4,0,1,1,1.0,1,0,0,0.2067939175670268,0.221704081632653,Low,Low,0,0,S2,Promo-Dependent Buyers,Standard,Cash,0,0
1487,25,Young Adult (25-34),Male,Footwear,Spring,Idaho,73.0,23,4,292.0,5.0,0,1,1,1.0,1,1,1,0.3493997599039616,0.4941198979591836,Medium,Medium,0,0,S0,General Buyers,Free Shipping,Venmo,0,1
1488,40,Mid-Age (35-49),Male,Clothing,Summer,Arizona,44.0,26,1,44.0,4.6,0,1,1,1.0,1,1,1,0.3210612244897959,0.3585510204081632,Medium,Low,0,0,S0,General Buyers,Store Pickup,Paypal,0,1
1489,23,Teen (18-24),Male,Accessories,Winter,Hawaii,44.0,37,52,2288.0,4.0,0,1,1,1.0,1,1,0,0.5904081632653061,0.3786734693877551,High,Low,0,0,S0,General Buyers,Standard,Credit Card,0,1
1490,24,Teen (18-24),Male,Accessories,Summer,Missouri,26.0,42,4,104.0,4.1,0,1,1,1.0,1,1,0,0.3937262905162064,0.3314336734693877,Medium,Low,0,1,S0,General Buyers,Next Day Air,Venmo,1,1
1491,66,Senior (50-70),Male,Footwear,Spring,Louisiana,52.0,15,26,1352.0,4.9,0,1,1,1.0,1,1,1,0.4002633053221289,0.3554285714285714,Medium,Low,0,0,S2,Promo-Dependent Buyers,Express,Venmo,1,1
1492,27,Young Adult (25-34),Male,Clothing,Summer,Arkansas,54.0,10,4,216.0,2.7,0,1,1,1.0,1,0,0,0.0858079231692677,0.2066683673469387,Low,Low,0,0,S2,Promo-Dependent Buyers,Free Shipping,Bank Transfer,0,0
1493,62,Senior (50-70),Male,Outerwear,Summer,North Carolina,38.0,3,4,152.0,4.5,0,1,1,1.0,1,1,1,0.1869507803121248,0.208954081632653,Low,Low,0,0,S2,Promo-Dependent Buyers,Free Shipping,Venmo,0,1
1494,70,Senior (50-70),Male,Accessories,Fall,North Dakota,44.0,44,4,176.0,2.7,0,1,1,1.0,1,0,0,0.2939711884753901,0.3363877551020408,Low,Low,0,1,S0,General Buyers,Standard,Credit Card,0,1
1495,43,Mid-Age (35-49),Male,Clothing,Spring,Montana,76.0,23,26,1976.0,3.0,0,1,1,1.0,1,0,0,0.2972428971588635,0.3872448979591836,Low,Low,0,0,S0,General Buyers,Next Day Air,Bank Transfer,1,0
1496,45,Mid-Age (35-49),Male,Accessories,Winter,Rhode Island,23.0,6,52,1196.0,4.5,0,1,1,1.0,1,1,1,0.4406122448979592,0.1586352040816326,Medium,Low,0,0,S2,Promo-Dependent Buyers,Next Day Air,Paypal,1,1
1497,63,Senior (50-70),Male,Clothing,Winter,Idaho,98.0,9,26,2548.0,5.0,0,1,1,1.0,1,1,1,0.3715286114445778,0.5320663265306123,Medium,Medium,1,0,S4,Promo-Habituated Spenders,Standard,Venmo,0,1
1498,69,Senior (50-70),Male,Outerwear,Spring,Michigan,33.0,16,4,132.0,3.8,0,1,1,1.0,1,0,0,0.2105426170468187,0.2114056122448979,Low,Low,0,0,S2,Promo-Dependent Buyers,2-Day Shipping,Debit Card,1,1
1499,59,Senior (50-70),Male,Clothing,Summer,Illinois,32.0,46,26,832.0,3.1,0,1,1,1.0,1,0,0,0.4460592236894758,0.3180918367346939,Medium,Low,0,1,S0,General Buyers,Standard,Venmo,0,1
1500,19,Teen (18-24),Male,Footwear,Fall,Georgia,85.0,24,4,340.0,3.4,0,1,1,1.0,1,0,0,0.2275222088835534,0.4557219387755102,Low,Medium,1,0,S4,Promo-Habituated Spenders,Free Shipping,Credit Card,0,1
1501,63,Senior (50-70),Male,Clothing,Summer,Alabama,69.0,22,12,828.0,4.8,0,1,1,1.0,1,1,1,0.3664929971988795,0.4595178571428571,Medium,Medium,0,0,S0,General Buyers,Next Day Air,Debit Card,1,1
1502,37,Mid-Age (35-49),Male,Clothing,Spring,Alaska,55.0,13,4,220.0,2.7,0,1,1,1.0,1,0,0,0.1041752701080432,0.2263494897959183,Low,Low,0,0,S2,Promo-Dependent Buyers,Standard,Debit Card,0,1
1503,37,Mid-Age (35-49),Male,Clothing,Summer,Massachusetts,66.0,20,26,1716.0,3.2,0,1,1,1.0,1,0,0,0.294875550220088,0.3401887755102041,Low,Low,0,0,S0,General Buyers,Store Pickup,Cash,0,0
1504,50,Senior (50-70),Male,Outerwear,Fall,Michigan,30.0,46,4,120.0,3.9,0,1,1,1.0,1,0,0,0.4022160864345738,0.3573418367346939,Medium,Low,0,1,S0,General Buyers,2-Day Shipping,Cash,1,0
1505,60,Senior (50-70),Male,Outerwear,Winter,Alaska,80.0,10,12,960.0,4.2,0,1,1,1.0,1,1,0,0.2450236094437775,0.4104183673469387,Low,Low,0,0,S0,General Buyers,Next Day Air,Bank Transfer,1,0
1506,46,Mid-Age (35-49),Male,Accessories,Summer,North Dakota,20.0,39,12,240.0,3.0,0,1,1,1.0,1,0,0,0.3265746298519407,0.2238775510204081,Medium,Low,0,1,S0,General Buyers,Express,Cash,1,0
1507,35,Mid-Age (35-49),Male,Clothing,Fall,South Carolina,30.0,44,4,120.0,3.0,0,1,1,1.0,1,0,0,0.3179711884753902,0.2931377551020407,Medium,Low,0,1,S0,General Buyers,2-Day Shipping,Paypal,1,1
1508,66,Senior (50-70),Male,Clothing,Winter,Pennsylvania,86.0,7,1,86.0,3.7,0,1,1,1.0,1,0,0,0.132734693877551,0.3913622448979591,Low,Low,1,0,S4,Promo-Habituated Spenders,2-Day Shipping,Venmo,1,1
1509,35,Mid-Age (35-49),Male,Clothing,Spring,Colorado,84.0,3,4,336.0,4.4,0,1,1,1.0,1,1,0,0.1789507803121248,0.4042040816326531,Low,Low,1,0,S4,Promo-Habituated Spenders,Store Pickup,Cash,0,0
1510,20,Teen (18-24),Male,Clothing,Summer,New Hampshire,54.0,44,1,54.0,4.6,0,1,1,1.0,1,1,1,0.4312653061224489,0.4941377551020408,Medium,Medium,0,1,S0,General Buyers,Free Shipping,Debit Card,0,1
1511,55,Senior (50-70),Male,Clothing,Fall,Maryland,30.0,31,1,30.0,3.0,0,1,1,1.0,1,0,0,0.2236734693877551,0.2268112244897959,Low,Low,0,0,S0,General Buyers,Free Shipping,Venmo,0,1
1512,34,Young Adult (25-34),Male,Clothing,Winter,Georgia,91.0,48,52,4732.0,3.6,0,1,1,1.0,1,0,0,0.6257551020408163,0.616420918367347,High,High,1,1,S4,Promo-Habituated Spenders,Express,Credit Card,1,1
1513,60,Senior (50-70),Male,Footwear,Winter,Wisconsin,23.0,18,26,598.0,3.9,0,1,1,1.0,1,0,0,0.3386306522609043,0.183859693877551,Medium,Low,0,0,S2,Promo-Dependent Buyers,Standard,Paypal,0,1
1514,22,Teen (18-24),Male,Clothing,Spring,Texas,35.0,27,12,420.0,4.1,0,1,1,1.0,1,1,0,0.3411052420968387,0.2942780612244898,Medium,Low,0,0,S0,General Buyers,Free Shipping,Cash,0,0
1515,26,Young Adult (25-34),Male,Footwear,Winter,Utah,90.0,1,52,4680.0,3.9,0,1,1,1.0,1,0,0,0.362,0.39025,Medium,Low,1,0,S4,Promo-Habituated Spenders,2-Day Shipping,Venmo,1,1
1516,39,Mid-Age (35-49),Male,Clothing,Fall,Indiana,93.0,34,52,4836.0,3.9,0,1,1,1.0,1,0,0,0.5640408163265306,0.5717423469387755,High,Medium,1,0,S4,Promo-Habituated Spenders,2-Day Shipping,Cash,1,0
1517,20,Teen (18-24),Male,Clothing,Winter,Nevada,68.0,5,26,1768.0,4.5,0,1,1,1.0,1,1,1,0.3070388155262105,0.3504081632653061,Medium,Low,0,0,S0,General Buyers,Express,Bank Transfer,1,0
1518,57,Senior (50-70),Male,Accessories,Spring,New Hampshire,41.0,12,4,164.0,3.4,0,1,1,1.0,1,0,0,0.1540528211284513,0.2019974489795918,Low,Low,0,0,S2,Promo-Dependent Buyers,Standard,Cash,0,0
1519,68,Senior (50-70),Male,Accessories,Winter,New York,73.0,14,26,1898.0,4.1,0,1,1,1.0,1,1,0,0.330140856342537,0.3942015306122448,Medium,Low,0,0,S0,General Buyers,Next Day Air,Venmo,1,1
1520,50,Senior (50-70),Male,Accessories,Fall,Texas,73.0,40,52,3796.0,4.9,0,1,1,1.0,1,1,1,0.6807755102040817,0.5748545918367347,High,Medium,0,1,S0,General Buyers,Next Day Air,Paypal,1,1
1521,21,Teen (18-24),Male,Accessories,Summer,Iowa,66.0,39,4,264.0,4.4,0,1,1,1.0,1,1,0,0.3993589435774309,0.5091275510204082,Medium,Medium,0,1,S0,General Buyers,2-Day Shipping,Cash,1,0
1522,29,Young Adult (25-34),Male,Accessories,Summer,Washington,59.0,50,52,3068.0,2.7,0,1,1,1.0,1,0,0,0.5660000000000001,0.432625,High,Medium,0,1,S0,General Buyers,2-Day Shipping,Bank Transfer,1,0
1523,38,Mid-Age (35-49),Male,Clothing,Spring,Tennessee,72.0,5,12,864.0,4.8,0,1,1,1.0,1,1,1,0.2624113645458183,0.3859081632653061,Low,Low,0,0,S0,General Buyers,Free Shipping,Debit Card,0,1
1524,54,Senior (50-70),Male,Clothing,Summer,Georgia,88.0,35,1,88.0,3.3,0,1,1,1.0,1,0,0,0.2721632653061224,0.518969387755102,Low,Medium,1,0,S4,Promo-Habituated Spenders,2-Day Shipping,Debit Card,1,1
1525,22,Teen (18-24),Male,Clothing,Summer,Massachusetts,76.0,6,26,1976.0,4.4,0,1,1,1.0,1,1,0,0.3051612645058023,0.3845102040816326,Medium,Low,0,0,S0,General Buyers,Free Shipping,Cash,0,0
1526,29,Young Adult (25-34),Male,Accessories,Winter,Oregon,31.0,22,26,806.0,4.6,0,1,1,1.0,1,1,1,0.4191204481792717,0.281267857142857,Medium,Low,0,0,S2,Promo-Dependent Buyers,2-Day Shipping,Cash,1,0
1527,41,Mid-Age (35-49),Male,Outerwear,Summer,Oklahoma,22.0,27,12,264.0,3.1,0,1,1,1.0,1,0,0,0.2611052420968387,0.1774030612244898,Low,Low,0,0,S0,General Buyers,Next Day Air,Paypal,1,1
1528,26,Young Adult (25-34),Male,Accessories,Fall,Wisconsin,75.0,33,26,1950.0,4.5,0,1,1,1.0,1,1,1,0.4784673869547819,0.5238903061224489,High,Medium,0,0,S0,General Buyers,2-Day Shipping,Debit Card,1,1
1529,69,Senior (50-70),Male,Clothing,Spring,Oregon,75.0,47,26,1950.0,4.0,0,1,1,1.0,1,1,0,0.5241816726690676,0.5653188775510204,High,Medium,0,1,S0,General Buyers,Store Pickup,Venmo,0,1
1530,20,Teen (18-24),Male,Accessories,Winter,Georgia,63.0,48,26,1638.0,3.1,0,1,1,1.0,1,0,0,0.4583041216486594,0.4639209183673469,High,Medium,0,1,S0,General Buyers,Free Shipping,Credit Card,0,1
1531,59,Senior (50-70),Male,Outerwear,Spring,New Mexico,21.0,22,4,84.0,3.9,0,1,1,1.0,1,0,0,0.2552773109243697,0.1955178571428571,Low,Low,0,0,S2,Promo-Dependent Buyers,Next Day Air,Bank Transfer,1,0
1532,63,Senior (50-70),Male,Accessories,Spring,Mississippi,83.0,8,26,2158.0,4.5,0,1,1,1.0,1,1,1,0.325406162464986,0.4313392857142856,Medium,Medium,1,0,S4,Promo-Habituated Spenders,Next Day Air,Paypal,1,1
1533,68,Senior (50-70),Male,Outerwear,Winter,Wisconsin,46.0,5,4,184.0,4.4,0,1,1,1.0,1,1,0,0.1911956782713085,0.2481581632653061,Low,Low,0,0,S2,Promo-Dependent Buyers,Next Day Air,Paypal,1,1
1534,50,Senior (50-70),Male,Footwear,Summer,New Hampshire,59.0,16,4,236.0,3.6,0,1,1,1.0,1,0,0,0.1945426170468187,0.3131556122448979,Low,Low,0,0,S2,Promo-Dependent Buyers,2-Day Shipping,Bank Transfer,1,0
1535,55,Senior (50-70),Male,Clothing,Summer,Wyoming,66.0,26,26,1716.0,3.4,0,1,1,1.0,1,0,0,0.3476102440976391,0.3828010204081633,Medium,Low,0,0,S0,General Buyers,Free Shipping,Venmo,0,1
1536,36,Mid-Age (35-49),Male,Footwear,Fall,West Virginia,74.0,8,12,888.0,4.0,0,1,1,1.0,1,1,0,0.2167787114845938,0.3619642857142857,Low,Low,0,0,S0,General Buyers,2-Day Shipping,Venmo,1,1
1537,18,Teen (18-24),Male,Accessories,Summer,Michigan,82.0,17,4,328.0,2.6,0,1,1,1.0,1,0,0,0.1206650660264105,0.3588826530612244,Low,Low,1,0,S4,Promo-Habituated Spenders,Store Pickup,Cash,0,0
1538,68,Senior (50-70),Male,Footwear,Spring,Alaska,89.0,50,1,89.0,3.2,0,1,1,1.0,1,0,0,0.356,0.593875,Medium,Medium,1,1,S4,Promo-Habituated Spenders,Next Day Air,Venmo,1,1
1539,56,Senior (50-70),Male,Clothing,Fall,Illinois,65.0,22,26,1690.0,3.2,0,1,1,1.0,1,0,0,0.3071204481792717,0.3460178571428571,Medium,Low,0,0,S0,General Buyers,Standard,Venmo,0,1
1540,32,Young Adult (25-34),Male,Accessories,Spring,Hawaii,55.0,19,4,220.0,5.0,0,1,1,1.0,1,1,1,0.3249099639855942,0.3949617346938775,Medium,Low,0,0,S2,Promo-Dependent Buyers,2-Day Shipping,Cash,1,0
1541,28,Young Adult (25-34),Male,Clothing,Winter,Colorado,95.0,14,12,1140.0,2.9,0,1,1,1.0,1,0,0,0.1655134053621448,0.4184515306122449,Low,Low,1,0,S4,Promo-Habituated Spenders,Next Day Air,Bank Transfer,1,0
1542,24,Teen (18-24),Male,Accessories,Winter,Illinois,77.0,35,26,2002.0,2.9,0,1,1,1.0,1,0,0,0.3627122849139655,0.446844387755102,Medium,Medium,0,0,S0,General Buyers,Store Pickup,Cash,0,0
1543,59,Senior (50-70),Male,Clothing,Winter,Hawaii,44.0,43,52,2288.0,3.5,0,1,1,1.0,1,0,0,0.5871428571428572,0.3792857142857143,High,Low,0,1,S0,General Buyers,Next Day Air,Paypal,1,1
1544,56,Senior (50-70),Male,Clothing,Fall,Wisconsin,89.0,24,1,89.0,4.0,0,1,1,1.0,1,1,0,0.2608163265306122,0.5092219387755103,Low,Medium,1,0,S4,Promo-Habituated Spenders,Standard,Venmo,0,1
1545,30,Young Adult (25-34),Male,Accessories,Spring,Arkansas,24.0,17,26,624.0,3.9,0,1,1,1.0,1,0,0,0.3325082032813125,0.1831326530612244,Medium,Low,0,0,S2,Promo-Dependent Buyers,Standard,Debit Card,0,1
1546,48,Mid-Age (35-49),Male,Accessories,Winter,Delaware,43.0,49,1,43.0,4.9,0,1,1,1.0,1,1,1,0.4858775510204082,0.4895229591836735,High,Medium,0,1,S0,General Buyers,Store Pickup,Bank Transfer,0,0
1547,60,Senior (50-70),Male,Footwear,Summer,Oregon,51.0,17,1,51.0,3.8,0,1,1,1.0,1,0,0,0.2019591836734693,0.2952576530612244,Low,Low,0,0,S2,Promo-Dependent Buyers,Express,Bank Transfer,1,0
1548,46,Mid-Age (35-49),Male,Accessories,Summer,South Carolina,46.0,40,4,184.0,3.5,0,1,1,1.0,1,0,0,0.3334813925570228,0.3727295918367346,Medium,Low,0,1,S0,General Buyers,Standard,Cash,0,0
1549,69,Senior (50-70),Male,Clothing,Summer,Maryland,32.0,43,52,1664.0,3.7,0,1,1,1.0,1,0,0,0.6031428571428572,0.3387857142857143,High,Low,0,1,S0,General Buyers,Store Pickup,Bank Transfer,0,0
1550,19,Teen (18-24),Male,Footwear,Spring,Kansas,55.0,19,4,220.0,2.9,0,1,1,1.0,1,0,0,0.1569099639855942,0.2689617346938776,Low,Low,0,0,S2,Promo-Dependent Buyers,2-Day Shipping,Debit Card,1,1
1551,66,Senior (50-70),Male,Accessories,Summer,Arkansas,26.0,40,4,104.0,2.8,0,1,1,1.0,1,0,0,0.2774813925570227,0.2432295918367346,Low,Low,0,1,S0,General Buyers,Free Shipping,Bank Transfer,0,0
1552,64,Senior (50-70),Male,Accessories,Summer,Minnesota,29.0,13,12,348.0,3.7,0,1,1,1.0,1,0,0,0.223390956382553,0.1725994897959183,Low,Low,0,0,S2,Promo-Dependent Buyers,2-Day Shipping,Credit Card,1,1
1553,54,Senior (50-70),Male,Clothing,Spring,New Mexico,49.0,20,12,588.0,3.0,0,1,1,1.0,1,0,0,0.2102480992396958,0.253813775510204,Low,Low,0,0,S2,Promo-Dependent Buyers,Express,Credit Card,1,1
1554,27,Young Adult (25-34),Male,Clothing,Spring,Delaware,45.0,21,4,180.0,4.8,0,1,1,1.0,1,1,1,0.3211548619447779,0.3494158163265306,Medium,Low,0,0,S2,Promo-Dependent Buyers,Free Shipping,Debit Card,0,1
1555,64,Senior (50-70),Male,Clothing,Winter,Utah,48.0,18,26,1248.0,2.7,0,1,1,1.0,1,0,0,0.2426306522609043,0.221234693877551,Low,Low,0,0,S2,Promo-Dependent Buyers,Standard,Cash,0,0
1556,43,Mid-Age (35-49),Male,Clothing,Winter,Ohio,47.0,44,4,188.0,4.5,0,1,1,1.0,1,1,1,0.4379711884753902,0.4575127551020408,Medium,Medium,0,1,S0,General Buyers,Free Shipping,Cash,0,0
1557,43,Mid-Age (35-49),Male,Clothing,Fall,Alabama,57.0,26,4,228.0,2.7,0,1,1,1.0,1,0,0,0.1837671068427371,0.3014260204081632,Low,Low,0,0,S0,General Buyers,Standard,Credit Card,0,1
1558,27,Young Adult (25-34),Male,Accessories,Fall,South Dakota,34.0,34,4,136.0,3.5,0,1,1,1.0,1,0,0,0.2967466986794718,0.2896173469387755,Low,Low,0,0,S0,General Buyers,Next Day Air,Paypal,1,1
1559,35,Mid-Age (35-49),Male,Accessories,Fall,New Mexico,75.0,24,4,300.0,3.5,0,1,1,1.0,1,0,0,0.2355222088835534,0.4179719387755102,Low,Low,0,0,S0,General Buyers,Express,Credit Card,1,1
1560,43,Mid-Age (35-49),Male,Accessories,Fall,Oregon,94.0,23,26,2444.0,4.5,0,1,1,1.0,1,1,1,0.4172428971588636,0.5559948979591837,Medium,Medium,1,0,S4,Promo-Habituated Spenders,Store Pickup,Paypal,0,1
1561,57,Senior (50-70),Male,Accessories,Winter,Oregon,84.0,3,52,4368.0,3.8,0,1,1,1.0,1,0,0,0.3662448979591836,0.368204081632653,Medium,Low,1,0,S4,Promo-Habituated Spenders,Free Shipping,Debit Card,0,1
1562,50,Senior (50-70),Male,Accessories,Summer,Mississippi,38.0,2,4,152.0,3.8,0,1,1,1.0,1,0,0,0.1248283313325329,0.1618520408163265,Low,Low,0,0,S2,Promo-Dependent Buyers,Standard,Bank Transfer,0,0
1563,37,Mid-Age (35-49),Male,Accessories,Winter,Alabama,75.0,23,26,1950.0,3.2,0,1,1,1.0,1,0,0,0.3132428971588635,0.3948698979591837,Medium,Low,0,0,S0,General Buyers,Next Day Air,Venmo,1,1
1564,68,Senior (50-70),Male,Clothing,Fall,Kansas,44.0,8,52,2288.0,4.3,0,1,1,1.0,1,1,0,0.4368571428571428,0.2487142857142857,Medium,Low,0,0,S2,Promo-Dependent Buyers,Next Day Air,Cash,1,0
1565,22,Teen (18-24),Male,Accessories,Summer,California,33.0,30,4,132.0,4.5,0,1,1,1.0,1,1,1,0.3522569027611044,0.3248341836734694,Medium,Low,0,0,S0,General Buyers,Next Day Air,Debit Card,1,1
1566,58,Senior (50-70),Male,Accessories,Fall,Idaho,93.0,48,1,93.0,4.2,0,1,1,1.0,1,1,0,0.4237551020408163,0.6611709183673469,Medium,High,1,1,S4,Promo-Habituated Spenders,Free Shipping,Paypal,0,1
1567,48,Mid-Age (35-49),Male,Footwear,Winter,Wyoming,99.0,21,26,2574.0,3.0,0,1,1,1.0,1,0,0,0.2849979991996798,0.4776658163265306,Low,Medium,1,0,S4,Promo-Habituated Spenders,Free Shipping,Cash,0,0
1568,30,Young Adult (25-34),Male,Accessories,Spring,Minnesota,33.0,9,12,396.0,4.1,0,1,1,1.0,1,1,0,0.2309011604641856,0.1936913265306122,Low,Low,0,0,S2,Promo-Dependent Buyers,Standard,Cash,0,0
1569,51,Senior (50-70),Male,Footwear,Spring,Washington,76.0,8,12,912.0,4.6,0,1,1,1.0,1,1,1,0.2647787114845938,0.4067142857142857,Low,Low,0,0,S0,General Buyers,Store Pickup,Debit Card,0,1
1570,20,Teen (18-24),Male,Clothing,Summer,Hawaii,63.0,29,52,3276.0,2.9,0,1,1,1.0,1,0,0,0.4534285714285713,0.3549821428571428,Medium,Low,0,0,S0,General Buyers,Standard,Debit Card,0,1
1571,30,Young Adult (25-34),Male,Clothing,Winter,Missouri,41.0,3,4,164.0,4.8,0,1,1,1.0,1,1,1,0.2109507803121248,0.240079081632653,Low,Low,0,0,S2,Promo-Dependent Buyers,Next Day Air,Bank Transfer,1,0
1572,28,Young Adult (25-34),Male,Accessories,Winter,Colorado,88.0,11,26,2288.0,4.5,0,1,1,1.0,1,1,1,0.3437735094037615,0.4685204081632653,Medium,Medium,1,0,S4,Promo-Habituated Spenders,Next Day Air,Bank Transfer,1,0
1573,37,Mid-Age (35-49),Male,Clothing,Summer,Washington,92.0,16,12,1104.0,3.4,0,1,1,1.0,1,0,0,0.2177583033213285,0.4455306122448979,Low,Medium,1,0,S4,Promo-Habituated Spenders,2-Day Shipping,Debit Card,1,1
1574,36,Mid-Age (35-49),Male,Clothing,Summer,North Dakota,31.0,25,52,1612.0,4.3,0,1,1,1.0,1,1,0,0.5409387755102041,0.2785739795918367,High,Low,0,0,S0,General Buyers,2-Day Shipping,Debit Card,1,1
1575,18,Teen (18-24),Male,Clothing,Spring,Minnesota,25.0,32,26,650.0,4.2,0,1,1,1.0,1,1,0,0.4483449379751901,0.2820382653061224,Medium,Low,0,0,S0,General Buyers,Free Shipping,Paypal,0,1
1576,52,Senior (50-70),Male,Clothing,Spring,California,28.0,28,26,728.0,3.6,0,1,1,1.0,1,0,0,0.3758551420568227,0.2387551020408163,Medium,Low,0,0,S0,General Buyers,Next Day Air,Cash,1,0
1577,56,Senior (50-70),Male,Clothing,Spring,Michigan,75.0,36,12,900.0,3.7,0,1,1,1.0,1,0,0,0.3642072829131653,0.4911964285714286,Medium,Medium,0,0,S0,General Buyers,2-Day Shipping,Paypal,1,1
1578,68,Senior (50-70),Male,Footwear,Spring,Delaware,34.0,7,26,884.0,4.0,0,1,1,1.0,1,1,0,0.2792837134853941,0.1818622448979591,Low,Low,0,0,S2,Promo-Dependent Buyers,Standard,Venmo,0,1
1579,62,Senior (50-70),Male,Clothing,Winter,California,97.0,2,4,388.0,4.9,0,1,1,1.0,1,1,1,0.212828331332533,0.4859770408163265,Low,Medium,1,0,S4,Promo-Habituated Spenders,2-Day Shipping,Paypal,1,1
1580,35,Mid-Age (35-49),Male,Outerwear,Summer,Oklahoma,80.0,6,12,960.0,3.1,0,1,1,1.0,1,0,0,0.1325338135254102,0.3240102040816326,Low,Low,0,0,S0,General Buyers,Free Shipping,Bank Transfer,0,0
1581,65,Senior (50-70),Male,Footwear,Summer,North Dakota,71.0,30,1,71.0,3.7,0,1,1,1.0,1,0,0,0.2735510204081632,0.4430841836734693,Low,Medium,0,0,S0,General Buyers,Standard,Cash,0,0
1582,69,Senior (50-70),Male,Accessories,Fall,Ohio,77.0,46,4,308.0,4.2,0,1,1,1.0,1,1,0,0.4262160864345738,0.5809668367346938,Medium,Medium,0,1,S0,General Buyers,Free Shipping,Cash,0,0
1583,28,Young Adult (25-34),Male,Accessories,Spring,Hawaii,41.0,39,12,492.0,2.5,0,1,1,1.0,1,0,0,0.2865746298519407,0.2857525510204081,Low,Low,0,1,S0,General Buyers,Next Day Air,Cash,1,0
1584,37,Mid-Age (35-49),Male,Accessories,Summer,Maryland,92.0,8,1,92.0,4.3,0,1,1,1.0,1,1,0,0.1868571428571428,0.4587142857142857,Low,Medium,1,0,S4,Promo-Habituated Spenders,Next Day Air,Venmo,1,1
1585,41,Mid-Age (35-49),Male,Clothing,Spring,Hawaii,95.0,46,4,380.0,3.1,0,1,1,1.0,1,0,0,0.3382160864345738,0.5937168367346939,Medium,Medium,1,1,S4,Promo-Habituated Spenders,Store Pickup,Credit Card,0,1
1586,37,Mid-Age (35-49),Male,Clothing,Fall,Alabama,25.0,40,26,650.0,3.0,0,1,1,1.0,1,0,0,0.4013245298119248,0.2508545918367347,Medium,Low,0,1,S0,General Buyers,Next Day Air,Debit Card,1,1
1587,25,Young Adult (25-34),Male,Footwear,Fall,Oklahoma,77.0,21,52,4004.0,4.0,0,1,1,1.0,1,1,0,0.4924489795918367,0.4414158163265306,High,Medium,0,0,S0,General Buyers,Express,Bank Transfer,1,0
1588,41,Mid-Age (35-49),Male,Clothing,Summer,Alabama,99.0,33,26,2574.0,3.5,0,1,1,1.0,1,0,0,0.3984673869547819,0.5688903061224491,Medium,Medium,1,0,S4,Promo-Habituated Spenders,Free Shipping,Credit Card,0,1
1589,48,Mid-Age (35-49),Male,Accessories,Winter,Vermont,24.0,3,12,288.0,3.2,0,1,1,1.0,1,0,0,0.1221664665866346,0.069704081632653,Low,Low,0,0,S2,Promo-Dependent Buyers,Next Day Air,Venmo,1,1
1590,42,Mid-Age (35-49),Male,Footwear,Summer,Ohio,72.0,48,52,3744.0,2.7,0,1,1,1.0,1,0,0,0.5537551020408162,0.4792959183673469,High,Medium,0,1,S0,General Buyers,Store Pickup,Cash,0,0
1591,54,Senior (50-70),Male,Clothing,Winter,Wisconsin,80.0,8,1,80.0,3.0,0,1,1,1.0,1,0,0,0.0828571428571428,0.3282142857142857,Low,Low,0,0,S0,General Buyers,Free Shipping,Paypal,0,1
1592,18,Teen (18-24),Male,Clothing,Winter,South Dakota,100.0,24,1,100.0,2.9,0,1,1,1.0,1,0,0,0.1728163265306122,0.4913469387755102,Low,Medium,1,0,S4,Promo-Habituated Spenders,Next Day Air,Paypal,1,1
1593,56,Senior (50-70),Male,Footwear,Summer,Iowa,83.0,10,4,332.0,3.3,0,1,1,1.0,1,0,0,0.1338079231692677,0.3695433673469387,Low,Low,1,0,S4,Promo-Habituated Spenders,Free Shipping,Bank Transfer,0,0
1594,61,Senior (50-70),Male,Clothing,Spring,Maryland,95.0,25,12,1140.0,4.9,0,1,1,1.0,1,1,1,0.3928603441376551,0.5945739795918368,Medium,Medium,1,0,S4,Promo-Habituated Spenders,2-Day Shipping,Bank Transfer,1,0
1595,40,Mid-Age (35-49),Male,Accessories,Summer,Colorado,41.0,3,26,1066.0,3.7,0,1,1,1.0,1,0,0,0.2307939175670268,0.174079081632653,Low,Low,0,0,S2,Promo-Dependent Buyers,Store Pickup,Cash,0,0
1596,34,Young Adult (25-34),Male,Accessories,Spring,Wisconsin,35.0,45,26,910.0,3.5,0,1,1,1.0,1,0,0,0.471936774709884,0.3501147959183673,High,Low,0,1,S0,General Buyers,Standard,Debit Card,0,1
1597,42,Mid-Age (35-49),Male,Accessories,Fall,Mississippi,30.0,15,12,360.0,4.7,0,1,1,1.0,1,1,1,0.3156358543417367,0.2471785714285714,Medium,Low,0,0,S2,Promo-Dependent Buyers,Store Pickup,Debit Card,0,1
1598,43,Mid-Age (35-49),Male,Accessories,Winter,Mississippi,21.0,34,4,84.0,2.6,0,1,1,1.0,1,0,0,0.2247466986794717,0.1787423469387755,Low,Low,0,0,S0,General Buyers,Store Pickup,Bank Transfer,0,0
1599,47,Mid-Age (35-49),Male,Accessories,Fall,California,85.0,21,26,2210.0,4.1,0,1,1,1.0,1,1,0,0.3729979991996798,0.4824158163265306,Medium,Medium,1,0,S4,Promo-Habituated Spenders,Express,Venmo,1,1
1600,48,Mid-Age (35-49),Male,Clothing,Winter,Delaware,54.0,22,26,1404.0,2.8,0,1,1,1.0,1,0,0,0.2751204481792716,0.2738928571428571,Low,Low,0,0,S2,Promo-Dependent Buyers,2-Day Shipping,Debit Card,1,1
1601,20,Teen (18-24),Male,Footwear,Spring,Montana,26.0,24,52,1352.0,4.7,0,1,1,1.0,1,1,1,0.5668163265306123,0.2755969387755102,High,Low,0,0,S2,Promo-Dependent Buyers,Next Day Air,Paypal,1,1
1602,65,Senior (50-70),Male,Clothing,Spring,Indiana,59.0,33,12,708.0,2.9,0,1,1,1.0,1,0,0,0.2818399359743897,0.357890306122449,Low,Low,0,0,S0,General Buyers,Store Pickup,Credit Card,0,1
1603,54,Senior (50-70),Male,Accessories,Winter,West Virginia,48.0,13,26,1248.0,2.8,0,1,1,1.0,1,0,0,0.2200184073629451,0.2017244897959183,Low,Low,0,0,S2,Promo-Dependent Buyers,Free Shipping,Venmo,0,1
1604,23,Teen (18-24),Male,Clothing,Summer,Iowa,98.0,17,26,2548.0,4.3,0,1,1,1.0,1,1,0,0.3645082032813125,0.5308826530612245,Medium,Medium,1,0,S4,Promo-Habituated Spenders,Next Day Air,Debit Card,1,1
1605,18,Teen (18-24),Male,Clothing,Summer,Maine,92.0,25,4,368.0,4.8,0,1,1,1.0,1,1,1,0.3456446578631452,0.5754489795918367,Medium,Medium,1,0,S4,Promo-Habituated Spenders,2-Day Shipping,Credit Card,1,1
1606,70,Senior (50-70),Male,Accessories,Winter,Connecticut,46.0,15,26,1196.0,3.4,0,1,1,1.0,1,0,0,0.2802633053221288,0.2391785714285714,Low,Low,0,0,S2,Promo-Dependent Buyers,Next Day Air,Credit Card,1,1
1607,55,Senior (50-70),Male,Clothing,Spring,Kansas,21.0,4,26,546.0,4.3,0,1,1,1.0,1,1,0,0.2849163665466186,0.1276811224489795,Low,Low,0,0,S2,Promo-Dependent Buyers,Standard,Paypal,0,1
1608,49,Mid-Age (35-49),Male,Clothing,Fall,Vermont,72.0,43,4,288.0,2.7,0,1,1,1.0,1,0,0,0.2878487394957983,0.4537857142857142,Low,Medium,0,1,S0,General Buyers,Free Shipping,Debit Card,0,1
1609,26,Young Adult (25-34),Male,Footwear,Fall,Nebraska,58.0,12,26,1508.0,4.6,0,1,1,1.0,1,1,1,0.3578959583833533,0.3483724489795918,Medium,Low,0,0,S2,Promo-Dependent Buyers,Next Day Air,Bank Transfer,1,0
1610,33,Young Adult (25-34),Male,Clothing,Fall,Nevada,93.0,3,12,1116.0,4.1,0,1,1,1.0,1,1,0,0.1941664665866346,0.425579081632653,Low,Low,1,0,S4,Promo-Habituated Spenders,Standard,Venmo,0,1
1611,20,Teen (18-24),Male,Clothing,Spring,Tennessee,31.0,1,1,31.0,3.4,0,1,1,1.0,1,0,0,0.072,0.102125,Low,Low,0,0,S2,Promo-Dependent Buyers,2-Day Shipping,Paypal,1,1
1612,41,Mid-Age (35-49),Male,Clothing,Winter,Arkansas,26.0,6,12,312.0,4.5,0,1,1,1.0,1,1,1,0.2445338135254102,0.1717602040816326,Low,Low,0,0,S2,Promo-Dependent Buyers,Next Day Air,Debit Card,1,1
1613,18,Teen (18-24),Male,Clothing,Summer,Wisconsin,68.0,26,12,816.0,4.4,0,1,1,1.0,1,1,0,0.3589827931172469,0.4515510204081633,Medium,Medium,0,0,S0,General Buyers,Standard,Venmo,0,1
1614,26,Young Adult (25-34),Male,Accessories,Summer,Illinois,31.0,6,26,806.0,4.0,0,1,1,1.0,1,1,0,0.2731612645058023,0.1636352040816326,Low,Low,0,0,S2,Promo-Dependent Buyers,Next Day Air,Credit Card,1,1
1615,30,Young Adult (25-34),Male,Clothing,Summer,Kansas,41.0,22,26,1066.0,3.4,0,1,1,1.0,1,0,0,0.3231204481792717,0.2530178571428571,Medium,Low,0,0,S2,Promo-Dependent Buyers,Free Shipping,Cash,0,0
1616,64,Senior (50-70),Male,Accessories,Fall,New York,62.0,45,26,1612.0,3.2,0,1,1,1.0,1,0,0,0.447936774709884,0.4502397959183674,Medium,Medium,0,1,S0,General Buyers,Standard,Cash,0,0
1617,26,Young Adult (25-34),Male,Accessories,Spring,Colorado,41.0,50,4,164.0,3.4,0,1,1,1.0,1,0,0,0.3867058823529412,0.395875,Medium,Low,0,1,S0,General Buyers,Standard,Cash,0,0
1618,43,Mid-Age (35-49),Male,Clothing,Winter,Wisconsin,64.0,50,26,1664.0,4.3,0,1,1,1.0,1,1,0,0.5665490196078431,0.5505,High,Medium,0,1,S0,General Buyers,Standard,Credit Card,0,1
1619,63,Senior (50-70),Male,Footwear,Summer,Michigan,72.0,39,4,288.0,5.0,0,1,1,1.0,1,1,1,0.447358943577431,0.5713775510204081,Medium,Medium,0,1,S0,General Buyers,Standard,Debit Card,0,1
1620,57,Senior (50-70),Male,Accessories,Winter,Hawaii,78.0,50,26,2028.0,3.5,0,1,1,1.0,1,0,0,0.5025490196078432,0.56375,High,Medium,0,1,S0,General Buyers,Store Pickup,Venmo,0,1
1621,25,Young Adult (25-34),Male,Accessories,Winter,Virginia,47.0,27,4,188.0,3.1,0,1,1,1.0,1,0,0,0.2218895558223289,0.2867780612244898,Low,Low,0,0,S0,General Buyers,2-Day Shipping,Paypal,1,1
1622,68,Senior (50-70),Male,Accessories,Summer,Ohio,46.0,38,26,1196.0,3.9,0,1,1,1.0,1,0,0,0.461079631852741,0.3865255102040815,High,Low,0,1,S0,General Buyers,2-Day Shipping,Debit Card,1,1
1623,31,Young Adult (25-34),Male,Clothing,Winter,Missouri,43.0,37,4,172.0,4.0,0,1,1,1.0,1,1,0,0.3551140456182473,0.3742984693877551,Medium,Low,0,0,S0,General Buyers,Store Pickup,Bank Transfer,0,0
1624,64,Senior (50-70),Male,Accessories,Summer,Indiana,58.0,50,1,58.0,3.5,0,1,1,1.0,1,0,0,0.38,0.47625,Medium,Medium,0,1,S0,General Buyers,Next Day Air,Debit Card,1,1
1625,38,Mid-Age (35-49),Male,Clothing,Winter,Florida,32.0,40,4,128.0,3.6,0,1,1,1.0,1,0,0,0.3414813925570228,0.3174795918367347,Medium,Low,0,1,S0,General Buyers,Free Shipping,Paypal,0,1
1626,34,Young Adult (25-34),Male,Clothing,Winter,Minnesota,45.0,3,26,1170.0,3.0,0,1,1,1.0,1,0,0,0.1747939175670268,0.149579081632653,Low,Low,0,0,S2,Promo-Dependent Buyers,Next Day Air,Paypal,1,1
1627,32,Young Adult (25-34),Male,Footwear,Summer,Nevada,35.0,45,26,910.0,2.6,0,1,1,1.0,1,0,0,0.399936774709884,0.2961147959183673,Medium,Low,0,1,S0,General Buyers,Next Day Air,Credit Card,1,1
1628,69,Senior (50-70),Male,Accessories,Winter,Maine,21.0,8,1,21.0,2.9,0,1,1,1.0,1,0,0,0.0748571428571428,0.0640892857142857,Low,Low,0,0,S2,Promo-Dependent Buyers,Next Day Air,Credit Card,1,1
1629,45,Mid-Age (35-49),Male,Clothing,Winter,Massachusetts,64.0,7,12,768.0,3.1,0,1,1,1.0,1,0,0,0.138656262505002,0.2591122448979592,Low,Low,0,0,S0,General Buyers,Next Day Air,Cash,1,0
1630,35,Mid-Age (35-49),Male,Clothing,Spring,North Dakota,88.0,13,4,352.0,3.3,0,1,1,1.0,1,0,0,0.1521752701080432,0.4067244897959183,Low,Low,1,0,S4,Promo-Habituated Spenders,Next Day Air,Venmo,1,1
1631,63,Senior (50-70),Male,Footwear,Summer,New Jersey,48.0,29,4,192.0,2.9,0,1,1,1.0,1,0,0,0.2181344537815125,0.2893571428571428,Low,Low,0,0,S0,General Buyers,Store Pickup,Venmo,0,1
1632,65,Senior (50-70),Male,Clothing,Summer,Indiana,36.0,7,26,936.0,3.9,0,1,1,1.0,1,0,0,0.2712837134853941,0.1846122448979591,Low,Low,0,0,S2,Promo-Dependent Buyers,2-Day Shipping,Bank Transfer,1,0
1633,35,Mid-Age (35-49),Male,Accessories,Summer,Oregon,28.0,50,4,112.0,4.7,0,1,1,1.0,1,1,1,0.4907058823529412,0.417,High,Low,0,1,S0,General Buyers,2-Day Shipping,Debit Card,1,1
1634,54,Senior (50-70),Male,Clothing,Spring,North Dakota,80.0,33,26,2080.0,4.4,0,1,1,1.0,1,1,0,0.4704673869547819,0.5397653061224489,High,Medium,0,0,S0,General Buyers,2-Day Shipping,Debit Card,1,1
1635,28,Young Adult (25-34),Male,Outerwear,Summer,South Carolina,23.0,30,4,92.0,3.6,0,1,1,1.0,1,0,0,0.2802569027611045,0.2270841836734694,Low,Low,0,0,S0,General Buyers,Store Pickup,Cash,0,0
1636,68,Senior (50-70),Male,Accessories,Summer,North Carolina,24.0,40,1,24.0,3.2,0,1,1,1.0,1,0,0,0.2947755102040816,0.2584795918367347,Low,Low,0,1,S0,General Buyers,Standard,Cash,0,0
1637,58,Senior (50-70),Male,Footwear,Fall,North Dakota,22.0,49,26,572.0,4.0,0,1,1,1.0,1,1,0,0.5364265706282513,0.3436479591836734,High,Low,0,1,S0,General Buyers,Free Shipping,Cash,0,0
1638,35,Mid-Age (35-49),Male,Clothing,Spring,Massachusetts,21.0,32,26,546.0,3.5,0,1,1,1.0,1,0,0,0.3923449379751901,0.2225382653061224,Medium,Low,0,0,S0,General Buyers,Next Day Air,Venmo,1,1
1639,68,Senior (50-70),Male,Outerwear,Spring,Tennessee,51.0,18,52,2652.0,4.6,0,1,1,1.0,1,1,1,0.5220816326530613,0.3483596938775509,High,Low,0,0,S2,Promo-Dependent Buyers,Free Shipping,Venmo,0,1
1640,41,Mid-Age (35-49),Male,Accessories,Summer,Missouri,65.0,50,1,65.0,3.3,0,1,1,1.0,1,0,0,0.364,0.494875,Medium,Medium,0,1,S0,General Buyers,Free Shipping,Paypal,0,1
1641,65,Senior (50-70),Male,Accessories,Spring,Tennessee,51.0,13,52,2652.0,4.0,0,1,1,1.0,1,1,0,0.443469387755102,0.2868494897959184,Medium,Low,0,0,S2,Promo-Dependent Buyers,2-Day Shipping,Paypal,1,1
1642,50,Senior (50-70),Male,Clothing,Summer,Colorado,32.0,1,4,128.0,3.4,0,1,1,1.0,1,0,0,0.0867058823529411,0.1065,Low,Low,0,0,S2,Promo-Dependent Buyers,Free Shipping,Bank Transfer,0,0
1643,18,Teen (18-24),Male,Outerwear,Spring,Mississippi,70.0,16,26,1820.0,4.2,0,1,1,1.0,1,1,0,0.3503857543017207,0.3972806122448979,Medium,Low,0,0,S0,General Buyers,Store Pickup,Paypal,0,1
1644,38,Mid-Age (35-49),Male,Accessories,Summer,Ohio,77.0,6,12,924.0,3.9,0,1,1,1.0,1,0,0,0.1965338135254101,0.3588852040816326,Low,Low,0,0,S0,General Buyers,2-Day Shipping,Paypal,1,1
1645,68,Senior (50-70),Male,Outerwear,Summer,North Carolina,90.0,21,12,1080.0,3.9,0,1,1,1.0,1,0,0,0.2883705482192877,0.4922908163265306,Low,Medium,1,0,S4,Promo-Habituated Spenders,Next Day Air,Debit Card,1,1
1646,53,Senior (50-70),Male,Accessories,Summer,Ohio,36.0,36,4,144.0,2.8,0,1,1,1.0,1,0,0,0.2529915966386554,0.2665714285714285,Low,Low,0,0,S0,General Buyers,Standard,Venmo,0,1
1647,58,Senior (50-70),Male,Accessories,Summer,Nebraska,77.0,20,4,308.0,3.7,0,1,1,1.0,1,0,0,0.2270324129651861,0.418313775510204,Low,Low,0,0,S0,General Buyers,Standard,Bank Transfer,0,0
1648,34,Young Adult (25-34),Male,Footwear,Summer,Hawaii,78.0,8,4,312.0,4.9,0,1,1,1.0,1,1,1,0.249563025210084,0.4334642857142857,Low,Medium,0,0,S0,General Buyers,Store Pickup,Debit Card,0,1
1649,36,Mid-Age (35-49),Male,Clothing,Summer,Oklahoma,69.0,22,12,828.0,2.6,0,1,1,1.0,1,0,0,0.1904929971988795,0.3275178571428571,Low,Low,0,0,S0,General Buyers,Express,Credit Card,1,1
1650,58,Senior (50-70),Male,Clothing,Summer,Wisconsin,63.0,3,4,252.0,4.9,0,1,1,1.0,1,1,1,0.2189507803121249,0.3423290816326531,Low,Low,0,0,S0,General Buyers,Free Shipping,Credit Card,0,1
1651,60,Senior (50-70),Male,Accessories,Winter,Arkansas,36.0,46,26,936.0,3.4,0,1,1,1.0,1,0,0,0.4700592236894758,0.3535918367346938,High,Low,0,1,S0,General Buyers,Next Day Air,Credit Card,1,1
1652,59,Senior (50-70),Male,Outerwear,Winter,Texas,80.0,42,12,960.0,3.9,0,1,1,1.0,1,0,0,0.4169419767907163,0.5556836734693877,Medium,Medium,0,1,S0,General Buyers,Standard,Debit Card,0,1
1653,65,Senior (50-70),Male,Clothing,Summer,New Mexico,35.0,1,26,910.0,4.0,0,1,1,1.0,1,1,0,0.2425490196078431,0.1556249999999999,Low,Low,0,0,S2,Promo-Dependent Buyers,Next Day Air,Bank Transfer,1,0
1654,31,Young Adult (25-34),Male,Accessories,Winter,Colorado,93.0,29,26,2418.0,3.0,0,1,1,1.0,1,0,0,0.3339775910364145,0.4922321428571428,Medium,Medium,1,0,S4,Promo-Habituated Spenders,2-Day Shipping,Debit Card,1,1
1655,43,Mid-Age (35-49),Male,Accessories,Spring,Indiana,25.0,14,4,100.0,2.6,0,1,1,1.0,1,0,0,0.102297719087635,0.0942015306122449,Low,Low,0,0,S2,Promo-Dependent Buyers,Store Pickup,Credit Card,0,1
1656,37,Mid-Age (35-49),Male,Clothing,Spring,Arizona,81.0,4,12,972.0,3.2,0,1,1,1.0,1,0,0,0.1282889155662265,0.3241811224489795,Low,Low,1,0,S4,Promo-Habituated Spenders,Next Day Air,Paypal,1,1
1657,21,Teen (18-24),Male,Clothing,Spring,Indiana,42.0,41,4,168.0,2.6,0,1,1,1.0,1,0,0,0.2676038415366146,0.3063316326530612,Low,Low,0,1,S0,General Buyers,2-Day Shipping,Paypal,1,1
1658,69,Senior (50-70),Male,Clothing,Spring,Indiana,36.0,4,26,936.0,3.2,0,1,1,1.0,1,0,0,0.1969163665466186,0.1273061224489796,Low,Low,0,0,S2,Promo-Dependent Buyers,Store Pickup,Debit Card,0,1
1659,32,Young Adult (25-34),Male,Accessories,Spring,Alaska,66.0,47,52,3432.0,4.1,0,1,1,1.0,1,1,0,0.6596326530612245,0.5319438775510203,High,Medium,0,1,S0,General Buyers,Store Pickup,Cash,0,0
1660,53,Senior (50-70),Male,Accessories,Fall,Utah,37.0,44,1,37.0,3.9,0,1,1,1.0,1,0,0,0.3752653061224489,0.3777627551020408,Medium,Low,0,1,S0,General Buyers,Next Day Air,Venmo,1,1
1661,59,Senior (50-70),Male,Clothing,Winter,Louisiana,45.0,37,12,540.0,4.1,0,1,1,1.0,1,1,0,0.4023297318927571,0.389048469387755,Medium,Low,0,0,S0,General Buyers,Standard,Venmo,0,1
1662,64,Senior (50-70),Male,Accessories,Summer,Iowa,86.0,21,4,344.0,2.7,0,1,1,1.0,1,0,0,0.1531548619447779,0.4027908163265306,Low,Low,1,0,S4,Promo-Habituated Spenders,2-Day Shipping,Debit Card,1,1
1663,63,Senior (50-70),Male,Accessories,Winter,New Mexico,24.0,46,26,624.0,4.6,0,1,1,1.0,1,1,1,0.5660592236894757,0.3730918367346938,High,Low,0,1,S0,General Buyers,Free Shipping,Debit Card,0,1
1664,43,Mid-Age (35-49),Male,Clothing,Summer,Maine,22.0,1,26,572.0,3.5,0,1,1,1.0,1,0,0,0.2025490196078431,0.0687499999999999,Low,Low,0,0,S2,Promo-Dependent Buyers,Standard,Cash,0,0
1665,19,Teen (18-24),Male,Accessories,Spring,Minnesota,53.0,35,52,2756.0,5.0,0,1,1,1.0,1,1,1,0.6581632653061225,0.467844387755102,High,Medium,0,0,S0,General Buyers,Next Day Air,Paypal,1,1
1666,40,Mid-Age (35-49),Male,Outerwear,Fall,New Mexico,41.0,49,12,492.0,3.4,0,1,1,1.0,1,0,0,0.4197991196478591,0.3907729591836734,Medium,Low,0,1,S0,General Buyers,Next Day Air,Venmo,1,1
1667,51,Senior (50-70),Male,Clothing,Summer,Arkansas,64.0,47,1,64.0,3.1,0,1,1,1.0,1,0,0,0.3296326530612244,0.4631938775510205,Medium,Medium,0,1,S0,General Buyers,Store Pickup,Paypal,0,1
1668,51,Senior (50-70),Male,Accessories,Winter,Oklahoma,40.0,24,4,160.0,3.4,0,1,1,1.0,1,0,0,0.2275222088835534,0.2588469387755102,Low,Low,0,0,S2,Promo-Dependent Buyers,2-Day Shipping,Bank Transfer,1,0
1669,66,Senior (50-70),Male,Clothing,Summer,Utah,33.0,28,26,858.0,4.0,0,1,1,1.0,1,1,0,0.4078551420568227,0.2846301020408163,Medium,Low,0,0,S0,General Buyers,Standard,Debit Card,0,1
1670,42,Mid-Age (35-49),Male,Clothing,Winter,Wisconsin,59.0,22,4,236.0,2.7,0,1,1,1.0,1,0,0,0.1592773109243697,0.2897678571428571,Low,Low,0,0,S2,Promo-Dependent Buyers,Store Pickup,Bank Transfer,0,0
1671,22,Teen (18-24),Male,Clothing,Fall,Utah,73.0,20,52,3796.0,3.6,0,1,1,1.0,1,0,0,0.4543265306122449,0.3948137755102041,Medium,Low,0,0,S0,General Buyers,Free Shipping,Cash,0,0
1672,31,Young Adult (25-34),Male,Clothing,Winter,Utah,22.0,25,52,1144.0,4.0,0,1,1,1.0,1,1,0,0.5169387755102041,0.2211989795918367,High,Low,0,0,S0,General Buyers,Free Shipping,Bank Transfer,0,0
1673,18,Teen (18-24),Male,Footwear,Fall,South Carolina,73.0,15,4,292.0,3.8,0,1,1,1.0,1,0,0,0.2044201680672268,0.3813035714285714,Low,Low,0,0,S0,General Buyers,Free Shipping,Venmo,0,1
1674,21,Teen (18-24),Male,Clothing,Fall,Hawaii,62.0,49,26,1612.0,3.4,0,1,1,1.0,1,0,0,0.4884265706282513,0.4826479591836735,High,Medium,0,1,S0,General Buyers,Next Day Air,Venmo,1,1
1675,35,Mid-Age (35-49),Male,Outerwear,Winter,Alaska,56.0,10,26,1456.0,3.2,0,1,1,1.0,1,0,0,0.2336510604241697,0.2454183673469387,Low,Low,0,0,S2,Promo-Dependent Buyers,Free Shipping,Debit Card,0,1
1676,35,Mid-Age (35-49),Male,Clothing,Spring,Colorado,90.0,21,1,90.0,4.7,0,1,1,1.0,1,1,1,0.2984489795918368,0.5402908163265305,Low,Medium,1,0,S4,Promo-Habituated Spenders,Next Day Air,Credit Card,1,1
1677,27,Young Adult (25-34),Male,Accessories,Winter,West Virginia,44.0,34,52,2288.0,3.1,0,1,1,1.0,1,0,0,0.5000408163265306,0.3093673469387755,High,Low,0,0,S0,General Buyers,Next Day Air,Bank Transfer,1,0
1678,65,Senior (50-70),Male,Clothing,Summer,Oregon,35.0,41,52,1820.0,3.3,0,0,0,0.0,0,0,0,0.5588979591836735,0.5677066326530613,High,Medium,0,1,S0,General Buyers,Next Day Air,Debit Card,1,1
1679,41,Mid-Age (35-49),Male,Clothing,Summer,Ohio,71.0,30,26,1846.0,4.8,0,0,0,0.0,0,1,1,0.4841000400160063,0.7590841836734693,High,High,0,0,S0,General Buyers,2-Day Shipping,Venmo,1,1
1680,60,Senior (50-70),Male,Clothing,Fall,Massachusetts,52.0,24,26,1352.0,4.5,0,0,0,0.0,0,1,1,0.4233653461384554,0.6273469387755102,Medium,High,0,0,S0,General Buyers,Next Day Air,Debit Card,1,1
1681,61,Senior (50-70),Male,Footwear,Summer,Louisiana,37.0,6,1,37.0,3.4,0,0,0,0.0,0,0,0,0.1026122448979591,0.4038852040816326,Low,Low,0,0,S5,Low-Value Occasional,Store Pickup,Credit Card,0,1
1682,24,Teen (18-24),Male,Footwear,Winter,Virginia,95.0,14,26,2470.0,3.7,0,0,0,0.0,0,0,0,0.298140856342537,0.716451530612245,Low,High,1,0,S1,High-Value Loyal,2-Day Shipping,Credit Card,1,1
1683,65,Senior (50-70),Male,Clothing,Fall,New York,97.0,37,26,2522.0,4.9,0,0,0,0.0,0,1,1,0.5349571828731493,0.9145484693877552,High,High,1,0,S1,High-Value Loyal,2-Day Shipping,Credit Card,1,1
1684,23,Teen (18-24),Male,Outerwear,Spring,Arkansas,57.0,37,4,228.0,3.5,0,0,0,0.0,0,0,0,0.3151140456182473,0.6555484693877551,Medium,High,0,0,S0,General Buyers,Next Day Air,Venmo,1,1
1685,30,Young Adult (25-34),Male,Clothing,Spring,New Mexico,93.0,28,52,4836.0,4.6,0,0,0,0.0,0,1,1,0.5833061224489795,0.8331301020408163,High,High,1,0,S1,High-Value Loyal,Standard,Paypal,0,1
1686,33,Young Adult (25-34),Male,Clothing,Winter,Minnesota,48.0,43,26,1248.0,4.6,0,0,0,0.0,0,1,1,0.5476918767507002,0.7127857142857142,High,High,0,1,S0,General Buyers,Standard,Paypal,0,1
1687,22,Teen (18-24),Male,Accessories,Fall,Illinois,75.0,25,1,75.0,4.2,0,0,0,0.0,0,1,0,0.2829387755102041,0.7150739795918367,Low,High,0,0,S0,General Buyers,Store Pickup,Cash,0,0
1688,67,Senior (50-70),Male,Clothing,Winter,Georgia,70.0,4,1,70.0,3.7,0,0,0,0.0,0,0,0,0.1143673469387755,0.5560561224489795,Low,Medium,0,0,S0,General Buyers,Free Shipping,Paypal,0,1
1689,28,Young Adult (25-34),Male,Accessories,Winter,Mississippi,26.0,13,26,676.0,3.0,0,0,0,0.0,0,0,0,0.2360184073629452,0.3674744897959183,Low,Low,0,0,S5,Low-Value Occasional,Next Day Air,Venmo,1,1
1690,32,Young Adult (25-34),Male,Clothing,Winter,North Carolina,73.0,32,12,876.0,4.6,0,0,0,0.0,0,1,1,0.4117174869947979,0.7660382653061224,Medium,High,0,0,S0,General Buyers,Store Pickup,Bank Transfer,0,0
1691,40,Mid-Age (35-49),Male,Outerwear,Summer,Nevada,30.0,1,1,30.0,3.2,0,0,0,0.0,0,0,0,0.056,0.33575,Low,Low,0,0,S5,Low-Value Occasional,Free Shipping,Cash,0,0
1692,64,Senior (50-70),Male,Footwear,Summer,Connecticut,61.0,4,1,61.0,3.5,0,0,0,0.0,0,0,0,0.0983673469387755,0.5046811224489796,Low,Medium,0,0,S0,General Buyers,Next Day Air,Cash,1,0
1693,56,Senior (50-70),Male,Accessories,Winter,Utah,75.0,33,26,1950.0,2.6,0,0,0,0.0,0,0,0,0.3264673869547819,0.6598903061224489,Medium,High,0,0,S0,General Buyers,Standard,Cash,0,0
1694,63,Senior (50-70),Male,Outerwear,Fall,Tennessee,88.0,45,26,2288.0,4.9,0,0,0,0.0,0,1,1,0.583936774709884,0.9159897959183674,High,High,1,1,S1,High-Value Loyal,Standard,Bank Transfer,0,0
1695,20,Teen (18-24),Male,Clothing,Summer,Mississippi,67.0,20,26,1742.0,2.7,0,0,0,0.0,0,0,0,0.254875550220088,0.5645637755102041,Low,Medium,0,0,S0,General Buyers,Express,Debit Card,1,1
1696,54,Senior (50-70),Male,Accessories,Fall,Nebraska,95.0,1,26,2470.0,4.7,0,0,0,0.0,0,1,1,0.2985490196078432,0.710125,Low,High,1,0,S1,High-Value Loyal,2-Day Shipping,Paypal,1,1
1697,31,Young Adult (25-34),Male,Accessories,Spring,West Virginia,69.0,7,26,1794.0,4.0,0,0,0,0.0,0,1,0,0.2792837134853941,0.5849872448979592,Low,Medium,0,0,S0,General Buyers,Free Shipping,Credit Card,0,1
1698,36,Mid-Age (35-49),Male,Clothing,Fall,South Carolina,87.0,48,4,348.0,3.5,0,0,0,0.0,0,0,0,0.3824609843937575,0.842920918367347,Medium,High,1,1,S1,High-Value Loyal,Next Day Air,Credit Card,1,1
1699,25,Young Adult (25-34),Male,Accessories,Winter,Iowa,41.0,46,4,164.0,4.8,0,0,0,0.0,0,1,1,0.4742160864345738,0.7094668367346939,High,High,0,1,S0,General Buyers,Standard,Bank Transfer,0,0
1700,20,Teen (18-24),Male,Clothing,Spring,North Dakota,67.0,34,1,67.0,4.0,0,0,0,0.0,0,1,0,0.3220408163265306,0.7139923469387754,Medium,High,0,0,S0,General Buyers,Free Shipping,Debit Card,0,1
1701,62,Senior (50-70),Male,Clothing,Fall,West Virginia,70.0,36,12,840.0,4.1,0,0,0,0.0,0,1,0,0.3962072829131652,0.7433214285714286,Medium,High,0,0,S0,General Buyers,Express,Bank Transfer,1,0
1702,69,Senior (50-70),Male,Accessories,Winter,Mississippi,41.0,44,4,164.0,3.8,0,0,0,0.0,0,0,0,0.3819711884753901,0.6392627551020408,Medium,High,0,1,S0,General Buyers,Next Day Air,Debit Card,1,1
1703,54,Senior (50-70),Male,Clothing,Summer,Alabama,83.0,48,52,4316.0,5.0,0,0,0,0.0,0,1,1,0.7377551020408162,0.9154209183673468,High,High,1,1,S1,High-Value Loyal,Express,Bank Transfer,1,0
1704,39,Mid-Age (35-49),Male,Accessories,Spring,California,22.0,12,1,22.0,4.0,0,0,0,0.0,0,1,0,0.1873469387755102,0.4048724489795918,Low,Low,0,0,S5,Low-Value Occasional,Next Day Air,Bank Transfer,1,0
1705,56,Senior (50-70),Male,Footwear,Summer,Idaho,20.0,19,4,80.0,3.9,0,0,0,0.0,0,0,0,0.2369099639855942,0.4258367346938775,Low,Low,0,0,S0,General Buyers,Store Pickup,Cash,0,0
1706,39,Mid-Age (35-49),Male,Accessories,Summer,South Dakota,29.0,49,26,754.0,3.4,0,0,0,0.0,0,0,0,0.4884265706282513,0.5882729591836735,High,Medium,0,1,S0,General Buyers,2-Day Shipping,Venmo,1,1
1707,37,Mid-Age (35-49),Male,Accessories,Spring,North Dakota,87.0,25,26,2262.0,3.0,0,0,0,0.0,0,0,0,0.3094877951180472,0.6955739795918368,Medium,High,1,0,S1,High-Value Loyal,Standard,Venmo,0,1
1708,25,Young Adult (25-34),Male,Clothing,Fall,Nevada,81.0,25,26,2106.0,4.9,0,0,0,0.0,0,1,1,0.4614877951180473,0.7833239795918367,High,High,1,0,S1,High-Value Loyal,2-Day Shipping,Cash,1,0
1709,35,Mid-Age (35-49),Male,Footwear,Spring,Florida,58.0,1,4,232.0,3.2,0,0,0,0.0,0,0,0,0.0707058823529412,0.45825,Low,Medium,0,0,S0,General Buyers,Express,Credit Card,1,1
1710,45,Mid-Age (35-49),Male,Clothing,Winter,Indiana,83.0,19,1,83.0,3.8,0,0,0,0.0,0,0,0,0.214204081632653,0.6954617346938775,Low,High,1,0,S1,High-Value Loyal,Standard,Bank Transfer,0,0
1711,19,Teen (18-24),Male,Clothing,Fall,Arkansas,59.0,7,4,236.0,3.8,0,0,0,0.0,0,0,0,0.1554405762304921,0.5292372448979592,Low,Medium,0,0,S0,General Buyers,Store Pickup,Credit Card,0,1
1712,21,Teen (18-24),Male,Clothing,Spring,North Carolina,93.0,19,12,1116.0,4.7,0,0,0,0.0,0,1,1,0.3401256502601041,0.7932117346938775,Medium,High,1,0,S1,High-Value Loyal,Express,Credit Card,1,1
1713,65,Senior (50-70),Male,Clothing,Fall,Illinois,87.0,9,26,2262.0,3.8,0,0,0,0.0,0,0,0,0.2755286114445778,0.6619413265306121,Low,High,1,0,S1,High-Value Loyal,2-Day Shipping,Cash,1,0
1714,49,Mid-Age (35-49),Male,Outerwear,Winter,Missouri,22.0,37,4,88.0,4.6,0,0,0,0.0,0,1,1,0.4031140456182472,0.5684234693877551,Medium,Medium,0,0,S0,General Buyers,Free Shipping,Paypal,0,1
1715,30,Young Adult (25-34),Male,Clothing,Summer,South Dakota,71.0,15,12,852.0,4.4,0,0,0,0.0,0,1,0,0.2916358543417367,0.6585535714285714,Low,High,0,0,S0,General Buyers,Standard,Cash,0,0
1716,23,Teen (18-24),Male,Clothing,Spring,Idaho,69.0,30,26,1794.0,3.4,0,0,0,0.0,0,0,0,0.3721000400160064,0.6663341836734694,Medium,High,0,0,S0,General Buyers,2-Day Shipping,Paypal,1,1
1717,69,Senior (50-70),Male,Clothing,Winter,Connecticut,47.0,30,4,188.0,4.7,0,0,0,0.0,0,1,1,0.3682569027611044,0.6480841836734693,Medium,High,0,0,S0,General Buyers,Standard,Cash,0,0
1718,29,Young Adult (25-34),Male,Clothing,Summer,Hawaii,50.0,16,26,1300.0,2.9,0,0,0,0.0,0,0,0,0.2463857543017207,0.481780612244898,Low,Medium,0,0,S0,General Buyers,Express,Debit Card,1,1
1719,54,Senior (50-70),Male,Clothing,Winter,Maryland,96.0,14,4,384.0,3.4,0,0,0,0.0,0,0,0,0.166297719087635,0.702826530612245,Low,High,1,0,S1,High-Value Loyal,2-Day Shipping,Paypal,1,1
1720,45,Mid-Age (35-49),Male,Clothing,Winter,Maryland,39.0,8,4,156.0,3.2,0,0,0,0.0,0,0,0,0.113563025210084,0.4108392857142857,Low,Low,0,0,S5,Low-Value Occasional,Free Shipping,Venmo,0,1
1721,25,Young Adult (25-34),Male,Clothing,Winter,Massachusetts,84.0,40,26,2184.0,2.8,0,0,0,0.0,0,0,0,0.3853245298119247,0.7469795918367347,Medium,High,1,1,S1,High-Value Loyal,Express,Debit Card,1,1
1722,34,Young Adult (25-34),Male,Accessories,Spring,Delaware,28.0,24,12,336.0,4.3,0,0,0,0.0,0,1,0,0.3387378951580632,0.5103469387755102,Medium,Medium,0,0,S0,General Buyers,Free Shipping,Credit Card,0,1
1723,46,Mid-Age (35-49),Male,Clothing,Summer,Massachusetts,51.0,14,26,1326.0,3.3,0,0,0,0.0,0,0,0,0.266140856342537,0.4999515306122449,Low,Medium,0,0,S0,General Buyers,Standard,Cash,0,0
1724,70,Senior (50-70),Male,Accessories,Spring,New York,20.0,39,1,20.0,3.3,0,0,0,0.0,0,0,0,0.2966530612244897,0.4918775510204081,Low,Medium,0,1,S0,General Buyers,Standard,Paypal,0,1
1725,42,Mid-Age (35-49),Male,Footwear,Winter,Delaware,72.0,21,52,3744.0,3.3,0,0,0,0.0,0,0,0,0.4364489795918367,0.6275408163265306,Medium,High,0,0,S0,General Buyers,Free Shipping,Paypal,0,1
1726,45,Mid-Age (35-49),Male,Accessories,Spring,Massachusetts,33.0,32,4,132.0,3.0,0,0,0,0.0,0,0,0,0.2445018007202881,0.4950382653061225,Low,Medium,0,0,S0,General Buyers,Next Day Air,Venmo,1,1
1727,57,Senior (50-70),Male,Outerwear,Summer,Indiana,28.0,45,52,1456.0,2.8,0,0,0,0.0,0,0,0,0.5433877551020408,0.5274897959183673,High,Medium,0,1,S0,General Buyers,Express,Debit Card,1,1
1728,49,Mid-Age (35-49),Male,Clothing,Spring,Virginia,53.0,19,12,636.0,4.0,0,0,0,0.0,0,1,0,0.284125650260104,0.5762117346938775,Low,Medium,0,0,S0,General Buyers,Express,Paypal,1,1
1729,23,Teen (18-24),Male,Clothing,Fall,Wyoming,48.0,1,4,192.0,4.3,0,0,0,0.0,0,1,0,0.1587058823529411,0.4805,Low,Medium,0,0,S0,General Buyers,Express,Debit Card,1,1
1730,47,Mid-Age (35-49),Male,Clothing,Winter,Illinois,21.0,12,26,546.0,3.8,0,0,0,0.0,0,0,0,0.2938959583833533,0.3884974489795918,Low,Low,0,0,S5,Low-Value Occasional,Store Pickup,Venmo,0,1
1731,23,Teen (18-24),Male,Clothing,Fall,Alabama,22.0,26,52,1144.0,4.2,0,0,0,0.0,0,1,0,0.5390612244897959,0.4883010204081632,High,Medium,0,0,S0,General Buyers,Free Shipping,Credit Card,0,1
1732,21,Teen (18-24),Male,Accessories,Fall,Idaho,87.0,12,12,1044.0,3.1,0,0,0,0.0,0,0,0,0.1692685074029612,0.6352474489795918,Low,High,1,0,S1,High-Value Loyal,Next Day Air,Cash,1,0
1733,45,Mid-Age (35-49),Male,Accessories,Winter,Rhode Island,50.0,36,4,200.0,2.6,0,0,0,0.0,0,0,0,0.2369915966386554,0.5658214285714286,Low,Medium,0,0,S0,General Buyers,Free Shipping,Cash,0,0
1734,67,Senior (50-70),Male,Clothing,Summer,New York,85.0,22,1,85.0,3.4,0,0,0,0.0,0,0,0,0.2005714285714285,0.6955178571428572,Low,High,1,0,S1,High-Value Loyal,Express,Credit Card,1,1
1735,31,Young Adult (25-34),Male,Clothing,Spring,Missouri,98.0,16,4,392.0,3.1,0,0,0,0.0,0,0,0,0.1545426170468187,0.703780612244898,Low,High,1,0,S1,High-Value Loyal,Next Day Air,Paypal,1,1
1736,58,Senior (50-70),Male,Clothing,Winter,Texas,34.0,31,1,34.0,3.6,0,0,0,0.0,0,0,0,0.2716734693877551,0.5303112244897958,Low,Medium,0,0,S0,General Buyers,Express,Venmo,1,1
1737,57,Senior (50-70),Male,Clothing,Summer,Tennessee,61.0,43,4,244.0,2.6,0,0,0,0.0,0,0,0,0.2798487394957983,0.6496607142857143,Low,High,0,1,S0,General Buyers,2-Day Shipping,Cash,1,0
1738,42,Mid-Age (35-49),Male,Accessories,Summer,Ohio,98.0,50,26,2548.0,4.2,0,0,0,0.0,0,1,0,0.5585490196078431,0.94325,High,High,1,1,S1,High-Value Loyal,Store Pickup,Venmo,0,1
1739,60,Senior (50-70),Male,Accessories,Spring,Tennessee,61.0,37,52,3172.0,2.9,0,0,0,0.0,0,0,0,0.5024081632653061,0.6370484693877552,High,High,0,0,S0,General Buyers,2-Day Shipping,Credit Card,1,1
1740,21,Teen (18-24),Male,Accessories,Winter,Minnesota,98.0,23,52,5096.0,4.2,0,0,0,0.0,0,1,0,0.5206938775510204,0.8054948979591837,High,High,1,0,S1,High-Value Loyal,Express,Cash,1,0
1741,69,Senior (50-70),Male,Clothing,Fall,Wisconsin,21.0,10,4,84.0,3.3,0,0,0,0.0,0,0,0,0.1338079231692677,0.3482933673469388,Low,Low,0,0,S5,Low-Value Occasional,Next Day Air,Bank Transfer,1,0
1742,41,Mid-Age (35-49),Male,Clothing,Winter,Delaware,51.0,20,12,612.0,3.6,0,0,0,0.0,0,0,0,0.2582480992396959,0.5485637755102041,Low,Medium,0,0,S0,General Buyers,Next Day Air,Bank Transfer,1,0
1743,51,Senior (50-70),Male,Footwear,Spring,Kansas,80.0,18,4,320.0,4.3,0,0,0,0.0,0,1,0,0.2627875150060024,0.707234693877551,Low,High,0,0,S0,General Buyers,Express,Venmo,1,1
1744,23,Teen (18-24),Male,Clothing,Winter,Missouri,72.0,3,52,3744.0,3.3,0,0,0,0.0,0,0,0,0.3262448979591836,0.535704081632653,Medium,Medium,0,0,S0,General Buyers,Standard,Bank Transfer,0,0
1745,57,Senior (50-70),Male,Accessories,Winter,Michigan,63.0,23,52,3276.0,3.0,0,0,0,0.0,0,0,0,0.4246938775510204,0.5803698979591837,Medium,Medium,0,0,S0,General Buyers,Standard,Paypal,0,1
1746,40,Mid-Age (35-49),Male,Clothing,Winter,West Virginia,27.0,27,52,1404.0,3.6,0,0,0,0.0,0,0,0,0.4971836734693878,0.4792780612244898,High,Medium,0,0,S0,General Buyers,Store Pickup,Cash,0,0
1747,65,Senior (50-70),Male,Accessories,Summer,Alabama,44.0,44,26,1144.0,3.1,0,0,0,0.0,0,0,0,0.4338143257302921,0.6103877551020409,Medium,High,0,1,S0,General Buyers,Store Pickup,Bank Transfer,0,0
1748,61,Senior (50-70),Male,Outerwear,Winter,New Hampshire,23.0,41,4,92.0,2.9,0,0,0,0.0,0,0,0,0.2916038415366146,0.4912066326530612,Low,Medium,0,1,S0,General Buyers,Express,Venmo,1,1
1749,34,Young Adult (25-34),Male,Clothing,Winter,Montana,93.0,41,1,93.0,3.9,0,0,0,0.0,0,0,0,0.3568979591836734,0.8574566326530612,Medium,High,1,1,S1,High-Value Loyal,2-Day Shipping,Bank Transfer,1,0
1750,43,Mid-Age (35-49),Male,Clothing,Fall,Wyoming,70.0,36,4,280.0,3.2,0,0,0,0.0,0,0,0,0.2849915966386555,0.6893214285714286,Low,High,0,0,S0,General Buyers,2-Day Shipping,Debit Card,1,1
1751,31,Young Adult (25-34),Male,Accessories,Fall,Missouri,85.0,38,4,340.0,3.1,0,0,0,0.0,0,0,0,0.2892364945978391,0.7591505102040816,Low,High,1,1,S1,High-Value Loyal,Express,Venmo,1,1
1752,57,Senior (50-70),Male,Clothing,Winter,Ohio,40.0,34,1,40.0,3.2,0,0,0,0.0,0,0,0,0.2580408163265306,0.5478673469387756,Low,Medium,0,0,S0,General Buyers,2-Day Shipping,Cash,1,0
1753,34,Young Adult (25-34),Male,Footwear,Winter,South Dakota,29.0,14,4,116.0,3.3,0,0,0,0.0,0,0,0,0.158297719087635,0.4037015306122449,Low,Low,0,0,S0,General Buyers,Store Pickup,Venmo,0,1
1754,25,Young Adult (25-34),Male,Clothing,Fall,Colorado,27.0,23,26,702.0,4.8,0,0,0,0.0,0,1,1,0.4412428971588635,0.5308698979591837,Medium,Medium,0,0,S0,General Buyers,Next Day Air,Credit Card,1,1
1755,66,Senior (50-70),Male,Clothing,Fall,Massachusetts,93.0,18,26,2418.0,3.8,0,0,0,0.0,0,0,0,0.3306306522609043,0.734109693877551,Medium,High,1,0,S1,High-Value Loyal,2-Day Shipping,Credit Card,1,1
1756,56,Senior (50-70),Male,Accessories,Spring,Delaware,20.0,45,12,240.0,4.6,0,0,0,0.0,0,1,1,0.4913093237294918,0.6004897959183674,High,High,0,1,S0,General Buyers,Next Day Air,Cash,1,0
1757,49,Mid-Age (35-49),Male,Accessories,Fall,New Hampshire,55.0,14,52,2860.0,2.8,0,0,0,0.0,0,0,0,0.3535918367346938,0.4874515306122449,Medium,Medium,0,0,S0,General Buyers,Free Shipping,Bank Transfer,0,0
1758,19,Teen (18-24),Male,Clothing,Fall,Michigan,94.0,48,1,94.0,3.6,0,0,0,0.0,0,0,0,0.3757551020408163,0.8795459183673469,Medium,High,1,1,S1,High-Value Loyal,Standard,Debit Card,0,1
1759,27,Young Adult (25-34),Male,Accessories,Winter,Pennsylvania,56.0,17,26,1456.0,4.3,0,0,0,0.0,0,1,0,0.3645082032813125,0.5971326530612245,Medium,Medium,0,0,S0,General Buyers,Free Shipping,Venmo,0,1
1760,68,Senior (50-70),Male,Clothing,Spring,Louisiana,58.0,1,52,3016.0,4.0,0,0,0,0.0,0,1,0,0.37,0.50625,Medium,Medium,0,0,S0,General Buyers,Next Day Air,Paypal,1,1
1761,20,Teen (18-24),Male,Clothing,Spring,Minnesota,44.0,39,52,2288.0,3.5,0,0,0,0.0,0,0,0,0.5626530612244898,0.6088775510204081,High,High,0,1,S0,General Buyers,Standard,Paypal,0,1
1762,21,Teen (18-24),Male,Clothing,Fall,Hawaii,95.0,24,52,4940.0,4.9,0,0,0,0.0,0,1,1,0.5828163265306123,0.8394719387755102,High,High,1,0,S1,High-Value Loyal,2-Day Shipping,Cash,1,0
1763,36,Mid-Age (35-49),Male,Footwear,Summer,Idaho,42.0,41,26,1092.0,3.1,0,0,0,0.0,0,0,0,0.4154469787915166,0.5863316326530612,Medium,Medium,0,1,S0,General Buyers,Express,Bank Transfer,1,0
1764,37,Mid-Age (35-49),Male,Accessories,Winter,Vermont,93.0,28,1,93.0,3.9,0,0,0,0.0,0,0,0,0.2773061224489795,0.7911301020408162,Low,High,1,0,S1,High-Value Loyal,Store Pickup,Paypal,0,1
1765,61,Senior (50-70),Male,Clothing,Summer,Delaware,56.0,34,4,224.0,3.0,0,0,0,0.0,0,0,0,0.2567466986794717,0.6058673469387755,Low,High,0,0,S0,General Buyers,Store Pickup,Venmo,0,1
1766,68,Senior (50-70),Male,Clothing,Spring,New Mexico,88.0,41,4,352.0,4.1,0,0,0,0.0,0,1,0,0.3876038415366146,0.8475816326530612,Medium,High,1,1,S1,High-Value Loyal,2-Day Shipping,Venmo,1,1
1767,60,Senior (50-70),Male,Clothing,Winter,Alaska,54.0,27,26,1404.0,4.3,0,0,0,0.0,0,1,0,0.4257326930772308,0.6394030612244898,Medium,High,0,0,S0,General Buyers,2-Day Shipping,Cash,1,0
1768,69,Senior (50-70),Male,Accessories,Fall,Minnesota,89.0,46,26,2314.0,3.8,0,0,0,0.0,0,0,0,0.5020592236894758,0.8594668367346938,High,High,1,1,S1,High-Value Loyal,2-Day Shipping,Debit Card,1,1
1769,25,Young Adult (25-34),Male,Footwear,Summer,Nebraska,45.0,2,4,180.0,3.9,0,0,0,0.0,0,0,0,0.132828331332533,0.4484770408163265,Low,Medium,0,0,S0,General Buyers,2-Day Shipping,Paypal,1,1
1770,32,Young Adult (25-34),Male,Clothing,Winter,Alaska,75.0,45,12,900.0,4.3,0,0,0,0.0,0,1,0,0.4673093237294918,0.8231147959183673,High,High,0,1,S0,General Buyers,Free Shipping,Cash,0,0
1771,53,Senior (50-70),Male,Accessories,Fall,Michigan,22.0,34,52,1144.0,4.3,0,0,0,0.0,0,1,0,0.5960408163265306,0.5351173469387756,High,Medium,0,0,S0,General Buyers,Express,Bank Transfer,1,0
1772,46,Mid-Age (35-49),Male,Clothing,Fall,Indiana,82.0,9,1,82.0,4.7,0,0,0,0.0,0,1,1,0.2249795918367347,0.6940663265306123,Low,High,1,0,S1,High-Value Loyal,Store Pickup,Credit Card,0,1
1773,58,Senior (50-70),Male,Footwear,Summer,Hawaii,34.0,1,1,34.0,3.1,0,0,0,0.0,0,0,0,0.048,0.3472499999999999,Low,Low,0,0,S5,Low-Value Occasional,2-Day Shipping,Bank Transfer,1,0
1774,21,Teen (18-24),Male,Outerwear,Summer,West Virginia,92.0,17,1,92.0,2.7,0,0,0,0.0,0,0,0,0.1139591836734694,0.6586326530612245,Low,High,1,0,S1,High-Value Loyal,Free Shipping,Paypal,0,1
1775,46,Mid-Age (35-49),Male,Clothing,Spring,New York,78.0,6,52,4056.0,3.7,0,0,0,0.0,0,0,0,0.3766122448979592,0.6012602040816326,Medium,High,0,0,S0,General Buyers,Express,Paypal,1,1
1776,18,Teen (18-24),Male,Outerwear,Spring,Iowa,47.0,12,26,1222.0,3.3,0,0,0,0.0,0,0,0,0.2538959583833533,0.4722474489795918,Low,Medium,0,0,S0,General Buyers,2-Day Shipping,Cash,1,0
1777,56,Senior (50-70),Male,Outerwear,Summer,Arizona,64.0,10,4,256.0,3.4,0,0,0,0.0,0,0,0,0.1418079231692677,0.5424183673469388,Low,Medium,0,0,S0,General Buyers,Free Shipping,Venmo,0,1
1778,18,Teen (18-24),Male,Footwear,Winter,Minnesota,44.0,4,26,1144.0,4.7,0,0,0,0.0,0,1,1,0.3169163665466187,0.5023061224489795,Medium,Medium,0,0,S0,General Buyers,Free Shipping,Cash,0,0
1779,49,Mid-Age (35-49),Male,Accessories,Winter,Texas,94.0,8,26,2444.0,4.9,0,0,0,0.0,0,1,1,0.357406162464986,0.7534642857142857,Medium,High,1,0,S1,High-Value Loyal,Store Pickup,Debit Card,0,1
1780,29,Young Adult (25-34),Male,Accessories,Winter,Virginia,62.0,41,52,3224.0,4.3,0,0,0,0.0,0,1,0,0.6388979591836734,0.7458316326530612,High,High,0,1,S0,General Buyers,Free Shipping,Venmo,0,1
1781,67,Senior (50-70),Male,Accessories,Summer,North Dakota,81.0,49,52,4212.0,4.2,0,0,0,0.0,0,1,0,0.6798775510204081,0.8637729591836735,High,High,1,1,S1,High-Value Loyal,Next Day Air,Credit Card,1,1
1782,31,Young Adult (25-34),Male,Clothing,Fall,Iowa,33.0,49,4,132.0,3.7,0,0,0,0.0,0,0,0,0.4045834333733493,0.6237729591836736,Medium,High,0,1,S0,General Buyers,Express,Bank Transfer,1,0
1783,52,Senior (50-70),Male,Clothing,Fall,Utah,88.0,40,26,2288.0,2.7,0,0,0,0.0,0,0,0,0.3773245298119247,0.7584795918367346,Medium,High,1,1,S1,High-Value Loyal,Next Day Air,Bank Transfer,1,0
1784,42,Mid-Age (35-49),Male,Accessories,Winter,Ohio,49.0,30,12,588.0,3.3,0,0,0,0.0,0,0,0,0.2954725890356142,0.5728341836734694,Low,Medium,0,0,S0,General Buyers,Free Shipping,Credit Card,0,1
1785,32,Young Adult (25-34),Male,Accessories,Summer,Louisiana,31.0,4,4,124.0,4.8,0,0,0,0.0,0,1,1,0.2170732292917166,0.4514311224489795,Low,Medium,0,0,S5,Low-Value Occasional,Standard,Debit Card,0,1
1786,47,Mid-Age (35-49),Male,Accessories,Fall,Iowa,29.0,22,12,348.0,4.1,0,0,0,0.0,0,1,0,0.3104929971988795,0.4925178571428571,Medium,Medium,0,0,S0,General Buyers,Next Day Air,Venmo,1,1
1787,45,Mid-Age (35-49),Male,Outerwear,Spring,Maryland,34.0,22,12,408.0,4.6,0,0,0,0.0,0,1,1,0.3504929971988795,0.5443928571428571,Medium,Medium,0,0,S0,General Buyers,2-Day Shipping,Venmo,1,1
1788,20,Teen (18-24),Male,Clothing,Fall,Montana,38.0,10,4,152.0,4.9,0,0,0,0.0,0,1,1,0.2618079231692677,0.5186683673469388,Low,Medium,0,0,S5,Low-Value Occasional,2-Day Shipping,Bank Transfer,1,0
1789,66,Senior (50-70),Male,Clothing,Summer,Illinois,41.0,23,26,1066.0,3.1,0,0,0,0.0,0,0,0,0.3052428971588635,0.4901198979591836,Medium,Medium,0,0,S0,General Buyers,Store Pickup,Cash,0,0
1790,52,Senior (50-70),Male,Clothing,Spring,Arizona,34.0,43,4,136.0,3.0,0,0,0,0.0,0,0,0,0.3118487394957983,0.5555357142857142,Medium,Medium,0,1,S0,General Buyers,2-Day Shipping,Debit Card,1,1
1791,50,Senior (50-70),Male,Accessories,Summer,North Carolina,26.0,31,26,676.0,3.7,0,0,0,0.0,0,0,0,0.4022224889955982,0.5013112244897959,Medium,Medium,0,0,S0,General Buyers,Store Pickup,Paypal,0,1
1792,62,Senior (50-70),Male,Clothing,Winter,Montana,98.0,38,1,98.0,4.0,0,0,0,0.0,0,1,0,0.3465306122448979,0.8700255102040816,Medium,High,1,1,S1,High-Value Loyal,Store Pickup,Cash,0,0
1793,38,Mid-Age (35-49),Male,Footwear,Fall,Iowa,59.0,22,4,236.0,3.0,0,0,0,0.0,0,0,0,0.1832773109243697,0.5577678571428571,Low,Medium,0,0,S0,General Buyers,Express,Debit Card,1,1
1794,65,Senior (50-70),Male,Accessories,Fall,Iowa,92.0,45,4,368.0,3.8,0,0,0,0.0,0,0,0,0.388093637454982,0.8674897959183673,Medium,High,1,1,S1,High-Value Loyal,Store Pickup,Cash,0,0
1795,60,Senior (50-70),Male,Accessories,Spring,Ohio,40.0,21,26,1040.0,3.7,0,0,0,0.0,0,0,0,0.3409979991996799,0.5115408163265307,Medium,Medium,0,0,S0,General Buyers,Express,Debit Card,1,1
1796,68,Senior (50-70),Male,Clothing,Fall,Wisconsin,20.0,9,26,520.0,4.0,0,0,0,0.0,0,1,0,0.2915286114445778,0.3808163265306122,Low,Low,0,0,S5,Low-Value Occasional,2-Day Shipping,Debit Card,1,1
1797,62,Senior (50-70),Male,Clothing,Spring,South Carolina,35.0,34,52,1820.0,3.1,0,0,0,0.0,0,0,0,0.5000408163265306,0.5199923469387755,High,Medium,0,0,S0,General Buyers,Store Pickup,Venmo,0,1
1798,62,Senior (50-70),Male,Accessories,Spring,Oregon,35.0,26,52,1820.0,3.9,0,0,0,0.0,0,0,0,0.5150612244897959,0.5271760204081632,High,Medium,0,0,S0,General Buyers,2-Day Shipping,Venmo,1,1
1799,40,Mid-Age (35-49),Male,Clothing,Winter,North Dakota,82.0,1,52,4264.0,3.7,0,0,0,0.0,0,0,0,0.346,0.59325,Medium,Medium,1,0,S0,General Buyers,Express,Cash,1,0
1800,32,Young Adult (25-34),Male,Clothing,Fall,California,48.0,47,52,2496.0,3.9,0,0,0,0.0,0,0,0,0.6436326530612245,0.6911938775510204,High,High,0,1,S0,General Buyers,Express,Venmo,1,1
1801,22,Teen (18-24),Male,Outerwear,Winter,Mississippi,58.0,30,52,3016.0,2.7,0,0,0,0.0,0,0,0,0.4435510204081633,0.5762091836734694,Medium,Medium,0,0,S0,General Buyers,Express,Credit Card,1,1
1802,33,Young Adult (25-34),Male,Clothing,Spring,New Jersey,57.0,48,26,1482.0,3.9,0,0,0,0.0,0,0,0,0.5223041216486595,0.7356709183673469,High,High,0,1,S0,General Buyers,Express,Debit Card,1,1
1803,57,Senior (50-70),Male,Clothing,Winter,Rhode Island,96.0,31,26,2496.0,2.6,0,0,0,0.0,0,0,0,0.3142224889955982,0.7415612244897959,Medium,High,1,0,S1,High-Value Loyal,Store Pickup,Venmo,0,1
1804,60,Senior (50-70),Male,Footwear,Summer,New Hampshire,97.0,33,26,2522.0,3.5,0,0,0,0.0,0,0,0,0.3984673869547819,0.810140306122449,Medium,High,1,0,S1,High-Value Loyal,Free Shipping,Venmo,0,1
1805,30,Young Adult (25-34),Male,Clothing,Winter,Louisiana,42.0,39,52,2184.0,4.4,0,0,0,0.0,0,1,0,0.6346530612244898,0.6541275510204082,High,High,0,1,S0,General Buyers,Next Day Air,Credit Card,1,1
1806,41,Mid-Age (35-49),Male,Clothing,Spring,Arizona,62.0,46,52,3224.0,4.9,0,0,0,0.0,0,1,1,0.7175102040816327,0.807341836734694,High,High,0,1,S0,General Buyers,Store Pickup,Debit Card,0,1
1807,58,Senior (50-70),Male,Accessories,Fall,Rhode Island,67.0,24,1,67.0,3.9,0,0,0,0.0,0,0,0,0.2528163265306122,0.6569719387755102,Low,High,0,0,S0,General Buyers,Standard,Venmo,0,1
1808,34,Young Adult (25-34),Male,Footwear,Summer,Vermont,46.0,37,26,1196.0,3.5,0,0,0,0.0,0,0,0,0.4229571828731492,0.6074234693877552,Medium,High,0,0,S0,General Buyers,Standard,Venmo,0,1
1809,67,Senior (50-70),Male,Outerwear,Spring,Tennessee,71.0,7,12,852.0,4.3,0,0,0,0.0,0,1,0,0.234656262505002,0.6117372448979591,Low,High,0,0,S0,General Buyers,Next Day Air,Debit Card,1,1
1810,58,Senior (50-70),Male,Accessories,Fall,Alaska,99.0,6,26,2574.0,3.4,0,0,0,0.0,0,0,0,0.2251612645058023,0.6751352040816327,Low,High,1,0,S1,High-Value Loyal,Free Shipping,Debit Card,0,1
1811,41,Mid-Age (35-49),Male,Clothing,Fall,Maryland,28.0,16,26,728.0,2.7,0,0,0,0.0,0,0,0,0.2303857543017207,0.373530612244898,Low,Low,0,0,S0,General Buyers,Standard,Cash,0,0
1812,42,Mid-Age (35-49),Male,Accessories,Summer,Wisconsin,77.0,33,1,77.0,3.6,0,0,0,0.0,0,0,0,0.2839183673469387,0.7286403061224489,Low,High,0,0,S0,General Buyers,Standard,Bank Transfer,0,0
1813,50,Senior (50-70),Male,Footwear,Summer,Nevada,63.0,18,26,1638.0,4.9,0,0,0,0.0,0,1,1,0.4186306522609044,0.668859693877551,Medium,High,0,0,S0,General Buyers,Express,Paypal,1,1
1814,40,Mid-Age (35-49),Male,Clothing,Spring,Illinois,62.0,24,52,3224.0,3.5,0,0,0,0.0,0,0,0,0.4708163265306123,0.6110969387755103,High,High,0,0,S0,General Buyers,Free Shipping,Paypal,0,1
1815,32,Young Adult (25-34),Male,Clothing,Summer,Montana,92.0,24,4,368.0,3.8,0,0,0,0.0,0,0,0,0.2595222088835534,0.7603469387755102,Low,High,1,0,S1,High-Value Loyal,Free Shipping,Cash,0,0
1816,51,Senior (50-70),Male,Footwear,Winter,New Mexico,72.0,48,4,288.0,4.5,0,0,0,0.0,0,1,1,0.4624609843937575,0.8372959183673468,High,High,0,1,S0,General Buyers,2-Day Shipping,Credit Card,1,1
1817,26,Young Adult (25-34),Male,Accessories,Summer,Virginia,79.0,4,52,4108.0,4.0,0,0,0,0.0,0,1,0,0.3883673469387755,0.6134311224489796,Medium,High,0,0,S0,General Buyers,Express,Cash,1,0
1818,32,Young Adult (25-34),Male,Clothing,Summer,Delaware,27.0,20,52,1404.0,4.7,0,0,0,0.0,0,1,1,0.5423265306122449,0.509563775510204,High,Medium,0,0,S0,General Buyers,Free Shipping,Cash,0,0
1819,58,Senior (50-70),Male,Accessories,Fall,North Carolina,39.0,47,4,156.0,3.8,0,0,0,0.0,0,0,0,0.4003385354141656,0.6458188775510204,Medium,High,0,1,S0,General Buyers,Express,Debit Card,1,1
1820,51,Senior (50-70),Male,Clothing,Spring,Nevada,86.0,50,4,344.0,4.5,0,0,0,0.0,0,1,1,0.4747058823529412,0.90875,High,High,1,1,S1,High-Value Loyal,Next Day Air,Cash,1,0
1821,19,Teen (18-24),Male,Clothing,Fall,Washington,94.0,31,12,1128.0,5.0,0,0,0,0.0,0,1,1,0.4375950380152061,0.876811224489796,Medium,High,1,0,S1,High-Value Loyal,Express,Paypal,1,1
1822,57,Senior (50-70),Male,Clothing,Spring,Maine,53.0,29,4,212.0,2.8,0,0,0,0.0,0,0,0,0.2101344537815125,0.5552321428571428,Low,Medium,0,0,S0,General Buyers,Express,Paypal,1,1
1823,66,Senior (50-70),Male,Clothing,Summer,Connecticut,85.0,4,1,85.0,4.4,0,0,0,0.0,0,1,0,0.1703673469387755,0.6636811224489796,Low,High,1,0,S1,High-Value Loyal,Standard,Cash,0,0
1824,62,Senior (50-70),Male,Clothing,Fall,Louisiana,50.0,40,26,1300.0,4.7,0,0,0,0.0,0,1,1,0.5373245298119248,0.7122295918367346,High,High,0,1,S0,General Buyers,Free Shipping,Bank Transfer,0,0
1825,58,Senior (50-70),Male,Clothing,Winter,Illinois,47.0,31,12,564.0,3.8,0,0,0,0.0,0,0,0,0.3415950380152061,0.5991862244897959,Medium,High,0,0,S0,General Buyers,Express,Cash,1,0
1826,23,Teen (18-24),Male,Footwear,Winter,South Dakota,75.0,41,52,3900.0,4.9,0,0,0,0.0,0,1,1,0.6868979591836735,0.8387066326530612,High,High,0,1,S0,General Buyers,Next Day Air,Credit Card,1,1
1827,45,Mid-Age (35-49),Male,Clothing,Winter,Indiana,60.0,44,1,60.0,4.2,0,0,0,0.0,0,1,0,0.399265306122449,0.7463877551020408,Medium,High,0,1,S0,General Buyers,Express,Debit Card,1,1
1828,20,Teen (18-24),Male,Clothing,Spring,Vermont,36.0,31,52,1872.0,4.9,0,0,0,0.0,0,1,1,0.6256734693877551,0.617061224489796,High,High,0,0,S0,General Buyers,2-Day Shipping,Bank Transfer,1,0
1829,33,Young Adult (25-34),Male,Outerwear,Spring,New Hampshire,80.0,45,4,320.0,3.9,0,0,0,0.0,0,0,0,0.396093637454982,0.8209897959183673,Medium,High,0,1,S0,General Buyers,Express,Cash,1,0
1830,30,Young Adult (25-34),Male,Accessories,Spring,Oregon,96.0,50,4,384.0,4.9,0,0,0,0.0,0,1,1,0.5067058823529412,0.9765,High,High,1,1,S1,High-Value Loyal,2-Day Shipping,Credit Card,1,1
1831,50,Senior (50-70),Male,Accessories,Winter,Kansas,80.0,7,1,80.0,4.8,0,0,0,0.0,0,1,1,0.220734693877551,0.6811122448979591,Low,High,0,0,S0,General Buyers,Express,Venmo,1,1
1832,62,Senior (50-70),Male,Clothing,Summer,Maine,71.0,5,4,284.0,3.3,0,0,0,0.0,0,0,0,0.1031956782713085,0.5415331632653061,Low,Medium,0,0,S0,General Buyers,Free Shipping,Bank Transfer,0,0
1833,69,Senior (50-70),Male,Accessories,Fall,Louisiana,29.0,48,12,348.0,4.6,0,0,0,0.0,0,1,1,0.5096766706682672,0.655170918367347,High,High,0,1,S0,General Buyers,Free Shipping,Cash,0,0
1834,34,Young Adult (25-34),Male,Accessories,Spring,Louisiana,53.0,19,26,1378.0,4.5,0,0,0,0.0,0,1,1,0.3927531012404962,0.6062117346938776,Medium,High,0,0,S0,General Buyers,2-Day Shipping,Paypal,1,1
1835,49,Mid-Age (35-49),Male,Clothing,Summer,Indiana,35.0,39,26,910.0,4.1,0,0,0,0.0,0,1,0,0.4832020808323328,0.6055025510204081,High,High,0,1,S0,General Buyers,2-Day Shipping,Venmo,1,1
1836,65,Senior (50-70),Male,Accessories,Fall,Kentucky,75.0,45,4,300.0,3.2,0,0,0,0.0,0,0,0,0.340093637454982,0.7571147959183674,Medium,High,0,1,S0,General Buyers,2-Day Shipping,Credit Card,1,1
1837,66,Senior (50-70),Male,Clothing,Fall,South Carolina,52.0,35,12,624.0,4.2,0,0,0,0.0,0,1,0,0.3980848339335734,0.665469387755102,Medium,High,0,0,S0,General Buyers,2-Day Shipping,Credit Card,1,1
1838,41,Mid-Age (35-49),Male,Accessories,Winter,Montana,77.0,8,12,924.0,4.8,0,0,0,0.0,0,1,1,0.2807787114845938,0.6730892857142857,Low,High,0,0,S0,General Buyers,Free Shipping,Venmo,0,1
1839,37,Mid-Age (35-49),Male,Accessories,Fall,Vermont,24.0,11,4,96.0,4.1,0,0,0,0.0,0,1,0,0.2039303721488595,0.4145204081632653,Low,Low,0,0,S5,Low-Value Occasional,Next Day Air,Credit Card,1,1
1840,32,Young Adult (25-34),Male,Clothing,Winter,Mississippi,78.0,32,1,78.0,3.7,0,0,0,0.0,0,0,0,0.2857959183673469,0.7339132653061224,Low,High,0,0,S0,General Buyers,Store Pickup,Cash,0,0
1841,42,Mid-Age (35-49),Male,Footwear,Winter,Wyoming,98.0,46,4,392.0,2.6,0,0,0,0.0,0,0,0,0.2982160864345738,0.8268418367346939,Low,High,1,1,S1,High-Value Loyal,Store Pickup,Bank Transfer,0,0
1842,31,Young Adult (25-34),Male,Clothing,Winter,Vermont,57.0,7,4,228.0,3.0,0,0,0,0.0,0,0,0,0.0914405762304922,0.4724872448979592,Low,Medium,0,0,S0,General Buyers,Standard,Paypal,0,1
1843,61,Senior (50-70),Male,Accessories,Summer,Alabama,78.0,1,1,78.0,4.4,0,0,0,0.0,0,1,0,0.152,0.6177499999999999,Low,High,0,0,S0,General Buyers,Express,Debit Card,1,1
1844,36,Mid-Age (35-49),Male,Outerwear,Fall,Kentucky,76.0,32,12,912.0,4.7,0,0,0,0.0,0,1,1,0.4197174869947979,0.7851632653061225,Medium,High,0,0,S0,General Buyers,Next Day Air,Credit Card,1,1
1845,60,Senior (50-70),Male,Clothing,Spring,South Dakota,26.0,31,1,26.0,2.7,0,0,0,0.0,0,0,0,0.1996734693877551,0.4413112244897959,Low,Medium,0,0,S0,General Buyers,2-Day Shipping,Credit Card,1,1
1846,51,Senior (50-70),Male,Footwear,Winter,Delaware,78.0,39,4,312.0,2.8,0,0,0,0.0,0,0,0,0.2713589435774309,0.7156275510204082,Low,High,0,1,S0,General Buyers,2-Day Shipping,Bank Transfer,1,0
1847,68,Senior (50-70),Male,Accessories,Summer,Wisconsin,53.0,9,4,212.0,2.9,0,0,0,0.0,0,0,0,0.0956854741896758,0.4591913265306122,Low,Medium,0,0,S0,General Buyers,Standard,Venmo,0,1
1848,46,Mid-Age (35-49),Male,Footwear,Summer,Arizona,100.0,49,52,5200.0,4.4,0,0,0,0.0,0,1,0,0.6958775510204082,0.9588979591836734,High,High,1,1,S1,High-Value Loyal,Free Shipping,Credit Card,0,1
1849,19,Teen (18-24),Male,Clothing,Winter,Maine,73.0,34,4,292.0,2.7,0,0,0,0.0,0,0,0,0.2327466986794718,0.6622423469387755,Low,High,0,0,S0,General Buyers,Express,Cash,1,0
1850,30,Young Adult (25-34),Male,Clothing,Winter,New Mexico,40.0,35,12,480.0,4.5,0,0,0,0.0,0,1,1,0.4220848339335734,0.630969387755102,Medium,High,0,0,S0,General Buyers,Store Pickup,Bank Transfer,0,0
1851,51,Senior (50-70),Male,Accessories,Winter,Wyoming,76.0,50,52,3952.0,2.8,0,0,0,0.0,0,0,0,0.5740000000000001,0.763,High,High,0,1,S0,General Buyers,Store Pickup,Debit Card,0,1
1852,28,Young Adult (25-34),Male,Clothing,Fall,Delaware,80.0,4,26,2080.0,3.1,0,0,0,0.0,0,0,0,0.1889163665466186,0.5638061224489797,Low,Medium,0,0,S0,General Buyers,Free Shipping,Bank Transfer,0,0
1853,41,Mid-Age (35-49),Male,Clothing,Winter,Pennsylvania,80.0,32,52,4160.0,3.8,0,0,0,0.0,0,0,0,0.5437959183673469,0.7486632653061224,High,High,0,0,S0,General Buyers,Store Pickup,Cash,0,0
1854,29,Young Adult (25-34),Male,Clothing,Spring,North Dakota,67.0,11,26,1742.0,2.9,0,0,0,0.0,0,0,0,0.2157735094037615,0.5306454081632653,Low,Medium,0,0,S0,General Buyers,Express,Paypal,1,1
1855,25,Young Adult (25-34),Male,Clothing,Spring,Kentucky,61.0,49,1,61.0,3.8,0,0,0,0.0,0,0,0,0.3978775510204081,0.7522729591836734,Medium,High,0,1,S0,General Buyers,Express,Credit Card,1,1
1856,60,Senior (50-70),Male,Clothing,Spring,Rhode Island,76.0,9,1,76.0,4.7,0,0,0,0.0,0,1,1,0.2249795918367347,0.6678163265306122,Low,High,0,0,S0,General Buyers,Standard,Cash,0,0
1857,63,Senior (50-70),Male,Accessories,Summer,Arizona,55.0,30,26,1430.0,3.2,0,0,0,0.0,0,0,0,0.3561000400160063,0.5930841836734694,Medium,Medium,0,0,S0,General Buyers,Free Shipping,Paypal,0,1
1858,51,Senior (50-70),Male,Clothing,Summer,Colorado,85.0,33,12,1020.0,4.0,0,0,0,0.0,0,1,0,0.3698399359743897,0.787640306122449,Medium,High,1,0,S1,High-Value Loyal,Next Day Air,Cash,1,0
1859,22,Teen (18-24),Male,Accessories,Spring,Maine,69.0,8,1,69.0,4.9,0,0,0,0.0,0,1,1,0.2348571428571429,0.6440892857142858,Low,High,0,0,S0,General Buyers,2-Day Shipping,Debit Card,1,1
1860,54,Senior (50-70),Male,Accessories,Summer,New Jersey,26.0,29,26,676.0,3.7,0,0,0,0.0,0,0,0,0.3899775910364145,0.4911071428571428,Medium,Medium,0,0,S0,General Buyers,Store Pickup,Debit Card,0,1
1861,18,Teen (18-24),Male,Clothing,Summer,Kansas,64.0,4,12,768.0,4.8,0,0,0,0.0,0,1,1,0.2562889155662264,0.5958061224489796,Low,Medium,0,0,S0,General Buyers,Next Day Air,Credit Card,1,1
1862,29,Young Adult (25-34),Male,Footwear,Fall,South Dakota,60.0,19,12,720.0,3.6,0,0,0,0.0,0,0,0,0.2521256502601041,0.5828367346938776,Low,Medium,0,0,S0,General Buyers,Standard,Debit Card,0,1
1863,59,Senior (50-70),Male,Accessories,Winter,New Hampshire,36.0,10,26,936.0,4.6,0,0,0,0.0,0,1,1,0.3456510604241696,0.4919183673469387,Medium,Medium,0,0,S5,Low-Value Occasional,Express,Paypal,1,1
1864,25,Young Adult (25-34),Male,Footwear,Spring,Connecticut,21.0,39,12,252.0,4.3,0,0,0,0.0,0,1,0,0.4305746298519407,0.5562525510204082,Medium,Medium,0,1,S0,General Buyers,2-Day Shipping,Debit Card,1,1
1865,19,Teen (18-24),Male,Accessories,Fall,Wyoming,72.0,21,4,288.0,3.2,0,0,0,0.0,0,0,0,0.1931548619447779,0.6215408163265306,Low,High,0,0,S0,General Buyers,2-Day Shipping,Venmo,1,1
1866,56,Senior (50-70),Male,Clothing,Summer,Missouri,62.0,12,12,744.0,3.8,0,0,0,0.0,0,0,0,0.2252685074029611,0.5678724489795918,Low,Medium,0,0,S0,General Buyers,Store Pickup,Bank Transfer,0,0
1867,31,Young Adult (25-34),Male,Clothing,Winter,Alaska,44.0,9,26,1144.0,4.2,0,0,0,0.0,0,1,0,0.3075286114445778,0.4978163265306122,Medium,Medium,0,0,S0,General Buyers,Standard,Credit Card,0,1
1868,45,Mid-Age (35-49),Male,Clothing,Fall,Delaware,52.0,20,4,208.0,3.4,0,0,0,0.0,0,0,0,0.203032412965186,0.5409387755102041,Low,Medium,0,0,S0,General Buyers,2-Day Shipping,Venmo,1,1
1869,23,Teen (18-24),Male,Accessories,Spring,Indiana,58.0,44,26,1508.0,4.7,0,0,0,0.0,0,1,1,0.5618143257302921,0.7676377551020408,High,High,0,1,S0,General Buyers,Next Day Air,Cash,1,0
1870,18,Teen (18-24),Male,Clothing,Spring,West Virginia,77.0,16,4,308.0,3.9,0,0,0,0.0,0,0,0,0.2185426170468187,0.659905612244898,Low,High,0,0,S0,General Buyers,2-Day Shipping,Debit Card,1,1
1871,43,Mid-Age (35-49),Male,Clothing,Spring,Wyoming,99.0,27,26,2574.0,4.3,0,0,0,0.0,0,1,0,0.4257326930772308,0.8362780612244898,Medium,High,1,0,S1,High-Value Loyal,Store Pickup,Debit Card,0,1
1872,56,Senior (50-70),Male,Clothing,Fall,Illinois,96.0,14,4,384.0,2.7,0,0,0,0.0,0,0,0,0.110297719087635,0.660826530612245,Low,High,1,0,S1,High-Value Loyal,Standard,Cash,0,0
1873,43,Mid-Age (35-49),Male,Clothing,Summer,Alaska,64.0,24,12,768.0,4.6,0,0,0,0.0,0,1,1,0.3627378951580632,0.6858469387755103,Medium,High,0,0,S0,General Buyers,Standard,Credit Card,0,1
1874,64,Senior (50-70),Male,Clothing,Fall,Wisconsin,44.0,49,52,2288.0,2.9,0,0,0,0.0,0,0,0,0.5758775510204082,0.6238979591836735,High,High,0,1,S0,General Buyers,Express,Bank Transfer,1,0
1875,67,Senior (50-70),Male,Clothing,Fall,Indiana,33.0,14,52,1716.0,3.6,0,0,0,0.0,0,0,0,0.4175918367346939,0.4392015306122449,Medium,Medium,0,0,S0,General Buyers,Free Shipping,Cash,0,0
1876,63,Senior (50-70),Male,Footwear,Winter,Tennessee,71.0,6,4,284.0,3.9,0,0,0,0.0,0,0,0,0.1573181272509003,0.5826352040816326,Low,Medium,0,0,S0,General Buyers,Next Day Air,Credit Card,1,1
1877,54,Senior (50-70),Male,Clothing,Fall,Illinois,36.0,20,4,144.0,2.6,0,0,0,0.0,0,0,0,0.139032412965186,0.4229387755102041,Low,Low,0,0,S0,General Buyers,Standard,Venmo,0,1
1878,69,Senior (50-70),Male,Accessories,Fall,Pennsylvania,62.0,3,1,62.0,3.6,0,0,0,0.0,0,0,0,0.1002448979591836,0.5099540816326531,Low,Medium,0,0,S0,General Buyers,Express,Credit Card,1,1
1879,34,Young Adult (25-34),Male,Clothing,Summer,Oklahoma,29.0,5,12,348.0,3.4,0,0,0,0.0,0,0,0,0.1504113645458183,0.3637831632653061,Low,Low,0,0,S5,Low-Value Occasional,Store Pickup,Credit Card,0,1
1880,56,Senior (50-70),Male,Clothing,Spring,Tennessee,33.0,46,26,858.0,3.5,0,0,0,0.0,0,0,0,0.4780592236894758,0.5964668367346939,High,Medium,0,1,S0,General Buyers,Express,Cash,1,0
1881,34,Young Adult (25-34),Male,Clothing,Fall,New Jersey,33.0,8,12,396.0,3.1,0,0,0,0.0,0,0,0,0.1447787114845938,0.3785892857142857,Low,Low,0,0,S5,Low-Value Occasional,2-Day Shipping,Debit Card,1,1
1882,58,Senior (50-70),Male,Clothing,Winter,New Jersey,41.0,13,26,1066.0,4.3,0,0,0,0.0,0,1,0,0.3400184073629452,0.5110994897959183,Medium,Medium,0,0,S0,General Buyers,Standard,Cash,0,0
1883,44,Mid-Age (35-49),Male,Accessories,Winter,Tennessee,54.0,25,4,216.0,5.0,0,0,0,0.0,0,1,1,0.3616446578631452,0.6711989795918367,Medium,High,0,0,S0,General Buyers,Store Pickup,Bank Transfer,0,0
1884,25,Young Adult (25-34),Male,Accessories,Spring,Georgia,58.0,39,26,1508.0,4.9,0,0,0,0.0,0,1,1,0.547202080832333,0.7541275510204082,High,High,0,1,S0,General Buyers,Store Pickup,Debit Card,0,1
1885,27,Young Adult (25-34),Male,Clothing,Summer,Arizona,30.0,15,26,780.0,4.3,0,0,0,0.0,0,1,0,0.3522633053221288,0.4731785714285714,Medium,Medium,0,0,S0,General Buyers,Next Day Air,Bank Transfer,1,0
1886,26,Young Adult (25-34),Male,Accessories,Winter,Nevada,53.0,35,12,636.0,4.4,0,0,0,0.0,0,1,0,0.4140848339335734,0.681844387755102,Medium,High,0,0,S0,General Buyers,Standard,Cash,0,0
1887,18,Teen (18-24),Male,Accessories,Spring,Arkansas,91.0,46,26,2366.0,4.4,0,0,0,0.0,0,1,0,0.5500592236894758,0.904216836734694,High,High,1,1,S1,High-Value Loyal,Next Day Air,Cash,1,0
1888,64,Senior (50-70),Male,Clothing,Fall,North Dakota,44.0,3,12,528.0,3.5,0,0,0,0.0,0,0,0,0.1461664665866346,0.425204081632653,Low,Low,0,0,S0,General Buyers,Express,Paypal,1,1
1889,62,Senior (50-70),Male,Clothing,Winter,South Dakota,89.0,48,52,4628.0,3.4,0,0,0,0.0,0,0,0,0.6097551020408162,0.845670918367347,High,High,1,1,S1,High-Value Loyal,Free Shipping,Credit Card,0,1
1890,59,Senior (50-70),Male,Clothing,Spring,North Carolina,57.0,27,52,2964.0,2.5,0,0,0,0.0,0,0,0,0.4091836734693878,0.5445280612244898,Medium,Medium,0,0,S0,General Buyers,Next Day Air,Bank Transfer,1,0
1891,36,Mid-Age (35-49),Male,Accessories,Spring,Hawaii,57.0,5,52,2964.0,3.4,0,0,0,0.0,0,0,0,0.3464897959183673,0.4862831632653061,Medium,Medium,0,0,S0,General Buyers,Store Pickup,Credit Card,0,1
1892,69,Senior (50-70),Male,Accessories,Summer,New Hampshire,74.0,48,4,296.0,2.6,0,0,0,0.0,0,0,0,0.3104609843937574,0.7320459183673469,Medium,High,0,1,S0,General Buyers,Next Day Air,Debit Card,1,1
1893,39,Mid-Age (35-49),Male,Outerwear,Fall,California,30.0,12,52,1560.0,4.6,0,0,0,0.0,0,1,1,0.4853469387755102,0.4758724489795918,High,Medium,0,0,S5,Low-Value Occasional,2-Day Shipping,Venmo,1,1
1894,28,Young Adult (25-34),Male,Clothing,Summer,Delaware,20.0,10,26,520.0,3.7,0,0,0,0.0,0,0,0,0.2736510604241697,0.3679183673469388,Low,Low,0,0,S5,Low-Value Occasional,Express,Paypal,1,1
1895,42,Mid-Age (35-49),Male,Clothing,Fall,Arizona,90.0,48,26,2340.0,2.5,0,0,0,0.0,0,0,0,0.4103041216486594,0.796045918367347,Medium,High,1,1,S1,High-Value Loyal,Free Shipping,Debit Card,0,1
1896,31,Young Adult (25-34),Male,Clothing,Fall,Washington,61.0,3,12,732.0,4.5,0,0,0,0.0,0,1,1,0.2261664665866347,0.559579081632653,Low,Medium,0,0,S0,General Buyers,Express,Debit Card,1,1
1897,57,Senior (50-70),Male,Footwear,Fall,Nevada,51.0,19,12,612.0,2.9,0,0,0,0.0,0,0,0,0.196125650260104,0.5014617346938776,Low,Medium,0,0,S0,General Buyers,Standard,Venmo,0,1
1898,53,Senior (50-70),Male,Accessories,Winter,Alaska,97.0,11,26,2522.0,2.9,0,0,0,0.0,0,0,0,0.2157735094037615,0.6618954081632653,Low,High,1,0,S1,High-Value Loyal,Free Shipping,Debit Card,0,1
1899,59,Senior (50-70),Male,Clothing,Fall,Texas,97.0,25,12,1164.0,3.5,0,0,0,0.0,0,0,0,0.280860344137655,0.7693239795918367,Low,High,1,0,S1,High-Value Loyal,Next Day Air,Venmo,1,1
1900,32,Young Adult (25-34),Male,Clothing,Winter,New York,40.0,42,52,2080.0,4.2,0,0,0,0.0,0,1,0,0.6370204081632653,0.6486836734693877,High,High,0,1,S0,General Buyers,Store Pickup,Paypal,0,1
1901,65,Senior (50-70),Male,Accessories,Summer,Iowa,85.0,34,4,340.0,3.3,0,0,0,0.0,0,0,0,0.2807466986794718,0.7507423469387755,Low,High,1,0,S1,High-Value Loyal,Free Shipping,Cash,0,0
1902,56,Senior (50-70),Male,Clothing,Winter,Arizona,76.0,50,4,304.0,3.9,0,0,0,0.0,0,0,0,0.4267058823529411,0.829,Medium,High,0,1,S0,General Buyers,Store Pickup,Cash,0,0
1903,31,Young Adult (25-34),Male,Footwear,Spring,New Mexico,22.0,21,12,264.0,5.0,0,0,0,0.0,0,1,1,0.3763705482192877,0.5107908163265306,Medium,Medium,0,0,S0,General Buyers,Store Pickup,Venmo,0,1
1904,59,Senior (50-70),Male,Clothing,Summer,North Carolina,63.0,37,52,3276.0,3.3,0,0,0,0.0,0,0,0,0.534408163265306,0.6697984693877551,High,High,0,0,S0,General Buyers,Standard,Bank Transfer,0,0
1905,22,Teen (18-24),Male,Clothing,Spring,Nevada,71.0,46,12,852.0,4.2,0,0,0,0.0,0,1,0,0.4654317727090836,0.8047168367346939,High,High,0,1,S0,General Buyers,Free Shipping,Cash,0,0
1906,47,Mid-Age (35-49),Male,Footwear,Summer,Idaho,35.0,14,26,910.0,4.9,0,0,0,0.0,0,1,1,0.394140856342537,0.5259515306122449,Medium,Medium,0,0,S0,General Buyers,2-Day Shipping,Bank Transfer,1,0
1907,23,Teen (18-24),Male,Accessories,Spring,Vermont,30.0,24,26,780.0,4.6,0,0,0,0.0,0,1,1,0.4313653461384553,0.5370969387755102,Medium,Medium,0,0,S0,General Buyers,2-Day Shipping,Paypal,1,1
1908,69,Senior (50-70),Male,Clothing,Fall,New Mexico,74.0,36,4,296.0,4.8,0,0,0,0.0,0,1,1,0.4129915966386555,0.8028214285714286,Medium,High,0,0,S0,General Buyers,Store Pickup,Credit Card,0,1
1909,18,Teen (18-24),Male,Accessories,Winter,Georgia,71.0,19,26,1846.0,2.7,0,0,0,0.0,0,0,0,0.2487531012404962,0.5769617346938776,Low,Medium,0,0,S0,General Buyers,Next Day Air,Debit Card,1,1
1910,50,Senior (50-70),Male,Clothing,Spring,Kentucky,84.0,12,12,1008.0,4.3,0,0,0,0.0,0,1,0,0.2652685074029611,0.6941224489795917,Low,High,1,0,S1,High-Value Loyal,Store Pickup,Credit Card,0,1
1911,29,Young Adult (25-34),Male,Footwear,Fall,New York,38.0,13,4,152.0,3.8,0,0,0,0.0,0,0,0,0.1921752701080432,0.4679744897959184,Low,Medium,0,0,S5,Low-Value Occasional,Express,Debit Card,1,1
1912,65,Senior (50-70),Male,Accessories,Spring,Arizona,81.0,32,26,2106.0,4.9,0,0,0,0.0,0,1,1,0.5043449379751901,0.8190382653061224,High,High,1,0,S1,High-Value Loyal,Express,Debit Card,1,1
1913,29,Young Adult (25-34),Male,Clothing,Winter,Colorado,56.0,5,26,1456.0,3.4,0,0,0,0.0,0,0,0,0.2190388155262104,0.4819081632653061,Low,Medium,0,0,S0,General Buyers,2-Day Shipping,Credit Card,1,1
1914,49,Mid-Age (35-49),Male,Clothing,Winter,Kentucky,48.0,29,1,48.0,3.6,0,0,0,0.0,0,0,0,0.2594285714285714,0.5813571428571429,Low,Medium,0,0,S0,General Buyers,Express,Cash,1,0
1915,28,Young Adult (25-34),Male,Clothing,Fall,Alaska,97.0,40,26,2522.0,3.4,0,0,0,0.0,0,0,0,0.4333245298119247,0.8398545918367347,Medium,High,1,1,S1,High-Value Loyal,Standard,Credit Card,0,1
1916,51,Senior (50-70),Male,Accessories,Fall,Alabama,74.0,44,52,3848.0,4.7,0,0,0,0.0,0,1,1,0.6892653061224491,0.8376377551020407,High,High,0,1,S0,General Buyers,2-Day Shipping,Cash,1,0
1917,26,Young Adult (25-34),Male,Clothing,Winter,Connecticut,50.0,3,26,1300.0,3.0,0,0,0,0.0,0,0,0,0.1747939175670268,0.4214540816326531,Low,Low,0,0,S0,General Buyers,Next Day Air,Debit Card,1,1
1918,38,Mid-Age (35-49),Male,Clothing,Winter,Hawaii,71.0,35,26,1846.0,3.4,0,0,0,0.0,0,0,0,0.4027122849139656,0.7005943877551021,Medium,High,0,0,S0,General Buyers,Free Shipping,Paypal,0,1
1919,35,Mid-Age (35-49),Male,Clothing,Summer,Idaho,33.0,33,12,396.0,4.6,0,0,0,0.0,0,1,1,0.4178399359743897,0.596140306122449,Medium,Medium,0,0,S0,General Buyers,Standard,Debit Card,0,1
1920,34,Young Adult (25-34),Male,Accessories,Summer,Virginia,56.0,20,26,1456.0,3.1,0,0,0,0.0,0,0,0,0.286875550220088,0.5404387755102041,Low,Medium,0,0,S0,General Buyers,Express,Paypal,1,1
1921,51,Senior (50-70),Male,Clothing,Spring,Connecticut,84.0,40,4,336.0,2.8,0,0,0,0.0,0,0,0,0.2774813925570227,0.7469795918367347,Low,High,1,1,S1,High-Value Loyal,Standard,Cash,0,0
1922,47,Mid-Age (35-49),Male,Clothing,Fall,Michigan,36.0,13,1,36.0,3.5,0,0,0,0.0,0,0,0,0.153469387755102,0.4412244897959184,Low,Medium,0,0,S5,Low-Value Occasional,Store Pickup,Venmo,0,1
1923,18,Teen (18-24),Male,Accessories,Summer,Kentucky,63.0,9,12,756.0,4.6,0,0,0,0.0,0,1,1,0.2709011604641856,0.6049413265306122,Low,High,0,0,S0,General Buyers,Standard,Paypal,0,1
1924,64,Senior (50-70),Male,Footwear,Summer,Nebraska,36.0,7,1,36.0,4.3,0,0,0,0.0,0,1,0,0.180734693877551,0.4586122448979591,Low,Medium,0,0,S5,Low-Value Occasional,Standard,Cash,0,0
1925,30,Young Adult (25-34),Male,Outerwear,Fall,Michigan,63.0,42,4,252.0,4.8,0,0,0,0.0,0,1,1,0.4497262905162065,0.7853086734693878,Medium,High,0,1,S0,General Buyers,Free Shipping,Paypal,0,1
1926,59,Senior (50-70),Male,Footwear,Winter,Utah,32.0,44,26,832.0,2.9,0,0,0,0.0,0,0,0,0.4178143257302921,0.5458877551020409,Medium,Medium,0,1,S0,General Buyers,Express,Credit Card,1,1
1927,66,Senior (50-70),Male,Accessories,Spring,New Mexico,93.0,6,1,93.0,3.0,0,0,0,0.0,0,0,0,0.0706122448979592,0.6248852040816326,Low,High,1,0,S1,High-Value Loyal,Express,Paypal,1,1
1928,40,Mid-Age (35-49),Male,Clothing,Summer,Florida,29.0,8,4,116.0,2.9,0,0,0,0.0,0,0,0,0.089563025210084,0.3490892857142857,Low,Low,0,0,S5,Low-Value Occasional,Standard,Cash,0,0
1929,25,Young Adult (25-34),Male,Accessories,Summer,Mississippi,92.0,10,52,4784.0,3.7,0,0,0,0.0,0,0,0,0.4011020408163265,0.6829183673469388,Medium,High,1,0,S1,High-Value Loyal,Standard,Paypal,0,1
1930,59,Senior (50-70),Male,Clothing,Fall,Hawaii,33.0,46,4,132.0,4.7,0,0,0,0.0,0,1,1,0.4662160864345738,0.6684668367346939,High,High,0,1,S0,General Buyers,Standard,Venmo,0,1
1931,66,Senior (50-70),Male,Clothing,Spring,North Carolina,52.0,26,52,2704.0,3.5,0,0,0,0.0,0,0,0,0.4830612244897959,0.5775510204081633,High,Medium,0,0,S0,General Buyers,Store Pickup,Cash,0,0
1932,54,Senior (50-70),Male,Accessories,Spring,Illinois,42.0,6,4,168.0,2.7,0,0,0,0.0,0,0,0,0.0613181272509003,0.3837602040816327,Low,Low,0,0,S0,General Buyers,Store Pickup,Debit Card,0,1
1933,42,Mid-Age (35-49),Male,Clothing,Spring,Maryland,36.0,47,4,144.0,5.0,0,0,0,0.0,0,1,1,0.4963385354141656,0.7046938775510204,High,High,0,1,S0,General Buyers,Free Shipping,Credit Card,0,1
1934,48,Mid-Age (35-49),Male,Footwear,Summer,Montana,67.0,28,1,67.0,4.1,0,0,0,0.0,0,1,0,0.2933061224489796,0.6893801020408162,Low,High,0,0,S0,General Buyers,Next Day Air,Venmo,1,1
1935,34,Young Adult (25-34),Male,Outerwear,Winter,Michigan,43.0,23,1,43.0,2.7,0,0,0,0.0,0,0,0,0.1506938775510204,0.4748698979591836,Low,Medium,0,0,S0,General Buyers,Free Shipping,Bank Transfer,0,0
1936,19,Teen (18-24),Male,Clothing,Spring,North Carolina,68.0,45,26,1768.0,4.8,0,0,0,0.0,0,1,1,0.575936774709884,0.8224897959183674,High,High,0,1,S0,General Buyers,Free Shipping,Cash,0,0
1937,70,Senior (50-70),Male,Accessories,Summer,Minnesota,60.0,44,4,240.0,4.3,0,0,0,0.0,0,1,0,0.4219711884753901,0.7523877551020408,Medium,High,0,1,S0,General Buyers,2-Day Shipping,Paypal,1,1
1938,43,Mid-Age (35-49),Male,Clothing,Summer,Delaware,53.0,11,12,636.0,4.5,0,0,0,0.0,0,1,1,0.2751460584233693,0.5653954081632653,Low,Medium,0,0,S0,General Buyers,2-Day Shipping,Bank Transfer,1,0
1939,46,Mid-Age (35-49),Male,Clothing,Spring,Kentucky,23.0,39,26,598.0,3.8,0,0,0,0.0,0,0,0,0.4592020808323329,0.5350025510204082,High,Medium,0,1,S0,General Buyers,Standard,Debit Card,0,1
1940,66,Senior (50-70),Male,Accessories,Winter,Ohio,57.0,20,4,228.0,3.7,0,0,0,0.0,0,0,0,0.2270324129651861,0.5808137755102041,Low,Medium,0,0,S0,General Buyers,Store Pickup,Paypal,0,1
1941,50,Senior (50-70),Male,Accessories,Fall,Alaska,89.0,48,26,2314.0,3.9,0,0,0,0.0,0,0,0,0.5223041216486595,0.8756709183673469,High,High,1,1,S1,High-Value Loyal,2-Day Shipping,Paypal,1,1
1942,55,Senior (50-70),Male,Footwear,Winter,Vermont,99.0,46,4,396.0,3.3,0,0,0,0.0,0,0,0,0.3542160864345738,0.873216836734694,Medium,High,1,1,S1,High-Value Loyal,Standard,Credit Card,0,1
1943,63,Senior (50-70),Male,Clothing,Fall,Alabama,28.0,22,12,336.0,3.4,0,0,0,0.0,0,0,0,0.2544929971988795,0.4461428571428571,Low,Medium,0,0,S0,General Buyers,Express,Paypal,1,1
1944,32,Young Adult (25-34),Male,Clothing,Summer,Wisconsin,53.0,45,1,53.0,3.8,0,0,0,0.0,0,0,0,0.3733877551020408,0.6968647959183673,Medium,High,0,1,S0,General Buyers,Next Day Air,Cash,1,0
1945,30,Young Adult (25-34),Male,Clothing,Winter,Arkansas,45.0,49,4,180.0,2.7,0,0,0,0.0,0,0,0,0.3245834333733493,0.6162729591836735,Medium,High,0,1,S0,General Buyers,Free Shipping,Cash,0,0
1946,35,Mid-Age (35-49),Male,Clothing,Winter,Georgia,38.0,9,4,152.0,2.9,0,0,0,0.0,0,0,0,0.0956854741896758,0.3935663265306123,Low,Low,0,0,S5,Low-Value Occasional,2-Day Shipping,Credit Card,1,1
1947,59,Senior (50-70),Male,Clothing,Summer,Louisiana,49.0,41,4,196.0,4.5,0,0,0,0.0,0,1,1,0.4196038415366147,0.7009566326530612,Medium,High,0,1,S0,General Buyers,Standard,Credit Card,0,1
1948,59,Senior (50-70),Male,Clothing,Summer,New York,32.0,2,12,384.0,2.6,0,0,0,0.0,0,0,0,0.0680440176070428,0.3136020408163265,Low,Low,0,0,S5,Low-Value Occasional,Store Pickup,Paypal,0,1
1949,54,Senior (50-70),Male,Clothing,Winter,Connecticut,37.0,39,26,962.0,3.1,0,0,0,0.0,0,0,0,0.4032020808323329,0.5542525510204082,Medium,Medium,0,1,S0,General Buyers,Next Day Air,Paypal,1,1
1950,63,Senior (50-70),Male,Clothing,Winter,Nebraska,80.0,12,4,320.0,4.7,0,0,0,0.0,0,1,1,0.2580528211284514,0.7006224489795918,Low,High,0,0,S0,General Buyers,Store Pickup,Paypal,0,1
1951,43,Mid-Age (35-49),Male,Accessories,Summer,Arkansas,78.0,26,4,312.0,4.6,0,0,0,0.0,0,1,1,0.3357671068427371,0.7573010204081633,Medium,High,0,0,S0,General Buyers,Free Shipping,Paypal,0,1
1952,33,Young Adult (25-34),Male,Accessories,Summer,Connecticut,53.0,32,26,1378.0,2.7,0,0,0,0.0,0,0,0,0.3283449379751901,0.5645382653061224,Medium,Medium,0,0,S0,General Buyers,Next Day Air,Bank Transfer,1,0
1953,57,Senior (50-70),Male,Footwear,Summer,Maryland,82.0,50,26,2132.0,4.6,0,0,0,0.0,0,1,1,0.5905490196078431,0.89725,High,High,1,1,S1,High-Value Loyal,2-Day Shipping,Cash,1,0
1954,25,Young Adult (25-34),Male,Clothing,Spring,Colorado,33.0,3,26,858.0,4.8,0,0,0,0.0,0,1,1,0.3187939175670268,0.4550790816326531,Medium,Medium,0,0,S5,Low-Value Occasional,Standard,Paypal,0,1
1955,26,Young Adult (25-34),Male,Accessories,Winter,Colorado,77.0,3,4,308.0,4.2,0,0,0,0.0,0,1,0,0.1629507803121248,0.6115790816326531,Low,High,0,0,S0,General Buyers,Free Shipping,Venmo,0,1
1956,50,Senior (50-70),Male,Clothing,Winter,Maine,56.0,37,12,672.0,4.9,0,0,0,0.0,0,1,1,0.4663297318927571,0.7351734693877551,High,High,0,0,S0,General Buyers,Express,Cash,1,0
1957,70,Senior (50-70),Male,Clothing,Winter,Oklahoma,37.0,20,26,962.0,4.9,0,0,0,0.0,0,1,1,0.430875550220088,0.5653137755102041,Medium,Medium,0,0,S0,General Buyers,Express,Credit Card,1,1
1958,68,Senior (50-70),Male,Accessories,Spring,South Carolina,54.0,26,26,1404.0,4.5,0,0,0,0.0,0,1,1,0.4356102440976391,0.6463010204081633,Medium,High,0,0,S0,General Buyers,Store Pickup,Cash,0,0
1959,39,Mid-Age (35-49),Male,Clothing,Winter,Nevada,67.0,47,4,268.0,2.7,0,0,0,0.0,0,0,0,0.3123385354141657,0.7023188775510204,Medium,High,0,1,S0,General Buyers,Store Pickup,Cash,0,0
1960,46,Mid-Age (35-49),Male,Footwear,Fall,Colorado,90.0,7,4,360.0,3.1,0,0,0,0.0,0,0,0,0.0994405762304922,0.6228622448979592,Low,High,1,0,S1,High-Value Loyal,Store Pickup,Credit Card,0,1
1961,57,Senior (50-70),Male,Clothing,Summer,Massachusetts,72.0,40,1,72.0,3.3,0,0,0,0.0,0,0,0,0.3027755102040816,0.7244795918367347,Low,High,0,1,S0,General Buyers,2-Day Shipping,Credit Card,1,1
1962,47,Mid-Age (35-49),Male,Footwear,Summer,Nevada,59.0,45,4,236.0,2.6,0,0,0,0.0,0,0,0,0.292093637454982,0.6511147959183674,Low,High,0,1,S0,General Buyers,Free Shipping,Debit Card,0,1
1963,40,Mid-Age (35-49),Male,Accessories,Fall,Iowa,45.0,20,26,1170.0,4.4,0,0,0,0.0,0,1,0,0.390875550220088,0.5703137755102041,Medium,Medium,0,0,S0,General Buyers,Standard,Paypal,0,1
1964,52,Senior (50-70),Male,Clothing,Spring,Michigan,30.0,11,52,1560.0,3.9,0,0,0,0.0,0,0,0,0.4232244897959183,0.4287704081632653,Medium,Medium,0,0,S5,Low-Value Occasional,Standard,Credit Card,0,1
1965,40,Mid-Age (35-49),Male,Clothing,Summer,West Virginia,51.0,50,12,612.0,4.6,0,0,0,0.0,0,1,1,0.521921568627451,0.761625,High,High,0,1,S0,General Buyers,Express,Debit Card,1,1
1966,67,Senior (50-70),Male,Clothing,Fall,Indiana,90.0,25,4,360.0,4.9,0,0,0,0.0,0,1,1,0.3536446578631453,0.8226989795918367,Medium,High,1,0,S1,High-Value Loyal,Express,Debit Card,1,1
1967,67,Senior (50-70),Male,Outerwear,Winter,Indiana,95.0,5,26,2470.0,3.7,0,0,0,0.0,0,0,0,0.2430388155262105,0.6705331632653062,Low,High,1,0,S1,High-Value Loyal,Express,Credit Card,1,1
1968,37,Mid-Age (35-49),Male,Clothing,Fall,Georgia,81.0,4,1,81.0,3.7,0,0,0,0.0,0,0,0,0.1143673469387755,0.6041811224489797,Low,High,1,0,S1,High-Value Loyal,Standard,Venmo,0,1
1969,67,Senior (50-70),Male,Clothing,Spring,Minnesota,70.0,25,52,3640.0,4.2,0,0,0,0.0,0,1,0,0.5329387755102041,0.6931989795918367,High,High,0,0,S0,General Buyers,Standard,Credit Card,0,1
1970,64,Senior (50-70),Male,Clothing,Winter,Louisiana,32.0,11,26,832.0,3.5,0,0,0,0.0,0,0,0,0.2637735094037615,0.4135204081632653,Low,Low,0,0,S5,Low-Value Occasional,Next Day Air,Bank Transfer,1,0
1971,28,Young Adult (25-34),Male,Accessories,Spring,Maryland,94.0,4,26,2444.0,2.9,0,0,0,0.0,0,0,0,0.1729163665466186,0.6130561224489797,Low,High,1,0,S1,High-Value Loyal,Next Day Air,Credit Card,1,1
1972,54,Senior (50-70),Male,Accessories,Spring,Pennsylvania,29.0,1,12,348.0,3.4,0,0,0,0.0,0,0,0,0.1259215686274509,0.343375,Low,Low,0,0,S5,Low-Value Occasional,Next Day Air,Venmo,1,1
1973,54,Senior (50-70),Male,Accessories,Summer,Louisiana,31.0,48,4,124.0,3.3,0,0,0,0.0,0,0,0,0.3664609843937574,0.5859209183673469,Medium,Medium,0,1,S0,General Buyers,Express,Paypal,1,1
1974,24,Teen (18-24),Male,Clothing,Fall,Maryland,20.0,9,4,80.0,4.5,0,0,0,0.0,0,1,1,0.2236854741896758,0.4108163265306122,Low,Low,0,0,S5,Low-Value Occasional,Standard,Venmo,0,1
1975,27,Young Adult (25-34),Male,Accessories,Winter,Tennessee,44.0,2,26,1144.0,4.6,0,0,0,0.0,0,1,1,0.296671468587435,0.4861020408163264,Low,Medium,0,0,S0,General Buyers,2-Day Shipping,Paypal,1,1
1976,53,Senior (50-70),Male,Outerwear,Fall,Illinois,77.0,4,4,308.0,2.9,0,0,0,0.0,0,0,0,0.0650732292917166,0.5386811224489796,Low,Medium,0,0,S0,General Buyers,Express,Cash,1,0
1977,32,Young Adult (25-34),Male,Accessories,Spring,Wyoming,51.0,43,26,1326.0,3.2,0,0,0,0.0,0,0,0,0.4356918767507003,0.6419107142857143,Medium,High,0,1,S0,General Buyers,Next Day Air,Paypal,1,1
1978,24,Teen (18-24),Male,Footwear,Summer,Florida,49.0,32,1,49.0,2.6,0,0,0,0.0,0,0,0,0.1977959183673469,0.5410382653061224,Low,Medium,0,0,S0,General Buyers,Free Shipping,Bank Transfer,0,0
1979,45,Mid-Age (35-49),Male,Accessories,Spring,Massachusetts,78.0,1,4,312.0,3.8,0,0,0,0.0,0,0,0,0.1187058823529411,0.5817499999999999,Low,Medium,0,0,S0,General Buyers,Store Pickup,Cash,0,0
1980,49,Mid-Age (35-49),Male,Clothing,Spring,Tennessee,98.0,38,26,2548.0,2.8,0,0,0,0.0,0,0,0,0.373079631852741,0.7980255102040816,Medium,High,1,1,S1,High-Value Loyal,Store Pickup,Debit Card,0,1
1981,51,Senior (50-70),Male,Footwear,Winter,Iowa,94.0,25,26,2444.0,4.4,0,0,0,0.0,0,1,0,0.4214877951180472,0.8101989795918367,Medium,High,1,0,S1,High-Value Loyal,Store Pickup,Paypal,0,1
1982,69,Senior (50-70),Male,Footwear,Summer,Michigan,91.0,42,4,364.0,4.7,0,0,0,0.0,0,1,1,0.4417262905162065,0.9018086734693878,Medium,High,1,1,S1,High-Value Loyal,Express,Paypal,1,1
1983,41,Mid-Age (35-49),Male,Accessories,Summer,Kansas,77.0,32,12,924.0,2.7,0,0,0,0.0,0,0,0,0.2597174869947979,0.6695382653061225,Low,High,0,0,S0,General Buyers,2-Day Shipping,Paypal,1,1
1984,59,Senior (50-70),Male,Accessories,Summer,Georgia,97.0,21,4,388.0,2.6,0,0,0,0.0,0,0,0,0.1451548619447779,0.6949158163265305,Low,High,1,0,S1,High-Value Loyal,Next Day Air,Debit Card,1,1
1985,26,Young Adult (25-34),Male,Clothing,Summer,West Virginia,58.0,26,26,1508.0,3.4,0,0,0,0.0,0,0,0,0.3476102440976391,0.5978010204081633,Medium,Medium,0,0,S0,General Buyers,2-Day Shipping,Paypal,1,1
1986,23,Teen (18-24),Male,Accessories,Spring,Tennessee,97.0,6,26,2522.0,3.9,0,0,0,0.0,0,0,0,0.2651612645058023,0.6963852040816326,Low,High,1,0,S1,High-Value Loyal,2-Day Shipping,Credit Card,1,1
1987,62,Senior (50-70),Male,Outerwear,Summer,Arkansas,48.0,14,4,192.0,3.4,0,0,0,0.0,0,0,0,0.166297719087635,0.4928265306122448,Low,Medium,0,0,S0,General Buyers,2-Day Shipping,Venmo,1,1
1988,69,Senior (50-70),Male,Accessories,Summer,Vermont,23.0,4,4,92.0,3.4,0,0,0,0.0,0,0,0,0.1050732292917166,0.3324311224489796,Low,Low,0,0,S5,Low-Value Occasional,Express,Cash,1,0
1989,46,Mid-Age (35-49),Male,Clothing,Winter,Virginia,79.0,26,52,4108.0,3.9,0,0,0,0.0,0,0,0,0.5150612244897959,0.7196760204081633,High,High,0,0,S0,General Buyers,Free Shipping,Bank Transfer,0,0
1990,35,Mid-Age (35-49),Male,Accessories,Spring,Maryland,42.0,39,26,1092.0,4.0,0,0,0,0.0,0,1,0,0.4752020808323329,0.6301275510204082,High,High,0,1,S0,General Buyers,Express,Paypal,1,1
1991,32,Young Adult (25-34),Male,Accessories,Spring,Connecticut,95.0,15,1,95.0,3.4,0,0,0,0.0,0,0,0,0.1577142857142857,0.7035535714285714,Low,High,1,0,S1,High-Value Loyal,2-Day Shipping,Paypal,1,1
1992,46,Mid-Age (35-49),Male,Footwear,Summer,Missouri,29.0,1,4,116.0,3.7,0,0,0,0.0,0,0,0,0.1107058823529412,0.361375,Low,Low,0,0,S5,Low-Value Occasional,Next Day Air,Venmo,1,1
1993,33,Young Adult (25-34),Male,Clothing,Winter,New Jersey,98.0,28,12,1176.0,4.9,0,0,0,0.0,0,1,1,0.4112276910764306,0.8730051020408164,Medium,High,1,0,S1,High-Value Loyal,2-Day Shipping,Venmo,1,1
1994,32,Young Adult (25-34),Male,Clothing,Spring,Arkansas,96.0,17,52,4992.0,5.0,0,0,0,0.0,0,1,1,0.5479591836734694,0.8141326530612244,High,High,1,0,S1,High-Value Loyal,Express,Cash,1,0
1995,33,Young Adult (25-34),Male,Accessories,Fall,Nevada,66.0,24,52,3432.0,2.9,0,0,0,0.0,0,0,0,0.4228163265306122,0.5925969387755102,Medium,Medium,0,0,S0,General Buyers,Next Day Air,Credit Card,1,1
1996,67,Senior (50-70),Male,Footwear,Spring,Missouri,80.0,29,4,320.0,3.0,0,0,0,0.0,0,0,0,0.2261344537815126,0.6853571428571428,Low,High,0,0,S0,General Buyers,Standard,Debit Card,0,1
1997,67,Senior (50-70),Male,Footwear,Summer,South Dakota,27.0,18,4,108.0,3.3,0,0,0,0.0,0,0,0,0.1827875150060023,0.415359693877551,Low,Low,0,0,S0,General Buyers,Next Day Air,Cash,1,0
1998,42,Mid-Age (35-49),Male,Accessories,Fall,Connecticut,25.0,10,26,650.0,4.7,0,0,0,0.0,0,1,1,0.3536510604241697,0.4497933673469387,Medium,Medium,0,0,S5,Low-Value Occasional,Express,Debit Card,1,1
1999,20,Teen (18-24),Male,Clothing,Fall,Vermont,45.0,19,4,180.0,3.4,0,0,0,0.0,0,0,0,0.1969099639855942,0.5052117346938776,Low,Medium,0,0,S0,General Buyers,2-Day Shipping,Cash,1,0
2000,39,Mid-Age (35-49),Male,Clothing,Winter,Tennessee,89.0,26,12,1068.0,4.6,0,0,0,0.0,0,1,1,0.3749827931172469,0.8054260204081632,Medium,High,1,0,S1,High-Value Loyal,2-Day Shipping,Debit Card,1,1
2001,26,Young Adult (25-34),Male,Accessories,Winter,California,27.0,25,26,702.0,3.6,0,0,0,0.0,0,0,0,0.3574877951180472,0.4690739795918367,Medium,Medium,0,0,S0,General Buyers,2-Day Shipping,Cash,1,0
2002,51,Senior (50-70),Male,Accessories,Winter,Wyoming,90.0,2,26,2340.0,2.6,0,0,0,0.0,0,0,0,0.1366714685874349,0.5673520408163265,Low,Medium,1,0,S0,General Buyers,Free Shipping,Debit Card,0,1
2003,31,Young Adult (25-34),Male,Clothing,Summer,New York,65.0,19,4,260.0,2.7,0,0,0,0.0,0,0,0,0.1409099639855942,0.5507117346938776,Low,Medium,0,0,S0,General Buyers,Express,Paypal,1,1
2004,68,Senior (50-70),Male,Footwear,Spring,Maine,72.0,32,4,288.0,3.1,0,0,0,0.0,0,0,0,0.2525018007202881,0.6716632653061225,Low,High,0,0,S0,General Buyers,Express,Cash,1,0
2005,44,Mid-Age (35-49),Male,Footwear,Fall,Georgia,70.0,13,26,1820.0,3.2,0,0,0,0.0,0,0,0,0.2520184073629452,0.5719744897959185,Low,Medium,0,0,S0,General Buyers,2-Day Shipping,Cash,1,0
2006,18,Teen (18-24),Male,Footwear,Winter,Tennessee,82.0,30,26,2132.0,3.4,0,0,0,0.0,0,0,0,0.3721000400160064,0.7232091836734694,Medium,High,1,0,S1,High-Value Loyal,Store Pickup,Paypal,0,1
2007,58,Senior (50-70),Male,Accessories,Fall,New Mexico,97.0,2,1,97.0,4.4,0,0,0,0.0,0,1,0,0.1581224489795918,0.7059770408163265,Low,High,1,0,S1,High-Value Loyal,Express,Credit Card,1,1
2008,26,Young Adult (25-34),Male,Clothing,Summer,Virginia,25.0,8,4,100.0,3.2,0,0,0,0.0,0,0,0,0.113563025210084,0.3495892857142857,Low,Low,0,0,S5,Low-Value Occasional,2-Day Shipping,Paypal,1,1
2009,57,Senior (50-70),Male,Clothing,Spring,Florida,48.0,27,4,192.0,2.5,0,0,0,0.0,0,0,0,0.1738895558223289,0.5051530612244898,Low,Medium,0,0,S0,General Buyers,Free Shipping,Paypal,0,1
2010,37,Mid-Age (35-49),Male,Footwear,Summer,Alabama,99.0,26,26,2574.0,3.8,0,0,0,0.0,0,0,0,0.379610244097639,0.8011760204081633,Medium,High,1,0,S1,High-Value Loyal,Next Day Air,Venmo,1,1
2011,24,Teen (18-24),Male,Clothing,Summer,Texas,21.0,3,26,546.0,4.4,0,0,0,0.0,0,1,0,0.2867939175670268,0.3785790816326531,Low,Low,0,0,S5,Low-Value Occasional,2-Day Shipping,Debit Card,1,1
2012,57,Senior (50-70),Male,Footwear,Spring,West Virginia,94.0,4,12,1128.0,3.7,0,0,0,0.0,0,0,0,0.1682889155662265,0.6610561224489797,Low,High,1,0,S1,High-Value Loyal,Express,Bank Transfer,1,0
2013,48,Mid-Age (35-49),Male,Clothing,Fall,Nevada,53.0,5,26,1378.0,3.2,0,0,0,0.0,0,0,0,0.2030388155262105,0.4567831632653061,Low,Medium,0,0,S0,General Buyers,Store Pickup,Cash,0,0
2014,39,Mid-Age (35-49),Male,Accessories,Winter,Virginia,70.0,25,4,280.0,4.9,0,0,0,0.0,0,1,1,0.3536446578631453,0.7351989795918368,Medium,High,0,0,S0,General Buyers,Standard,Debit Card,0,1
2015,51,Senior (50-70),Male,Clothing,Summer,Wisconsin,26.0,47,26,676.0,3.9,0,0,0,0.0,0,0,0,0.5161816726690676,0.5949438775510204,High,Medium,0,1,S0,General Buyers,Standard,Paypal,0,1
2016,57,Senior (50-70),Male,Accessories,Summer,Virginia,82.0,8,26,2132.0,4.5,0,0,0,0.0,0,1,1,0.325406162464986,0.6769642857142857,Medium,High,1,0,S1,High-Value Loyal,Next Day Air,Credit Card,1,1
2017,53,Senior (50-70),Male,Footwear,Winter,Maine,47.0,20,26,1222.0,3.4,0,0,0,0.0,0,0,0,0.310875550220088,0.5190637755102041,Medium,Medium,0,0,S0,General Buyers,Standard,Debit Card,0,1
2018,70,Senior (50-70),Male,Clothing,Winter,Massachusetts,32.0,42,4,128.0,4.1,0,0,0,0.0,0,1,0,0.3937262905162064,0.6076836734693877,Medium,High,0,1,S0,General Buyers,Next Day Air,Bank Transfer,1,0
2019,60,Senior (50-70),Male,Accessories,Fall,Arkansas,97.0,20,52,5044.0,4.5,0,0,0,0.0,0,1,1,0.5263265306122449,0.803813775510204,High,High,1,0,S1,High-Value Loyal,Store Pickup,Bank Transfer,0,0
2020,31,Young Adult (25-34),Male,Clothing,Winter,Idaho,68.0,23,26,1768.0,4.7,0,0,0,0.0,0,1,1,0.4332428971588636,0.7042448979591837,Medium,High,0,0,S0,General Buyers,Store Pickup,Cash,0,0
2021,41,Mid-Age (35-49),Male,Clothing,Winter,Pennsylvania,23.0,26,4,92.0,4.8,0,0,0,0.0,0,1,1,0.3517671068427371,0.5286760204081633,Medium,Medium,0,0,S0,General Buyers,Next Day Air,Cash,1,0
2022,62,Senior (50-70),Male,Accessories,Winter,Maine,33.0,48,4,132.0,4.4,0,0,0,0.0,0,1,0,0.4544609843937575,0.6606709183673469,Medium,High,0,1,S0,General Buyers,Standard,Venmo,0,1
2023,59,Senior (50-70),Male,Accessories,Winter,Alabama,38.0,16,26,988.0,4.0,0,0,0,0.0,0,1,0,0.3343857543017207,0.4952806122448979,Medium,Medium,0,0,S0,General Buyers,Store Pickup,Cash,0,0
2024,46,Mid-Age (35-49),Male,Clothing,Winter,Idaho,68.0,28,26,1768.0,4.1,0,0,0,0.0,0,1,0,0.4158551420568227,0.6937551020408163,Medium,High,0,0,S0,General Buyers,Store Pickup,Cash,0,0
2025,62,Senior (50-70),Male,Clothing,Fall,Arkansas,23.0,39,52,1196.0,3.7,0,0,0,0.0,0,0,0,0.5786530612244898,0.5290025510204082,High,Medium,0,1,S0,General Buyers,Express,Paypal,1,1
2026,42,Mid-Age (35-49),Male,Clothing,Summer,Delaware,29.0,43,26,754.0,3.0,0,0,0,0.0,0,0,0,0.4196918767507003,0.5336607142857144,Medium,Medium,0,1,S0,General Buyers,Express,Debit Card,1,1
2027,37,Mid-Age (35-49),Male,Accessories,Winter,Maine,35.0,45,4,140.0,3.6,0,0,0,0.0,0,0,0,0.372093637454982,0.6061147959183673,Medium,High,0,1,S0,General Buyers,Express,Bank Transfer,1,0
2028,50,Senior (50-70),Male,Footwear,Fall,Nebraska,73.0,50,4,292.0,4.8,0,0,0,0.0,0,1,1,0.4987058823529411,0.869875,High,High,0,1,S0,General Buyers,Standard,Credit Card,0,1
2029,29,Young Adult (25-34),Male,Footwear,Fall,Ohio,84.0,10,26,2184.0,3.7,0,0,0,0.0,0,0,0,0.2736510604241697,0.6479183673469389,Low,High,1,0,S1,High-Value Loyal,2-Day Shipping,Venmo,1,1
2030,25,Young Adult (25-34),Male,Accessories,Spring,Montana,23.0,40,4,92.0,4.6,0,0,0,0.0,0,1,1,0.4214813925570227,0.5881045918367347,Medium,Medium,0,1,S0,General Buyers,Next Day Air,Paypal,1,1
2031,66,Senior (50-70),Male,Accessories,Summer,New Mexico,67.0,38,12,804.0,2.8,0,0,0,0.0,0,0,0,0.3044521808723489,0.6624005102040816,Medium,High,0,1,S0,General Buyers,Standard,Credit Card,0,1
2032,21,Teen (18-24),Male,Clothing,Spring,North Carolina,51.0,2,12,612.0,4.0,0,0,0,0.0,0,1,0,0.1800440176070428,0.4807270408163265,Low,Medium,0,0,S0,General Buyers,Standard,Credit Card,0,1
2033,46,Mid-Age (35-49),Male,Clothing,Winter,South Carolina,36.0,13,1,36.0,4.2,0,0,0,0.0,0,1,0,0.209469387755102,0.4832244897959183,Low,Medium,0,0,S5,Low-Value Occasional,Next Day Air,Cash,1,0
2034,57,Senior (50-70),Male,Clothing,Summer,Illinois,55.0,33,1,55.0,3.6,0,0,0,0.0,0,0,0,0.2839183673469387,0.632390306122449,Low,High,0,0,S0,General Buyers,Express,Venmo,1,1
2035,61,Senior (50-70),Male,Clothing,Spring,Alabama,30.0,27,12,360.0,2.9,0,0,0,0.0,0,0,0,0.2451052420968387,0.4504030612244898,Low,Medium,0,0,S0,General Buyers,Store Pickup,Paypal,0,1
2036,53,Senior (50-70),Male,Clothing,Summer,Oklahoma,70.0,43,52,3640.0,4.1,0,0,0,0.0,0,1,0,0.6351428571428571,0.7790357142857143,High,High,0,1,S0,General Buyers,Express,Bank Transfer,1,0
2037,37,Mid-Age (35-49),Male,Clothing,Winter,Minnesota,63.0,46,52,3276.0,3.1,0,0,0,0.0,0,0,0,0.5735102040816327,0.7037168367346939,High,High,0,1,S0,General Buyers,Next Day Air,Cash,1,0
2038,39,Mid-Age (35-49),Male,Accessories,Summer,Illinois,87.0,7,26,2262.0,4.3,0,0,0,0.0,0,1,0,0.3032837134853942,0.6817372448979592,Medium,High,1,0,S1,High-Value Loyal,Express,Venmo,1,1
2039,53,Senior (50-70),Male,Clothing,Spring,Arkansas,70.0,35,26,1820.0,4.4,0,0,0,0.0,0,1,0,0.4827122849139656,0.756219387755102,High,High,0,0,S0,General Buyers,Next Day Air,Credit Card,1,1
2040,35,Mid-Age (35-49),Male,Clothing,Spring,Minnesota,51.0,31,26,1326.0,3.1,0,0,0,0.0,0,0,0,0.3542224889955983,0.5746862244897959,Medium,Medium,0,0,S0,General Buyers,Next Day Air,Debit Card,1,1
2041,69,Senior (50-70),Male,Accessories,Spring,South Carolina,25.0,42,4,100.0,2.9,0,0,0,0.0,0,0,0,0.2977262905162064,0.5050586734693878,Low,Medium,0,1,S0,General Buyers,Free Shipping,Venmo,0,1
2042,66,Senior (50-70),Male,Outerwear,Winter,New York,32.0,14,26,832.0,3.2,0,0,0,0.0,0,0,0,0.258140856342537,0.4108265306122449,Low,Low,0,0,S0,General Buyers,Next Day Air,Paypal,1,1
2043,19,Teen (18-24),Male,Footwear,Spring,Alabama,52.0,35,12,624.0,4.0,0,0,0,0.0,0,1,0,0.3820848339335734,0.653469387755102,Medium,High,0,0,S0,General Buyers,2-Day Shipping,Venmo,1,1
2044,47,Mid-Age (35-49),Male,Accessories,Summer,New York,33.0,49,52,1716.0,2.7,0,0,0,0.0,0,0,0,0.5598775510204081,0.5637729591836735,High,Medium,0,1,S0,General Buyers,Standard,Paypal,0,1
2045,49,Mid-Age (35-49),Male,Clothing,Spring,Missouri,68.0,17,26,1768.0,3.0,0,0,0,0.0,0,0,0,0.2605082032813125,0.5716326530612246,Low,Medium,0,0,S0,General Buyers,Free Shipping,Paypal,0,1
2046,31,Young Adult (25-34),Male,Accessories,Fall,Georgia,20.0,26,4,80.0,4.4,0,0,0,0.0,0,1,0,0.3197671068427371,0.4915510204081632,Medium,Medium,0,0,S0,General Buyers,Express,Paypal,1,1
2047,39,Mid-Age (35-49),Male,Clothing,Winter,Oklahoma,32.0,30,4,128.0,2.8,0,0,0,0.0,0,0,0,0.2162569027611044,0.4684591836734694,Low,Medium,0,0,S0,General Buyers,Free Shipping,Cash,0,0
2048,58,Senior (50-70),Male,Accessories,Summer,Connecticut,82.0,32,1,82.0,3.1,0,0,0,0.0,0,0,0,0.2377959183673469,0.7154132653061225,Low,High,1,0,S1,High-Value Loyal,Store Pickup,Cash,0,0
2049,45,Mid-Age (35-49),Male,Footwear,Winter,Michigan,64.0,35,4,256.0,3.9,0,0,0,0.0,0,0,0,0.3348691476590636,0.699969387755102,Medium,High,0,0,S0,General Buyers,Express,Bank Transfer,1,0
2050,68,Senior (50-70),Male,Footwear,Fall,Rhode Island,24.0,15,1,24.0,2.7,0,0,0,0.0,0,0,0,0.1017142857142857,0.3509285714285714,Low,Low,0,0,S0,General Buyers,Standard,Venmo,0,1
2051,35,Mid-Age (35-49),Male,Accessories,Summer,Mississippi,96.0,10,1,96.0,3.4,0,0,0,0.0,0,0,0,0.1271020408163265,0.6824183673469388,Low,High,1,0,S1,High-Value Loyal,Store Pickup,Debit Card,0,1
2052,65,Senior (50-70),Male,Clothing,Spring,Massachusetts,94.0,14,12,1128.0,3.8,0,0,0,0.0,0,0,0,0.2375134053621448,0.7180765306122449,Low,High,1,0,S1,High-Value Loyal,Free Shipping,Credit Card,0,1
2053,45,Mid-Age (35-49),Male,Accessories,Winter,New Hampshire,48.0,30,1,48.0,3.7,0,0,0,0.0,0,0,0,0.2735510204081632,0.5924591836734694,Low,Medium,0,0,S0,General Buyers,2-Day Shipping,Bank Transfer,1,0
2054,19,Teen (18-24),Male,Accessories,Spring,Wyoming,60.0,16,26,1560.0,4.5,0,0,0,0.0,0,1,1,0.3743857543017207,0.6215306122448979,Medium,High,0,0,S0,General Buyers,2-Day Shipping,Credit Card,1,1
2055,65,Senior (50-70),Male,Clothing,Spring,New Jersey,56.0,14,1,56.0,2.9,0,0,0,0.0,0,0,0,0.1115918367346938,0.4978265306122449,Low,Medium,0,0,S0,General Buyers,Express,Paypal,1,1
2056,28,Young Adult (25-34),Male,Accessories,Fall,Texas,33.0,28,52,1716.0,3.4,0,0,0,0.0,0,0,0,0.4873061224489796,0.4986301020408163,High,Medium,0,0,S0,General Buyers,2-Day Shipping,Bank Transfer,1,0
2057,55,Senior (50-70),Male,Accessories,Spring,Minnesota,46.0,29,12,552.0,4.4,0,0,0,0.0,0,1,0,0.3773501400560224,0.6206071428571428,Medium,High,0,0,S0,General Buyers,2-Day Shipping,Paypal,1,1
2058,66,Senior (50-70),Male,Clothing,Spring,South Dakota,37.0,5,4,148.0,4.2,0,0,0,0.0,0,1,0,0.1751956782713085,0.4467831632653061,Low,Medium,0,0,S5,Low-Value Occasional,Standard,Paypal,0,1
2059,29,Young Adult (25-34),Male,Clothing,Winter,Washington,98.0,17,4,392.0,3.3,0,0,0,0.0,0,0,0,0.1766650660264105,0.7208826530612245,Low,High,1,0,S1,High-Value Loyal,Store Pickup,Bank Transfer,0,0
2060,56,Senior (50-70),Male,Clothing,Spring,California,50.0,50,52,2600.0,3.7,0,0,0,0.0,0,0,0,0.6460000000000001,0.7032499999999999,High,High,0,1,S0,General Buyers,Express,Paypal,1,1
2061,21,Teen (18-24),Male,Accessories,Fall,Wisconsin,63.0,23,4,252.0,3.2,0,0,0,0.0,0,0,0,0.2053997599039616,0.5923698979591837,Low,Medium,0,0,S0,General Buyers,Next Day Air,Bank Transfer,1,0
2062,32,Young Adult (25-34),Male,Clothing,Summer,Michigan,70.0,22,1,70.0,2.6,0,0,0,0.0,0,0,0,0.1365714285714285,0.5818928571428572,Low,Medium,0,0,S0,General Buyers,Store Pickup,Debit Card,0,1
2063,54,Senior (50-70),Male,Outerwear,Fall,South Carolina,63.0,15,4,252.0,2.8,0,0,0,0.0,0,0,0,0.1244201680672268,0.5275535714285714,Low,Medium,0,0,S0,General Buyers,Standard,Cash,0,0
2064,61,Senior (50-70),Male,Clothing,Fall,Indiana,86.0,32,12,1032.0,2.9,0,0,0,0.0,0,0,0,0.2757174869947979,0.7209132653061224,Low,High,1,0,S1,High-Value Loyal,Standard,Cash,0,0
2065,31,Young Adult (25-34),Male,Footwear,Summer,Arkansas,99.0,5,12,1188.0,4.0,0,0,0,0.0,0,1,0,0.1984113645458183,0.7060331632653062,Low,High,1,0,S1,High-Value Loyal,2-Day Shipping,Bank Transfer,1,0
2066,27,Young Adult (25-34),Male,Footwear,Spring,Oregon,40.0,6,26,1040.0,2.9,0,0,0,0.0,0,0,0,0.1851612645058023,0.3870102040816326,Low,Low,0,0,S0,General Buyers,Free Shipping,Bank Transfer,0,0
2067,64,Senior (50-70),Male,Footwear,Fall,Illinois,92.0,44,26,2392.0,4.7,0,0,0,0.0,0,1,1,0.5618143257302921,0.9163877551020408,High,High,1,1,S1,High-Value Loyal,Store Pickup,Debit Card,0,1
2068,60,Senior (50-70),Male,Clothing,Fall,Maryland,21.0,23,26,546.0,3.1,0,0,0,0.0,0,0,0,0.3052428971588635,0.4026198979591837,Medium,Low,0,0,S0,General Buyers,2-Day Shipping,Cash,1,0
2069,70,Senior (50-70),Male,Accessories,Summer,Vermont,81.0,44,12,972.0,3.9,0,0,0,0.0,0,0,0,0.4291868747498999,0.8202627551020407,Medium,High,1,1,S1,High-Value Loyal,Store Pickup,Venmo,0,1
2070,36,Mid-Age (35-49),Male,Clothing,Fall,Texas,82.0,3,4,328.0,3.4,0,0,0,0.0,0,0,0,0.0989507803121248,0.5854540816326531,Low,Medium,1,0,S0,General Buyers,Free Shipping,Debit Card,0,1
2071,56,Senior (50-70),Male,Accessories,Spring,Nebraska,88.0,14,12,1056.0,3.1,0,0,0,0.0,0,0,0,0.1815134053621448,0.6498265306122449,Low,High,1,0,S1,High-Value Loyal,Express,Cash,1,0
2072,69,Senior (50-70),Male,Outerwear,Fall,South Carolina,100.0,37,4,400.0,4.8,0,0,0,0.0,0,1,1,0.4191140456182473,0.9216734693877552,Medium,High,1,0,S1,High-Value Loyal,Store Pickup,Paypal,0,1
2073,39,Mid-Age (35-49),Male,Accessories,Winter,Massachusetts,66.0,22,52,3432.0,3.9,0,0,0,0.0,0,0,0,0.4905714285714285,0.6423928571428571,High,High,0,0,S0,General Buyers,Next Day Air,Bank Transfer,1,0
2074,38,Mid-Age (35-49),Male,Accessories,Winter,Texas,25.0,2,4,100.0,3.5,0,0,0,0.0,0,0,0,0.100828331332533,0.3369770408163265,Low,Low,0,0,S5,Low-Value Occasional,Next Day Air,Paypal,1,1
2075,36,Mid-Age (35-49),Male,Accessories,Summer,Florida,53.0,44,26,1378.0,3.1,0,0,0,0.0,0,0,0,0.4338143257302921,0.6497627551020408,Medium,High,0,1,S0,General Buyers,Free Shipping,Debit Card,0,1
2076,46,Mid-Age (35-49),Male,Clothing,Fall,South Carolina,28.0,49,12,336.0,4.7,0,0,0,0.0,0,1,1,0.5237991196478592,0.6618979591836734,High,High,0,1,S0,General Buyers,Express,Debit Card,1,1
2077,59,Senior (50-70),Male,Accessories,Fall,Florida,23.0,22,26,598.0,4.6,0,0,0,0.0,0,1,1,0.4191204481792717,0.4962678571428571,Medium,Medium,0,0,S0,General Buyers,Free Shipping,Debit Card,0,1
2078,64,Senior (50-70),Male,Accessories,Fall,Nebraska,34.0,26,1,34.0,3.3,0,0,0,0.0,0,0,0,0.2170612244897959,0.4868010204081632,Low,Medium,0,0,S0,General Buyers,Free Shipping,Bank Transfer,0,0
2079,49,Mid-Age (35-49),Male,Clothing,Spring,Hawaii,42.0,40,52,2184.0,3.2,0,0,0,0.0,0,0,0,0.5447755102040817,0.5872295918367347,High,Medium,0,1,S0,General Buyers,Next Day Air,Debit Card,1,1
2080,32,Young Adult (25-34),Male,Clothing,Summer,Montana,24.0,16,4,96.0,3.1,0,0,0,0.0,0,0,0,0.1545426170468187,0.380030612244898,Low,Low,0,0,S0,General Buyers,Next Day Air,Paypal,1,1
2081,29,Young Adult (25-34),Male,Accessories,Fall,South Dakota,47.0,17,26,1222.0,3.5,0,0,0,0.0,0,0,0,0.3005082032813125,0.5097576530612244,Low,Medium,0,0,S0,General Buyers,Free Shipping,Debit Card,0,1
2082,24,Teen (18-24),Male,Outerwear,Spring,Alabama,78.0,48,26,2028.0,4.3,0,0,0,0.0,0,1,0,0.5543041216486594,0.8515459183673469,High,High,0,1,S0,General Buyers,Standard,Bank Transfer,0,0
2083,41,Mid-Age (35-49),Male,Clothing,Summer,Arkansas,89.0,28,4,356.0,2.9,0,0,0,0.0,0,0,0,0.2120120048019207,0.7136301020408163,Low,High,1,0,S1,High-Value Loyal,Free Shipping,Venmo,0,1
2084,41,Mid-Age (35-49),Male,Accessories,Fall,Mississippi,59.0,26,26,1534.0,2.7,0,0,0,0.0,0,0,0,0.2916102440976391,0.5601760204081633,Low,Medium,0,0,S0,General Buyers,Store Pickup,Credit Card,0,1
2085,32,Young Adult (25-34),Male,Clothing,Summer,Vermont,94.0,43,4,376.0,4.0,0,0,0,0.0,0,1,0,0.3918487394957983,0.8780357142857143,Medium,High,1,1,S1,High-Value Loyal,Standard,Bank Transfer,0,0
2086,69,Senior (50-70),Male,Clothing,Fall,New York,49.0,38,52,2548.0,4.6,0,0,0,0.0,0,1,1,0.6445306122448979,0.6916505102040816,High,High,0,1,S0,General Buyers,Free Shipping,Debit Card,0,1
2087,65,Senior (50-70),Male,Clothing,Summer,North Dakota,89.0,36,4,356.0,4.7,0,0,0,0.0,0,1,1,0.4049915966386554,0.8624464285714286,Medium,High,1,0,S1,High-Value Loyal,2-Day Shipping,Cash,1,0
2088,54,Senior (50-70),Male,Accessories,Summer,Wisconsin,91.0,1,52,4732.0,4.7,0,0,0,0.0,0,1,1,0.426,0.6926249999999999,Medium,High,1,0,S1,High-Value Loyal,Standard,Credit Card,0,1
2089,39,Mid-Age (35-49),Male,Footwear,Spring,California,89.0,49,1,89.0,4.0,0,0,0,0.0,0,1,0,0.4138775510204081,0.8867729591836734,Medium,High,1,1,S1,High-Value Loyal,Standard,Debit Card,0,1
2090,37,Mid-Age (35-49),Male,Outerwear,Spring,Maryland,57.0,41,4,228.0,3.6,0,0,0,0.0,0,0,0,0.3476038415366146,0.6819566326530613,Medium,High,0,1,S0,General Buyers,Free Shipping,Credit Card,0,1
2091,51,Senior (50-70),Male,Clothing,Winter,Massachusetts,71.0,21,12,852.0,3.4,0,0,0,0.0,0,0,0,0.2483705482192877,0.6291658163265306,Low,High,0,0,S0,General Buyers,Free Shipping,Debit Card,0,1
2092,26,Young Adult (25-34),Male,Clothing,Fall,Washington,97.0,24,4,388.0,3.0,0,0,0,0.0,0,0,0,0.1955222088835534,0.7342219387755102,Low,High,1,0,S1,High-Value Loyal,Next Day Air,Bank Transfer,1,0
2093,42,Mid-Age (35-49),Male,Footwear,Fall,Minnesota,45.0,27,52,2340.0,2.6,0,0,0,0.0,0,0,0,0.4171836734693878,0.4980280612244898,Medium,Medium,0,0,S0,General Buyers,Next Day Air,Bank Transfer,1,0
2094,21,Teen (18-24),Male,Clothing,Spring,Washington,91.0,4,1,91.0,4.2,0,0,0,0.0,0,1,0,0.1543673469387755,0.6779311224489796,Low,High,1,0,S1,High-Value Loyal,Store Pickup,Debit Card,0,1
2095,53,Senior (50-70),Male,Clothing,Spring,South Carolina,25.0,19,1,25.0,3.4,0,0,0,0.0,0,0,0,0.182204081632653,0.4177117346938775,Low,Low,0,0,S0,General Buyers,Standard,Venmo,0,1
2096,36,Mid-Age (35-49),Male,Clothing,Fall,New Mexico,63.0,1,26,1638.0,4.0,0,0,0,0.0,0,1,0,0.2425490196078431,0.528125,Low,Medium,0,0,S0,General Buyers,Store Pickup,Bank Transfer,0,0
2097,21,Teen (18-24),Male,Clothing,Summer,North Carolina,52.0,27,1,52.0,4.7,0,0,0,0.0,0,1,1,0.3351836734693878,0.6546530612244897,Medium,High,0,0,S0,General Buyers,Free Shipping,Debit Card,0,1
2098,33,Young Adult (25-34),Male,Footwear,Winter,Iowa,43.0,5,52,2236.0,3.9,0,0,0,0.0,0,0,0,0.3864897959183673,0.4550331632653061,Medium,Medium,0,0,S0,General Buyers,Next Day Air,Credit Card,1,1
2099,49,Mid-Age (35-49),Male,Clothing,Summer,Louisiana,28.0,20,4,112.0,3.3,0,0,0,0.0,0,0,0,0.195032412965186,0.429938775510204,Low,Medium,0,0,S0,General Buyers,2-Day Shipping,Venmo,1,1
2100,31,Young Adult (25-34),Male,Clothing,Summer,Oklahoma,78.0,50,1,78.0,2.9,0,0,0,0.0,0,0,0,0.3319999999999999,0.7777499999999999,Medium,High,0,1,S0,General Buyers,Express,Paypal,1,1
2101,68,Senior (50-70),Male,Clothing,Spring,Michigan,31.0,36,26,806.0,4.4,0,0,0,0.0,0,1,0,0.4888347338935574,0.5906964285714286,High,Medium,0,0,S0,General Buyers,Free Shipping,Cash,0,0
2102,49,Mid-Age (35-49),Male,Clothing,Winter,Oregon,23.0,12,26,598.0,3.6,0,0,0,0.0,0,0,0,0.2778959583833533,0.3852474489795918,Low,Low,0,0,S5,Low-Value Occasional,Next Day Air,Bank Transfer,1,0
2103,23,Teen (18-24),Male,Accessories,Spring,Idaho,25.0,23,12,300.0,4.5,0,0,0,0.0,0,1,1,0.3486154461784714,0.5041198979591837,Medium,Medium,0,0,S0,General Buyers,Store Pickup,Cash,0,0
2104,30,Young Adult (25-34),Male,Clothing,Summer,Indiana,86.0,21,52,4472.0,3.7,0,0,0,0.0,0,0,0,0.4684489795918368,0.7127908163265306,High,High,1,0,S1,High-Value Loyal,Store Pickup,Venmo,0,1
2105,53,Senior (50-70),Male,Footwear,Spring,New Mexico,88.0,47,52,4576.0,2.8,0,0,0,0.0,0,0,0,0.5556326530612246,0.8001938775510204,High,High,1,1,S1,High-Value Loyal,Free Shipping,Venmo,0,1
2106,65,Senior (50-70),Male,Accessories,Spring,South Carolina,35.0,38,26,910.0,4.5,0,0,0,0.0,0,1,1,0.5090796318527411,0.6244005102040816,High,High,0,1,S0,General Buyers,Free Shipping,Venmo,0,1
2107,60,Senior (50-70),Male,Accessories,Fall,Vermont,34.0,40,4,136.0,4.4,0,0,0,0.0,0,1,0,0.4054813925570228,0.6242295918367347,Medium,High,0,1,S0,General Buyers,Standard,Credit Card,0,1
2108,46,Mid-Age (35-49),Male,Clothing,Winter,Delaware,75.0,35,4,300.0,3.3,0,0,0,0.0,0,0,0,0.2868691476590636,0.712094387755102,Low,High,0,0,S0,General Buyers,Standard,Paypal,0,1
2109,54,Senior (50-70),Male,Clothing,Winter,North Dakota,46.0,4,4,184.0,4.2,0,0,0,0.0,0,1,0,0.1690732292917167,0.4810561224489795,Low,Medium,0,0,S0,General Buyers,Express,Credit Card,1,1
2110,59,Senior (50-70),Male,Accessories,Fall,California,31.0,28,4,124.0,2.7,0,0,0,0.0,0,0,0,0.1960120048019207,0.4478801020408163,Low,Medium,0,0,S0,General Buyers,Free Shipping,Venmo,0,1
2111,52,Senior (50-70),Male,Clothing,Spring,Montana,93.0,36,4,372.0,3.9,0,0,0,0.0,0,0,0,0.3409915966386554,0.8319464285714285,Medium,High,1,0,S1,High-Value Loyal,Store Pickup,Debit Card,0,1
2112,41,Mid-Age (35-49),Male,Accessories,Spring,Missouri,85.0,15,1,85.0,2.6,0,0,0,0.0,0,0,0,0.0937142857142857,0.6118035714285714,Low,High,1,0,S1,High-Value Loyal,Free Shipping,Bank Transfer,0,0
2113,43,Mid-Age (35-49),Male,Accessories,Fall,Tennessee,68.0,7,26,1768.0,4.5,0,0,0,0.0,0,1,1,0.3192837134853942,0.6106122448979592,Medium,High,0,0,S0,General Buyers,2-Day Shipping,Cash,1,0
2114,63,Senior (50-70),Male,Clothing,Spring,Virginia,40.0,29,4,160.0,2.7,0,0,0,0.0,0,0,0,0.2021344537815126,0.4923571428571428,Low,Medium,0,0,S0,General Buyers,Store Pickup,Paypal,0,1
2115,37,Mid-Age (35-49),Male,Clothing,Winter,Vermont,51.0,12,1,51.0,2.9,0,0,0,0.0,0,0,0,0.0993469387755102,0.4657474489795918,Low,Medium,0,0,S0,General Buyers,Standard,Debit Card,0,1
2116,44,Mid-Age (35-49),Male,Accessories,Winter,Rhode Island,85.0,16,26,2210.0,3.4,0,0,0,0.0,0,0,0,0.2863857543017207,0.664905612244898,Low,High,1,0,S1,High-Value Loyal,Store Pickup,Bank Transfer,0,0
2117,67,Senior (50-70),Male,Outerwear,Summer,Kansas,23.0,50,26,598.0,2.9,0,0,0,0.0,0,0,0,0.4545490196078431,0.5371250000000001,Medium,Medium,0,1,S0,General Buyers,Express,Debit Card,1,1
2118,27,Young Adult (25-34),Male,Clothing,Summer,Colorado,28.0,11,1,28.0,3.8,0,0,0,0.0,0,0,0,0.1652244897959183,0.4140204081632652,Low,Low,0,0,S5,Low-Value Occasional,Free Shipping,Debit Card,0,1
2119,60,Senior (50-70),Male,Clothing,Fall,Georgia,44.0,28,4,176.0,4.2,0,0,0,0.0,0,1,0,0.3160120048019207,0.5947551020408163,Medium,Medium,0,0,S0,General Buyers,2-Day Shipping,Debit Card,1,1
2120,58,Senior (50-70),Male,Accessories,Spring,Nebraska,57.0,36,26,1482.0,3.5,0,0,0,0.0,0,0,0,0.4168347338935574,0.6504464285714286,Medium,High,0,0,S0,General Buyers,Store Pickup,Venmo,0,1
2121,53,Senior (50-70),Male,Accessories,Fall,Missouri,98.0,38,4,392.0,3.1,0,0,0,0.0,0,0,0,0.2892364945978391,0.8160255102040816,Low,High,1,1,S1,High-Value Loyal,Next Day Air,Paypal,1,1
2122,43,Mid-Age (35-49),Male,Accessories,Winter,Alaska,68.0,32,12,816.0,3.5,0,0,0,0.0,0,0,0,0.3237174869947979,0.6781632653061225,Medium,High,0,0,S0,General Buyers,2-Day Shipping,Bank Transfer,1,0
2123,32,Young Adult (25-34),Male,Outerwear,Fall,Virginia,36.0,42,52,1872.0,4.0,0,0,0,0.0,0,1,0,0.6210204081632653,0.6191836734693877,High,High,0,1,S0,General Buyers,Express,Debit Card,1,1
2124,54,Senior (50-70),Male,Outerwear,Spring,Nebraska,71.0,22,26,1846.0,3.7,0,0,0,0.0,0,0,0,0.3471204481792717,0.6522678571428571,Medium,High,0,0,S0,General Buyers,Express,Debit Card,1,1
2125,47,Mid-Age (35-49),Male,Clothing,Fall,Rhode Island,60.0,22,4,240.0,4.2,0,0,0,0.0,0,1,0,0.2792773109243697,0.6341428571428571,Low,High,0,0,S0,General Buyers,Next Day Air,Venmo,1,1
2126,57,Senior (50-70),Male,Outerwear,Fall,New Hampshire,87.0,31,4,348.0,4.8,0,0,0,0.0,0,1,1,0.3823793517406962,0.8341862244897958,Medium,High,1,0,S1,High-Value Loyal,Store Pickup,Paypal,0,1
2127,63,Senior (50-70),Male,Footwear,Winter,Alabama,38.0,28,12,456.0,4.1,0,0,0,0.0,0,1,0,0.3472276910764305,0.5625051020408163,Medium,Medium,0,0,S0,General Buyers,Express,Credit Card,1,1
2128,70,Senior (50-70),Male,Footwear,Spring,North Carolina,45.0,40,52,2340.0,4.5,0,0,0,0.0,0,1,1,0.6487755102040816,0.6783545918367347,High,High,0,1,S0,General Buyers,2-Day Shipping,Debit Card,1,1
2129,62,Senior (50-70),Male,Outerwear,Fall,New Mexico,47.0,21,52,2444.0,2.7,0,0,0,0.0,0,0,0,0.3884489795918368,0.4821658163265306,Medium,Medium,0,0,S0,General Buyers,2-Day Shipping,Paypal,1,1
2130,40,Mid-Age (35-49),Male,Clothing,Fall,Minnesota,57.0,12,4,228.0,2.8,0,0,0,0.0,0,0,0,0.1060528211284513,0.4859974489795918,Low,Medium,0,0,S0,General Buyers,Store Pickup,Paypal,0,1
2131,25,Young Adult (25-34),Male,Accessories,Summer,Arizona,68.0,33,1,68.0,3.7,0,0,0,0.0,0,0,0,0.2919183673469387,0.695265306122449,Low,High,0,0,S0,General Buyers,Free Shipping,Credit Card,0,1
2132,19,Teen (18-24),Male,Clothing,Fall,Montana,52.0,9,26,1352.0,3.6,0,0,0,0.0,0,0,0,0.2595286114445778,0.4968163265306122,Low,Medium,0,0,S0,General Buyers,Express,Bank Transfer,1,0
2133,25,Young Adult (25-34),Male,Clothing,Fall,Vermont,87.0,15,52,4524.0,4.7,0,0,0,0.0,0,1,1,0.5117142857142858,0.7465535714285714,High,High,1,0,S1,High-Value Loyal,2-Day Shipping,Debit Card,1,1
2134,21,Teen (18-24),Male,Accessories,Summer,Maine,34.0,13,1,34.0,3.8,0,0,0,0.0,0,0,0,0.177469387755102,0.4504744897959183,Low,Medium,0,0,S5,Low-Value Occasional,Standard,Bank Transfer,0,0
2135,55,Senior (50-70),Male,Footwear,Winter,Virginia,41.0,35,26,1066.0,2.9,0,0,0,0.0,0,0,0,0.3627122849139655,0.5393443877551021,Medium,Medium,0,0,S0,General Buyers,Standard,Credit Card,0,1
2136,34,Young Adult (25-34),Male,Accessories,Winter,California,94.0,1,4,376.0,4.6,0,0,0,0.0,0,1,1,0.1827058823529411,0.69975,Low,High,1,0,S1,High-Value Loyal,Next Day Air,Debit Card,1,1
2137,47,Mid-Age (35-49),Male,Accessories,Summer,New York,93.0,25,26,2418.0,2.8,0,0,0,0.0,0,0,0,0.2934877951180472,0.7098239795918367,Low,High,1,0,S1,High-Value Loyal,Standard,Bank Transfer,0,0
2138,27,Young Adult (25-34),Male,Clothing,Winter,Indiana,51.0,20,4,204.0,4.6,0,0,0,0.0,0,1,1,0.299032412965186,0.608563775510204,Low,High,0,0,S0,General Buyers,2-Day Shipping,Credit Card,1,1
2139,67,Senior (50-70),Male,Clothing,Fall,Mississippi,42.0,36,4,168.0,2.8,0,0,0,0.0,0,0,0,0.2529915966386554,0.5428214285714286,Low,Medium,0,0,S0,General Buyers,Next Day Air,Venmo,1,1
2140,40,Mid-Age (35-49),Male,Footwear,Winter,New York,95.0,33,52,4940.0,3.0,0,0,0,0.0,0,0,0,0.4859183673469388,0.771390306122449,High,High,1,0,S1,High-Value Loyal,Free Shipping,Cash,0,0
2141,53,Senior (50-70),Male,Accessories,Fall,New Mexico,90.0,36,26,2340.0,3.7,0,0,0,0.0,0,0,0,0.4328347338935574,0.8068214285714286,Medium,High,1,0,S1,High-Value Loyal,Standard,Cash,0,0
2142,24,Teen (18-24),Male,Clothing,Winter,Kentucky,98.0,32,1,98.0,4.1,0,0,0,0.0,0,1,0,0.3177959183673469,0.8454132653061225,Medium,High,1,0,S1,High-Value Loyal,2-Day Shipping,Paypal,1,1
2143,47,Mid-Age (35-49),Male,Accessories,Winter,North Dakota,39.0,21,4,156.0,4.3,0,0,0,0.0,0,1,0,0.2811548619447779,0.5431658163265306,Low,Medium,0,0,S0,General Buyers,Next Day Air,Venmo,1,1
2144,53,Senior (50-70),Male,Footwear,Fall,Arkansas,66.0,48,26,1716.0,3.8,0,0,0,0.0,0,0,0,0.5143041216486595,0.7690459183673469,High,High,0,1,S0,General Buyers,Next Day Air,Venmo,1,1
2145,47,Mid-Age (35-49),Male,Footwear,Winter,Maryland,23.0,25,4,92.0,3.7,0,0,0,0.0,0,0,0,0.2576446578631453,0.4575739795918367,Low,Medium,0,0,S0,General Buyers,Free Shipping,Paypal,0,1
2146,38,Mid-Age (35-49),Male,Clothing,Winter,Connecticut,73.0,32,1,73.0,4.8,0,0,0,0.0,0,1,1,0.3737959183673469,0.7780382653061224,Medium,High,0,0,S0,General Buyers,Standard,Paypal,0,1
2147,48,Mid-Age (35-49),Male,Accessories,Summer,Utah,23.0,45,4,92.0,4.6,0,0,0,0.0,0,1,1,0.452093637454982,0.6136147959183673,Medium,High,0,1,S0,General Buyers,Standard,Paypal,0,1
2148,47,Mid-Age (35-49),Male,Clothing,Fall,Missouri,43.0,4,26,1118.0,4.8,0,0,0,0.0,0,1,1,0.3249163665466186,0.5039311224489795,Medium,Medium,0,0,S0,General Buyers,Standard,Cash,0,0
2149,19,Teen (18-24),Male,Clothing,Winter,Nebraska,45.0,19,26,1170.0,4.6,0,0,0,0.0,0,1,1,0.4007531012404962,0.5772117346938775,Medium,Medium,0,0,S0,General Buyers,2-Day Shipping,Paypal,1,1
2150,38,Mid-Age (35-49),Male,Footwear,Winter,Hawaii,21.0,1,52,1092.0,4.0,0,0,0,0.0,0,1,0,0.37,0.344375,Medium,Low,0,0,S5,Low-Value Occasional,Standard,Bank Transfer,0,0
2151,57,Senior (50-70),Male,Clothing,Spring,Illinois,40.0,12,52,2080.0,2.6,0,0,0,0.0,0,0,0,0.3253469387755102,0.3996224489795918,Medium,Low,0,0,S0,General Buyers,2-Day Shipping,Cash,1,0
2152,70,Senior (50-70),Male,Clothing,Fall,Vermont,58.0,18,12,696.0,2.6,0,0,0,0.0,0,0,0,0.1660032012805122,0.5089846938775511,Low,Medium,0,0,S0,General Buyers,2-Day Shipping,Venmo,1,1
2153,38,Mid-Age (35-49),Male,Clothing,Summer,New Jersey,48.0,43,26,1248.0,4.5,0,0,0,0.0,0,1,1,0.5396918767507003,0.7067857142857142,High,High,0,1,S0,General Buyers,Next Day Air,Bank Transfer,1,0
2154,35,Mid-Age (35-49),Male,Clothing,Fall,Kentucky,94.0,31,1,94.0,4.2,0,0,0,0.0,0,1,0,0.3196734693877551,0.8288112244897959,Medium,High,1,0,S1,High-Value Loyal,Free Shipping,Paypal,0,1
2155,46,Mid-Age (35-49),Male,Accessories,Spring,Wyoming,74.0,33,4,296.0,3.4,0,0,0,0.0,0,0,0,0.2826242496998799,0.7035153061224491,Low,High,0,0,S0,General Buyers,Store Pickup,Cash,0,0
2156,32,Young Adult (25-34),Male,Accessories,Fall,Hawaii,51.0,46,12,612.0,3.7,0,0,0,0.0,0,0,0,0.4254317727090836,0.6872168367346938,Medium,High,0,1,S0,General Buyers,Store Pickup,Paypal,0,1
2157,38,Mid-Age (35-49),Male,Clothing,Winter,Missouri,83.0,41,26,2158.0,3.6,0,0,0,0.0,0,0,0,0.4554469787915166,0.7957066326530613,Medium,High,1,1,S1,High-Value Loyal,Next Day Air,Debit Card,1,1
2158,41,Mid-Age (35-49),Male,Accessories,Winter,Mississippi,68.0,41,26,1768.0,4.0,0,0,0,0.0,0,1,0,0.4874469787915166,0.7540816326530612,High,High,0,1,S0,General Buyers,Next Day Air,Venmo,1,1
2159,19,Teen (18-24),Male,Accessories,Spring,Massachusetts,84.0,9,26,2184.0,4.6,0,0,0,0.0,0,1,1,0.3395286114445778,0.6968163265306122,Medium,High,1,0,S1,High-Value Loyal,Standard,Bank Transfer,0,0
2160,18,Teen (18-24),Male,Clothing,Fall,Louisiana,58.0,34,1,58.0,3.0,0,0,0,0.0,0,0,0,0.2420408163265306,0.6146173469387755,Low,High,0,0,S0,General Buyers,Free Shipping,Cash,0,0
2161,45,Mid-Age (35-49),Male,Clothing,Winter,West Virginia,92.0,21,1,92.0,3.3,0,0,0,0.0,0,0,0,0.1864489795918367,0.7150408163265307,Low,High,1,0,S1,High-Value Loyal,Express,Paypal,1,1
2162,23,Teen (18-24),Male,Clothing,Summer,Washington,69.0,5,26,1794.0,3.8,0,0,0,0.0,0,0,0,0.2510388155262104,0.5627831632653061,Low,Medium,0,0,S0,General Buyers,Express,Debit Card,1,1
2163,60,Senior (50-70),Male,Clothing,Summer,Oregon,48.0,32,52,2496.0,2.7,0,0,0,0.0,0,0,0,0.4557959183673469,0.5426632653061225,Medium,Medium,0,0,S0,General Buyers,Free Shipping,Paypal,0,1
2164,52,Senior (50-70),Male,Footwear,Spring,New York,60.0,44,12,720.0,4.5,0,0,0,0.0,0,1,1,0.4771868747498999,0.7643877551020408,High,High,0,1,S0,General Buyers,Express,Bank Transfer,1,0
2165,42,Mid-Age (35-49),Male,Footwear,Winter,Iowa,20.0,46,26,520.0,4.8,0,0,0,0.0,0,1,1,0.5820592236894757,0.6175918367346939,High,High,0,1,S0,General Buyers,Next Day Air,Paypal,1,1
2166,29,Young Adult (25-34),Male,Clothing,Summer,Idaho,55.0,42,4,220.0,4.2,0,0,0,0.0,0,1,0,0.4017262905162065,0.7143086734693878,Medium,High,0,1,S0,General Buyers,Express,Credit Card,1,1
2167,31,Young Adult (25-34),Male,Outerwear,Spring,New Jersey,88.0,50,26,2288.0,3.5,0,0,0,0.0,0,0,0,0.5025490196078432,0.8574999999999999,High,High,1,1,S1,High-Value Loyal,Express,Credit Card,1,1
2168,30,Young Adult (25-34),Male,Clothing,Winter,Ohio,48.0,33,26,1248.0,4.9,0,0,0,0.0,0,1,1,0.510467386954782,0.679765306122449,High,High,0,0,S0,General Buyers,Standard,Venmo,0,1
2169,23,Teen (18-24),Male,Accessories,Spring,Connecticut,74.0,32,4,296.0,4.1,0,0,0,0.0,0,1,0,0.3325018007202881,0.7404132653061224,Medium,High,0,0,S0,General Buyers,Next Day Air,Cash,1,0
2170,31,Young Adult (25-34),Male,Outerwear,Fall,Florida,42.0,32,26,1092.0,2.9,0,0,0,0.0,0,0,0,0.34434493797519,0.5284132653061224,Medium,Medium,0,0,S0,General Buyers,Next Day Air,Bank Transfer,1,0
2171,40,Mid-Age (35-49),Male,Clothing,Fall,South Carolina,32.0,37,4,128.0,4.0,0,0,0,0.0,0,1,0,0.3551140456182473,0.576173469387755,Medium,Medium,0,0,S0,General Buyers,Next Day Air,Venmo,1,1
2172,39,Mid-Age (35-49),Male,Clothing,Summer,Missouri,98.0,9,26,2548.0,4.6,0,0,0,0.0,0,1,1,0.3395286114445778,0.7580663265306122,Medium,High,1,0,S1,High-Value Loyal,Store Pickup,Cash,0,0
2173,28,Young Adult (25-34),Male,Clothing,Fall,Rhode Island,89.0,6,26,2314.0,2.8,0,0,0,0.0,0,0,0,0.1771612645058023,0.5953852040816326,Low,Medium,1,0,S0,General Buyers,Store Pickup,Paypal,0,1
2174,23,Teen (18-24),Male,Accessories,Summer,Delaware,97.0,36,4,388.0,5.0,0,0,0,0.0,0,1,1,0.4289915966386555,0.9154464285714284,Medium,High,1,0,S1,High-Value Loyal,2-Day Shipping,Venmo,1,1
2175,42,Mid-Age (35-49),Male,Accessories,Spring,Colorado,49.0,1,1,49.0,2.9,0,0,0,0.0,0,0,0,0.0319999999999999,0.400875,Low,Low,0,0,S0,General Buyers,Store Pickup,Cash,0,0
2176,68,Senior (50-70),Male,Clothing,Spring,Nebraska,50.0,48,26,1300.0,3.3,0,0,0,0.0,0,0,0,0.4743041216486594,0.669045918367347,High,High,0,1,S0,General Buyers,Free Shipping,Credit Card,0,1
2177,24,Teen (18-24),Male,Accessories,Winter,Vermont,91.0,44,4,364.0,3.4,0,0,0,0.0,0,0,0,0.3499711884753901,0.8340127551020409,Medium,High,1,1,S1,High-Value Loyal,2-Day Shipping,Debit Card,1,1
2178,24,Teen (18-24),Male,Accessories,Winter,Montana,93.0,9,26,2418.0,3.0,0,0,0,0.0,0,0,0,0.2115286114445778,0.6401913265306123,Low,High,1,0,S1,High-Value Loyal,Express,Paypal,1,1
2179,21,Teen (18-24),Male,Accessories,Summer,Florida,98.0,32,1,98.0,4.7,0,0,0,0.0,0,1,1,0.365795918367347,0.8814132653061225,Medium,High,1,0,S1,High-Value Loyal,Standard,Venmo,0,1
2180,49,Mid-Age (35-49),Male,Clothing,Fall,Delaware,82.0,14,12,984.0,2.9,0,0,0,0.0,0,0,0,0.1655134053621448,0.6115765306122449,Low,High,1,0,S1,High-Value Loyal,Next Day Air,Paypal,1,1
2181,41,Mid-Age (35-49),Male,Outerwear,Summer,Connecticut,37.0,43,4,148.0,4.1,0,0,0,0.0,0,1,0,0.3998487394957982,0.6346607142857142,Medium,High,0,1,S0,General Buyers,Store Pickup,Cash,0,0
2182,22,Teen (18-24),Male,Accessories,Fall,Hawaii,63.0,32,26,1638.0,3.2,0,0,0,0.0,0,0,0,0.3683449379751901,0.6382882653061225,Medium,High,0,0,S0,General Buyers,Free Shipping,Bank Transfer,0,0
2183,42,Mid-Age (35-49),Male,Clothing,Winter,New Mexico,99.0,26,26,2574.0,2.7,0,0,0,0.0,0,0,0,0.2916102440976391,0.7351760204081633,Low,High,1,0,S1,High-Value Loyal,Store Pickup,Venmo,0,1
2184,30,Young Adult (25-34),Male,Clothing,Spring,Kansas,37.0,2,12,444.0,4.7,0,0,0,0.0,0,1,1,0.2360440176070428,0.4614770408163265,Low,Medium,0,0,S5,Low-Value Occasional,Store Pickup,Cash,0,0
2185,38,Mid-Age (35-49),Male,Footwear,Spring,Nevada,34.0,16,4,136.0,3.2,0,0,0,0.0,0,0,0,0.1625426170468187,0.4297806122448979,Low,Medium,0,0,S0,General Buyers,Free Shipping,Paypal,0,1
2186,40,Mid-Age (35-49),Male,Clothing,Winter,North Carolina,32.0,50,4,128.0,2.5,0,0,0,0.0,0,0,0,0.3147058823529411,0.5525,Medium,Medium,0,1,S0,General Buyers,Express,Debit Card,1,1
2187,55,Senior (50-70),Male,Footwear,Winter,New Mexico,23.0,6,4,92.0,4.3,0,0,0,0.0,0,1,0,0.1893181272509003,0.3966352040816326,Low,Low,0,0,S5,Low-Value Occasional,Next Day Air,Paypal,1,1
2188,37,Mid-Age (35-49),Male,Clothing,Spring,Idaho,78.0,20,1,78.0,4.4,0,0,0,0.0,0,1,0,0.2683265306122449,0.714688775510204,Low,High,0,0,S0,General Buyers,Free Shipping,Paypal,0,1
2189,41,Mid-Age (35-49),Male,Outerwear,Winter,California,54.0,9,52,2808.0,4.7,0,0,0,0.0,0,1,1,0.4749795918367347,0.5715663265306122,High,Medium,0,0,S0,General Buyers,Next Day Air,Credit Card,1,1
2190,38,Mid-Age (35-49),Male,Clothing,Fall,Wisconsin,94.0,47,26,2444.0,4.0,0,0,0,0.0,0,1,0,0.5241816726690676,0.8984438775510204,High,High,1,1,S1,High-Value Loyal,Express,Credit Card,1,1
2191,42,Mid-Age (35-49),Male,Accessories,Spring,Alaska,75.0,33,1,75.0,4.6,0,0,0,0.0,0,1,1,0.3639183673469387,0.7798903061224489,Medium,High,0,0,S0,General Buyers,Express,Credit Card,1,1
2192,26,Young Adult (25-34),Male,Clothing,Summer,Pennsylvania,69.0,46,26,1794.0,3.8,0,0,0,0.0,0,0,0,0.5020592236894758,0.7719668367346938,High,High,0,1,S0,General Buyers,Next Day Air,Cash,1,0
2193,41,Mid-Age (35-49),Male,Accessories,Winter,Virginia,35.0,9,12,420.0,3.2,0,0,0,0.0,0,0,0,0.1589011604641857,0.3984413265306122,Low,Low,0,0,S5,Low-Value Occasional,Next Day Air,Credit Card,1,1
2194,27,Young Adult (25-34),Male,Clothing,Spring,California,78.0,8,12,936.0,5.0,0,0,0,0.0,0,1,1,0.2967787114845938,0.6894642857142858,Low,High,0,0,S0,General Buyers,Express,Paypal,1,1
2195,61,Senior (50-70),Male,Clothing,Summer,Kentucky,29.0,48,4,116.0,3.5,0,0,0,0.0,0,0,0,0.3824609843937575,0.589170918367347,Medium,Medium,0,1,S0,General Buyers,Standard,Bank Transfer,0,0
2196,58,Senior (50-70),Male,Clothing,Fall,New York,62.0,2,12,744.0,3.7,0,0,0,0.0,0,0,0,0.1560440176070428,0.5108520408163266,Low,Medium,0,0,S0,General Buyers,Next Day Air,Cash,1,0
2197,25,Young Adult (25-34),Male,Clothing,Spring,Vermont,58.0,31,52,3016.0,4.8,0,0,0,0.0,0,1,1,0.617673469387755,0.7073112244897959,High,High,0,0,S0,General Buyers,Next Day Air,Paypal,1,1
2198,33,Young Adult (25-34),Male,Footwear,Summer,Pennsylvania,88.0,40,12,1056.0,3.7,0,0,0,0.0,0,0,0,0.3886970788315326,0.8184795918367347,Medium,High,1,1,S1,High-Value Loyal,2-Day Shipping,Venmo,1,1
2199,57,Senior (50-70),Male,Accessories,Summer,New York,80.0,35,12,960.0,3.5,0,0,0,0.0,0,0,0,0.3420848339335734,0.7459693877551019,Medium,High,0,0,S0,General Buyers,Free Shipping,Venmo,0,1
2200,39,Mid-Age (35-49),Male,Accessories,Summer,North Carolina,47.0,40,12,564.0,4.9,0,0,0,0.0,0,1,1,0.4846970788315327,0.7111045918367347,High,High,0,1,S0,General Buyers,Store Pickup,Debit Card,0,1
2201,60,Senior (50-70),Male,Accessories,Summer,Wyoming,51.0,27,4,204.0,4.7,0,0,0,0.0,0,1,1,0.3498895558223289,0.6502780612244898,Medium,High,0,0,S0,General Buyers,Next Day Air,Debit Card,1,1
2202,39,Mid-Age (35-49),Male,Clothing,Spring,Ohio,25.0,10,1,25.0,4.9,0,0,0,0.0,0,1,1,0.2471020408163265,0.4617933673469387,Low,Medium,0,0,S5,Low-Value Occasional,2-Day Shipping,Venmo,1,1
2203,42,Mid-Age (35-49),Male,Clothing,Summer,Alabama,36.0,23,52,1872.0,4.3,0,0,0,0.0,0,1,0,0.5286938775510204,0.5402448979591836,High,Medium,0,0,S0,General Buyers,Next Day Air,Credit Card,1,1
2204,53,Senior (50-70),Male,Clothing,Winter,Rhode Island,79.0,32,4,316.0,3.1,0,0,0,0.0,0,0,0,0.2525018007202881,0.7022882653061224,Low,High,0,0,S0,General Buyers,Free Shipping,Cash,0,0
2205,20,Teen (18-24),Male,Clothing,Winter,Oregon,41.0,6,12,492.0,3.4,0,0,0,0.0,0,0,0,0.1565338135254101,0.4213852040816326,Low,Low,0,0,S0,General Buyers,2-Day Shipping,Debit Card,1,1
2206,46,Mid-Age (35-49),Male,Clothing,Fall,North Dakota,68.0,27,52,3536.0,2.7,0,0,0,0.0,0,0,0,0.4251836734693878,0.6046530612244898,Medium,High,0,0,S0,General Buyers,Express,Paypal,1,1
2207,46,Mid-Age (35-49),Male,Footwear,Spring,Illinois,51.0,25,26,1326.0,2.6,0,0,0,0.0,0,0,0,0.2774877951180472,0.5140739795918368,Low,Medium,0,0,S0,General Buyers,Store Pickup,Bank Transfer,0,0
2208,69,Senior (50-70),Male,Accessories,Fall,New Mexico,38.0,11,1,38.0,2.9,0,0,0,0.0,0,0,0,0.0932244897959183,0.4037704081632653,Low,Low,0,0,S5,Low-Value Occasional,Next Day Air,Credit Card,1,1
2209,28,Young Adult (25-34),Male,Accessories,Summer,Colorado,46.0,23,12,552.0,2.7,0,0,0,0.0,0,0,0,0.2046154461784714,0.4879948979591836,Low,Medium,0,0,S0,General Buyers,2-Day Shipping,Paypal,1,1
2210,42,Mid-Age (35-49),Male,Footwear,Summer,Utah,20.0,44,4,80.0,4.5,0,0,0,0.0,0,1,1,0.4379711884753902,0.5893877551020408,Medium,Medium,0,1,S0,General Buyers,2-Day Shipping,Bank Transfer,1,0
2211,30,Young Adult (25-34),Male,Accessories,Summer,Virginia,25.0,35,26,650.0,3.1,0,0,0,0.0,0,0,0,0.3787122849139656,0.481344387755102,Medium,Medium,0,0,S0,General Buyers,Store Pickup,Paypal,0,1
2212,50,Senior (50-70),Male,Clothing,Winter,Maine,89.0,45,4,356.0,3.2,0,0,0,0.0,0,0,0,0.340093637454982,0.8183647959183674,Medium,High,1,1,S1,High-Value Loyal,Free Shipping,Debit Card,0,1
2213,59,Senior (50-70),Male,Clothing,Winter,Nebraska,77.0,22,4,308.0,3.3,0,0,0,0.0,0,0,0,0.2072773109243697,0.6545178571428572,Low,High,0,0,S0,General Buyers,Next Day Air,Bank Transfer,1,0
2214,54,Senior (50-70),Male,Accessories,Fall,Hawaii,94.0,18,4,376.0,2.9,0,0,0,0.0,0,0,0,0.1507875150060024,0.6844846938775511,Low,High,1,0,S1,High-Value Loyal,Express,Debit Card,1,1
2215,50,Senior (50-70),Male,Accessories,Fall,Idaho,100.0,20,52,5200.0,4.1,0,0,0,0.0,0,1,0,0.4943265306122448,0.7929387755102041,High,High,1,0,S1,High-Value Loyal,Standard,Debit Card,0,1
2216,25,Young Adult (25-34),Male,Footwear,Winter,West Virginia,96.0,28,26,2496.0,2.7,0,0,0,0.0,0,0,0,0.3038551420568227,0.7322551020408163,Medium,High,1,0,S1,High-Value Loyal,Express,Credit Card,1,1
2217,41,Mid-Age (35-49),Male,Clothing,Winter,Vermont,36.0,15,26,936.0,4.0,0,0,0,0.0,0,1,0,0.3282633053221288,0.4814285714285714,Medium,Medium,0,0,S0,General Buyers,Store Pickup,Venmo,0,1
2218,35,Mid-Age (35-49),Male,Accessories,Fall,Indiana,27.0,42,26,702.0,2.6,0,0,0,0.0,0,0,0,0.3815694277711084,0.4958086734693877,Medium,Medium,0,1,S0,General Buyers,Store Pickup,Bank Transfer,0,0
2219,67,Senior (50-70),Male,Accessories,Winter,Idaho,67.0,20,4,268.0,3.5,0,0,0,0.0,0,0,0,0.211032412965186,0.612563775510204,Low,High,0,0,S0,General Buyers,Store Pickup,Debit Card,0,1
2220,33,Young Adult (25-34),Male,Clothing,Fall,Minnesota,91.0,16,26,2366.0,2.8,0,0,0,0.0,0,0,0,0.2383857543017206,0.6551556122448979,Low,High,1,0,S1,High-Value Loyal,Store Pickup,Bank Transfer,0,0
2221,19,Teen (18-24),Male,Accessories,Fall,Wyoming,62.0,47,1,62.0,4.5,0,0,0,0.0,0,1,1,0.4416326530612245,0.7884438775510204,Medium,High,0,1,S0,General Buyers,Store Pickup,Cash,0,0
2222,25,Young Adult (25-34),Male,Clothing,Fall,Kansas,88.0,34,1,88.0,3.0,0,0,0,0.0,0,0,0,0.2420408163265306,0.7458673469387755,Low,High,1,0,S1,High-Value Loyal,Free Shipping,Credit Card,0,1
2223,32,Young Adult (25-34),Male,Clothing,Summer,Georgia,66.0,30,52,3432.0,4.4,0,0,0,0.0,0,1,0,0.5795510204081633,0.7132091836734694,High,High,0,0,S0,General Buyers,Store Pickup,Credit Card,0,1
2224,30,Young Adult (25-34),Male,Footwear,Fall,Kansas,65.0,5,4,260.0,4.7,0,0,0,0.0,0,1,1,0.2151956782713085,0.5992831632653062,Low,High,0,0,S0,General Buyers,Next Day Air,Paypal,1,1
2225,18,Teen (18-24),Male,Accessories,Winter,Nebraska,25.0,38,4,100.0,4.3,0,0,0,0.0,0,1,0,0.3852364945978391,0.5686505102040816,Medium,Medium,0,1,S0,General Buyers,Standard,Cash,0,0
2226,38,Mid-Age (35-49),Male,Accessories,Spring,Washington,64.0,18,1,64.0,4.8,0,0,0,0.0,0,1,1,0.2880816326530612,0.667234693877551,Low,High,0,0,S0,General Buyers,Free Shipping,Credit Card,0,1
2227,22,Teen (18-24),Male,Clothing,Spring,Missouri,72.0,28,1,72.0,4.8,0,0,0,0.0,0,1,1,0.3493061224489796,0.7532551020408164,Medium,High,0,0,S0,General Buyers,Store Pickup,Cash,0,0
2228,40,Mid-Age (35-49),Male,Accessories,Summer,Washington,74.0,42,26,1924.0,4.4,0,0,0,0.0,0,1,0,0.5255694277711085,0.8094336734693878,High,High,0,1,S0,General Buyers,Next Day Air,Credit Card,1,1
2229,54,Senior (50-70),Male,Accessories,Fall,Kansas,50.0,5,52,2600.0,3.7,0,0,0,0.0,0,0,0,0.3704897959183674,0.4736581632653061,Medium,Medium,0,0,S0,General Buyers,Free Shipping,Credit Card,0,1
2230,70,Senior (50-70),Male,Clothing,Fall,Minnesota,97.0,50,12,1164.0,3.9,0,0,0,0.0,0,0,0,0.4659215686274509,0.920875,High,High,1,1,S1,High-Value Loyal,Express,Venmo,1,1
2231,52,Senior (50-70),Male,Footwear,Spring,Colorado,36.0,33,26,936.0,3.8,0,0,0,0.0,0,0,0,0.4224673869547818,0.561265306122449,Medium,Medium,0,0,S0,General Buyers,Express,Venmo,1,1
2232,34,Young Adult (25-34),Male,Outerwear,Fall,Utah,49.0,1,52,2548.0,4.1,0,0,0,0.0,0,1,0,0.378,0.4728749999999999,Medium,Medium,0,0,S0,General Buyers,Store Pickup,Credit Card,0,1
2233,65,Senior (50-70),Male,Footwear,Spring,North Carolina,64.0,14,26,1664.0,4.0,0,0,0,0.0,0,1,0,0.322140856342537,0.5988265306122449,Medium,High,0,0,S0,General Buyers,Store Pickup,Cash,0,0
2234,38,Mid-Age (35-49),Male,Clothing,Summer,Florida,31.0,48,12,372.0,4.5,0,0,0,0.0,0,1,1,0.5016766706682673,0.6579209183673469,High,High,0,1,S0,General Buyers,Express,Credit Card,1,1
2235,35,Mid-Age (35-49),Male,Footwear,Winter,New Hampshire,66.0,26,52,3432.0,4.0,0,0,0,0.0,0,1,0,0.5230612244897959,0.6688010204081632,High,High,0,0,S0,General Buyers,Express,Cash,1,0
2236,40,Mid-Age (35-49),Male,Clothing,Spring,Illinois,82.0,44,1,82.0,4.5,0,0,0,0.0,0,1,1,0.423265306122449,0.8606377551020408,Medium,High,1,1,S1,High-Value Loyal,2-Day Shipping,Credit Card,1,1
2237,23,Teen (18-24),Male,Clothing,Winter,Louisiana,88.0,18,26,2288.0,2.7,0,0,0,0.0,0,0,0,0.2426306522609043,0.646234693877551,Low,High,1,0,S1,High-Value Loyal,Standard,Debit Card,0,1
2238,45,Mid-Age (35-49),Male,Footwear,Summer,Alabama,34.0,31,4,136.0,3.8,0,0,0,0.0,0,0,0,0.3023793517406963,0.5423112244897959,Low,Medium,0,0,S0,General Buyers,Next Day Air,Venmo,1,1
2239,40,Mid-Age (35-49),Male,Footwear,Winter,Florida,84.0,18,52,4368.0,3.8,0,0,0,0.0,0,0,0,0.4580816326530612,0.6947346938775509,High,High,1,0,S1,High-Value Loyal,Standard,Debit Card,0,1
2240,42,Mid-Age (35-49),Male,Accessories,Summer,Alabama,96.0,41,4,384.0,3.8,0,0,0,0.0,0,0,0,0.3636038415366146,0.8645816326530612,Medium,High,1,1,S1,High-Value Loyal,2-Day Shipping,Credit Card,1,1
2241,57,Senior (50-70),Male,Footwear,Winter,California,71.0,18,4,284.0,4.3,0,0,0,0.0,0,1,0,0.2627875150060024,0.667859693877551,Low,High,0,0,S0,General Buyers,Next Day Air,Debit Card,1,1
2242,18,Teen (18-24),Male,Outerwear,Summer,Maryland,77.0,3,26,2002.0,3.5,0,0,0,0.0,0,0,0,0.2147939175670268,0.5695790816326531,Low,Medium,0,0,S0,General Buyers,Free Shipping,Bank Transfer,0,0
2243,18,Teen (18-24),Male,Clothing,Spring,Nevada,66.0,5,26,1716.0,3.8,0,0,0,0.0,0,0,0,0.2510388155262104,0.549658163265306,Low,Medium,0,0,S0,General Buyers,Next Day Air,Credit Card,1,1
2244,56,Senior (50-70),Male,Clothing,Winter,Massachusetts,21.0,13,1,21.0,3.7,0,0,0,0.0,0,0,0,0.169469387755102,0.3875994897959183,Low,Low,0,0,S5,Low-Value Occasional,2-Day Shipping,Debit Card,1,1
2245,35,Mid-Age (35-49),Male,Clothing,Summer,South Carolina,37.0,22,1,37.0,4.8,0,0,0,0.0,0,1,1,0.3125714285714285,0.5695178571428571,Medium,Medium,0,0,S0,General Buyers,2-Day Shipping,Paypal,1,1
2246,49,Mid-Age (35-49),Male,Clothing,Fall,Delaware,90.0,45,26,2340.0,4.9,0,0,0,0.0,0,1,1,0.583936774709884,0.9247397959183672,High,High,1,1,S1,High-Value Loyal,Free Shipping,Paypal,0,1
2247,49,Mid-Age (35-49),Male,Outerwear,Fall,Hawaii,96.0,39,4,384.0,4.3,0,0,0,0.0,0,1,0,0.3913589435774309,0.884377551020408,Medium,High,1,1,S1,High-Value Loyal,Store Pickup,Paypal,0,1
2248,34,Young Adult (25-34),Male,Accessories,Summer,Florida,37.0,18,1,37.0,4.4,0,0,0,0.0,0,1,0,0.2560816326530613,0.525109693877551,Low,Medium,0,0,S0,General Buyers,Next Day Air,Venmo,1,1
2249,63,Senior (50-70),Male,Clothing,Winter,Rhode Island,66.0,19,26,1716.0,3.4,0,0,0,0.0,0,0,0,0.3047531012404962,0.5970867346938775,Medium,Medium,0,0,S0,General Buyers,Free Shipping,Paypal,0,1
2250,42,Mid-Age (35-49),Male,Accessories,Spring,Wyoming,45.0,29,52,2340.0,4.3,0,0,0,0.0,0,1,0,0.5654285714285714,0.6102321428571428,High,High,0,0,S0,General Buyers,Next Day Air,Debit Card,1,1
2251,41,Mid-Age (35-49),Male,Footwear,Summer,Colorado,89.0,19,52,4628.0,4.6,0,0,0,0.0,0,1,1,0.528204081632653,0.7697117346938775,High,High,1,0,S1,High-Value Loyal,Store Pickup,Credit Card,0,1
2252,26,Young Adult (25-34),Male,Footwear,Fall,Virginia,94.0,22,12,1128.0,3.8,0,0,0,0.0,0,0,0,0.2864929971988795,0.7588928571428571,Low,High,1,0,S1,High-Value Loyal,Free Shipping,Debit Card,0,1
2253,48,Mid-Age (35-49),Male,Footwear,Summer,Nebraska,96.0,21,1,96.0,3.9,0,0,0,0.0,0,0,0,0.2344489795918367,0.7685408163265305,Low,High,1,0,S1,High-Value Loyal,Express,Bank Transfer,1,0
2254,62,Senior (50-70),Male,Clothing,Spring,Oklahoma,31.0,22,12,372.0,2.6,0,0,0,0.0,0,0,0,0.1904929971988795,0.4112678571428571,Low,Low,0,0,S0,General Buyers,Store Pickup,Paypal,0,1
2255,24,Teen (18-24),Male,Accessories,Winter,North Dakota,79.0,44,4,316.0,4.2,0,0,0,0.0,0,1,0,0.4139711884753901,0.8295127551020408,Medium,High,0,1,S0,General Buyers,Store Pickup,Paypal,0,1
2256,48,Mid-Age (35-49),Male,Outerwear,Spring,Michigan,39.0,42,4,156.0,4.6,0,0,0,0.0,0,1,1,0.4337262905162065,0.6683086734693878,Medium,High,0,1,S0,General Buyers,Store Pickup,Bank Transfer,0,0
2257,31,Young Adult (25-34),Male,Clothing,Fall,California,22.0,33,4,88.0,5.0,0,0,0,0.0,0,1,1,0.41062424969988,0.572015306122449,Medium,Medium,0,0,S0,General Buyers,Standard,Credit Card,0,1
2258,41,Mid-Age (35-49),Male,Clothing,Fall,Tennessee,32.0,6,1,32.0,4.2,0,0,0,0.0,0,1,0,0.1666122448979592,0.4300102040816326,Low,Medium,0,0,S5,Low-Value Occasional,Standard,Bank Transfer,0,0
2259,24,Teen (18-24),Male,Clothing,Winter,Ohio,71.0,44,4,284.0,4.3,0,0,0,0.0,0,1,0,0.4219711884753901,0.8005127551020408,Medium,High,0,1,S0,General Buyers,Store Pickup,Credit Card,0,1
2260,60,Senior (50-70),Male,Clothing,Spring,Florida,96.0,24,1,96.0,3.3,0,0,0,0.0,0,0,0,0.2048163265306122,0.7478469387755102,Low,High,1,0,S1,High-Value Loyal,Free Shipping,Cash,0,0
2261,38,Mid-Age (35-49),Male,Accessories,Fall,Missouri,82.0,16,4,328.0,4.9,0,0,0,0.0,0,1,1,0.2985426170468188,0.741780612244898,Low,High,1,0,S1,High-Value Loyal,Express,Paypal,1,1
2262,58,Senior (50-70),Male,Accessories,Spring,South Carolina,76.0,12,26,1976.0,4.4,0,0,0,0.0,0,1,0,0.3418959583833533,0.6651224489795918,Medium,High,0,0,S0,General Buyers,Standard,Bank Transfer,0,0
2263,53,Senior (50-70),Male,Accessories,Winter,Arizona,22.0,50,12,264.0,3.1,0,0,0,0.0,0,0,0,0.401921568627451,0.5447500000000001,Medium,Medium,0,1,S0,General Buyers,2-Day Shipping,Paypal,1,1
2264,44,Mid-Age (35-49),Male,Accessories,Winter,Indiana,40.0,42,4,160.0,3.5,0,0,0,0.0,0,0,0,0.3457262905162065,0.6066836734693877,Medium,High,0,1,S0,General Buyers,Store Pickup,Cash,0,0
2265,51,Senior (50-70),Male,Accessories,Summer,North Dakota,92.0,50,12,1104.0,3.9,0,0,0,0.0,0,0,0,0.4659215686274509,0.8989999999999999,High,High,1,1,S1,High-Value Loyal,2-Day Shipping,Paypal,1,1
2266,36,Mid-Age (35-49),Male,Outerwear,Fall,Montana,94.0,10,4,376.0,3.9,0,0,0,0.0,0,0,0,0.1818079231692677,0.7036683673469387,Low,High,1,0,S1,High-Value Loyal,Store Pickup,Paypal,0,1
2267,20,Teen (18-24),Male,Clothing,Fall,Missouri,44.0,32,52,2288.0,4.3,0,0,0,0.0,0,1,0,0.5837959183673469,0.6211632653061224,High,High,0,0,S0,General Buyers,Store Pickup,Debit Card,0,1
2268,32,Young Adult (25-34),Male,Accessories,Spring,Kentucky,49.0,37,52,2548.0,3.8,0,0,0,0.0,0,0,0,0.5744081632653061,0.6385484693877551,High,High,0,0,S0,General Buyers,Express,Venmo,1,1
2269,66,Senior (50-70),Male,Clothing,Spring,Georgia,26.0,15,12,312.0,2.7,0,0,0,0.0,0,0,0,0.1556358543417367,0.3596785714285714,Low,Low,0,0,S0,General Buyers,2-Day Shipping,Bank Transfer,1,0
2270,49,Mid-Age (35-49),Male,Clothing,Fall,Kentucky,38.0,27,1,38.0,4.4,0,0,0,0.0,0,1,0,0.3111836734693878,0.5754030612244898,Medium,Medium,0,0,S0,General Buyers,Store Pickup,Credit Card,0,1
2271,27,Young Adult (25-34),Male,Clothing,Spring,Georgia,72.0,7,52,3744.0,3.5,0,0,0,0.0,0,0,0,0.366734693877551,0.5681122448979592,Medium,Medium,0,0,S0,General Buyers,Express,Venmo,1,1
2272,29,Young Adult (25-34),Male,Clothing,Summer,Alaska,99.0,49,4,396.0,3.4,0,0,0,0.0,0,0,0,0.3805834333733493,0.8945229591836735,Medium,High,1,1,S1,High-Value Loyal,Free Shipping,Paypal,0,1
2273,29,Young Adult (25-34),Male,Outerwear,Spring,Maine,38.0,44,12,456.0,4.0,0,0,0,0.0,0,1,0,0.4371868747498999,0.6381377551020407,Medium,High,0,1,S0,General Buyers,Standard,Paypal,0,1
2274,55,Senior (50-70),Male,Outerwear,Winter,New Mexico,96.0,13,26,2496.0,4.8,0,0,0,0.0,0,1,1,0.3800184073629452,0.7817244897959184,Medium,High,1,0,S1,High-Value Loyal,Express,Paypal,1,1
2275,57,Senior (50-70),Male,Clothing,Spring,New York,27.0,38,26,702.0,4.5,0,0,0,0.0,0,1,1,0.5090796318527411,0.5894005102040816,High,Medium,0,1,S0,General Buyers,Next Day Air,Paypal,1,1
2276,29,Young Adult (25-34),Male,Clothing,Winter,Oklahoma,24.0,10,52,1248.0,4.4,0,0,0,0.0,0,1,0,0.4571020408163265,0.4274183673469388,Medium,Low,0,0,S5,Low-Value Occasional,Standard,Debit Card,0,1
2277,31,Young Adult (25-34),Male,Clothing,Summer,Wyoming,82.0,25,52,4264.0,4.1,0,0,0,0.0,0,1,0,0.5249387755102041,0.7396989795918367,High,High,1,0,S1,High-Value Loyal,2-Day Shipping,Debit Card,1,1
2278,25,Young Adult (25-34),Male,Accessories,Summer,Alabama,56.0,18,4,224.0,4.6,0,0,0,0.0,0,1,1,0.2867875150060024,0.620234693877551,Low,High,0,0,S0,General Buyers,Next Day Air,Credit Card,1,1
2279,61,Senior (50-70),Male,Accessories,Fall,Maryland,25.0,6,4,100.0,3.8,0,0,0,0.0,0,0,0,0.1493181272509003,0.3753852040816327,Low,Low,0,0,S5,Low-Value Occasional,Store Pickup,Cash,0,0
2280,53,Senior (50-70),Male,Footwear,Spring,West Virginia,67.0,35,4,268.0,2.9,0,0,0,0.0,0,0,0,0.2548691476590636,0.6530943877551021,Low,High,0,0,S0,General Buyers,Free Shipping,Bank Transfer,0,0
2281,22,Teen (18-24),Male,Footwear,Summer,Kentucky,21.0,31,26,546.0,2.8,0,0,0,0.0,0,0,0,0.3302224889955982,0.4254362244897959,Medium,Low,0,0,S0,General Buyers,Standard,Credit Card,0,1
2282,28,Young Adult (25-34),Male,Clothing,Summer,Kansas,27.0,41,1,27.0,3.0,0,0,0,0.0,0,0,0,0.2848979591836734,0.5147066326530613,Low,Medium,0,1,S0,General Buyers,Store Pickup,Bank Transfer,0,0
2283,18,Teen (18-24),Male,Footwear,Fall,Idaho,97.0,8,1,97.0,4.2,0,0,0,0.0,0,1,0,0.1788571428571428,0.7245892857142856,Low,High,1,0,S1,High-Value Loyal,2-Day Shipping,Credit Card,1,1
2284,44,Mid-Age (35-49),Male,Accessories,Winter,Ohio,45.0,34,26,1170.0,4.1,0,0,0,0.0,0,1,0,0.4525898359343737,0.6237423469387755,Medium,High,0,0,S0,General Buyers,Free Shipping,Credit Card,0,1
2285,32,Young Adult (25-34),Male,Clothing,Fall,Iowa,63.0,20,1,63.0,4.1,0,0,0,0.0,0,1,0,0.2443265306122448,0.6310637755102041,Low,High,0,0,S0,General Buyers,Express,Venmo,1,1
2286,34,Young Adult (25-34),Male,Accessories,Summer,Michigan,100.0,38,4,400.0,4.6,0,0,0,0.0,0,1,1,0.409236494597839,0.9147755102040817,Medium,High,1,1,S1,High-Value Loyal,2-Day Shipping,Paypal,1,1
2287,67,Senior (50-70),Male,Clothing,Spring,South Dakota,38.0,35,4,152.0,2.5,0,0,0,0.0,0,0,0,0.2228691476590636,0.502219387755102,Low,Medium,0,0,S0,General Buyers,Store Pickup,Venmo,0,1
2288,66,Senior (50-70),Male,Clothing,Summer,Nebraska,45.0,6,1,45.0,3.0,0,0,0,0.0,0,0,0,0.0706122448979592,0.4148852040816326,Low,Low,0,0,S0,General Buyers,Store Pickup,Debit Card,0,1
2289,28,Young Adult (25-34),Male,Accessories,Fall,California,91.0,50,52,4732.0,3.8,0,0,0,0.0,0,0,0,0.654,0.8886249999999999,High,High,1,1,S1,High-Value Loyal,Next Day Air,Paypal,1,1
2290,70,Senior (50-70),Male,Clothing,Fall,Nevada,82.0,47,52,4264.0,4.1,0,0,0,0.0,0,1,0,0.6596326530612245,0.8519438775510204,High,High,1,1,S1,High-Value Loyal,Free Shipping,Venmo,0,1
2291,37,Mid-Age (35-49),Male,Footwear,Winter,Kansas,48.0,23,4,192.0,3.3,0,0,0,0.0,0,0,0,0.2133997599039616,0.5327448979591837,Low,Medium,0,0,S0,General Buyers,Standard,Paypal,0,1
2292,28,Young Adult (25-34),Male,Outerwear,Spring,Ohio,30.0,13,4,120.0,5.0,0,0,0,0.0,0,1,1,0.2881752701080432,0.5049744897959184,Low,Medium,0,0,S5,Low-Value Occasional,2-Day Shipping,Credit Card,1,1
2293,43,Mid-Age (35-49),Male,Clothing,Spring,Vermont,34.0,31,12,408.0,3.8,0,0,0,0.0,0,0,0,0.3415950380152061,0.5423112244897959,Medium,Medium,0,0,S0,General Buyers,Next Day Air,Debit Card,1,1
2294,37,Mid-Age (35-49),Male,Clothing,Fall,Georgia,68.0,16,4,272.0,3.3,0,0,0,0.0,0,0,0,0.1705426170468187,0.584530612244898,Low,Medium,0,0,S0,General Buyers,Express,Debit Card,1,1
2295,54,Senior (50-70),Male,Accessories,Winter,Maryland,95.0,40,1,95.0,5.0,0,0,0,0.0,0,1,1,0.4387755102040816,0.9271045918367348,Medium,High,1,1,S1,High-Value Loyal,Express,Debit Card,1,1
2296,50,Senior (50-70),Male,Accessories,Spring,Connecticut,22.0,45,4,88.0,2.9,0,0,0,0.0,0,0,0,0.316093637454982,0.5072397959183673,Medium,Medium,0,1,S0,General Buyers,2-Day Shipping,Paypal,1,1
2297,46,Mid-Age (35-49),Male,Accessories,Fall,Washington,88.0,50,4,352.0,2.5,0,0,0,0.0,0,0,0,0.3147058823529411,0.7975,Medium,High,1,1,S1,High-Value Loyal,Next Day Air,Venmo,1,1
2298,60,Senior (50-70),Male,Clothing,Summer,California,83.0,1,4,332.0,4.7,0,0,0,0.0,0,1,1,0.1907058823529412,0.657625,Low,High,1,0,S1,High-Value Loyal,Standard,Bank Transfer,0,0
2299,40,Mid-Age (35-49),Male,Accessories,Spring,Montana,87.0,10,4,348.0,2.9,0,0,0,0.0,0,0,0,0.1018079231692677,0.6130433673469388,Low,High,1,0,S1,High-Value Loyal,2-Day Shipping,Cash,1,0
2300,64,Senior (50-70),Male,Outerwear,Summer,Idaho,57.0,48,4,228.0,3.7,0,0,0,0.0,0,0,0,0.3984609843937575,0.7236709183673469,Medium,High,0,1,S0,General Buyers,Store Pickup,Credit Card,0,1
2301,18,Teen (18-24),Male,Outerwear,Summer,Pennsylvania,88.0,38,12,1056.0,4.4,0,0,0,0.0,0,1,0,0.4324521808723489,0.8502755102040817,Medium,High,1,1,S1,High-Value Loyal,2-Day Shipping,Credit Card,1,1
2302,37,Mid-Age (35-49),Male,Clothing,Winter,Maine,20.0,21,1,20.0,2.9,0,0,0,0.0,0,0,0,0.1544489795918367,0.3760408163265306,Low,Low,0,0,S0,General Buyers,Next Day Air,Debit Card,1,1
2303,36,Mid-Age (35-49),Male,Accessories,Summer,Montana,39.0,38,12,468.0,3.6,0,0,0,0.0,0,0,0,0.3684521808723489,0.5879005102040817,Medium,Medium,0,1,S0,General Buyers,Store Pickup,Venmo,0,1
2304,51,Senior (50-70),Male,Accessories,Spring,New Jersey,71.0,31,26,1846.0,4.8,0,0,0,0.0,0,1,1,0.4902224889955982,0.7641862244897959,High,High,0,0,S0,General Buyers,2-Day Shipping,Credit Card,1,1
2305,26,Young Adult (25-34),Male,Clothing,Winter,Louisiana,73.0,9,26,1898.0,4.7,0,0,0,0.0,0,1,1,0.3475286114445778,0.6546913265306122,Medium,High,0,0,S0,General Buyers,Free Shipping,Debit Card,0,1
2306,68,Senior (50-70),Male,Accessories,Summer,Maine,63.0,47,52,3276.0,2.6,0,0,0,0.0,0,0,0,0.5396326530612245,0.6788188775510204,High,High,0,1,S0,General Buyers,Free Shipping,Cash,0,0
2307,27,Young Adult (25-34),Male,Accessories,Winter,Florida,78.0,8,26,2028.0,3.4,0,0,0,0.0,0,0,0,0.2374061624649859,0.5934642857142858,Low,Medium,0,0,S0,General Buyers,Standard,Cash,0,0
2308,28,Young Adult (25-34),Male,Clothing,Fall,Missouri,96.0,30,1,96.0,3.5,0,0,0,0.0,0,0,0,0.2575510204081632,0.7904591836734693,Low,High,1,0,S1,High-Value Loyal,Next Day Air,Debit Card,1,1
2309,49,Mid-Age (35-49),Male,Accessories,Winter,North Dakota,81.0,22,4,324.0,3.4,0,0,0,0.0,0,0,0,0.2152773109243697,0.6780178571428572,Low,High,1,0,S1,High-Value Loyal,2-Day Shipping,Bank Transfer,1,0
2310,70,Senior (50-70),Male,Clothing,Fall,Connecticut,95.0,3,4,380.0,5.0,0,0,0,0.0,0,1,1,0.2269507803121248,0.7383290816326531,Low,High,1,0,S1,High-Value Loyal,2-Day Shipping,Bank Transfer,1,0
2311,30,Young Adult (25-34),Male,Accessories,Spring,Virginia,68.0,15,12,816.0,4.6,0,0,0,0.0,0,1,1,0.3076358543417367,0.6574285714285714,Medium,High,0,0,S0,General Buyers,Standard,Paypal,0,1
2312,27,Young Adult (25-34),Male,Footwear,Spring,Montana,28.0,10,4,112.0,4.8,0,0,0,0.0,0,1,1,0.2538079231692677,0.4689183673469388,Low,Medium,0,0,S5,Low-Value Occasional,2-Day Shipping,Bank Transfer,1,0
2313,19,Teen (18-24),Male,Clothing,Summer,Vermont,30.0,19,4,120.0,3.7,0,0,0,0.0,0,0,0,0.2209099639855942,0.4575867346938775,Low,Medium,0,0,S0,General Buyers,Free Shipping,Cash,0,0
2314,64,Senior (50-70),Male,Clothing,Summer,Georgia,31.0,36,26,806.0,4.7,0,0,0,0.0,0,1,1,0.5128347338935575,0.6086964285714286,High,High,0,0,S0,General Buyers,Next Day Air,Bank Transfer,1,0
2315,42,Mid-Age (35-49),Male,Accessories,Winter,Virginia,95.0,12,4,380.0,4.4,0,0,0,0.0,0,1,0,0.2340528211284514,0.7482474489795918,Low,High,1,0,S1,High-Value Loyal,Express,Bank Transfer,1,0
2316,69,Senior (50-70),Male,Clothing,Winter,Vermont,79.0,49,4,316.0,3.5,0,0,0,0.0,0,0,0,0.3885834333733493,0.8130229591836735,Medium,High,0,1,S0,General Buyers,2-Day Shipping,Debit Card,1,1
2317,28,Young Adult (25-34),Male,Footwear,Winter,Montana,39.0,7,1,39.0,3.8,0,0,0,0.0,0,0,0,0.140734693877551,0.4417372448979592,Low,Medium,0,0,S5,Low-Value Occasional,Standard,Debit Card,0,1
2318,47,Mid-Age (35-49),Male,Outerwear,Summer,New Jersey,34.0,28,12,408.0,4.7,0,0,0,0.0,0,1,1,0.3952276910764306,0.5810051020408163,Medium,Medium,0,0,S0,General Buyers,Next Day Air,Bank Transfer,1,0
2319,69,Senior (50-70),Male,Clothing,Spring,Wyoming,28.0,30,1,28.0,3.1,0,0,0,0.0,0,0,0,0.2255510204081632,0.4689591836734694,Low,Medium,0,0,S0,General Buyers,Store Pickup,Credit Card,0,1
2320,56,Senior (50-70),Male,Footwear,Winter,Maine,38.0,29,12,456.0,5.0,0,0,0,0.0,0,1,1,0.4253501400560224,0.6216071428571428,Medium,High,0,0,S0,General Buyers,Free Shipping,Paypal,0,1
2321,28,Young Adult (25-34),Male,Footwear,Spring,New Mexico,55.0,9,4,220.0,3.7,0,0,0,0.0,0,0,0,0.1596854741896758,0.5159413265306123,Low,Medium,0,0,S0,General Buyers,Free Shipping,Debit Card,0,1
2322,50,Senior (50-70),Male,Footwear,Winter,Colorado,31.0,27,26,806.0,3.0,0,0,0,0.0,0,0,0,0.3217326930772308,0.4607780612244898,Medium,Medium,0,0,S0,General Buyers,Next Day Air,Debit Card,1,1
2323,39,Mid-Age (35-49),Male,Outerwear,Spring,Connecticut,84.0,21,26,2184.0,4.5,0,0,0,0.0,0,1,1,0.4049979991996799,0.7520408163265305,Medium,High,1,0,S1,High-Value Loyal,Store Pickup,Venmo,0,1
2324,35,Mid-Age (35-49),Male,Accessories,Winter,Maryland,93.0,36,12,1116.0,4.7,0,0,0,0.0,0,1,1,0.4442072829131653,0.8799464285714286,Medium,High,1,0,S1,High-Value Loyal,Express,Credit Card,1,1
2325,59,Senior (50-70),Male,Outerwear,Winter,Oregon,28.0,19,1,28.0,3.5,0,0,0,0.0,0,0,0,0.190204081632653,0.4368367346938775,Low,Medium,0,0,S0,General Buyers,Free Shipping,Debit Card,0,1
2326,44,Mid-Age (35-49),Male,Footwear,Summer,New York,55.0,47,52,2860.0,4.4,0,0,0,0.0,0,1,0,0.6836326530612246,0.7518188775510204,High,High,0,1,S0,General Buyers,2-Day Shipping,Cash,1,0
2327,66,Senior (50-70),Male,Clothing,Winter,Oklahoma,63.0,38,1,63.0,2.6,0,0,0,0.0,0,0,0,0.2345306122448979,0.6329005102040817,Low,High,0,1,S0,General Buyers,Standard,Bank Transfer,0,0
2328,20,Teen (18-24),Male,Clothing,Winter,Alabama,94.0,22,26,2444.0,4.2,0,0,0,0.0,0,1,0,0.3871204481792717,0.7828928571428572,Medium,High,1,0,S1,High-Value Loyal,2-Day Shipping,Venmo,1,1
2329,45,Mid-Age (35-49),Male,Clothing,Fall,North Dakota,36.0,29,26,936.0,2.6,0,0,0,0.0,0,0,0,0.3019775910364145,0.4688571428571428,Low,Medium,0,0,S0,General Buyers,Express,Venmo,1,1
2330,49,Mid-Age (35-49),Male,Accessories,Spring,Nebraska,97.0,42,1,97.0,4.8,0,0,0,0.0,0,1,1,0.4350204081632653,0.9340586734693878,Medium,High,1,1,S1,High-Value Loyal,Free Shipping,Bank Transfer,0,0
2331,60,Senior (50-70),Male,Accessories,Summer,Arizona,63.0,47,4,252.0,2.9,0,0,0,0.0,0,0,0,0.3283385354141656,0.6968188775510205,Medium,High,0,1,S0,General Buyers,Store Pickup,Paypal,0,1
2332,61,Senior (50-70),Male,Accessories,Spring,Illinois,77.0,10,26,2002.0,4.3,0,0,0,0.0,0,1,0,0.3216510604241697,0.6532933673469388,Medium,High,0,0,S0,General Buyers,2-Day Shipping,Credit Card,1,1
2333,36,Mid-Age (35-49),Male,Accessories,Fall,South Carolina,53.0,10,12,636.0,2.6,0,0,0,0.0,0,0,0,0.1170236094437775,0.4462933673469387,Low,Medium,0,0,S0,General Buyers,Store Pickup,Venmo,0,1
2334,33,Young Adult (25-34),Male,Clothing,Spring,Kansas,77.0,1,4,308.0,3.8,0,0,0,0.0,0,0,0,0.1187058823529411,0.577375,Low,Medium,0,0,S0,General Buyers,Next Day Air,Paypal,1,1
2335,49,Mid-Age (35-49),Male,Footwear,Summer,Kansas,79.0,7,12,948.0,4.2,0,0,0,0.0,0,1,0,0.226656262505002,0.6407372448979591,Low,High,0,0,S0,General Buyers,Standard,Credit Card,0,1
2336,31,Young Adult (25-34),Male,Outerwear,Summer,Idaho,37.0,10,26,962.0,3.9,0,0,0,0.0,0,0,0,0.2896510604241696,0.4542933673469387,Low,Medium,0,0,S5,Low-Value Occasional,Store Pickup,Venmo,0,1
2337,19,Teen (18-24),Male,Accessories,Winter,California,94.0,11,52,4888.0,3.1,0,0,0,0.0,0,0,0,0.3592244897959183,0.6607704081632653,Medium,High,1,0,S1,High-Value Loyal,Free Shipping,Credit Card,0,1
2338,39,Mid-Age (35-49),Male,Footwear,Fall,North Dakota,76.0,5,1,76.0,3.6,0,0,0,0.0,0,0,0,0.1124897959183673,0.5814081632653061,Low,Medium,0,0,S0,General Buyers,Store Pickup,Cash,0,0
2339,66,Senior (50-70),Male,Footwear,Fall,Georgia,68.0,21,4,272.0,4.0,0,0,0,0.0,0,1,0,0.2571548619447779,0.6520408163265305,Low,High,0,0,S0,General Buyers,Express,Paypal,1,1
2340,25,Young Adult (25-34),Male,Clothing,Spring,Illinois,65.0,24,4,260.0,3.4,0,0,0,0.0,0,0,0,0.2275222088835534,0.6182219387755102,Low,High,0,0,S0,General Buyers,Next Day Air,Bank Transfer,1,0
2341,63,Senior (50-70),Male,Clothing,Summer,Delaware,24.0,37,26,624.0,2.6,0,0,0,0.0,0,0,0,0.3509571828731492,0.4571734693877551,Medium,Medium,0,0,S0,General Buyers,Standard,Credit Card,0,1
2342,56,Senior (50-70),Male,Outerwear,Summer,Connecticut,31.0,22,4,124.0,4.5,0,0,0,0.0,0,1,1,0.3032773109243697,0.5252678571428571,Medium,Medium,0,0,S0,General Buyers,Express,Venmo,1,1
2343,20,Teen (18-24),Male,Clothing,Fall,Tennessee,89.0,16,26,2314.0,4.9,0,0,0,0.0,0,1,1,0.4063857543017207,0.772405612244898,Medium,High,1,0,S1,High-Value Loyal,Standard,Debit Card,0,1
2344,58,Senior (50-70),Male,Clothing,Summer,Maryland,49.0,44,12,588.0,4.4,0,0,0,0.0,0,1,0,0.4691868747498999,0.7102627551020407,High,High,0,1,S0,General Buyers,2-Day Shipping,Paypal,1,1
2345,34,Young Adult (25-34),Male,Footwear,Fall,Rhode Island,92.0,14,26,2392.0,3.5,0,0,0,0.0,0,0,0,0.282140856342537,0.6913265306122449,Low,High,1,0,S1,High-Value Loyal,Express,Venmo,1,1
2346,28,Young Adult (25-34),Male,Clothing,Winter,New York,32.0,23,4,128.0,3.3,0,0,0,0.0,0,0,0,0.2133997599039616,0.4627448979591836,Low,Medium,0,0,S0,General Buyers,Express,Bank Transfer,1,0
2347,22,Teen (18-24),Male,Outerwear,Winter,New Mexico,67.0,46,26,1742.0,3.1,0,0,0,0.0,0,0,0,0.4460592236894758,0.721216836734694,Medium,High,0,1,S0,General Buyers,Standard,Debit Card,0,1
2348,37,Mid-Age (35-49),Male,Accessories,Fall,California,64.0,46,4,256.0,4.2,0,0,0,0.0,0,1,0,0.4262160864345738,0.7740918367346938,Medium,High,0,1,S0,General Buyers,Express,Cash,1,0
2349,54,Senior (50-70),Male,Footwear,Spring,Maine,84.0,16,4,336.0,4.9,0,0,0,0.0,0,1,1,0.2985426170468188,0.7505306122448979,Low,High,1,0,S1,High-Value Loyal,Next Day Air,Paypal,1,1
2350,65,Senior (50-70),Male,Clothing,Fall,New York,34.0,40,4,136.0,3.9,0,0,0,0.0,0,0,0,0.3654813925570228,0.5942295918367346,Medium,Medium,0,1,S0,General Buyers,Standard,Credit Card,0,1
2351,57,Senior (50-70),Male,Footwear,Winter,Hawaii,26.0,21,1,26.0,4.2,0,0,0,0.0,0,1,0,0.2584489795918367,0.4802908163265306,Low,Medium,0,0,S0,General Buyers,Free Shipping,Cash,0,0
2352,38,Mid-Age (35-49),Male,Clothing,Fall,New Hampshire,50.0,25,26,1300.0,4.9,0,0,0,0.0,0,1,1,0.4614877951180473,0.6476989795918368,High,High,0,0,S0,General Buyers,Store Pickup,Paypal,0,1
2353,70,Senior (50-70),Male,Footwear,Fall,Nebraska,46.0,25,4,184.0,2.8,0,0,0,0.0,0,0,0,0.1856446578631452,0.5041989795918367,Low,Medium,0,0,S0,General Buyers,Store Pickup,Bank Transfer,0,0
2354,56,Senior (50-70),Male,Accessories,Fall,Montana,71.0,25,4,284.0,4.1,0,0,0,0.0,0,1,0,0.2896446578631452,0.6915739795918366,Low,High,0,0,S0,General Buyers,Standard,Debit Card,0,1
2355,56,Senior (50-70),Male,Clothing,Summer,Wisconsin,78.0,27,12,936.0,4.8,0,0,0,0.0,0,1,1,0.3971052420968387,0.7744030612244898,Medium,High,0,0,S0,General Buyers,Next Day Air,Venmo,1,1
2356,22,Teen (18-24),Male,Clothing,Winter,Tennessee,35.0,12,12,420.0,4.1,0,0,0,0.0,0,1,0,0.2492685074029611,0.4677474489795918,Low,Medium,0,0,S5,Low-Value Occasional,Next Day Air,Cash,1,0
2357,57,Senior (50-70),Male,Accessories,Summer,Montana,58.0,27,4,232.0,3.0,0,0,0,0.0,0,0,0,0.2138895558223289,0.5789030612244899,Low,Medium,0,0,S0,General Buyers,Free Shipping,Debit Card,0,1
2358,53,Senior (50-70),Male,Clothing,Fall,Michigan,67.0,40,26,1742.0,4.2,0,0,0,0.0,0,1,0,0.4973245298119247,0.7566045918367347,High,High,0,1,S0,General Buyers,2-Day Shipping,Credit Card,1,1
2359,53,Senior (50-70),Male,Clothing,Spring,Texas,93.0,38,4,372.0,3.8,0,0,0,0.0,0,0,0,0.3452364945978391,0.8361505102040815,Medium,High,1,1,S1,High-Value Loyal,Standard,Credit Card,0,1
2360,19,Teen (18-24),Male,Accessories,Spring,Pennsylvania,81.0,44,4,324.0,3.3,0,0,0,0.0,0,0,0,0.3419711884753901,0.7842627551020408,Medium,High,1,1,S1,High-Value Loyal,2-Day Shipping,Bank Transfer,1,0
2361,49,Mid-Age (35-49),Male,Accessories,Fall,New York,80.0,27,4,320.0,4.7,0,0,0,0.0,0,1,1,0.3498895558223289,0.7771530612244898,Medium,High,0,0,S0,General Buyers,2-Day Shipping,Venmo,1,1
2362,44,Mid-Age (35-49),Male,Accessories,Spring,Alabama,64.0,30,4,256.0,4.3,0,0,0,0.0,0,1,0,0.3362569027611044,0.6984591836734694,Medium,High,0,0,S0,General Buyers,2-Day Shipping,Credit Card,1,1
2363,27,Young Adult (25-34),Male,Clothing,Fall,Virginia,41.0,24,12,492.0,2.7,0,0,0,0.0,0,0,0,0.2107378951580632,0.4712219387755102,Low,Medium,0,0,S0,General Buyers,Standard,Credit Card,0,1
2364,60,Senior (50-70),Male,Clothing,Winter,Pennsylvania,79.0,38,26,2054.0,4.2,0,0,0,0.0,0,1,0,0.485079631852741,0.7989005102040816,High,High,0,1,S0,General Buyers,Express,Cash,1,0
2365,62,Senior (50-70),Male,Accessories,Winter,Mississippi,60.0,4,4,240.0,4.2,0,0,0,0.0,0,1,0,0.1690732292917167,0.5423061224489796,Low,Medium,0,0,S0,General Buyers,Free Shipping,Paypal,0,1
2366,52,Senior (50-70),Male,Footwear,Winter,Wyoming,91.0,32,12,1092.0,2.5,0,0,0,0.0,0,0,0,0.2437174869947979,0.7187882653061224,Low,High,1,0,S1,High-Value Loyal,Next Day Air,Venmo,1,1
2367,30,Young Adult (25-34),Male,Footwear,Winter,New Mexico,66.0,32,26,1716.0,3.6,0,0,0,0.0,0,0,0,0.4003449379751901,0.6754132653061224,Medium,High,0,0,S0,General Buyers,Express,Credit Card,1,1
2368,66,Senior (50-70),Male,Clothing,Winter,North Dakota,85.0,28,26,2210.0,3.4,0,0,0,0.0,0,0,0,0.3598551420568227,0.7261301020408164,Medium,High,1,0,S1,High-Value Loyal,Standard,Bank Transfer,0,0
2369,29,Young Adult (25-34),Male,Accessories,Summer,New Jersey,38.0,6,4,152.0,3.3,0,0,0,0.0,0,0,0,0.1093181272509003,0.4022602040816326,Low,Low,0,0,S5,Low-Value Occasional,Standard,Debit Card,0,1
2370,24,Teen (18-24),Male,Clothing,Winter,Vermont,23.0,24,12,276.0,4.6,0,0,0,0.0,0,1,1,0.3627378951580632,0.5064719387755102,Medium,Medium,0,0,S0,General Buyers,Standard,Paypal,0,1
2371,51,Senior (50-70),Male,Footwear,Spring,Alaska,71.0,38,52,3692.0,3.9,0,0,0,0.0,0,0,0,0.5885306122448979,0.7459005102040815,High,High,0,1,S0,General Buyers,Store Pickup,Venmo,0,1
2372,67,Senior (50-70),Male,Clothing,Winter,Indiana,25.0,28,1,25.0,3.7,0,0,0,0.0,0,0,0,0.2613061224489796,0.4816301020408163,Low,Medium,0,0,S0,General Buyers,Next Day Air,Debit Card,1,1
2373,50,Senior (50-70),Male,Footwear,Spring,Alabama,39.0,9,26,1014.0,3.1,0,0,0,0.0,0,0,0,0.2195286114445778,0.4099413265306122,Low,Low,0,0,S5,Low-Value Occasional,Express,Paypal,1,1
2374,37,Mid-Age (35-49),Male,Clothing,Spring,Michigan,20.0,21,4,80.0,4.9,0,0,0,0.0,0,1,1,0.3291548619447779,0.4960408163265306,Medium,Medium,0,0,S0,General Buyers,Express,Debit Card,1,1
2375,69,Senior (50-70),Male,Accessories,Winter,Washington,73.0,31,12,876.0,4.7,0,0,0,0.0,0,1,1,0.4135950380152061,0.7669362244897959,Medium,High,0,0,S0,General Buyers,Standard,Debit Card,0,1
2376,60,Senior (50-70),Male,Accessories,Fall,Virginia,63.0,18,4,252.0,2.9,0,0,0,0.0,0,0,0,0.1507875150060024,0.548859693877551,Low,Medium,0,0,S0,General Buyers,Next Day Air,Credit Card,1,1
2377,21,Teen (18-24),Male,Accessories,Spring,Tennessee,94.0,5,52,4888.0,4.1,0,0,0,0.0,0,1,0,0.4024897959183673,0.6901581632653061,Medium,High,1,0,S1,High-Value Loyal,Express,Cash,1,0
2378,44,Mid-Age (35-49),Male,Clothing,Fall,South Dakota,94.0,22,1,94.0,4.0,0,0,0,0.0,0,1,0,0.2485714285714285,0.7708928571428572,Low,High,1,0,S1,High-Value Loyal,Next Day Air,Cash,1,0
2379,26,Young Adult (25-34),Male,Accessories,Summer,New Hampshire,71.0,37,26,1846.0,2.7,0,0,0,0.0,0,0,0,0.3589571828731492,0.6687984693877551,Medium,High,0,0,S0,General Buyers,Store Pickup,Paypal,0,1
2380,40,Mid-Age (35-49),Male,Accessories,Spring,South Dakota,77.0,22,12,924.0,4.0,0,0,0,0.0,0,1,0,0.3024929971988795,0.6965178571428571,Low,High,0,0,S0,General Buyers,2-Day Shipping,Debit Card,1,1
2381,41,Mid-Age (35-49),Male,Accessories,Fall,Pennsylvania,66.0,36,26,1716.0,2.5,0,0,0,0.0,0,0,0,0.3368347338935574,0.6298214285714285,Medium,High,0,0,S0,General Buyers,Next Day Air,Paypal,1,1
2382,62,Senior (50-70),Male,Footwear,Summer,Wisconsin,23.0,23,1,23.0,4.5,0,0,0,0.0,0,1,1,0.2946938775510204,0.4953698979591837,Low,Medium,0,0,S0,General Buyers,Free Shipping,Paypal,0,1
2383,39,Mid-Age (35-49),Male,Clothing,Spring,California,60.0,44,52,3120.0,3.9,0,0,0,0.0,0,0,0,0.625265306122449,0.7283877551020408,High,High,0,1,S0,General Buyers,Express,Debit Card,1,1
2384,53,Senior (50-70),Male,Accessories,Spring,Rhode Island,72.0,25,1,72.0,4.9,0,0,0,0.0,0,1,1,0.3389387755102041,0.7439489795918367,Medium,High,0,0,S0,General Buyers,2-Day Shipping,Bank Transfer,1,0
2385,24,Teen (18-24),Male,Clothing,Winter,Alabama,35.0,40,4,140.0,3.3,0,0,0,0.0,0,0,0,0.3174813925570228,0.5626045918367347,Medium,Medium,0,1,S0,General Buyers,2-Day Shipping,Paypal,1,1
2386,41,Mid-Age (35-49),Male,Accessories,Fall,Oklahoma,31.0,12,52,1612.0,3.8,0,0,0,0.0,0,0,0,0.4213469387755102,0.4322474489795918,Medium,Medium,0,0,S5,Low-Value Occasional,Express,Paypal,1,1
2387,19,Teen (18-24),Male,Clothing,Summer,Illinois,33.0,14,12,396.0,2.9,0,0,0,0.0,0,0,0,0.1655134053621448,0.3972015306122449,Low,Low,0,0,S0,General Buyers,Standard,Venmo,0,1
2388,36,Mid-Age (35-49),Male,Accessories,Summer,Tennessee,95.0,14,12,1140.0,4.0,0,0,0,0.0,0,1,0,0.2535134053621448,0.7344515306122449,Low,High,1,0,S1,High-Value Loyal,2-Day Shipping,Debit Card,1,1
2389,21,Teen (18-24),Male,Clothing,Fall,Alabama,68.0,10,1,68.0,4.1,0,0,0,0.0,0,1,0,0.1831020408163265,0.6019183673469387,Low,High,0,0,S0,General Buyers,Store Pickup,Debit Card,0,1
2390,25,Young Adult (25-34),Male,Outerwear,Spring,Kansas,87.0,17,4,348.0,3.1,0,0,0,0.0,0,0,0,0.1606650660264105,0.6607576530612245,Low,High,1,0,S1,High-Value Loyal,Store Pickup,Bank Transfer,0,0
2391,65,Senior (50-70),Male,Clothing,Winter,Arizona,64.0,24,26,1664.0,4.6,0,0,0,0.0,0,1,1,0.4313653461384553,0.6858469387755103,Medium,High,0,0,S0,General Buyers,Express,Debit Card,1,1
2392,42,Mid-Age (35-49),Male,Clothing,Winter,Michigan,74.0,31,4,296.0,4.6,0,0,0,0.0,0,1,1,0.3663793517406962,0.7653112244897959,Medium,High,0,0,S0,General Buyers,Next Day Air,Bank Transfer,1,0
2393,40,Mid-Age (35-49),Male,Clothing,Spring,Missouri,62.0,36,1,62.0,2.6,0,0,0,0.0,0,0,0,0.2222857142857142,0.6183214285714286,Low,High,0,0,S0,General Buyers,2-Day Shipping,Cash,1,0
2394,58,Senior (50-70),Male,Clothing,Winter,Louisiana,97.0,38,4,388.0,5.0,0,0,0,0.0,0,1,1,0.4412364945978391,0.9256505102040816,Medium,High,1,1,S1,High-Value Loyal,2-Day Shipping,Paypal,1,1
2395,40,Mid-Age (35-49),Male,Footwear,Fall,Connecticut,47.0,23,26,1222.0,2.9,0,0,0,0.0,0,0,0,0.2892428971588635,0.5043698979591836,Low,Medium,0,0,S0,General Buyers,2-Day Shipping,Debit Card,1,1
2396,62,Senior (50-70),Male,Clothing,Winter,Connecticut,83.0,47,26,2158.0,3.5,0,0,0,0.0,0,0,0,0.4841816726690676,0.8203188775510204,High,High,1,1,S1,High-Value Loyal,2-Day Shipping,Paypal,1,1
2397,38,Mid-Age (35-49),Male,Clothing,Spring,Oregon,82.0,20,52,4264.0,3.7,0,0,0,0.0,0,0,0,0.4623265306122449,0.6901887755102041,High,High,1,0,S1,High-Value Loyal,2-Day Shipping,Venmo,1,1
2398,37,Mid-Age (35-49),Male,Accessories,Fall,West Virginia,26.0,41,12,312.0,2.9,0,0,0,0.0,0,0,0,0.3308195278111244,0.5043316326530612,Medium,Medium,0,1,S0,General Buyers,Store Pickup,Venmo,0,1
2399,65,Senior (50-70),Male,Outerwear,Winter,Florida,81.0,44,26,2106.0,4.3,0,0,0,0.0,0,1,0,0.5298143257302921,0.8442627551020407,High,High,1,1,S1,High-Value Loyal,Free Shipping,Bank Transfer,0,0
2400,55,Senior (50-70),Male,Clothing,Spring,New Hampshire,44.0,31,12,528.0,3.2,0,0,0,0.0,0,0,0,0.2935950380152061,0.550061224489796,Low,Medium,0,0,S0,General Buyers,Store Pickup,Cash,0,0
2401,43,Mid-Age (35-49),Male,Accessories,Winter,Oregon,88.0,11,26,2288.0,4.2,0,0,0,0.0,0,1,0,0.3197735094037615,0.7005204081632653,Medium,High,1,0,S1,High-Value Loyal,Next Day Air,Credit Card,1,1
2402,43,Mid-Age (35-49),Male,Footwear,Winter,Oregon,76.0,25,26,1976.0,4.2,0,0,0,0.0,0,1,0,0.4054877951180472,0.7194489795918367,Medium,High,0,0,S0,General Buyers,Standard,Paypal,0,1
2403,45,Mid-Age (35-49),Male,Accessories,Winter,Utah,89.0,31,52,4628.0,3.8,0,0,0,0.0,0,0,0,0.5376734693877551,0.7829362244897958,High,High,1,0,S1,High-Value Loyal,Free Shipping,Cash,0,0
2404,64,Senior (50-70),Male,Clothing,Fall,Missouri,22.0,40,52,1144.0,4.4,0,0,0,0.0,0,1,0,0.6407755102040816,0.5717295918367347,High,Medium,0,1,S0,General Buyers,Standard,Debit Card,0,1
2405,28,Young Adult (25-34),Male,Clothing,Winter,West Virginia,33.0,23,26,858.0,3.1,0,0,0,0.0,0,0,0,0.3052428971588635,0.4551198979591837,Medium,Medium,0,0,S0,General Buyers,2-Day Shipping,Credit Card,1,1
2406,69,Senior (50-70),Male,Clothing,Fall,California,97.0,5,4,388.0,5.0,0,0,0,0.0,0,1,1,0.2391956782713085,0.7572831632653062,Low,High,1,0,S1,High-Value Loyal,Standard,Debit Card,0,1
2407,54,Senior (50-70),Male,Accessories,Winter,California,57.0,26,52,2964.0,4.7,0,0,0,0.0,0,1,1,0.5790612244897959,0.6714260204081632,High,High,0,0,S0,General Buyers,Standard,Paypal,0,1
2408,52,Senior (50-70),Male,Clothing,Summer,Illinois,38.0,11,26,988.0,3.0,0,0,0,0.0,0,0,0,0.2237735094037615,0.4097704081632652,Low,Low,0,0,S5,Low-Value Occasional,Express,Credit Card,1,1
2409,23,Teen (18-24),Male,Footwear,Fall,Hawaii,55.0,44,4,220.0,4.2,0,0,0,0.0,0,1,0,0.4139711884753901,0.7245127551020408,Medium,High,0,1,S0,General Buyers,Next Day Air,Debit Card,1,1
2410,26,Young Adult (25-34),Male,Accessories,Spring,Washington,37.0,47,4,148.0,3.0,0,0,0,0.0,0,0,0,0.3363385354141657,0.5890688775510204,Medium,Medium,0,1,S0,General Buyers,Store Pickup,Cash,0,0
2411,48,Mid-Age (35-49),Male,Footwear,Summer,Wisconsin,43.0,46,12,516.0,3.7,0,0,0,0.0,0,0,0,0.4254317727090836,0.6522168367346939,Medium,High,0,1,S0,General Buyers,Free Shipping,Paypal,0,1
2412,49,Mid-Age (35-49),Male,Clothing,Summer,Virginia,96.0,35,4,384.0,2.7,0,0,0,0.0,0,0,0,0.2388691476590636,0.767969387755102,Low,High,1,0,S1,High-Value Loyal,Free Shipping,Cash,0,0
2413,53,Senior (50-70),Male,Outerwear,Winter,Oregon,51.0,8,26,1326.0,4.3,0,0,0,0.0,0,1,0,0.309406162464986,0.5293392857142857,Medium,Medium,0,0,S0,General Buyers,2-Day Shipping,Bank Transfer,1,0
2414,69,Senior (50-70),Male,Clothing,Fall,Pennsylvania,95.0,30,52,4940.0,2.7,0,0,0,0.0,0,0,0,0.4435510204081633,0.7380841836734694,Medium,High,1,0,S1,High-Value Loyal,2-Day Shipping,Bank Transfer,1,0
2415,26,Young Adult (25-34),Male,Clothing,Summer,Virginia,26.0,14,26,676.0,3.7,0,0,0,0.0,0,0,0,0.298140856342537,0.4145765306122449,Low,Low,0,0,S0,General Buyers,Next Day Air,Credit Card,1,1
2416,21,Teen (18-24),Male,Outerwear,Fall,Hawaii,34.0,30,52,1768.0,4.3,0,0,0,0.0,0,1,0,0.5715510204081633,0.5672091836734694,High,Medium,0,0,S0,General Buyers,Standard,Bank Transfer,0,0
2417,59,Senior (50-70),Male,Footwear,Summer,Nebraska,83.0,26,4,332.0,4.0,0,0,0,0.0,0,1,0,0.2877671068427371,0.7431760204081632,Low,High,1,0,S1,High-Value Loyal,Next Day Air,Credit Card,1,1
2418,21,Teen (18-24),Male,Accessories,Fall,Alaska,24.0,32,26,624.0,3.3,0,0,0,0.0,0,0,0,0.3763449379751901,0.4736632653061224,Medium,Medium,0,0,S0,General Buyers,Standard,Venmo,0,1
2419,22,Teen (18-24),Male,Clothing,Fall,Michigan,69.0,47,4,276.0,4.0,0,0,0,0.0,0,1,0,0.4163385354141656,0.7890688775510204,Medium,High,0,1,S0,General Buyers,Next Day Air,Cash,1,0
2420,26,Young Adult (25-34),Male,Clothing,Fall,North Carolina,40.0,11,4,160.0,2.7,0,0,0,0.0,0,0,0,0.0919303721488595,0.4005204081632653,Low,Low,0,0,S0,General Buyers,Next Day Air,Credit Card,1,1
2421,41,Mid-Age (35-49),Male,Outerwear,Winter,North Carolina,87.0,28,1,87.0,4.2,0,0,0,0.0,0,1,0,0.3013061224489796,0.7828801020408163,Low,High,1,0,S1,High-Value Loyal,Free Shipping,Paypal,0,1
2422,37,Mid-Age (35-49),Male,Footwear,Spring,Minnesota,46.0,2,4,184.0,4.6,0,0,0,0.0,0,1,1,0.188828331332533,0.4948520408163265,Low,Medium,0,0,S0,General Buyers,Standard,Debit Card,0,1
2423,30,Young Adult (25-34),Male,Accessories,Winter,Georgia,82.0,45,52,4264.0,4.8,0,0,0,0.0,0,1,1,0.7033877551020409,0.8837397959183674,High,High,1,1,S1,High-Value Loyal,Store Pickup,Credit Card,0,1
2424,49,Mid-Age (35-49),Male,Accessories,Summer,West Virginia,81.0,7,4,324.0,2.8,0,0,0,0.0,0,0,0,0.0754405762304921,0.5654872448979591,Low,Medium,1,0,S0,General Buyers,Free Shipping,Credit Card,0,1
2425,49,Mid-Age (35-49),Male,Accessories,Winter,Delaware,57.0,28,26,1482.0,4.5,0,0,0,0.0,0,1,1,0.4478551420568227,0.6696301020408163,Medium,High,0,0,S0,General Buyers,Next Day Air,Bank Transfer,1,0
2426,58,Senior (50-70),Male,Footwear,Summer,North Dakota,49.0,34,4,196.0,3.0,0,0,0,0.0,0,0,0,0.2567466986794717,0.5752423469387755,Low,Medium,0,0,S0,General Buyers,2-Day Shipping,Bank Transfer,1,0
2427,70,Senior (50-70),Male,Outerwear,Fall,Florida,42.0,26,4,168.0,4.6,0,0,0,0.0,0,1,1,0.3357671068427371,0.5998010204081633,Medium,High,0,0,S0,General Buyers,Free Shipping,Debit Card,0,1
2428,27,Young Adult (25-34),Male,Outerwear,Spring,Oregon,26.0,45,4,104.0,3.3,0,0,0,0.0,0,0,0,0.348093637454982,0.5487397959183674,Medium,Medium,0,1,S0,General Buyers,Standard,Cash,0,0
2429,65,Senior (50-70),Male,Clothing,Spring,Idaho,38.0,34,1,38.0,4.4,0,0,0,0.0,0,1,0,0.3540408163265306,0.6111173469387755,Medium,High,0,0,S0,General Buyers,Next Day Air,Debit Card,1,1
2430,57,Senior (50-70),Male,Footwear,Summer,Virginia,57.0,47,26,1482.0,4.4,0,0,0,0.0,0,1,0,0.5561816726690676,0.7605688775510204,High,High,0,1,S0,General Buyers,Standard,Credit Card,0,1
2431,20,Teen (18-24),Male,Outerwear,Summer,North Dakota,100.0,42,4,400.0,4.3,0,0,0,0.0,0,1,0,0.4097262905162064,0.9171836734693878,Medium,High,1,1,S1,High-Value Loyal,Express,Cash,1,0
2432,34,Young Adult (25-34),Male,Clothing,Fall,Alabama,73.0,27,4,292.0,3.4,0,0,0,0.0,0,0,0,0.2458895558223289,0.6685280612244898,Low,High,0,0,S0,General Buyers,Express,Bank Transfer,1,0
2433,59,Senior (50-70),Male,Outerwear,Winter,Hawaii,66.0,43,12,792.0,2.8,0,0,0,0.0,0,0,0,0.3350644257703081,0.6835357142857142,Medium,High,0,1,S0,General Buyers,Store Pickup,Venmo,0,1
2434,54,Senior (50-70),Male,Clothing,Spring,Oregon,73.0,16,26,1898.0,3.4,0,0,0,0.0,0,0,0,0.2863857543017207,0.612405612244898,Low,High,0,0,S0,General Buyers,Standard,Cash,0,0
2435,36,Mid-Age (35-49),Male,Accessories,Spring,Utah,45.0,40,12,540.0,5.0,0,0,0,0.0,0,1,1,0.4926970788315326,0.7083545918367348,High,High,0,1,S0,General Buyers,Store Pickup,Credit Card,0,1
2436,21,Teen (18-24),Male,Footwear,Fall,Hawaii,27.0,29,26,702.0,4.5,0,0,0,0.0,0,1,1,0.4539775910364145,0.5434821428571428,Medium,Medium,0,0,S0,General Buyers,Free Shipping,Cash,0,0
2437,52,Senior (50-70),Male,Clothing,Fall,Connecticut,24.0,38,4,96.0,2.7,0,0,0,0.0,0,0,0,0.2572364945978391,0.4682755102040816,Low,Medium,0,1,S0,General Buyers,Store Pickup,Credit Card,0,1
2438,43,Mid-Age (35-49),Male,Footwear,Winter,Wyoming,59.0,34,52,3068.0,3.4,0,0,0,0.0,0,0,0,0.5240408163265305,0.6429923469387755,High,High,0,0,S0,General Buyers,Store Pickup,Credit Card,0,1
2439,32,Young Adult (25-34),Male,Clothing,Winter,Delaware,20.0,30,52,1040.0,3.4,0,0,0,0.0,0,0,0,0.4995510204081633,0.4519591836734694,High,Medium,0,0,S0,General Buyers,Express,Venmo,1,1
2440,55,Senior (50-70),Male,Accessories,Summer,Arkansas,44.0,45,1,44.0,2.8,0,0,0,0.0,0,0,0,0.2933877551020408,0.5974897959183674,Low,Medium,0,1,S0,General Buyers,Standard,Bank Transfer,0,0
2441,31,Young Adult (25-34),Male,Clothing,Spring,Indiana,90.0,47,1,90.0,4.7,0,0,0,0.0,0,1,1,0.4576326530612245,0.9229438775510204,Medium,High,1,1,S1,High-Value Loyal,Standard,Bank Transfer,0,0
2442,45,Mid-Age (35-49),Male,Accessories,Fall,California,36.0,5,12,432.0,4.7,0,0,0,0.0,0,1,1,0.2544113645458183,0.4724081632653061,Low,Medium,0,0,S5,Low-Value Occasional,Free Shipping,Credit Card,0,1
2443,53,Senior (50-70),Male,Clothing,Winter,Wyoming,95.0,50,26,2470.0,4.7,0,0,0,0.0,0,1,1,0.5985490196078431,0.960125,High,High,1,1,S1,High-Value Loyal,Free Shipping,Debit Card,0,1
2444,24,Teen (18-24),Male,Accessories,Spring,South Dakota,30.0,24,26,780.0,3.4,0,0,0,0.0,0,0,0,0.3353653461384553,0.4650969387755102,Medium,Medium,0,0,S0,General Buyers,2-Day Shipping,Bank Transfer,1,0
2445,47,Mid-Age (35-49),Male,Accessories,Fall,West Virginia,65.0,15,26,1690.0,3.7,0,0,0,0.0,0,0,0,0.3042633053221288,0.5903035714285714,Medium,Medium,0,0,S0,General Buyers,Express,Debit Card,1,1
2446,63,Senior (50-70),Male,Accessories,Summer,Tennessee,96.0,50,52,4992.0,4.1,0,0,0,0.0,0,1,0,0.678,0.9285,High,High,1,1,S1,High-Value Loyal,Store Pickup,Cash,0,0
2447,38,Mid-Age (35-49),Male,Clothing,Spring,Alaska,65.0,7,12,780.0,2.9,0,0,0,0.0,0,0,0,0.122656262505002,0.5014872448979592,Low,Medium,0,0,S0,General Buyers,2-Day Shipping,Credit Card,1,1
2448,59,Senior (50-70),Male,Clothing,Fall,South Dakota,47.0,10,26,1222.0,3.2,0,0,0,0.0,0,0,0,0.2336510604241697,0.4560433673469388,Low,Medium,0,0,S0,General Buyers,Store Pickup,Venmo,0,1
2449,54,Senior (50-70),Male,Accessories,Fall,Tennessee,25.0,38,26,650.0,3.0,0,0,0,0.0,0,0,0,0.3890796318527411,0.4906505102040817,Medium,Medium,0,1,S0,General Buyers,Free Shipping,Paypal,0,1
2450,26,Young Adult (25-34),Male,Outerwear,Fall,Alabama,56.0,31,26,1456.0,4.1,0,0,0,0.0,0,1,0,0.4342224889955982,0.6565612244897959,Medium,High,0,0,S0,General Buyers,Express,Venmo,1,1
2451,68,Senior (50-70),Male,Clothing,Fall,North Carolina,76.0,7,4,304.0,4.5,0,0,0,0.0,0,1,1,0.2114405762304922,0.6456122448979592,Low,High,0,0,S0,General Buyers,Standard,Venmo,0,1
2452,41,Mid-Age (35-49),Male,Clothing,Fall,Oklahoma,60.0,27,12,720.0,3.4,0,0,0,0.0,0,0,0,0.2851052420968387,0.6116530612244898,Low,High,0,0,S0,General Buyers,Store Pickup,Venmo,0,1
2453,68,Senior (50-70),Male,Clothing,Winter,New York,67.0,45,4,268.0,4.1,0,0,0,0.0,0,1,0,0.4120936374549819,0.7761147959183673,Medium,High,0,1,S0,General Buyers,Express,Bank Transfer,1,0
2454,21,Teen (18-24),Male,Clothing,Spring,Iowa,95.0,13,1,95.0,4.6,0,0,0,0.0,0,1,1,0.241469387755102,0.7653494897959184,Low,High,1,0,S1,High-Value Loyal,Store Pickup,Cash,0,0
2455,32,Young Adult (25-34),Male,Accessories,Winter,Alaska,72.0,33,1,72.0,4.6,0,0,0,0.0,0,1,1,0.3639183673469387,0.766765306122449,Medium,High,0,0,S0,General Buyers,Express,Venmo,1,1
2456,20,Teen (18-24),Male,Accessories,Spring,Alaska,98.0,25,4,392.0,3.4,0,0,0,0.0,0,0,0,0.2336446578631452,0.7676989795918367,Low,High,1,0,S1,High-Value Loyal,Express,Cash,1,0
2457,59,Senior (50-70),Male,Clothing,Winter,Nebraska,83.0,5,12,996.0,3.3,0,0,0,0.0,0,0,0,0.1424113645458183,0.5940331632653062,Low,Medium,1,0,S0,General Buyers,2-Day Shipping,Paypal,1,1
2458,53,Senior (50-70),Male,Accessories,Fall,Delaware,37.0,23,4,148.0,3.6,0,0,0,0.0,0,0,0,0.2373997599039616,0.5026198979591836,Low,Medium,0,0,S0,General Buyers,2-Day Shipping,Cash,1,0
2459,66,Senior (50-70),Male,Clothing,Fall,Texas,85.0,17,52,4420.0,4.6,0,0,0,0.0,0,1,1,0.5159591836734694,0.7420076530612244,High,High,1,0,S1,High-Value Loyal,Free Shipping,Bank Transfer,0,0
2460,47,Mid-Age (35-49),Male,Clothing,Fall,Missouri,36.0,14,52,1872.0,4.3,0,0,0,0.0,0,1,0,0.4735918367346938,0.4943265306122448,High,Medium,0,0,S0,General Buyers,2-Day Shipping,Cash,1,0
2461,58,Senior (50-70),Male,Clothing,Winter,Maine,36.0,28,1,36.0,4.0,0,0,0,0.0,0,1,0,0.2853061224489795,0.5477551020408163,Low,Medium,0,0,S0,General Buyers,Store Pickup,Credit Card,0,1
2462,28,Young Adult (25-34),Male,Accessories,Summer,Pennsylvania,86.0,19,52,4472.0,4.8,0,0,0,0.0,0,1,1,0.544204081632653,0.7685867346938775,High,High,1,0,S1,High-Value Loyal,Next Day Air,Credit Card,1,1
2463,68,Senior (50-70),Male,Clothing,Spring,Missouri,99.0,31,26,2574.0,4.3,0,0,0,0.0,0,1,0,0.4502224889955982,0.8566862244897959,Medium,High,1,0,S1,High-Value Loyal,Standard,Bank Transfer,0,0
2464,60,Senior (50-70),Male,Clothing,Summer,Mississippi,21.0,25,26,546.0,3.3,0,0,0,0.0,0,0,0,0.3334877951180472,0.4248239795918367,Medium,Low,0,0,S0,General Buyers,Standard,Cash,0,0
2465,47,Mid-Age (35-49),Male,Outerwear,Winter,Hawaii,84.0,4,26,2184.0,2.8,0,0,0,0.0,0,0,0,0.1649163665466186,0.5633061224489796,Low,Medium,1,0,S0,General Buyers,Express,Cash,1,0
2466,18,Teen (18-24),Male,Footwear,Spring,Texas,63.0,20,52,3276.0,4.4,0,0,0,0.0,0,1,0,0.5183265306122449,0.6490637755102041,High,High,0,0,S0,General Buyers,Free Shipping,Bank Transfer,0,0
2467,32,Young Adult (25-34),Male,Clothing,Summer,South Dakota,84.0,37,1,84.0,3.7,0,0,0,0.0,0,0,0,0.3164081632653062,0.7856734693877552,Medium,High,1,0,S1,High-Value Loyal,Express,Cash,1,0
2468,27,Young Adult (25-34),Male,Clothing,Spring,New Jersey,72.0,28,1,72.0,3.6,0,0,0,0.0,0,0,0,0.2533061224489796,0.6812551020408164,Low,High,0,0,S0,General Buyers,Express,Credit Card,1,1
2469,65,Senior (50-70),Male,Clothing,Winter,Connecticut,21.0,6,52,1092.0,3.7,0,0,0,0.0,0,0,0,0.3766122448979592,0.3518852040816326,Medium,Low,0,0,S5,Low-Value Occasional,2-Day Shipping,Venmo,1,1
2470,68,Senior (50-70),Male,Footwear,Fall,Maryland,92.0,27,1,92.0,5.0,0,0,0,0.0,0,1,1,0.3591836734693877,0.8476530612244898,Medium,High,1,0,S1,High-Value Loyal,Standard,Paypal,0,1
2471,55,Senior (50-70),Male,Clothing,Fall,Arizona,72.0,29,26,1872.0,2.7,0,0,0,0.0,0,0,0,0.3099775910364145,0.6323571428571428,Medium,High,0,0,S0,General Buyers,Next Day Air,Credit Card,1,1
2472,30,Young Adult (25-34),Male,Footwear,Spring,Oklahoma,83.0,1,1,83.0,4.3,0,0,0,0.0,0,1,0,0.144,0.633625,Low,High,1,0,S1,High-Value Loyal,Store Pickup,Cash,0,0
2473,24,Teen (18-24),Male,Clothing,Summer,Utah,73.0,31,1,73.0,4.1,0,0,0,0.0,0,1,0,0.3116734693877551,0.7309362244897959,Medium,High,0,0,S0,General Buyers,Standard,Credit Card,0,1
2474,57,Senior (50-70),Male,Clothing,Winter,Arkansas,98.0,28,4,392.0,2.6,0,0,0,0.0,0,0,0,0.1880120048019207,0.7350051020408164,Low,High,1,0,S1,High-Value Loyal,Next Day Air,Cash,1,0
2475,23,Teen (18-24),Male,Clothing,Fall,North Carolina,76.0,19,4,304.0,3.2,0,0,0,0.0,0,0,0,0.1809099639855942,0.6288367346938776,Low,High,0,0,S0,General Buyers,Store Pickup,Bank Transfer,0,0
2476,69,Senior (50-70),Male,Clothing,Summer,California,43.0,36,12,516.0,3.5,0,0,0,0.0,0,0,0,0.3482072829131653,0.5891964285714286,Medium,Medium,0,0,S0,General Buyers,Next Day Air,Venmo,1,1
2477,60,Senior (50-70),Male,Accessories,Summer,Colorado,60.0,28,12,720.0,3.7,0,0,0,0.0,0,0,0,0.3152276910764305,0.6347551020408164,Medium,High,0,0,S0,General Buyers,Next Day Air,Cash,1,0
2478,25,Young Adult (25-34),Male,Accessories,Spring,California,40.0,29,52,2080.0,3.8,0,0,0,0.0,0,0,0,0.5254285714285714,0.5583571428571428,High,Medium,0,0,S0,General Buyers,2-Day Shipping,Paypal,1,1
2479,18,Teen (18-24),Male,Clothing,Winter,Vermont,93.0,9,4,372.0,4.8,0,0,0,0.0,0,1,1,0.2476854741896758,0.7481913265306123,Low,High,1,0,S1,High-Value Loyal,2-Day Shipping,Bank Transfer,1,0
2480,37,Mid-Age (35-49),Male,Clothing,Fall,Kansas,98.0,26,4,392.0,4.2,0,0,0,0.0,0,1,0,0.3037671068427371,0.8208010204081633,Medium,High,1,0,S1,High-Value Loyal,Standard,Credit Card,0,1
2481,61,Senior (50-70),Male,Clothing,Summer,Ohio,91.0,7,26,2366.0,2.9,0,0,0,0.0,0,0,0,0.1912837134853941,0.6152372448979592,Low,High,1,0,S1,High-Value Loyal,Next Day Air,Credit Card,1,1
2482,41,Mid-Age (35-49),Male,Accessories,Fall,New Jersey,92.0,35,52,4784.0,2.9,0,0,0,0.0,0,0,0,0.4901632653061224,0.7624693877551021,High,High,1,0,S1,High-Value Loyal,Free Shipping,Debit Card,0,1
2483,69,Senior (50-70),Male,Accessories,Winter,Arizona,87.0,46,4,348.0,4.8,0,0,0,0.0,0,1,1,0.4742160864345738,0.9107168367346938,High,High,1,1,S1,High-Value Loyal,Next Day Air,Credit Card,1,1
2484,32,Young Adult (25-34),Male,Clothing,Fall,Arizona,96.0,8,12,1152.0,2.9,0,0,0,0.0,0,0,0,0.1287787114845938,0.6422142857142856,Low,High,1,0,S1,High-Value Loyal,Standard,Debit Card,0,1
2485,60,Senior (50-70),Male,Clothing,Summer,New Hampshire,97.0,50,4,388.0,4.8,0,0,0,0.0,0,1,1,0.4987058823529411,0.974875,High,High,1,1,S1,High-Value Loyal,2-Day Shipping,Cash,1,0
2486,43,Mid-Age (35-49),Male,Clothing,Spring,Louisiana,55.0,37,1,55.0,4.6,0,0,0,0.0,0,1,1,0.3884081632653061,0.712798469387755,Medium,High,0,0,S0,General Buyers,2-Day Shipping,Bank Transfer,1,0
2487,61,Senior (50-70),Male,Clothing,Spring,Texas,58.0,6,26,1508.0,4.4,0,0,0,0.0,0,1,0,0.3051612645058023,0.5557602040816326,Medium,Medium,0,0,S0,General Buyers,Store Pickup,Credit Card,0,1
2488,57,Senior (50-70),Male,Footwear,Spring,Montana,21.0,16,26,546.0,3.0,0,0,0,0.0,0,0,0,0.2543857543017207,0.3609056122448979,Low,Low,0,0,S0,General Buyers,Next Day Air,Paypal,1,1
2489,56,Senior (50-70),Male,Accessories,Summer,New Hampshire,82.0,30,12,984.0,4.4,0,0,0,0.0,0,1,0,0.3834725890356142,0.7832091836734694,Medium,High,1,0,S1,High-Value Loyal,Express,Paypal,1,1
2490,66,Senior (50-70),Male,Outerwear,Winter,South Dakota,34.0,50,4,136.0,3.9,0,0,0,0.0,0,0,0,0.4267058823529411,0.64525,Medium,High,0,1,S0,General Buyers,Express,Venmo,1,1
2491,52,Senior (50-70),Male,Clothing,Spring,Montana,78.0,5,4,312.0,4.0,0,0,0,0.0,0,1,0,0.1591956782713085,0.614158163265306,Low,High,0,0,S0,General Buyers,Free Shipping,Cash,0,0
2492,63,Senior (50-70),Male,Accessories,Spring,North Carolina,47.0,15,12,564.0,2.5,0,0,0,0.0,0,0,0,0.1396358543417367,0.4395535714285714,Low,Medium,0,0,S0,General Buyers,Express,Bank Transfer,1,0
2493,50,Senior (50-70),Male,Accessories,Summer,South Dakota,96.0,34,26,2496.0,4.1,0,0,0,0.0,0,1,0,0.4525898359343737,0.8468673469387754,Medium,High,1,0,S1,High-Value Loyal,Next Day Air,Bank Transfer,1,0
2494,21,Teen (18-24),Male,Clothing,Fall,Maine,23.0,6,4,92.0,4.8,0,0,0,0.0,0,1,1,0.2293181272509003,0.4266352040816327,Low,Low,0,0,S5,Low-Value Occasional,2-Day Shipping,Venmo,1,1
2495,42,Mid-Age (35-49),Male,Footwear,Winter,Oklahoma,27.0,26,1,27.0,2.6,0,0,0,0.0,0,0,0,0.1610612244897959,0.4141760204081632,Low,Low,0,0,S0,General Buyers,Store Pickup,Debit Card,0,1
2496,40,Mid-Age (35-49),Male,Accessories,Spring,Nebraska,37.0,34,4,148.0,3.1,0,0,0,0.0,0,0,0,0.2647466986794717,0.5287423469387755,Low,Medium,0,0,S0,General Buyers,Free Shipping,Credit Card,0,1
2497,67,Senior (50-70),Male,Accessories,Summer,Illinois,79.0,37,52,4108.0,3.2,0,0,0,0.0,0,0,0,0.5264081632653062,0.7337984693877552,High,High,0,0,S0,General Buyers,Store Pickup,Credit Card,0,1
2498,35,Mid-Age (35-49),Male,Accessories,Summer,Colorado,40.0,28,1,40.0,4.2,0,0,0,0.0,0,1,0,0.3013061224489796,0.5772551020408163,Low,Medium,0,0,S0,General Buyers,Standard,Bank Transfer,0,0
2499,18,Teen (18-24),Male,Outerwear,Fall,Massachusetts,39.0,38,26,1014.0,2.6,0,0,0,0.0,0,0,0,0.357079631852741,0.5279005102040817,Medium,Medium,0,1,S0,General Buyers,Next Day Air,Cash,1,0
2500,52,Senior (50-70),Male,Clothing,Summer,Louisiana,73.0,2,4,292.0,3.1,0,0,0,0.0,0,0,0,0.068828331332533,0.5229770408163266,Low,Medium,0,0,S0,General Buyers,Next Day Air,Cash,1,0
2501,59,Senior (50-70),Male,Accessories,Fall,Massachusetts,84.0,32,26,2184.0,2.9,0,0,0,0.0,0,0,0,0.34434493797519,0.7121632653061225,Medium,High,1,0,S1,High-Value Loyal,Store Pickup,Cash,0,0
2502,49,Mid-Age (35-49),Male,Clothing,Fall,West Virginia,94.0,30,26,2444.0,4.6,0,0,0,0.0,0,1,1,0.4681000400160063,0.8477091836734694,High,High,1,0,S1,High-Value Loyal,Free Shipping,Venmo,0,1
2503,46,Mid-Age (35-49),Male,Clothing,Spring,Idaho,47.0,17,4,188.0,4.1,0,0,0,0.0,0,1,0,0.2406650660264105,0.5457576530612245,Low,Medium,0,0,S0,General Buyers,Standard,Paypal,0,1
2504,69,Senior (50-70),Male,Footwear,Summer,Ohio,77.0,5,26,2002.0,2.5,0,0,0,0.0,0,0,0,0.1470388155262104,0.519783163265306,Low,Medium,0,0,S0,General Buyers,Store Pickup,Debit Card,0,1
2505,56,Senior (50-70),Male,Clothing,Winter,Rhode Island,94.0,31,26,2444.0,4.0,0,0,0,0.0,0,1,0,0.4262224889955982,0.8168112244897959,Medium,High,1,0,S1,High-Value Loyal,Store Pickup,Cash,0,0
2506,27,Young Adult (25-34),Male,Accessories,Summer,Illinois,75.0,43,4,300.0,3.5,0,0,0,0.0,0,0,0,0.3518487394957983,0.7649107142857143,Medium,High,0,1,S0,General Buyers,Express,Paypal,1,1
2507,57,Senior (50-70),Male,Clothing,Spring,New York,82.0,19,1,82.0,4.4,0,0,0,0.0,0,1,0,0.2622040816326531,0.7270867346938775,Low,High,1,0,S1,High-Value Loyal,Free Shipping,Venmo,0,1
2508,58,Senior (50-70),Male,Footwear,Fall,Louisiana,36.0,32,4,144.0,2.9,0,0,0,0.0,0,0,0,0.2365018007202881,0.5021632653061224,Low,Medium,0,0,S0,General Buyers,Store Pickup,Credit Card,0,1
2509,23,Teen (18-24),Male,Footwear,Spring,California,90.0,5,26,2340.0,3.1,0,0,0,0.0,0,0,0,0.1950388155262105,0.6126581632653061,Low,High,1,0,S1,High-Value Loyal,2-Day Shipping,Debit Card,1,1
2510,19,Teen (18-24),Male,Clothing,Spring,Washington,48.0,9,4,192.0,4.4,0,0,0,0.0,0,1,0,0.2156854741896758,0.5273163265306122,Low,Medium,0,0,S0,General Buyers,Free Shipping,Bank Transfer,0,0
2511,40,Mid-Age (35-49),Male,Outerwear,Winter,South Dakota,42.0,48,52,2184.0,4.4,0,0,0,0.0,0,1,0,0.6897551020408162,0.700045918367347,High,High,0,1,S0,General Buyers,Standard,Credit Card,0,1
2512,54,Senior (50-70),Male,Accessories,Summer,Idaho,33.0,1,4,132.0,2.7,0,0,0,0.0,0,0,0,0.0307058823529411,0.318875,Low,Low,0,0,S5,Low-Value Occasional,Store Pickup,Paypal,0,1
2513,50,Senior (50-70),Male,Clothing,Summer,North Dakota,63.0,20,12,756.0,4.9,0,0,0,0.0,0,1,1,0.3622480992396959,0.6790637755102041,Medium,High,0,0,S0,General Buyers,Free Shipping,Credit Card,0,1
2514,69,Senior (50-70),Male,Accessories,Winter,Washington,53.0,42,1,53.0,3.5,0,0,0,0.0,0,0,0,0.3310204081632653,0.6635586734693877,Medium,High,0,1,S0,General Buyers,2-Day Shipping,Cash,1,0
2515,42,Mid-Age (35-49),Male,Accessories,Spring,Alaska,37.0,45,26,962.0,4.8,0,0,0,0.0,0,1,1,0.575936774709884,0.6868647959183674,High,High,0,1,S0,General Buyers,Free Shipping,Paypal,0,1
2516,37,Mid-Age (35-49),Male,Clothing,Summer,Kansas,92.0,41,12,1104.0,4.2,0,0,0,0.0,0,1,0,0.4348195278111244,0.8710816326530612,Medium,High,1,1,S1,High-Value Loyal,2-Day Shipping,Cash,1,0
2517,46,Mid-Age (35-49),Male,Clothing,Spring,Utah,73.0,36,4,292.0,4.6,0,0,0,0.0,0,1,1,0.3969915966386554,0.7864464285714285,Medium,High,0,0,S0,General Buyers,Standard,Debit Card,0,1
2518,64,Senior (50-70),Male,Clothing,Spring,Wyoming,38.0,10,1,38.0,2.9,0,0,0,0.0,0,0,0,0.0871020408163265,0.3986683673469388,Low,Low,0,0,S5,Low-Value Occasional,Standard,Venmo,0,1
2519,20,Teen (18-24),Male,Footwear,Fall,Maine,51.0,31,1,51.0,4.0,0,0,0,0.0,0,1,0,0.3036734693877551,0.6286862244897958,Medium,High,0,0,S0,General Buyers,Store Pickup,Venmo,0,1
2520,40,Mid-Age (35-49),Male,Outerwear,Spring,Michigan,90.0,21,4,360.0,4.9,0,0,0,0.0,0,1,1,0.3291548619447779,0.8022908163265307,Medium,High,1,0,S1,High-Value Loyal,Standard,Credit Card,0,1
2521,64,Senior (50-70),Male,Outerwear,Summer,Illinois,56.0,16,4,224.0,3.1,0,0,0,0.0,0,0,0,0.1545426170468187,0.520030612244898,Low,Medium,0,0,S0,General Buyers,Next Day Air,Cash,1,0
2522,29,Young Adult (25-34),Male,Accessories,Fall,Minnesota,33.0,18,4,132.0,4.4,0,0,0,0.0,0,1,0,0.2707875150060024,0.5076096938775511,Low,Medium,0,0,S0,General Buyers,Standard,Paypal,0,1
2523,20,Teen (18-24),Male,Accessories,Winter,Massachusetts,53.0,20,52,2756.0,2.5,0,0,0,0.0,0,0,0,0.3663265306122449,0.491313775510204,Medium,Medium,0,0,S0,General Buyers,2-Day Shipping,Debit Card,1,1
2524,43,Mid-Age (35-49),Male,Accessories,Spring,New Jersey,24.0,21,1,24.0,3.4,0,0,0,0.0,0,0,0,0.1944489795918367,0.4235408163265306,Low,Low,0,0,S0,General Buyers,Express,Bank Transfer,1,0
2525,60,Senior (50-70),Male,Outerwear,Spring,Kansas,59.0,23,4,236.0,3.7,0,0,0,0.0,0,0,0,0.2453997599039616,0.6048698979591838,Low,High,0,0,S0,General Buyers,Express,Credit Card,1,1
2526,39,Mid-Age (35-49),Male,Clothing,Winter,Kentucky,72.0,20,52,3744.0,4.2,0,0,0,0.0,0,1,0,0.5023265306122449,0.676438775510204,High,High,0,0,S0,General Buyers,Standard,Paypal,0,1
2527,47,Mid-Age (35-49),Male,Clothing,Spring,Rhode Island,28.0,30,26,728.0,3.4,0,0,0,0.0,0,0,0,0.3721000400160064,0.4869591836734694,Medium,Medium,0,0,S0,General Buyers,Express,Paypal,1,1
2528,19,Teen (18-24),Male,Clothing,Fall,Illinois,36.0,33,4,144.0,3.6,0,0,0,0.0,0,0,0,0.29862424969988,0.549265306122449,Low,Medium,0,0,S0,General Buyers,Express,Bank Transfer,1,0
2529,52,Senior (50-70),Male,Accessories,Fall,Alabama,47.0,31,12,564.0,4.7,0,0,0,0.0,0,1,1,0.4135950380152061,0.6531862244897959,Medium,High,0,0,S0,General Buyers,2-Day Shipping,Debit Card,1,1
2530,34,Young Adult (25-34),Male,Accessories,Spring,Tennessee,62.0,48,12,744.0,4.7,0,0,0,0.0,0,1,1,0.5176766706682673,0.8055459183673469,High,High,0,1,S0,General Buyers,Next Day Air,Bank Transfer,1,0
2531,25,Young Adult (25-34),Male,Clothing,Spring,Massachusetts,98.0,28,52,5096.0,3.6,0,0,0,0.0,0,0,0,0.5033061224489797,0.7950051020408164,High,High,1,0,S1,High-Value Loyal,Free Shipping,Debit Card,0,1
2532,43,Mid-Age (35-49),Male,Footwear,Summer,Texas,28.0,7,4,112.0,4.6,0,0,0,0.0,0,1,1,0.2194405762304921,0.4416122448979591,Low,Medium,0,0,S5,Low-Value Occasional,Free Shipping,Cash,0,0
2533,55,Senior (50-70),Male,Clothing,Summer,Nebraska,86.0,4,52,4472.0,2.6,0,0,0,0.0,0,0,0,0.2763673469387755,0.5600561224489795,Low,Medium,1,0,S0,General Buyers,Next Day Air,Debit Card,1,1
2534,66,Senior (50-70),Male,Accessories,Summer,Pennsylvania,46.0,49,26,1196.0,3.1,0,0,0,0.0,0,0,0,0.4644265706282513,0.6446479591836735,High,High,0,1,S0,General Buyers,Standard,Cash,0,0
2535,41,Mid-Age (35-49),Male,Accessories,Fall,Virginia,42.0,22,52,2184.0,3.2,0,0,0,0.0,0,0,0,0.4345714285714286,0.4953928571428572,Medium,Medium,0,0,S0,General Buyers,Free Shipping,Cash,0,0
2536,47,Mid-Age (35-49),Male,Outerwear,Winter,Vermont,80.0,39,26,2080.0,3.9,0,0,0,0.0,0,0,0,0.4672020808323329,0.7903775510204081,High,High,0,1,S0,General Buyers,Express,Bank Transfer,1,0
2537,51,Senior (50-70),Male,Accessories,Spring,Oklahoma,39.0,45,4,156.0,4.9,0,0,0,0.0,0,1,1,0.476093637454982,0.7016147959183673,High,High,0,1,S0,General Buyers,Express,Paypal,1,1
2538,44,Mid-Age (35-49),Male,Outerwear,Summer,Maine,49.0,30,26,1274.0,4.1,0,0,0,0.0,0,1,0,0.4281000400160063,0.6208341836734693,Medium,High,0,0,S0,General Buyers,2-Day Shipping,Paypal,1,1
2539,18,Teen (18-24),Male,Accessories,Summer,New Jersey,32.0,33,26,832.0,4.2,0,0,0,0.0,0,1,0,0.4544673869547819,0.5677653061224489,Medium,Medium,0,0,S0,General Buyers,Next Day Air,Credit Card,1,1
2540,33,Young Adult (25-34),Male,Footwear,Fall,Massachusetts,73.0,24,26,1898.0,4.1,0,0,0,0.0,0,1,0,0.3913653461384553,0.6952219387755102,Medium,High,0,0,S0,General Buyers,Next Day Air,Cash,1,0
2541,24,Teen (18-24),Male,Accessories,Summer,New Jersey,42.0,11,4,168.0,3.9,0,0,0,0.0,0,0,0,0.1879303721488595,0.4812704081632653,Low,Medium,0,0,S0,General Buyers,Free Shipping,Debit Card,0,1
2542,33,Young Adult (25-34),Male,Accessories,Spring,Washington,58.0,13,4,232.0,2.7,0,0,0,0.0,0,0,0,0.1041752701080432,0.4894744897959183,Low,Medium,0,0,S0,General Buyers,Next Day Air,Venmo,1,1
2543,61,Senior (50-70),Male,Accessories,Winter,Arkansas,22.0,27,1,22.0,3.7,0,0,0,0.0,0,0,0,0.2551836734693877,0.4634030612244898,Low,Medium,0,0,S0,General Buyers,Express,Paypal,1,1
2544,27,Young Adult (25-34),Male,Accessories,Spring,West Virginia,56.0,30,26,1456.0,2.7,0,0,0,0.0,0,0,0,0.3161000400160064,0.5674591836734694,Medium,Medium,0,0,S0,General Buyers,Next Day Air,Paypal,1,1
2545,46,Mid-Age (35-49),Male,Clothing,Spring,Delaware,70.0,39,4,280.0,2.5,0,0,0,0.0,0,0,0,0.2473589435774309,0.6626275510204082,Low,High,0,1,S0,General Buyers,Next Day Air,Venmo,1,1
2546,38,Mid-Age (35-49),Male,Footwear,Spring,Texas,50.0,10,1,50.0,3.9,0,0,0,0.0,0,0,0,0.1671020408163265,0.5111683673469387,Low,Medium,0,0,S0,General Buyers,Free Shipping,Debit Card,0,1
2547,63,Senior (50-70),Male,Footwear,Summer,Texas,21.0,4,4,84.0,3.0,0,0,0,0.0,0,0,0,0.0730732292917167,0.2996811224489796,Low,Low,0,0,S5,Low-Value Occasional,Express,Credit Card,1,1
2548,47,Mid-Age (35-49),Male,Outerwear,Summer,Mississippi,97.0,16,52,5044.0,3.2,0,0,0,0.0,0,0,0,0.3978367346938776,0.705405612244898,Medium,High,1,0,S1,High-Value Loyal,2-Day Shipping,Cash,1,0
2549,42,Mid-Age (35-49),Male,Accessories,Winter,Texas,63.0,34,12,756.0,3.8,0,0,0,0.0,0,0,0,0.3599623849539816,0.6844923469387755,Medium,High,0,0,S0,General Buyers,Standard,Credit Card,0,1
2550,41,Mid-Age (35-49),Male,Outerwear,Fall,Virginia,60.0,11,4,240.0,2.7,0,0,0,0.0,0,0,0,0.0919303721488595,0.4880204081632653,Low,Medium,0,0,S0,General Buyers,Standard,Debit Card,0,1
2551,53,Senior (50-70),Male,Footwear,Fall,New Hampshire,52.0,30,26,1352.0,3.0,0,0,0,0.0,0,0,0,0.3401000400160063,0.5679591836734694,Medium,Medium,0,0,S0,General Buyers,Store Pickup,Debit Card,0,1
2552,29,Young Adult (25-34),Male,Footwear,Winter,Minnesota,32.0,40,1,32.0,4.1,0,0,0,0.0,0,1,0,0.3667755102040816,0.5974795918367347,Medium,Medium,0,1,S0,General Buyers,Next Day Air,Debit Card,1,1
2553,61,Senior (50-70),Male,Accessories,Spring,Maryland,48.0,13,1,48.0,3.2,0,0,0,0.0,0,0,0,0.129469387755102,0.4757244897959184,Low,Medium,0,0,S0,General Buyers,2-Day Shipping,Credit Card,1,1
2554,69,Senior (50-70),Male,Accessories,Summer,Vermont,25.0,28,4,100.0,4.5,0,0,0,0.0,0,1,1,0.3400120048019208,0.5296301020408163,Medium,Medium,0,0,S0,General Buyers,Store Pickup,Venmo,0,1
2555,51,Senior (50-70),Male,Accessories,Summer,Kansas,68.0,49,26,1768.0,4.3,0,0,0,0.0,0,1,0,0.5604265706282513,0.8128979591836735,High,High,0,1,S0,General Buyers,Store Pickup,Debit Card,0,1
2556,24,Teen (18-24),Male,Clothing,Fall,Idaho,74.0,23,52,3848.0,3.5,0,0,0,0.0,0,0,0,0.4646938775510204,0.6584948979591836,High,High,0,0,S0,General Buyers,Standard,Credit Card,0,1
2557,24,Teen (18-24),Male,Clothing,Fall,Montana,88.0,4,4,352.0,3.1,0,0,0,0.0,0,0,0,0.0810732292917167,0.5988061224489796,Low,High,1,0,S1,High-Value Loyal,Standard,Bank Transfer,0,0
2558,70,Senior (50-70),Male,Clothing,Spring,Oklahoma,23.0,17,26,598.0,3.9,0,0,0,0.0,0,0,0,0.3325082032813125,0.4287576530612245,Medium,Medium,0,0,S0,General Buyers,Standard,Paypal,0,1
2559,49,Mid-Age (35-49),Male,Clothing,Fall,California,32.0,24,26,832.0,2.7,0,0,0,0.0,0,0,0,0.2793653461384554,0.4318469387755102,Low,Medium,0,0,S0,General Buyers,Express,Paypal,1,1
2560,48,Mid-Age (35-49),Male,Accessories,Winter,Mississippi,71.0,21,4,284.0,4.0,0,0,0,0.0,0,1,0,0.2571548619447779,0.6651658163265305,Low,High,0,0,S0,General Buyers,Free Shipping,Debit Card,0,1
2561,58,Senior (50-70),Male,Footwear,Spring,California,62.0,17,26,1612.0,2.7,0,0,0,0.0,0,0,0,0.2365082032813125,0.5273826530612244,Low,Medium,0,0,S0,General Buyers,Next Day Air,Debit Card,1,1
2562,32,Young Adult (25-34),Male,Clothing,Spring,New York,20.0,22,4,80.0,2.7,0,0,0,0.0,0,0,0,0.1592773109243697,0.3691428571428571,Low,Low,0,0,S0,General Buyers,Free Shipping,Debit Card,0,1
2563,57,Senior (50-70),Male,Clothing,Spring,Arizona,62.0,27,26,1612.0,4.7,0,0,0,0.0,0,1,1,0.4577326930772309,0.6984030612244898,High,High,0,0,S0,General Buyers,Standard,Cash,0,0
2564,69,Senior (50-70),Male,Accessories,Winter,Massachusetts,81.0,1,4,324.0,4.5,0,0,0,0.0,0,1,1,0.1747058823529412,0.636875,Low,High,1,0,S1,High-Value Loyal,Standard,Venmo,0,1
2565,42,Mid-Age (35-49),Male,Accessories,Winter,Kentucky,90.0,27,52,4680.0,3.0,0,0,0,0.0,0,0,0,0.4491836734693878,0.7189030612244898,Medium,High,1,0,S1,High-Value Loyal,2-Day Shipping,Bank Transfer,1,0
2566,30,Young Adult (25-34),Male,Clothing,Fall,Vermont,43.0,8,4,172.0,3.6,0,0,0,0.0,0,0,0,0.145563025210084,0.4523392857142857,Low,Medium,0,0,S0,General Buyers,Store Pickup,Venmo,0,1
2567,35,Mid-Age (35-49),Male,Accessories,Fall,Missouri,38.0,43,4,152.0,3.3,0,0,0,0.0,0,0,0,0.3358487394957983,0.5910357142857143,Medium,Medium,0,1,S0,General Buyers,Standard,Paypal,0,1
2568,19,Teen (18-24),Male,Accessories,Spring,Michigan,25.0,24,26,650.0,4.3,0,0,0,0.0,0,1,0,0.4073653461384553,0.4972219387755102,Medium,Medium,0,0,S0,General Buyers,Store Pickup,Cash,0,0
2569,52,Senior (50-70),Male,Clothing,Winter,Texas,98.0,29,26,2548.0,4.3,0,0,0,0.0,0,1,0,0.4379775910364145,0.8421071428571428,Medium,High,1,0,S1,High-Value Loyal,Express,Paypal,1,1
2570,42,Mid-Age (35-49),Male,Clothing,Spring,New York,75.0,10,26,1950.0,4.8,0,0,0,0.0,0,1,1,0.3616510604241696,0.6745433673469388,Medium,High,0,0,S0,General Buyers,Free Shipping,Bank Transfer,0,0
2571,36,Mid-Age (35-49),Male,Footwear,Spring,New Mexico,27.0,12,26,702.0,4.0,0,0,0,0.0,0,1,0,0.3098959583833533,0.4267474489795918,Medium,Low,0,0,S5,Low-Value Occasional,Store Pickup,Paypal,0,1
2572,45,Mid-Age (35-49),Male,Accessories,Winter,Mississippi,27.0,48,26,702.0,3.5,0,0,0,0.0,0,0,0,0.4903041216486594,0.580420918367347,High,Medium,0,1,S0,General Buyers,Standard,Cash,0,0
2573,54,Senior (50-70),Male,Clothing,Fall,Washington,42.0,40,4,168.0,3.9,0,0,0,0.0,0,0,0,0.3654813925570228,0.6292295918367347,Medium,High,0,1,S0,General Buyers,Next Day Air,Bank Transfer,1,0
2574,54,Senior (50-70),Male,Clothing,Summer,New Mexico,90.0,1,1,90.0,4.4,0,0,0,0.0,0,1,0,0.152,0.6702499999999999,Low,High,1,0,S1,High-Value Loyal,Store Pickup,Bank Transfer,0,0
2575,27,Young Adult (25-34),Male,Accessories,Summer,Florida,63.0,26,26,1638.0,4.6,0,0,0,0.0,0,1,1,0.443610244097639,0.6916760204081632,Medium,High,0,0,S0,General Buyers,2-Day Shipping,Credit Card,1,1
2576,53,Senior (50-70),Male,Clothing,Fall,Minnesota,96.0,9,1,96.0,4.0,0,0,0,0.0,0,1,0,0.1689795918367347,0.7133163265306122,Low,High,1,0,S1,High-Value Loyal,Express,Paypal,1,1
2577,20,Teen (18-24),Male,Clothing,Winter,New Hampshire,40.0,19,4,160.0,4.2,0,0,0,0.0,0,1,0,0.2609099639855942,0.5313367346938775,Low,Medium,0,0,S0,General Buyers,Free Shipping,Debit Card,0,1
2578,52,Senior (50-70),Male,Clothing,Fall,Minnesota,39.0,37,12,468.0,4.5,0,0,0,0.0,0,1,1,0.4343297318927571,0.6367984693877551,Medium,High,0,0,S0,General Buyers,Next Day Air,Bank Transfer,1,0
2579,54,Senior (50-70),Male,Accessories,Fall,Vermont,48.0,3,4,192.0,3.9,0,0,0,0.0,0,0,0,0.1389507803121248,0.466704081632653,Low,Medium,0,0,S0,General Buyers,Free Shipping,Cash,0,0
2580,65,Senior (50-70),Male,Clothing,Summer,Minnesota,20.0,40,52,1040.0,3.7,0,0,0,0.0,0,0,0,0.5847755102040817,0.5209795918367347,High,Medium,0,1,S0,General Buyers,Express,Venmo,1,1
2581,43,Mid-Age (35-49),Male,Clothing,Summer,Massachusetts,29.0,13,4,116.0,3.6,0,0,0,0.0,0,0,0,0.1761752701080432,0.4165994897959184,Low,Low,0,0,S5,Low-Value Occasional,Store Pickup,Bank Transfer,0,0
2582,57,Senior (50-70),Male,Clothing,Winter,Wyoming,81.0,48,12,972.0,4.7,0,0,0,0.0,0,1,1,0.5176766706682673,0.8886709183673469,High,High,1,1,S1,High-Value Loyal,Express,Credit Card,1,1
2583,19,Teen (18-24),Male,Clothing,Fall,South Dakota,98.0,4,4,392.0,3.6,0,0,0,0.0,0,0,0,0.1210732292917167,0.6725561224489796,Low,High,1,0,S1,High-Value Loyal,2-Day Shipping,Venmo,1,1
2584,69,Senior (50-70),Male,Clothing,Fall,Oklahoma,93.0,9,52,4836.0,2.5,0,0,0,0.0,0,0,0,0.2989795918367346,0.6101913265306123,Low,High,1,0,S1,High-Value Loyal,Next Day Air,Cash,1,0
2585,26,Young Adult (25-34),Male,Clothing,Summer,Florida,30.0,26,26,780.0,2.9,0,0,0,0.0,0,0,0,0.307610244097639,0.4453010204081633,Medium,Medium,0,0,S0,General Buyers,Store Pickup,Bank Transfer,0,0
2586,57,Senior (50-70),Male,Accessories,Fall,Wisconsin,37.0,19,52,1924.0,4.4,0,0,0,0.0,0,1,0,0.5122040816326531,0.5302117346938776,High,Medium,0,0,S0,General Buyers,Free Shipping,Debit Card,0,1
2587,20,Teen (18-24),Male,Outerwear,Winter,Maine,28.0,1,4,112.0,4.6,0,0,0,0.0,0,1,1,0.1827058823529411,0.4109999999999999,Low,Low,0,0,S5,Low-Value Occasional,Express,Credit Card,1,1
2588,55,Senior (50-70),Male,Accessories,Winter,Connecticut,29.0,29,4,116.0,3.7,0,0,0,0.0,0,0,0,0.2821344537815126,0.5042321428571428,Low,Medium,0,0,S0,General Buyers,Express,Paypal,1,1
2589,44,Mid-Age (35-49),Male,Accessories,Summer,Delaware,49.0,38,26,1274.0,3.2,0,0,0,0.0,0,0,0,0.4050796318527411,0.6076505102040817,Medium,High,0,1,S0,General Buyers,Free Shipping,Venmo,0,1
2590,52,Senior (50-70),Male,Clothing,Winter,North Dakota,53.0,31,1,53.0,4.9,0,0,0,0.0,0,1,1,0.3756734693877551,0.6914362244897959,Medium,High,0,0,S0,General Buyers,2-Day Shipping,Paypal,1,1
2591,57,Senior (50-70),Male,Accessories,Summer,California,66.0,35,1,66.0,5.0,0,0,0,0.0,0,1,1,0.4081632653061224,0.7747193877551021,Medium,High,0,0,S0,General Buyers,Free Shipping,Venmo,0,1
2592,40,Mid-Age (35-49),Male,Outerwear,Spring,New Mexico,61.0,40,4,244.0,3.3,0,0,0,0.0,0,0,0,0.3174813925570228,0.6763545918367347,Medium,High,0,1,S0,General Buyers,Express,Cash,1,0
2593,23,Teen (18-24),Male,Clothing,Summer,Iowa,23.0,13,4,92.0,4.4,0,0,0,0.0,0,1,0,0.2401752701080432,0.4383494897959183,Low,Medium,0,0,S5,Low-Value Occasional,Store Pickup,Venmo,0,1
2594,36,Mid-Age (35-49),Male,Clothing,Fall,Colorado,36.0,9,4,144.0,4.7,0,0,0,0.0,0,1,1,0.2396854741896759,0.4928163265306122,Low,Medium,0,0,S5,Low-Value Occasional,Store Pickup,Bank Transfer,0,0
2595,59,Senior (50-70),Male,Clothing,Fall,Montana,81.0,25,4,324.0,3.6,0,0,0,0.0,0,0,0,0.2496446578631452,0.7053239795918367,Low,High,1,0,S1,High-Value Loyal,Free Shipping,Cash,0,0
2596,29,Young Adult (25-34),Male,Clothing,Summer,Iowa,56.0,3,26,1456.0,3.2,0,0,0,0.0,0,0,0,0.1907939175670268,0.4597040816326531,Low,Medium,0,0,S0,General Buyers,Free Shipping,Bank Transfer,0,0
2597,63,Senior (50-70),Male,Clothing,Spring,Louisiana,78.0,35,12,936.0,3.0,0,0,0,0.0,0,0,0,0.3020848339335734,0.7072193877551021,Low,High,0,0,S0,General Buyers,Next Day Air,Credit Card,1,1
2598,60,Senior (50-70),Male,Accessories,Summer,Alabama,25.0,13,26,650.0,4.4,0,0,0,0.0,0,1,0,0.3480184073629452,0.4470994897959184,Medium,Medium,0,0,S5,Low-Value Occasional,Store Pickup,Venmo,0,1
2599,64,Senior (50-70),Male,Accessories,Fall,Nevada,86.0,31,1,86.0,3.3,0,0,0,0.0,0,0,0,0.247673469387755,0.7398112244897959,Low,High,1,0,S1,High-Value Loyal,Express,Debit Card,1,1
2600,63,Senior (50-70),Male,Accessories,Winter,Vermont,99.0,48,12,1188.0,3.4,0,0,0,0.0,0,0,0,0.4136766706682672,0.8894209183673469,Medium,High,1,1,S1,High-Value Loyal,Express,Credit Card,1,1
2601,21,Teen (18-24),Male,Accessories,Fall,New York,83.0,6,26,2158.0,3.9,0,0,0,0.0,0,0,0,0.2651612645058023,0.6351352040816326,Low,High,1,0,S1,High-Value Loyal,Express,Bank Transfer,1,0
2602,61,Senior (50-70),Male,Clothing,Winter,Mississippi,33.0,43,12,396.0,2.9,0,0,0,0.0,0,0,0,0.3430644257703081,0.5451607142857142,Medium,Medium,0,1,S0,General Buyers,Store Pickup,Cash,0,0
2603,65,Senior (50-70),Male,Outerwear,Fall,South Carolina,44.0,1,4,176.0,2.9,0,0,0,0.0,0,0,0,0.0467058823529411,0.379,Low,Low,0,0,S0,General Buyers,Free Shipping,Venmo,0,1
2604,69,Senior (50-70),Male,Clothing,Spring,Washington,58.0,8,1,58.0,2.7,0,0,0,0.0,0,0,0,0.0588571428571428,0.4639642857142857,Low,Medium,0,0,S0,General Buyers,2-Day Shipping,Cash,1,0
2605,47,Mid-Age (35-49),Male,Clothing,Spring,Colorado,54.0,6,52,2808.0,3.4,0,0,0,0.0,0,0,0,0.3526122448979591,0.4782602040816326,Medium,Medium,0,0,S0,General Buyers,Store Pickup,Debit Card,0,1
2606,41,Mid-Age (35-49),Male,Clothing,Spring,Nevada,93.0,32,26,2418.0,3.7,0,0,0,0.0,0,0,0,0.4083449379751901,0.7995382653061225,Medium,High,1,0,S1,High-Value Loyal,2-Day Shipping,Venmo,1,1
2607,68,Senior (50-70),Male,Footwear,Spring,Nevada,98.0,46,26,2548.0,4.7,0,0,0,0.0,0,1,1,0.5740592236894758,0.952841836734694,High,High,1,1,S1,High-Value Loyal,Standard,Bank Transfer,0,0
2608,41,Mid-Age (35-49),Male,Footwear,Spring,Oklahoma,36.0,38,4,144.0,3.1,0,0,0,0.0,0,0,0,0.2892364945978391,0.5447755102040817,Low,Medium,0,1,S0,General Buyers,Express,Paypal,1,1
2609,42,Mid-Age (35-49),Male,Outerwear,Fall,Mississippi,68.0,48,26,1768.0,4.2,0,0,0,0.0,0,1,0,0.5463041216486595,0.8017959183673469,High,High,0,1,S0,General Buyers,2-Day Shipping,Credit Card,1,1
2610,66,Senior (50-70),Male,Accessories,Summer,Arkansas,95.0,18,26,2470.0,3.0,0,0,0,0.0,0,0,0,0.2666306522609043,0.6948596938775511,Low,High,1,0,S1,High-Value Loyal,Store Pickup,Debit Card,0,1
2611,66,Senior (50-70),Male,Clothing,Spring,West Virginia,93.0,25,4,372.0,3.1,0,0,0,0.0,0,0,0,0.2096446578631452,0.7278239795918368,Low,High,1,0,S1,High-Value Loyal,Express,Cash,1,0
2612,33,Young Adult (25-34),Male,Outerwear,Fall,Michigan,99.0,4,26,2574.0,4.2,0,0,0,0.0,0,1,0,0.2769163665466186,0.7129311224489796,Low,High,1,0,S1,High-Value Loyal,2-Day Shipping,Cash,1,0
2613,55,Senior (50-70),Male,Accessories,Winter,Louisiana,22.0,27,4,88.0,3.8,0,0,0,0.0,0,0,0,0.2778895558223289,0.4694030612244898,Low,Medium,0,0,S0,General Buyers,Next Day Air,Venmo,1,1
2614,58,Senior (50-70),Male,Accessories,Fall,South Dakota,88.0,14,12,1056.0,2.9,0,0,0,0.0,0,0,0,0.1655134053621448,0.6378265306122449,Low,High,1,0,S1,High-Value Loyal,Express,Bank Transfer,1,0
2615,18,Teen (18-24),Male,Outerwear,Spring,North Dakota,65.0,36,26,1690.0,4.2,0,0,0,0.0,0,1,0,0.4728347338935574,0.7274464285714285,High,High,0,0,S0,General Buyers,Express,Bank Transfer,1,0
2616,49,Mid-Age (35-49),Male,Clothing,Fall,Arizona,62.0,6,4,248.0,3.1,0,0,0,0.0,0,0,0,0.0933181272509003,0.4952602040816326,Low,Medium,0,0,S0,General Buyers,2-Day Shipping,Debit Card,1,1
2617,61,Senior (50-70),Male,Footwear,Spring,Georgia,55.0,46,1,55.0,3.6,0,0,0,0.0,0,0,0,0.3635102040816326,0.6987168367346939,Medium,High,0,1,S0,General Buyers,Express,Cash,1,0
2618,31,Young Adult (25-34),Male,Clothing,Spring,Idaho,97.0,29,1,97.0,4.8,0,0,0,0.0,0,1,1,0.3554285714285714,0.8677321428571428,Medium,High,1,0,S1,High-Value Loyal,Standard,Bank Transfer,0,0
2619,70,Senior (50-70),Male,Accessories,Fall,Louisiana,77.0,12,12,924.0,4.1,0,0,0,0.0,0,1,0,0.2492685074029611,0.6514974489795918,Low,High,0,0,S0,General Buyers,Express,Venmo,1,1
2620,68,Senior (50-70),Male,Clothing,Winter,Connecticut,40.0,47,52,2080.0,3.9,0,0,0,0.0,0,0,0,0.6436326530612245,0.6561938775510204,High,High,0,1,S0,General Buyers,Free Shipping,Credit Card,0,1
2621,27,Young Adult (25-34),Male,Clothing,Winter,Ohio,23.0,28,1,23.0,3.0,0,0,0,0.0,0,0,0,0.2053061224489795,0.4308801020408163,Low,Medium,0,0,S0,General Buyers,Standard,Debit Card,0,1
2622,48,Mid-Age (35-49),Male,Footwear,Winter,Maine,46.0,21,1,46.0,3.0,0,0,0,0.0,0,0,0,0.1624489795918367,0.4957908163265306,Low,Medium,0,0,S0,General Buyers,Express,Bank Transfer,1,0
2623,63,Senior (50-70),Male,Accessories,Spring,New Hampshire,75.0,15,1,75.0,4.9,0,0,0,0.0,0,1,1,0.2777142857142857,0.7060535714285714,Low,High,0,0,S0,General Buyers,2-Day Shipping,Credit Card,1,1
2624,49,Mid-Age (35-49),Male,Footwear,Fall,Massachusetts,76.0,38,1,76.0,4.8,0,0,0,0.0,0,1,1,0.4105306122448979,0.8217755102040816,Medium,High,0,1,S0,General Buyers,Next Day Air,Cash,1,0
2625,19,Teen (18-24),Male,Clothing,Summer,South Dakota,59.0,19,1,59.0,3.3,0,0,0,0.0,0,0,0,0.174204081632653,0.5604617346938776,Low,Medium,0,0,S0,General Buyers,Standard,Credit Card,0,1
2626,30,Young Adult (25-34),Male,Clothing,Summer,Colorado,51.0,31,52,2652.0,2.7,0,0,0,0.0,0,0,0,0.4496734693877551,0.5506862244897959,Medium,Medium,0,0,S0,General Buyers,Standard,Credit Card,0,1
2627,50,Senior (50-70),Male,Outerwear,Fall,Rhode Island,46.0,30,4,184.0,4.2,0,0,0,0.0,0,1,0,0.3282569027611044,0.6137091836734694,Medium,High,0,0,S0,General Buyers,Express,Credit Card,1,1
2628,66,Senior (50-70),Male,Clothing,Fall,Missouri,26.0,40,4,104.0,3.6,0,0,0,0.0,0,0,0,0.3414813925570228,0.5412295918367347,Medium,Medium,0,1,S0,General Buyers,Next Day Air,Bank Transfer,1,0
2629,25,Young Adult (25-34),Male,Clothing,Summer,Wyoming,51.0,42,26,1326.0,3.8,0,0,0,0.0,0,0,0,0.4775694277711084,0.6728086734693878,High,High,0,1,S0,General Buyers,Next Day Air,Credit Card,1,1
2630,61,Senior (50-70),Male,Accessories,Winter,New Hampshire,44.0,25,1,44.0,3.8,0,0,0,0.0,0,0,0,0.250938775510204,0.5554489795918367,Low,Medium,0,0,S0,General Buyers,Free Shipping,Venmo,0,1
2631,29,Young Adult (25-34),Male,Clothing,Spring,Maine,82.0,20,4,328.0,4.2,0,0,0,0.0,0,1,0,0.2670324129651861,0.720188775510204,Low,High,1,0,S1,High-Value Loyal,Free Shipping,Cash,0,0
2632,53,Senior (50-70),Male,Clothing,Summer,Connecticut,44.0,3,52,2288.0,2.7,0,0,0,0.0,0,0,0,0.2782448979591836,0.377204081632653,Low,Low,0,0,S0,General Buyers,Express,Cash,1,0
2633,24,Teen (18-24),Male,Accessories,Fall,Alaska,27.0,14,1,27.0,5.0,0,0,0,0.0,0,1,1,0.2795918367346939,0.4969515306122449,Low,Medium,0,0,S0,General Buyers,Next Day Air,Cash,1,0
2634,51,Senior (50-70),Male,Accessories,Fall,Alaska,90.0,32,26,2340.0,4.7,0,0,0,0.0,0,1,1,0.4883449379751901,0.8464132653061224,High,High,1,0,S1,High-Value Loyal,Next Day Air,Credit Card,1,1
2635,26,Young Adult (25-34),Male,Footwear,Summer,North Carolina,58.0,20,4,232.0,3.2,0,0,0,0.0,0,0,0,0.187032412965186,0.5551887755102041,Low,Medium,0,0,S0,General Buyers,Store Pickup,Paypal,0,1
2636,59,Senior (50-70),Male,Clothing,Spring,Colorado,80.0,34,26,2080.0,2.9,0,0,0,0.0,0,0,0,0.3565898359343737,0.7048673469387755,Medium,High,0,0,S0,General Buyers,2-Day Shipping,Paypal,1,1
2637,41,Mid-Age (35-49),Male,Outerwear,Winter,Utah,40.0,6,1,40.0,4.2,0,0,0,0.0,0,1,0,0.1666122448979592,0.4650102040816326,Low,Medium,0,0,S0,General Buyers,Store Pickup,Venmo,0,1
2638,20,Teen (18-24),Male,Clothing,Spring,Alabama,23.0,2,1,23.0,3.7,0,0,0,0.0,0,0,0,0.1021224489795918,0.3402270408163265,Low,Low,0,0,S5,Low-Value Occasional,Store Pickup,Paypal,0,1
2639,22,Teen (18-24),Male,Clothing,Spring,Hawaii,34.0,35,1,34.0,4.2,0,0,0,0.0,0,1,0,0.3441632653061224,0.586719387755102,Medium,Medium,0,0,S0,General Buyers,Store Pickup,Credit Card,0,1
2640,18,Teen (18-24),Male,Clothing,Winter,New Hampshire,35.0,33,4,140.0,2.6,0,0,0,0.0,0,0,0,0.2186242496998799,0.484890306122449,Low,Medium,0,0,S0,General Buyers,Free Shipping,Debit Card,0,1
2641,30,Young Adult (25-34),Male,Clothing,Summer,Indiana,75.0,45,26,1950.0,4.0,0,0,0,0.0,0,1,0,0.511936774709884,0.8051147959183673,High,High,0,1,S0,General Buyers,Store Pickup,Venmo,0,1
2642,25,Young Adult (25-34),Male,Accessories,Winter,Vermont,60.0,20,4,240.0,2.7,0,0,0,0.0,0,0,0,0.147032412965186,0.5339387755102041,Low,Medium,0,0,S0,General Buyers,Next Day Air,Bank Transfer,1,0
2643,39,Mid-Age (35-49),Male,Accessories,Summer,Iowa,87.0,48,1,87.0,4.0,0,0,0,0.0,0,1,0,0.4077551020408163,0.8729209183673469,Medium,High,1,1,S1,High-Value Loyal,Store Pickup,Bank Transfer,0,0
2644,49,Mid-Age (35-49),Male,Accessories,Spring,Maryland,41.0,37,12,492.0,2.9,0,0,0,0.0,0,0,0,0.3063297318927571,0.5495484693877551,Medium,Medium,0,0,S0,General Buyers,Next Day Air,Cash,1,0
2645,25,Young Adult (25-34),Male,Clothing,Spring,New Mexico,83.0,4,4,332.0,3.3,0,0,0,0.0,0,0,0,0.0970732292917166,0.5889311224489796,Low,Medium,1,0,S0,General Buyers,Standard,Bank Transfer,0,0
2646,23,Teen (18-24),Male,Accessories,Spring,Louisiana,81.0,24,26,2106.0,4.0,0,0,0,0.0,0,1,0,0.3833653461384553,0.7242219387755101,Medium,High,1,0,S1,High-Value Loyal,Store Pickup,Bank Transfer,0,0
2647,33,Young Adult (25-34),Male,Clothing,Summer,New Mexico,56.0,4,4,224.0,3.9,0,0,0,0.0,0,0,0,0.1450732292917166,0.5068061224489796,Low,Medium,0,0,S0,General Buyers,Next Day Air,Debit Card,1,1
2648,60,Senior (50-70),Male,Footwear,Summer,South Carolina,58.0,25,1,58.0,3.3,0,0,0,0.0,0,0,0,0.210938775510204,0.5866989795918367,Low,Medium,0,0,S0,General Buyers,2-Day Shipping,Debit Card,1,1
2649,51,Senior (50-70),Male,Clothing,Spring,Illinois,84.0,14,26,2184.0,3.9,0,0,0,0.0,0,0,0,0.3141408563425369,0.6803265306122449,Medium,High,1,0,S1,High-Value Loyal,Next Day Air,Paypal,1,1
2650,23,Teen (18-24),Male,Accessories,Fall,Minnesota,21.0,14,26,546.0,3.9,0,0,0,0.0,0,0,0,0.3141408563425369,0.4047015306122449,Medium,Low,0,0,S0,General Buyers,Store Pickup,Bank Transfer,0,0
2651,20,Teen (18-24),Male,Clothing,Summer,Oregon,35.0,46,4,140.0,4.2,0,0,0,0.0,0,1,0,0.4262160864345738,0.6472168367346939,Medium,High,0,1,S0,General Buyers,Standard,Credit Card,0,1
2652,51,Senior (50-70),Male,Footwear,Summer,Tennessee,43.0,27,4,172.0,4.6,0,0,0,0.0,0,1,1,0.3418895558223289,0.6092780612244898,Medium,High,0,0,S0,General Buyers,Store Pickup,Paypal,0,1
2653,23,Teen (18-24),Female,Clothing,Summer,Maryland,20.0,46,12,240.0,3.3,0,0,0,0.0,0,0,0,0.3934317727090836,0.5275918367346939,Medium,Medium,0,1,S0,General Buyers,2-Day Shipping,Credit Card,1,1
2654,67,Senior (50-70),Female,Clothing,Fall,Wisconsin,36.0,24,4,144.0,4.8,0,0,0,0.0,0,1,1,0.3395222088835534,0.5753469387755102,Medium,Medium,0,0,S0,General Buyers,Express,Venmo,1,1
2655,23,Teen (18-24),Female,Outerwear,Fall,Idaho,70.0,4,1,70.0,4.1,0,0,0,0.0,0,1,0,0.1463673469387754,0.5800561224489795,Low,Medium,0,0,S0,General Buyers,Next Day Air,Paypal,1,1
2656,26,Young Adult (25-34),Female,Accessories,Summer,Wyoming,83.0,2,26,2158.0,3.4,0,0,0,0.0,0,0,0,0.2006714685874349,0.5847270408163265,Low,Medium,1,0,S0,General Buyers,Standard,Credit Card,0,1
2657,52,Senior (50-70),Female,Clothing,Winter,Indiana,76.0,29,26,1976.0,3.6,0,0,0,0.0,0,0,0,0.3819775910364145,0.7038571428571427,Medium,High,0,0,S0,General Buyers,Express,Bank Transfer,1,0
2658,52,Senior (50-70),Female,Clothing,Summer,Texas,81.0,7,26,2106.0,2.7,0,0,0,0.0,0,0,0,0.1752837134853941,0.5594872448979591,Low,Medium,1,0,S0,General Buyers,Express,Credit Card,1,1
2659,52,Senior (50-70),Female,Accessories,Summer,Ohio,47.0,39,12,564.0,3.2,0,0,0,0.0,0,0,0,0.3425746298519407,0.6040025510204081,Medium,High,0,1,S0,General Buyers,Next Day Air,Paypal,1,1
2660,35,Mid-Age (35-49),Female,Footwear,Summer,Kansas,35.0,46,26,910.0,4.4,0,0,0,0.0,0,1,0,0.5500592236894758,0.6592168367346939,High,High,0,1,S0,General Buyers,2-Day Shipping,Credit Card,1,1
2661,24,Teen (18-24),Female,Clothing,Spring,South Carolina,85.0,44,1,85.0,4.9,0,0,0,0.0,0,1,1,0.455265306122449,0.8977627551020408,Medium,High,1,1,S1,High-Value Loyal,Express,Venmo,1,1
2662,43,Mid-Age (35-49),Female,Footwear,Fall,Michigan,96.0,20,1,96.0,4.8,0,0,0,0.0,0,1,1,0.3003265306122449,0.817438775510204,Low,High,1,0,S1,High-Value Loyal,Express,Bank Transfer,1,0
2663,25,Young Adult (25-34),Female,Clothing,Summer,Nebraska,98.0,44,26,2548.0,2.8,0,0,0,0.0,0,0,0,0.4098143257302921,0.8286377551020409,Medium,High,1,1,S1,High-Value Loyal,2-Day Shipping,Paypal,1,1
2664,46,Mid-Age (35-49),Female,Footwear,Fall,Wisconsin,52.0,23,1,52.0,2.9,0,0,0,0.0,0,0,0,0.1666938775510204,0.5262448979591836,Low,Medium,0,0,S0,General Buyers,Free Shipping,Bank Transfer,0,0
2665,22,Teen (18-24),Female,Accessories,Winter,Illinois,84.0,37,52,4368.0,3.2,0,0,0,0.0,0,0,0,0.5264081632653062,0.7556734693877551,High,High,1,0,S1,High-Value Loyal,Store Pickup,Paypal,0,1
2666,70,Senior (50-70),Female,Clothing,Winter,Louisiana,71.0,4,52,3692.0,3.5,0,0,0,0.0,0,0,0,0.3483673469387755,0.5484311224489795,Medium,Medium,0,0,S0,General Buyers,Store Pickup,Venmo,0,1
2667,49,Mid-Age (35-49),Female,Footwear,Winter,Ohio,95.0,14,26,2470.0,4.1,0,0,0,0.0,0,1,0,0.330140856342537,0.7404515306122449,Medium,High,1,0,S1,High-Value Loyal,Store Pickup,Venmo,0,1
2668,48,Mid-Age (35-49),Female,Footwear,Summer,Maryland,47.0,31,26,1222.0,4.1,0,0,0,0.0,0,1,0,0.4342224889955982,0.6171862244897959,Medium,High,0,0,S0,General Buyers,Free Shipping,Cash,0,0
2669,59,Senior (50-70),Female,Outerwear,Summer,Texas,75.0,9,4,300.0,4.8,0,0,0,0.0,0,1,1,0.2476854741896758,0.6694413265306122,Low,High,0,0,S0,General Buyers,Next Day Air,Paypal,1,1
2670,39,Mid-Age (35-49),Female,Accessories,Spring,Illinois,28.0,31,52,1456.0,2.8,0,0,0,0.0,0,0,0,0.457673469387755,0.4560612244897959,High,Medium,0,0,S0,General Buyers,Free Shipping,Credit Card,0,1
2671,30,Young Adult (25-34),Female,Accessories,Fall,Pennsylvania,44.0,26,26,1144.0,4.7,0,0,0,0.0,0,1,1,0.4516102440976391,0.6145510204081632,Medium,High,0,0,S0,General Buyers,Express,Bank Transfer,1,0
2672,37,Mid-Age (35-49),Female,Footwear,Winter,Alabama,64.0,41,4,256.0,4.8,0,0,0,0.0,0,1,1,0.4436038415366146,0.7845816326530612,Medium,High,0,1,S0,General Buyers,2-Day Shipping,Paypal,1,1
2673,56,Senior (50-70),Female,Footwear,Spring,West Virginia,28.0,13,1,28.0,2.9,0,0,0,0.0,0,0,0,0.105469387755102,0.3702244897959184,Low,Low,0,0,S5,Low-Value Occasional,Standard,Cash,0,0
2674,67,Senior (50-70),Female,Clothing,Summer,Nevada,21.0,4,12,252.0,2.6,0,0,0,0.0,0,0,0,0.0802889155662265,0.2756811224489796,Low,Low,0,0,S5,Low-Value Occasional,2-Day Shipping,Cash,1,0
2675,40,Mid-Age (35-49),Female,Accessories,Fall,Florida,41.0,15,4,164.0,3.3,0,0,0,0.0,0,0,0,0.1644201680672268,0.4613035714285714,Low,Medium,0,0,S0,General Buyers,Express,Cash,1,0
2676,24,Teen (18-24),Female,Clothing,Winter,Virginia,38.0,38,26,988.0,3.4,0,0,0,0.0,0,0,0,0.421079631852741,0.5715255102040817,Medium,Medium,0,1,S0,General Buyers,Free Shipping,Cash,0,0
2677,43,Mid-Age (35-49),Female,Accessories,Spring,Kentucky,77.0,3,26,2002.0,3.6,0,0,0,0.0,0,0,0,0.2227939175670268,0.5755790816326531,Low,Medium,0,0,S0,General Buyers,Free Shipping,Cash,0,0
2678,45,Mid-Age (35-49),Female,Clothing,Spring,Connecticut,43.0,6,4,172.0,3.8,0,0,0,0.0,0,0,0,0.1493181272509003,0.4541352040816326,Low,Medium,0,0,S0,General Buyers,Next Day Air,Paypal,1,1
2679,33,Young Adult (25-34),Female,Accessories,Spring,Montana,91.0,34,26,2366.0,3.4,0,0,0,0.0,0,0,0,0.3965898359343737,0.7829923469387755,Medium,High,1,0,S1,High-Value Loyal,2-Day Shipping,Credit Card,1,1
2680,53,Senior (50-70),Female,Clothing,Spring,Montana,68.0,7,4,272.0,3.8,0,0,0,0.0,0,0,0,0.1554405762304921,0.5686122448979591,Low,Medium,0,0,S0,General Buyers,Express,Debit Card,1,1
2681,44,Mid-Age (35-49),Female,Clothing,Fall,Nebraska,37.0,21,1,37.0,3.3,0,0,0,0.0,0,0,0,0.1864489795918367,0.4744158163265305,Low,Medium,0,0,S0,General Buyers,Next Day Air,Venmo,1,1
2682,23,Teen (18-24),Female,Footwear,Summer,Massachusetts,23.0,17,12,276.0,4.8,0,0,0,0.0,0,1,1,0.3358807523009203,0.4827576530612244,Medium,Medium,0,0,S0,General Buyers,Standard,Debit Card,0,1
2683,59,Senior (50-70),Female,Footwear,Winter,North Carolina,65.0,5,4,260.0,3.9,0,0,0,0.0,0,0,0,0.1511956782713085,0.5512831632653061,Low,Medium,0,0,S0,General Buyers,2-Day Shipping,Venmo,1,1
2684,68,Senior (50-70),Female,Accessories,Summer,Montana,30.0,21,26,780.0,4.2,0,0,0,0.0,0,1,0,0.3809979991996798,0.4977908163265306,Medium,Medium,0,0,S0,General Buyers,Next Day Air,Cash,1,0
2685,46,Mid-Age (35-49),Female,Clothing,Summer,Washington,45.0,42,26,1170.0,4.7,0,0,0,0.0,0,1,1,0.5495694277711085,0.7005586734693877,High,High,0,1,S0,General Buyers,Free Shipping,Credit Card,0,1
2686,56,Senior (50-70),Female,Footwear,Winter,Virginia,25.0,49,4,100.0,2.7,0,0,0,0.0,0,0,0,0.3245834333733493,0.5287729591836734,Medium,Medium,0,1,S0,General Buyers,Express,Credit Card,1,1
2687,40,Mid-Age (35-49),Female,Clothing,Winter,Georgia,72.0,33,26,1872.0,3.8,0,0,0,0.0,0,0,0,0.4224673869547818,0.7187653061224489,Medium,High,0,0,S0,General Buyers,2-Day Shipping,Cash,1,0
2688,61,Senior (50-70),Female,Clothing,Fall,Delaware,75.0,12,26,1950.0,3.6,0,0,0,0.0,0,0,0,0.2778959583833533,0.6127474489795919,Low,High,0,0,S0,General Buyers,2-Day Shipping,Debit Card,1,1
2689,53,Senior (50-70),Female,Accessories,Spring,West Virginia,63.0,18,4,252.0,2.9,0,0,0,0.0,0,0,0,0.1507875150060024,0.548859693877551,Low,Medium,0,0,S0,General Buyers,2-Day Shipping,Credit Card,1,1
2690,29,Young Adult (25-34),Female,Clothing,Fall,Wyoming,35.0,47,4,140.0,3.9,0,0,0,0.0,0,0,0,0.4083385354141656,0.6343188775510203,Medium,High,0,1,S0,General Buyers,Standard,Paypal,0,1
2691,44,Mid-Age (35-49),Female,Accessories,Summer,New Mexico,32.0,18,52,1664.0,4.7,0,0,0,0.0,0,1,1,0.5300816326530613,0.5212346938775511,High,Medium,0,0,S0,General Buyers,Free Shipping,Bank Transfer,0,0
2692,43,Mid-Age (35-49),Female,Clothing,Winter,Nebraska,25.0,48,12,300.0,3.3,0,0,0,0.0,0,0,0,0.4056766706682672,0.559670918367347,Medium,Medium,0,1,S0,General Buyers,2-Day Shipping,Cash,1,0
2693,40,Mid-Age (35-49),Female,Footwear,Spring,Washington,90.0,18,4,360.0,4.2,0,0,0,0.0,0,1,0,0.2547875150060024,0.744984693877551,Low,High,1,0,S1,High-Value Loyal,Free Shipping,Debit Card,0,1
2694,55,Senior (50-70),Female,Footwear,Summer,Hawaii,70.0,46,4,280.0,2.6,0,0,0,0.0,0,0,0,0.2982160864345738,0.7043418367346939,Low,High,0,1,S0,General Buyers,Standard,Cash,0,0
2695,66,Senior (50-70),Female,Accessories,Spring,Louisiana,27.0,34,4,108.0,4.9,0,0,0,0.0,0,1,1,0.4087466986794718,0.5929923469387754,Medium,Medium,0,0,S0,General Buyers,Express,Credit Card,1,1
2696,50,Senior (50-70),Female,Accessories,Fall,Tennessee,92.0,10,26,2392.0,3.6,0,0,0,0.0,0,0,0,0.2656510604241697,0.6769183673469388,Low,High,1,0,S1,High-Value Loyal,Standard,Paypal,0,1
2697,57,Senior (50-70),Female,Outerwear,Spring,South Dakota,20.0,12,12,240.0,4.7,0,0,0,0.0,0,1,1,0.2972685074029612,0.4381224489795918,Low,Medium,0,0,S5,Low-Value Occasional,Free Shipping,Debit Card,0,1
2698,42,Mid-Age (35-49),Female,Outerwear,Winter,Delaware,52.0,36,4,208.0,3.2,0,0,0,0.0,0,0,0,0.2849915966386555,0.6105714285714285,Low,High,0,0,S0,General Buyers,Standard,Bank Transfer,0,0
2699,55,Senior (50-70),Female,Clothing,Summer,Virginia,57.0,34,4,228.0,3.6,0,0,0,0.0,0,0,0,0.3047466986794718,0.6462423469387755,Medium,High,0,0,S0,General Buyers,Store Pickup,Venmo,0,1
2700,25,Young Adult (25-34),Female,Footwear,Fall,Utah,96.0,49,1,96.0,3.6,0,0,0,0.0,0,0,0,0.3818775510204081,0.8933979591836734,Medium,High,1,1,S1,High-Value Loyal,2-Day Shipping,Debit Card,1,1
2701,22,Teen (18-24),Female,Clothing,Winter,California,68.0,36,52,3536.0,3.2,0,0,0,0.0,0,0,0,0.5202857142857144,0.6805714285714286,High,High,0,0,S0,General Buyers,Standard,Cash,0,0
2702,49,Mid-Age (35-49),Female,Clothing,Summer,Idaho,30.0,18,26,780.0,2.8,0,0,0,0.0,0,0,0,0.2506306522609043,0.398484693877551,Low,Low,0,0,S0,General Buyers,Store Pickup,Bank Transfer,0,0
2703,70,Senior (50-70),Female,Footwear,Fall,Texas,37.0,39,26,962.0,4.0,0,0,0,0.0,0,1,0,0.4752020808323329,0.6082525510204081,High,High,0,1,S0,General Buyers,Next Day Air,Debit Card,1,1
2704,56,Senior (50-70),Female,Accessories,Winter,Tennessee,42.0,34,52,2184.0,4.4,0,0,0,0.0,0,1,0,0.6040408163265306,0.6286173469387755,High,High,0,0,S0,General Buyers,Free Shipping,Paypal,0,1
2705,52,Senior (50-70),Female,Clothing,Spring,Tennessee,54.0,35,52,2808.0,3.4,0,0,0,0.0,0,0,0,0.5301632653061225,0.6262193877551021,High,High,0,0,S0,General Buyers,Next Day Air,Debit Card,1,1
2706,65,Senior (50-70),Female,Outerwear,Spring,Washington,81.0,1,26,2106.0,5.0,0,0,0,0.0,0,1,1,0.3225490196078431,0.666875,Medium,High,1,0,S1,High-Value Loyal,Store Pickup,Credit Card,0,1
2707,24,Teen (18-24),Female,Footwear,Spring,Alabama,40.0,48,4,160.0,3.1,0,0,0,0.0,0,0,0,0.3504609843937575,0.613295918367347,Medium,High,0,1,S0,General Buyers,Express,Debit Card,1,1
2708,32,Young Adult (25-34),Female,Accessories,Fall,Nebraska,88.0,19,52,4576.0,4.2,0,0,0,0.0,0,1,0,0.496204081632653,0.7413367346938775,High,High,1,0,S1,High-Value Loyal,Standard,Cash,0,0
2709,57,Senior (50-70),Female,Clothing,Summer,Alabama,94.0,44,52,4888.0,3.3,0,0,0,0.0,0,0,0,0.577265306122449,0.8411377551020408,High,High,1,1,S1,High-Value Loyal,Store Pickup,Debit Card,0,1
2710,35,Mid-Age (35-49),Female,Clothing,Winter,Illinois,54.0,9,26,1404.0,2.9,0,0,0,0.0,0,0,0,0.2035286114445778,0.4635663265306122,Low,Medium,0,0,S0,General Buyers,Standard,Credit Card,0,1
2711,69,Senior (50-70),Female,Outerwear,Summer,Wisconsin,51.0,3,26,1326.0,4.7,0,0,0,0.0,0,1,1,0.3107939175670268,0.5278290816326531,Medium,Medium,0,0,S0,General Buyers,Standard,Bank Transfer,0,0
2712,30,Young Adult (25-34),Female,Accessories,Spring,Nebraska,22.0,50,12,264.0,4.0,0,0,0,0.0,0,1,0,0.4739215686274509,0.59875,High,Medium,0,1,S0,General Buyers,Standard,Venmo,0,1
2713,37,Mid-Age (35-49),Female,Outerwear,Fall,North Dakota,95.0,7,4,380.0,4.6,0,0,0,0.0,0,1,1,0.2194405762304921,0.7347372448979591,Low,High,1,0,S1,High-Value Loyal,Standard,Debit Card,0,1
2714,19,Teen (18-24),Female,Outerwear,Fall,Mississippi,57.0,20,1,57.0,3.8,0,0,0,0.0,0,0,0,0.2203265306122449,0.586813775510204,Low,Medium,0,0,S0,General Buyers,2-Day Shipping,Debit Card,1,1
2715,53,Senior (50-70),Female,Clothing,Winter,Iowa,45.0,16,26,1170.0,3.6,0,0,0,0.0,0,0,0,0.3023857543017207,0.5019056122448979,Low,Medium,0,0,S0,General Buyers,Store Pickup,Credit Card,0,1
2716,25,Young Adult (25-34),Female,Footwear,Winter,Mississippi,92.0,29,26,2392.0,4.1,0,0,0,0.0,0,1,0,0.4219775910364145,0.8038571428571428,Medium,High,1,0,S1,High-Value Loyal,Express,Paypal,1,1
2717,47,Mid-Age (35-49),Female,Footwear,Spring,Colorado,40.0,21,52,2080.0,2.7,0,0,0,0.0,0,0,0,0.3884489795918368,0.4515408163265306,Medium,Medium,0,0,S0,General Buyers,Store Pickup,Debit Card,0,1
2718,18,Teen (18-24),Female,Accessories,Winter,Nebraska,62.0,19,4,248.0,4.3,0,0,0,0.0,0,1,0,0.2689099639855942,0.6335867346938776,Low,High,0,0,S0,General Buyers,Free Shipping,Credit Card,0,1
2719,22,Teen (18-24),Female,Clothing,Winter,Virginia,90.0,10,26,2340.0,4.9,0,0,0,0.0,0,1,1,0.3696510604241697,0.7461683673469387,Medium,High,1,0,S1,High-Value Loyal,Next Day Air,Venmo,1,1
2720,69,Senior (50-70),Female,Clothing,Fall,Louisiana,82.0,4,12,984.0,4.2,0,0,0,0.0,0,1,0,0.2082889155662265,0.6385561224489796,Low,High,1,0,S1,High-Value Loyal,Free Shipping,Bank Transfer,0,0
2721,55,Senior (50-70),Female,Accessories,Spring,Maryland,52.0,45,4,208.0,2.8,0,0,0,0.0,0,0,0,0.308093637454982,0.6324897959183673,Medium,High,0,1,S0,General Buyers,Store Pickup,Bank Transfer,0,0
2722,19,Teen (18-24),Female,Footwear,Spring,Minnesota,70.0,17,26,1820.0,4.9,0,0,0,0.0,0,1,1,0.4125082032813125,0.6943826530612245,Medium,High,0,0,S0,General Buyers,Free Shipping,Paypal,0,1
2723,23,Teen (18-24),Female,Accessories,Spring,Maine,83.0,22,26,2158.0,2.8,0,0,0,0.0,0,0,0,0.2751204481792716,0.6507678571428571,Low,High,1,0,S1,High-Value Loyal,2-Day Shipping,Paypal,1,1
2724,54,Senior (50-70),Female,Footwear,Summer,Texas,49.0,3,4,196.0,2.9,0,0,0,0.0,0,0,0,0.0589507803121248,0.411079081632653,Low,Low,0,0,S0,General Buyers,Store Pickup,Paypal,0,1
2725,52,Senior (50-70),Female,Footwear,Spring,Missouri,91.0,11,26,2366.0,2.5,0,0,0,0.0,0,0,0,0.1837735094037615,0.6116454081632653,Low,High,1,0,S1,High-Value Loyal,Next Day Air,Debit Card,1,1
2726,64,Senior (50-70),Female,Accessories,Summer,Mississippi,99.0,4,1,99.0,2.7,0,0,0,0.0,0,0,0,0.0343673469387755,0.6229311224489796,Low,High,1,0,S1,High-Value Loyal,Free Shipping,Debit Card,0,1
2727,33,Young Adult (25-34),Female,Accessories,Winter,Michigan,92.0,11,26,2392.0,3.3,0,0,0,0.0,0,0,0,0.2477735094037614,0.6640204081632654,Low,High,1,0,S1,High-Value Loyal,Free Shipping,Paypal,0,1
2728,40,Mid-Age (35-49),Female,Clothing,Winter,Colorado,87.0,47,26,2262.0,3.7,0,0,0,0.0,0,0,0,0.5001816726690677,0.8498188775510205,High,High,1,1,S1,High-Value Loyal,2-Day Shipping,Credit Card,1,1
2729,26,Young Adult (25-34),Female,Clothing,Winter,Florida,28.0,17,52,1456.0,4.0,0,0,0,0.0,0,1,0,0.4679591836734694,0.4566326530612244,High,Medium,0,0,S0,General Buyers,Express,Debit Card,1,1
2730,31,Young Adult (25-34),Female,Accessories,Summer,Montana,71.0,32,12,852.0,4.1,0,0,0,0.0,0,1,0,0.3717174869947979,0.7272882653061225,Medium,High,0,0,S0,General Buyers,Free Shipping,Credit Card,0,1
2731,23,Teen (18-24),Female,Accessories,Winter,Wisconsin,32.0,37,1,32.0,4.1,0,0,0,0.0,0,1,0,0.3484081632653061,0.582173469387755,Medium,Medium,0,0,S0,General Buyers,Store Pickup,Bank Transfer,0,0
2732,52,Senior (50-70),Female,Accessories,Summer,Wisconsin,33.0,44,4,132.0,2.5,0,0,0,0.0,0,0,0,0.2779711884753901,0.5262627551020408,Low,Medium,0,1,S0,General Buyers,2-Day Shipping,Bank Transfer,1,0
2733,21,Teen (18-24),Female,Clothing,Winter,Delaware,75.0,27,4,300.0,4.2,0,0,0,0.0,0,1,0,0.3098895558223289,0.7252780612244898,Medium,High,0,0,S0,General Buyers,Store Pickup,Debit Card,0,1
2734,31,Young Adult (25-34),Female,Accessories,Summer,North Carolina,83.0,46,1,83.0,4.7,0,0,0,0.0,0,1,1,0.4515102040816326,0.8872168367346939,Medium,High,1,1,S1,High-Value Loyal,Express,Paypal,1,1
2735,63,Senior (50-70),Female,Clothing,Summer,New York,93.0,13,26,2418.0,2.7,0,0,0,0.0,0,0,0,0.2120184073629452,0.6425994897959184,Low,High,1,0,S1,High-Value Loyal,2-Day Shipping,Cash,1,0
2736,46,Mid-Age (35-49),Female,Clothing,Spring,California,29.0,2,26,754.0,3.0,0,0,0,0.0,0,0,0,0.1686714685874349,0.3244770408163265,Low,Low,0,0,S5,Low-Value Occasional,Express,Paypal,1,1
2737,44,Mid-Age (35-49),Female,Clothing,Spring,Montana,25.0,45,1,25.0,4.8,0,0,0,0.0,0,1,1,0.4533877551020408,0.6343647959183674,Medium,High,0,1,S0,General Buyers,Store Pickup,Credit Card,0,1
2738,57,Senior (50-70),Female,Accessories,Spring,North Carolina,76.0,35,4,304.0,4.4,0,0,0,0.0,0,1,0,0.3748691476590636,0.782469387755102,Medium,High,0,0,S0,General Buyers,Free Shipping,Cash,0,0
2739,50,Senior (50-70),Female,Footwear,Summer,Ohio,81.0,39,4,324.0,4.3,0,0,0,0.0,0,1,0,0.3913589435774309,0.8187525510204081,Medium,High,1,1,S1,High-Value Loyal,2-Day Shipping,Venmo,1,1
2740,33,Young Adult (25-34),Female,Clothing,Winter,Alaska,80.0,39,4,320.0,2.5,0,0,0,0.0,0,0,0,0.2473589435774309,0.7063775510204081,Low,High,0,1,S0,General Buyers,Store Pickup,Credit Card,0,1
2741,19,Teen (18-24),Female,Accessories,Summer,Pennsylvania,70.0,34,26,1820.0,4.9,0,0,0,0.0,0,1,1,0.5165898359343738,0.7811173469387755,High,High,0,0,S0,General Buyers,Free Shipping,Bank Transfer,0,0
2742,68,Senior (50-70),Female,Clothing,Fall,Maine,81.0,41,12,972.0,4.9,0,0,0,0.0,0,1,1,0.4908195278111245,0.8649566326530612,High,High,1,1,S1,High-Value Loyal,2-Day Shipping,Venmo,1,1
2743,27,Young Adult (25-34),Female,Footwear,Spring,Texas,86.0,47,1,86.0,3.9,0,0,0,0.0,0,0,0,0.3936326530612244,0.8574438775510204,Medium,High,1,1,S1,High-Value Loyal,Free Shipping,Debit Card,0,1
2744,61,Senior (50-70),Female,Accessories,Fall,New Jersey,94.0,17,4,376.0,4.1,0,0,0,0.0,0,1,0,0.2406650660264105,0.7513826530612244,Low,High,1,0,S1,High-Value Loyal,2-Day Shipping,Venmo,1,1
2745,38,Mid-Age (35-49),Female,Clothing,Winter,Wyoming,66.0,40,12,792.0,3.3,0,0,0,0.0,0,0,0,0.3566970788315326,0.6982295918367347,Medium,High,0,1,S0,General Buyers,Store Pickup,Credit Card,0,1
2746,28,Young Adult (25-34),Female,Footwear,Summer,Michigan,98.0,44,26,2548.0,4.1,0,0,0,0.0,0,1,0,0.5138143257302921,0.9066377551020408,High,High,1,1,S1,High-Value Loyal,Standard,Paypal,0,1
2747,39,Mid-Age (35-49),Female,Clothing,Fall,Ohio,25.0,21,4,100.0,3.7,0,0,0,0.0,0,0,0,0.2331548619447779,0.4459158163265306,Low,Medium,0,0,S0,General Buyers,Standard,Paypal,0,1
2748,18,Teen (18-24),Female,Clothing,Winter,West Virginia,62.0,21,4,248.0,3.1,0,0,0,0.0,0,0,0,0.1851548619447779,0.5717908163265306,Low,Medium,0,0,S0,General Buyers,Free Shipping,Credit Card,0,1
2749,24,Teen (18-24),Female,Outerwear,Spring,Virginia,98.0,16,1,98.0,3.0,0,0,0,0.0,0,0,0,0.1318367346938775,0.697780612244898,Low,High,1,0,S1,High-Value Loyal,Free Shipping,Venmo,0,1
2750,64,Senior (50-70),Female,Outerwear,Spring,Vermont,53.0,15,1,53.0,3.4,0,0,0,0.0,0,0,0,0.1577142857142857,0.5198035714285715,Low,Medium,0,0,S0,General Buyers,Standard,Bank Transfer,0,0
2751,51,Senior (50-70),Female,Footwear,Spring,Alaska,66.0,26,4,264.0,2.7,0,0,0,0.0,0,0,0,0.1837671068427371,0.5908010204081633,Low,Medium,0,0,S0,General Buyers,2-Day Shipping,Paypal,1,1
2752,27,Young Adult (25-34),Female,Clothing,Fall,Minnesota,52.0,50,12,624.0,3.1,0,0,0,0.0,0,0,0,0.401921568627451,0.676,Medium,High,0,1,S0,General Buyers,Free Shipping,Venmo,0,1
2753,48,Mid-Age (35-49),Female,Clothing,Winter,Colorado,64.0,30,26,1664.0,4.0,0,0,0,0.0,0,1,0,0.4201000400160063,0.6804591836734694,Medium,High,0,0,S0,General Buyers,Free Shipping,Venmo,0,1
2754,69,Senior (50-70),Female,Accessories,Spring,Rhode Island,59.0,48,4,236.0,3.6,0,0,0,0.0,0,0,0,0.3904609843937575,0.7264209183673469,Medium,High,0,1,S0,General Buyers,Next Day Air,Paypal,1,1
2755,59,Senior (50-70),Female,Accessories,Summer,New Jersey,61.0,21,26,1586.0,3.6,0,0,0,0.0,0,0,0,0.3329979991996799,0.5974158163265306,Medium,Medium,0,0,S0,General Buyers,Free Shipping,Venmo,0,1
2756,59,Senior (50-70),Female,Accessories,Winter,Nevada,97.0,18,1,97.0,3.3,0,0,0,0.0,0,0,0,0.1680816326530612,0.721609693877551,Low,High,1,0,S1,High-Value Loyal,Store Pickup,Credit Card,0,1
2757,42,Mid-Age (35-49),Female,Accessories,Winter,Minnesota,23.0,41,12,276.0,4.1,0,0,0,0.0,0,1,0,0.4268195278111244,0.5632066326530613,Medium,Medium,0,1,S0,General Buyers,Free Shipping,Paypal,0,1
2758,39,Mid-Age (35-49),Female,Accessories,Fall,Delaware,98.0,11,12,1176.0,4.3,0,0,0,0.0,0,1,0,0.2591460584233693,0.7502704081632653,Low,High,1,0,S1,High-Value Loyal,Next Day Air,Venmo,1,1
2759,32,Young Adult (25-34),Female,Clothing,Summer,Illinois,98.0,8,26,2548.0,3.2,0,0,0,0.0,0,0,0,0.221406162464986,0.6689642857142857,Low,High,1,0,S1,High-Value Loyal,Standard,Bank Transfer,0,0
2760,68,Senior (50-70),Female,Footwear,Summer,Washington,59.0,42,4,236.0,3.9,0,0,0,0.0,0,0,0,0.3777262905162065,0.7138086734693877,Medium,High,0,1,S0,General Buyers,Free Shipping,Cash,0,0
2761,41,Mid-Age (35-49),Female,Clothing,Fall,Alaska,82.0,41,26,2132.0,5.0,0,0,0,0.0,0,1,1,0.5674469787915166,0.8753316326530612,High,High,1,1,S1,High-Value Loyal,Next Day Air,Credit Card,1,1
2762,31,Young Adult (25-34),Female,Footwear,Fall,Michigan,82.0,3,4,328.0,3.4,0,0,0,0.0,0,0,0,0.0989507803121248,0.5854540816326531,Low,Medium,1,0,S0,General Buyers,Next Day Air,Credit Card,1,1
2763,58,Senior (50-70),Female,Clothing,Fall,Georgia,41.0,10,4,164.0,3.8,0,0,0,0.0,0,0,0,0.1738079231692677,0.4657933673469387,Low,Medium,0,0,S0,General Buyers,Store Pickup,Debit Card,0,1
2764,28,Young Adult (25-34),Female,Accessories,Fall,West Virginia,52.0,35,4,208.0,2.9,0,0,0,0.0,0,0,0,0.2548691476590636,0.587469387755102,Low,Medium,0,0,S0,General Buyers,2-Day Shipping,Venmo,1,1
2765,63,Senior (50-70),Female,Clothing,Spring,Arizona,41.0,2,52,2132.0,2.6,0,0,0,0.0,0,0,0,0.2641224489795918,0.3529770408163265,Low,Low,0,0,S0,General Buyers,Next Day Air,Debit Card,1,1
2766,64,Senior (50-70),Female,Accessories,Summer,Colorado,70.0,24,4,280.0,4.3,0,0,0,0.0,0,1,0,0.2995222088835534,0.6940969387755102,Low,High,0,0,S0,General Buyers,2-Day Shipping,Credit Card,1,1
2767,66,Senior (50-70),Female,Clothing,Winter,Tennessee,91.0,47,12,1092.0,2.8,0,0,0,0.0,0,0,0,0.3595542216886754,0.8133188775510204,Medium,High,1,1,S1,High-Value Loyal,Standard,Credit Card,0,1
2768,31,Young Adult (25-34),Female,Clothing,Spring,Iowa,95.0,31,12,1140.0,4.5,0,0,0,0.0,0,1,1,0.3975950380152061,0.851186224489796,Medium,High,1,0,S1,High-Value Loyal,Free Shipping,Cash,0,0
2769,55,Senior (50-70),Female,Clothing,Spring,Kansas,25.0,28,26,650.0,3.8,0,0,0,0.0,0,0,0,0.3918551420568227,0.4876301020408162,Medium,Medium,0,0,S0,General Buyers,2-Day Shipping,Paypal,1,1
2770,32,Young Adult (25-34),Female,Clothing,Fall,Oklahoma,89.0,13,52,4628.0,3.0,0,0,0,0.0,0,0,0,0.363469387755102,0.6430994897959184,Medium,High,1,0,S1,High-Value Loyal,Standard,Cash,0,0
2771,50,Senior (50-70),Female,Footwear,Fall,Nebraska,44.0,22,4,176.0,3.3,0,0,0,0.0,0,0,0,0.2072773109243697,0.5101428571428571,Low,Medium,0,0,S0,General Buyers,Express,Bank Transfer,1,0
2772,58,Senior (50-70),Female,Outerwear,Summer,Maryland,52.0,12,26,1352.0,3.1,0,0,0,0.0,0,0,0,0.2378959583833533,0.4821224489795919,Low,Medium,0,0,S0,General Buyers,2-Day Shipping,Bank Transfer,1,0
2773,18,Teen (18-24),Female,Accessories,Spring,Pennsylvania,94.0,10,4,376.0,3.5,0,0,0,0.0,0,0,0,0.1498079231692677,0.6796683673469388,Low,High,1,0,S1,High-Value Loyal,Store Pickup,Bank Transfer,0,0
2774,39,Mid-Age (35-49),Female,Clothing,Spring,Arizona,98.0,45,4,392.0,4.6,0,0,0,0.0,0,1,1,0.452093637454982,0.9417397959183672,Medium,High,1,1,S1,High-Value Loyal,Express,Bank Transfer,1,0
2775,56,Senior (50-70),Female,Footwear,Fall,Oklahoma,40.0,42,4,160.0,4.1,0,0,0,0.0,0,1,0,0.3937262905162064,0.6426836734693877,Medium,High,0,1,S0,General Buyers,Standard,Credit Card,0,1
2776,37,Mid-Age (35-49),Female,Clothing,Fall,Montana,25.0,16,52,1300.0,3.6,0,0,0,0.0,0,0,0,0.4298367346938775,0.4144056122448979,Medium,Low,0,0,S0,General Buyers,Free Shipping,Debit Card,0,1
2777,46,Mid-Age (35-49),Female,Accessories,Fall,Wyoming,62.0,6,1,62.0,2.9,0,0,0,0.0,0,0,0,0.0626122448979591,0.4832602040816326,Low,Medium,0,0,S0,General Buyers,Free Shipping,Bank Transfer,0,0
2778,52,Senior (50-70),Female,Clothing,Fall,Idaho,24.0,28,4,96.0,4.8,0,0,0,0.0,0,1,1,0.3640120048019207,0.5432551020408163,Medium,Medium,0,0,S0,General Buyers,Standard,Credit Card,0,1
2779,70,Senior (50-70),Female,Accessories,Spring,Pennsylvania,57.0,24,26,1482.0,3.2,0,0,0,0.0,0,0,0,0.3193653461384553,0.5712219387755102,Medium,Medium,0,0,S0,General Buyers,Standard,Credit Card,0,1
2780,61,Senior (50-70),Female,Accessories,Winter,Montana,66.0,14,26,1716.0,4.3,0,0,0,0.0,0,1,0,0.346140856342537,0.6255765306122448,Medium,High,0,0,S0,General Buyers,Express,Credit Card,1,1
2781,33,Young Adult (25-34),Female,Footwear,Winter,Ohio,70.0,29,26,1820.0,4.1,0,0,0,0.0,0,1,0,0.4219775910364145,0.7076071428571428,Medium,High,0,0,S0,General Buyers,Next Day Air,Paypal,1,1
2782,65,Senior (50-70),Female,Footwear,Spring,Mississippi,39.0,33,52,2028.0,4.6,0,0,0,0.0,0,1,1,0.6139183673469388,0.6223903061224489,High,High,0,0,S0,General Buyers,Standard,Paypal,0,1
2783,41,Mid-Age (35-49),Female,Accessories,Spring,Idaho,34.0,30,1,34.0,3.8,0,0,0,0.0,0,0,0,0.2815510204081632,0.5372091836734694,Low,Medium,0,0,S0,General Buyers,Free Shipping,Paypal,0,1
2784,19,Teen (18-24),Female,Clothing,Spring,Virginia,38.0,26,4,152.0,4.5,0,0,0,0.0,0,1,1,0.3277671068427371,0.5763010204081633,Medium,Medium,0,0,S0,General Buyers,Next Day Air,Credit Card,1,1
2785,33,Young Adult (25-34),Female,Clothing,Winter,Idaho,70.0,12,4,280.0,3.1,0,0,0,0.0,0,0,0,0.1300528211284514,0.5608724489795919,Low,Medium,0,0,S0,General Buyers,Express,Paypal,1,1
2786,53,Senior (50-70),Female,Clothing,Summer,Louisiana,80.0,13,12,960.0,2.9,0,0,0,0.0,0,0,0,0.159390956382553,0.5977244897959184,Low,Medium,0,0,S0,General Buyers,Next Day Air,Bank Transfer,1,0
2787,54,Senior (50-70),Female,Accessories,Spring,Colorado,51.0,41,4,204.0,3.8,0,0,0,0.0,0,0,0,0.3636038415366146,0.6677066326530612,Medium,High,0,1,S0,General Buyers,Next Day Air,Debit Card,1,1
2788,36,Mid-Age (35-49),Female,Footwear,Spring,West Virginia,79.0,4,26,2054.0,4.1,0,0,0,0.0,0,1,0,0.2689163665466186,0.6194311224489796,Low,High,0,0,S0,General Buyers,Next Day Air,Venmo,1,1
2789,56,Senior (50-70),Female,Footwear,Summer,Rhode Island,92.0,2,1,92.0,3.1,0,0,0,0.0,0,0,0,0.0541224489795918,0.6061020408163266,Low,High,1,0,S1,High-Value Loyal,Free Shipping,Credit Card,0,1
2790,28,Young Adult (25-34),Female,Clothing,Fall,North Carolina,85.0,28,26,2210.0,5.0,0,0,0,0.0,0,1,1,0.4878551420568227,0.8221301020408164,High,High,1,0,S1,High-Value Loyal,Express,Credit Card,1,1
2791,34,Young Adult (25-34),Female,Clothing,Spring,Maine,63.0,24,1,63.0,4.5,0,0,0,0.0,0,1,1,0.3008163265306123,0.6754719387755103,Low,High,0,0,S0,General Buyers,Free Shipping,Debit Card,0,1
2792,43,Mid-Age (35-49),Female,Accessories,Fall,Iowa,60.0,14,26,1560.0,2.8,0,0,0,0.0,0,0,0,0.226140856342537,0.5093265306122449,Low,Medium,0,0,S0,General Buyers,Express,Venmo,1,1
2793,54,Senior (50-70),Female,Clothing,Winter,Kentucky,44.0,11,52,2288.0,3.2,0,0,0,0.0,0,0,0,0.3672244897959184,0.4480204081632652,Medium,Medium,0,0,S0,General Buyers,Express,Credit Card,1,1
2794,37,Mid-Age (35-49),Female,Footwear,Spring,Massachusetts,57.0,27,26,1482.0,3.1,0,0,0,0.0,0,0,0,0.3297326930772308,0.5805280612244899,Medium,Medium,0,0,S0,General Buyers,Standard,Debit Card,0,1
2795,33,Young Adult (25-34),Female,Outerwear,Fall,New York,24.0,7,26,624.0,3.3,0,0,0,0.0,0,0,0,0.2232837134853941,0.3461122448979591,Low,Low,0,0,S5,Low-Value Occasional,Standard,Cash,0,0
2796,33,Young Adult (25-34),Female,Accessories,Winter,Nebraska,35.0,49,1,35.0,3.4,0,0,0,0.0,0,0,0,0.3658775510204081,0.6145229591836735,Medium,High,0,1,S0,General Buyers,Store Pickup,Paypal,0,1
2797,55,Senior (50-70),Female,Outerwear,Winter,Oklahoma,73.0,21,1,73.0,3.8,0,0,0,0.0,0,0,0,0.2264489795918367,0.6619158163265305,Low,High,0,0,S0,General Buyers,Store Pickup,Cash,0,0
2798,63,Senior (50-70),Female,Accessories,Winter,Oklahoma,42.0,10,4,168.0,3.5,0,0,0,0.0,0,0,0,0.1498079231692677,0.4521683673469387,Low,Medium,0,0,S0,General Buyers,Express,Venmo,1,1
2799,52,Senior (50-70),Female,Clothing,Winter,Rhode Island,20.0,37,52,1040.0,4.8,0,0,0,0.0,0,1,1,0.654408163265306,0.5716734693877551,High,Medium,0,0,S0,General Buyers,Store Pickup,Paypal,0,1
2800,23,Teen (18-24),Female,Clothing,Spring,Maine,89.0,9,4,356.0,3.9,0,0,0,0.0,0,0,0,0.1756854741896758,0.6766913265306121,Low,High,1,0,S1,High-Value Loyal,Free Shipping,Bank Transfer,0,0
2801,70,Senior (50-70),Female,Clothing,Fall,Arkansas,76.0,14,26,1976.0,3.4,0,0,0,0.0,0,0,0,0.274140856342537,0.6153265306122448,Low,High,0,0,S0,General Buyers,Free Shipping,Cash,0,0
2802,64,Senior (50-70),Female,Clothing,Winter,New Mexico,56.0,30,1,56.0,2.6,0,0,0,0.0,0,0,0,0.1855510204081632,0.5614591836734694,Low,Medium,0,0,S0,General Buyers,Express,Paypal,1,1
2803,22,Teen (18-24),Female,Outerwear,Fall,Hawaii,100.0,42,26,2600.0,3.1,0,0,0,0.0,0,0,0,0.4215694277711085,0.8451836734693878,Medium,High,1,1,S1,High-Value Loyal,Store Pickup,Credit Card,0,1
2804,46,Mid-Age (35-49),Female,Clothing,Winter,Idaho,44.0,31,12,528.0,3.3,0,0,0,0.0,0,0,0,0.3015950380152061,0.556061224489796,Low,Medium,0,0,S0,General Buyers,Free Shipping,Bank Transfer,0,0
2805,65,Senior (50-70),Female,Clothing,Spring,South Carolina,76.0,48,4,304.0,2.8,0,0,0,0.0,0,0,0,0.3264609843937574,0.7527959183673469,Medium,High,0,1,S0,General Buyers,Standard,Bank Transfer,0,0
2806,18,Teen (18-24),Female,Accessories,Fall,Nevada,97.0,48,4,388.0,4.3,0,0,0,0.0,0,1,0,0.4464609843937575,0.9346709183673468,Medium,High,1,1,S1,High-Value Loyal,Standard,Cash,0,0
2807,45,Mid-Age (35-49),Female,Clothing,Spring,South Carolina,39.0,50,1,39.0,2.7,0,0,0,0.0,0,0,0,0.316,0.595125,Medium,Medium,0,1,S0,General Buyers,Standard,Credit Card,0,1
2808,56,Senior (50-70),Female,Clothing,Spring,Maryland,100.0,10,26,2600.0,4.4,0,0,0,0.0,0,1,0,0.3296510604241697,0.7599183673469387,Medium,High,1,0,S1,High-Value Loyal,2-Day Shipping,Debit Card,1,1
2809,49,Mid-Age (35-49),Female,Clothing,Spring,Tennessee,62.0,45,4,248.0,3.9,0,0,0,0.0,0,0,0,0.396093637454982,0.7422397959183673,Medium,High,0,1,S0,General Buyers,Free Shipping,Paypal,0,1
2810,66,Senior (50-70),Female,Clothing,Summer,Arkansas,98.0,27,4,392.0,3.0,0,0,0,0.0,0,0,0,0.2138895558223289,0.7539030612244898,Low,High,1,0,S1,High-Value Loyal,Standard,Debit Card,0,1
2811,27,Young Adult (25-34),Female,Clothing,Summer,Arizona,31.0,10,26,806.0,4.0,0,0,0,0.0,0,1,0,0.2976510604241696,0.4340433673469387,Low,Medium,0,0,S5,Low-Value Occasional,Standard,Debit Card,0,1
2812,69,Senior (50-70),Female,Outerwear,Fall,Ohio,89.0,19,4,356.0,3.7,0,0,0,0.0,0,0,0,0.2209099639855942,0.7157117346938775,Low,High,1,0,S1,High-Value Loyal,Store Pickup,Credit Card,0,1
2813,66,Senior (50-70),Female,Clothing,Fall,North Dakota,91.0,1,4,364.0,3.8,0,0,0,0.0,0,0,0,0.1187058823529411,0.6386249999999999,Low,High,1,0,S1,High-Value Loyal,Store Pickup,Credit Card,0,1
2814,45,Mid-Age (35-49),Female,Clothing,Summer,Vermont,50.0,39,4,200.0,3.3,0,0,0,0.0,0,0,0,0.3113589435774309,0.6231275510204082,Medium,High,0,1,S0,General Buyers,2-Day Shipping,Debit Card,1,1
2815,31,Young Adult (25-34),Female,Clothing,Winter,Minnesota,32.0,14,12,384.0,3.6,0,0,0,0.0,0,0,0,0.2215134053621448,0.4348265306122449,Low,Medium,0,0,S0,General Buyers,Standard,Bank Transfer,0,0
2816,33,Young Adult (25-34),Female,Clothing,Fall,Idaho,67.0,40,4,268.0,3.9,0,0,0,0.0,0,0,0,0.3654813925570228,0.7386045918367347,Medium,High,0,1,S0,General Buyers,Free Shipping,Venmo,0,1
2817,43,Mid-Age (35-49),Female,Clothing,Spring,Maryland,28.0,45,52,1456.0,3.5,0,0,0,0.0,0,0,0,0.5993877551020408,0.5694897959183673,High,Medium,0,1,S0,General Buyers,Free Shipping,Venmo,0,1
2818,25,Young Adult (25-34),Female,Accessories,Winter,South Carolina,65.0,6,52,3380.0,3.4,0,0,0,0.0,0,0,0,0.3526122448979591,0.5263852040816327,Medium,Medium,0,0,S0,General Buyers,Standard,Venmo,0,1
2819,46,Mid-Age (35-49),Female,Clothing,Fall,California,73.0,12,1,73.0,4.7,0,0,0,0.0,0,1,1,0.2433469387755102,0.6699974489795918,Low,High,0,0,S0,General Buyers,Next Day Air,Debit Card,1,1
2820,67,Senior (50-70),Female,Clothing,Spring,Georgia,27.0,19,12,324.0,3.0,0,0,0,0.0,0,0,0,0.204125650260104,0.4024617346938776,Low,Low,0,0,S0,General Buyers,Free Shipping,Cash,0,0
2821,26,Young Adult (25-34),Female,Accessories,Summer,Vermont,89.0,5,26,2314.0,3.9,0,0,0,0.0,0,0,0,0.2590388155262104,0.6562831632653061,Low,High,1,0,S1,High-Value Loyal,Free Shipping,Cash,0,0
2822,35,Mid-Age (35-49),Female,Footwear,Summer,Georgia,72.0,37,12,864.0,4.5,0,0,0,0.0,0,1,1,0.4343297318927571,0.7811734693877551,Medium,High,0,0,S0,General Buyers,Standard,Venmo,0,1
2823,61,Senior (50-70),Female,Clothing,Fall,New Jersey,37.0,33,4,148.0,4.1,0,0,0,0.0,0,1,0,0.3386242496998799,0.583640306122449,Medium,Medium,0,0,S0,General Buyers,Standard,Paypal,0,1
2824,26,Young Adult (25-34),Female,Clothing,Summer,Utah,63.0,47,26,1638.0,4.5,0,0,0,0.0,0,1,1,0.5641816726690676,0.7928188775510204,High,High,0,1,S0,General Buyers,Standard,Debit Card,0,1
2825,39,Mid-Age (35-49),Female,Accessories,Fall,Utah,90.0,49,4,360.0,4.0,0,0,0,0.0,0,1,0,0.4285834333733493,0.8911479591836734,Medium,High,1,1,S1,High-Value Loyal,Free Shipping,Debit Card,0,1
2826,69,Senior (50-70),Female,Accessories,Winter,North Carolina,62.0,28,1,62.0,4.3,0,0,0,0.0,0,1,0,0.3093061224489796,0.6795051020408163,Medium,High,0,0,S0,General Buyers,2-Day Shipping,Bank Transfer,1,0
2827,32,Young Adult (25-34),Female,Accessories,Fall,Florida,43.0,23,1,43.0,3.6,0,0,0,0.0,0,0,0,0.2226938775510204,0.5288698979591837,Low,Medium,0,0,S0,General Buyers,Express,Venmo,1,1
2828,20,Teen (18-24),Female,Clothing,Fall,Wisconsin,96.0,11,26,2496.0,3.1,0,0,0,0.0,0,0,0,0.2317735094037615,0.6695204081632653,Low,High,1,0,S1,High-Value Loyal,Next Day Air,Bank Transfer,1,0
2829,25,Young Adult (25-34),Female,Accessories,Fall,Tennessee,83.0,33,4,332.0,2.6,0,0,0,0.0,0,0,0,0.2186242496998799,0.694890306122449,Low,High,1,0,S1,High-Value Loyal,Standard,Paypal,0,1
2830,56,Senior (50-70),Female,Accessories,Fall,Arizona,67.0,47,52,3484.0,3.4,0,0,0,0.0,0,0,0,0.6036326530612245,0.7443188775510204,High,High,0,1,S0,General Buyers,Next Day Air,Cash,1,0
2831,63,Senior (50-70),Female,Clothing,Spring,Oregon,90.0,13,4,360.0,2.9,0,0,0,0.0,0,0,0,0.1201752701080432,0.6414744897959184,Low,High,1,0,S1,High-Value Loyal,Store Pickup,Venmo,0,1
2832,34,Young Adult (25-34),Female,Clothing,Winter,Virginia,53.0,4,52,2756.0,5.0,0,0,0,0.0,0,1,1,0.4683673469387755,0.5596811224489796,High,Medium,0,0,S0,General Buyers,Express,Credit Card,1,1
2833,29,Young Adult (25-34),Female,Accessories,Summer,Maryland,37.0,40,4,148.0,4.6,0,0,0,0.0,0,1,1,0.4214813925570227,0.6493545918367347,Medium,High,0,1,S0,General Buyers,Standard,Paypal,0,1
2834,43,Mid-Age (35-49),Female,Clothing,Fall,Arkansas,56.0,19,12,672.0,3.3,0,0,0,0.0,0,0,0,0.228125650260104,0.5473367346938776,Low,Medium,0,0,S0,General Buyers,Free Shipping,Cash,0,0
2835,39,Mid-Age (35-49),Female,Outerwear,Fall,Texas,43.0,17,52,2236.0,2.9,0,0,0,0.0,0,0,0,0.3799591836734693,0.4562576530612245,Medium,Medium,0,0,S0,General Buyers,2-Day Shipping,Credit Card,1,1
2836,33,Young Adult (25-34),Female,Clothing,Winter,Vermont,84.0,7,1,84.0,4.9,0,0,0,0.0,0,1,1,0.228734693877551,0.7046122448979592,Low,High,1,0,S1,High-Value Loyal,Free Shipping,Venmo,0,1
2837,51,Senior (50-70),Female,Clothing,Winter,Wyoming,50.0,21,26,1300.0,5.0,0,0,0,0.0,0,1,1,0.4449979991996798,0.6332908163265306,Medium,High,0,0,S0,General Buyers,2-Day Shipping,Cash,1,0
2838,65,Senior (50-70),Female,Footwear,Summer,Alabama,88.0,44,52,4576.0,4.5,0,0,0,0.0,0,1,1,0.6732653061224491,0.8868877551020408,High,High,1,1,S1,High-Value Loyal,Express,Paypal,1,1
2839,51,Senior (50-70),Female,Outerwear,Fall,Maine,50.0,2,52,2600.0,3.7,0,0,0,0.0,0,0,0,0.3521224489795919,0.4583520408163265,Medium,Medium,0,0,S0,General Buyers,Free Shipping,Bank Transfer,0,0
2840,70,Senior (50-70),Female,Accessories,Summer,South Dakota,80.0,30,12,960.0,2.8,0,0,0,0.0,0,0,0,0.2554725890356142,0.6784591836734694,Low,High,0,0,S0,General Buyers,Store Pickup,Bank Transfer,0,0
2841,40,Mid-Age (35-49),Female,Clothing,Spring,West Virginia,47.0,41,1,47.0,3.5,0,0,0,0.0,0,0,0,0.3248979591836735,0.6322066326530613,Medium,High,0,1,S0,General Buyers,Store Pickup,Cash,0,0
2842,19,Teen (18-24),Female,Clothing,Winter,Ohio,33.0,31,52,1716.0,3.0,0,0,0,0.0,0,0,0,0.4736734693877551,0.4899362244897959,High,Medium,0,0,S0,General Buyers,2-Day Shipping,Cash,1,0
2843,28,Young Adult (25-34),Female,Outerwear,Fall,Arizona,100.0,48,4,400.0,4.3,0,0,0,0.0,0,1,0,0.4464609843937575,0.9477959183673468,Medium,High,1,1,S1,High-Value Loyal,Standard,Debit Card,0,1
2844,51,Senior (50-70),Female,Clothing,Summer,Ohio,26.0,41,52,1352.0,3.6,0,0,0,0.0,0,0,0,0.5828979591836735,0.5463316326530612,High,Medium,0,1,S0,General Buyers,Store Pickup,Venmo,0,1
2845,32,Young Adult (25-34),Female,Accessories,Summer,New Mexico,79.0,42,1,79.0,4.4,0,0,0,0.0,0,1,0,0.4030204081632653,0.8313086734693877,Medium,High,0,1,S0,General Buyers,Standard,Venmo,0,1
2846,26,Young Adult (25-34),Female,Accessories,Summer,South Dakota,77.0,39,4,308.0,4.1,0,0,0,0.0,0,1,0,0.3753589435774309,0.7892525510204081,Medium,High,0,1,S0,General Buyers,Express,Debit Card,1,1
2847,50,Senior (50-70),Female,Clothing,Fall,Oklahoma,36.0,15,26,936.0,2.8,0,0,0,0.0,0,0,0,0.2322633053221288,0.4094285714285713,Low,Low,0,0,S0,General Buyers,Next Day Air,Paypal,1,1
2848,68,Senior (50-70),Female,Accessories,Winter,Connecticut,21.0,3,4,84.0,2.8,0,0,0,0.0,0,0,0,0.0509507803121248,0.282579081632653,Low,Low,0,0,S5,Low-Value Occasional,Free Shipping,Paypal,0,1
2849,33,Young Adult (25-34),Female,Footwear,Fall,Wisconsin,72.0,28,4,288.0,4.9,0,0,0,0.0,0,1,1,0.3720120048019208,0.7592551020408164,Medium,High,0,0,S0,General Buyers,Store Pickup,Bank Transfer,0,0
2850,56,Senior (50-70),Female,Outerwear,Spring,New Hampshire,25.0,27,26,650.0,4.1,0,0,0,0.0,0,1,0,0.4097326930772308,0.5005280612244898,Medium,Medium,0,0,S0,General Buyers,Express,Paypal,1,1
2851,57,Senior (50-70),Female,Clothing,Spring,Nebraska,79.0,36,1,79.0,3.0,0,0,0,0.0,0,0,0,0.2542857142857143,0.7166964285714286,Low,High,0,0,S0,General Buyers,Store Pickup,Debit Card,0,1
2852,58,Senior (50-70),Female,Clothing,Summer,Nevada,73.0,42,12,876.0,3.0,0,0,0,0.0,0,0,0,0.3449419767907163,0.7210586734693878,Medium,High,0,1,S0,General Buyers,Store Pickup,Debit Card,0,1
2853,40,Mid-Age (35-49),Female,Accessories,Spring,New York,71.0,30,52,3692.0,3.0,0,0,0,0.0,0,0,0,0.4675510204081633,0.6510841836734693,High,High,0,0,S0,General Buyers,Store Pickup,Venmo,0,1
2854,37,Mid-Age (35-49),Female,Accessories,Winter,Pennsylvania,48.0,9,52,2496.0,3.2,0,0,0,0.0,0,0,0,0.3549795918367346,0.4553163265306122,Medium,Medium,0,0,S0,General Buyers,Next Day Air,Paypal,1,1
2855,36,Mid-Age (35-49),Female,Footwear,Fall,Delaware,28.0,25,12,336.0,2.7,0,0,0,0.0,0,0,0,0.216860344137655,0.4194489795918367,Low,Low,0,0,S0,General Buyers,Store Pickup,Venmo,0,1
2856,29,Young Adult (25-34),Female,Footwear,Winter,Mississippi,95.0,33,4,380.0,3.8,0,0,0,0.0,0,0,0,0.3146242496998799,0.8193903061224489,Medium,High,1,0,S1,High-Value Loyal,2-Day Shipping,Paypal,1,1
2857,65,Senior (50-70),Female,Outerwear,Winter,Iowa,48.0,31,12,576.0,3.5,0,0,0,0.0,0,0,0,0.3175950380152061,0.5855612244897959,Medium,Medium,0,0,S0,General Buyers,2-Day Shipping,Credit Card,1,1
2858,44,Mid-Age (35-49),Female,Clothing,Spring,Utah,93.0,35,12,1116.0,3.8,0,0,0,0.0,0,0,0,0.3660848339335734,0.8208443877551019,Medium,High,1,0,S1,High-Value Loyal,Next Day Air,Debit Card,1,1
2859,34,Young Adult (25-34),Female,Clothing,Summer,Maryland,87.0,46,12,1044.0,3.8,0,0,0,0.0,0,0,0,0.4334317727090836,0.8507168367346938,Medium,High,1,1,S1,High-Value Loyal,2-Day Shipping,Bank Transfer,1,0
2860,31,Young Adult (25-34),Female,Clothing,Fall,Utah,32.0,29,1,32.0,3.4,0,0,0,0.0,0,0,0,0.2434285714285713,0.4993571428571428,Low,Medium,0,0,S0,General Buyers,Express,Bank Transfer,1,0
2861,28,Young Adult (25-34),Female,Clothing,Spring,Rhode Island,38.0,49,52,1976.0,2.9,0,0,0,0.0,0,0,0,0.5758775510204082,0.5976479591836734,High,Medium,0,1,S0,General Buyers,Next Day Air,Bank Transfer,1,0
2862,66,Senior (50-70),Female,Outerwear,Fall,Maryland,54.0,27,12,648.0,3.4,0,0,0,0.0,0,0,0,0.2851052420968387,0.5854030612244898,Low,Medium,0,0,S0,General Buyers,Free Shipping,Credit Card,0,1
2863,68,Senior (50-70),Female,Outerwear,Summer,Hawaii,75.0,5,4,300.0,4.7,0,0,0,0.0,0,1,1,0.2151956782713085,0.6430331632653061,Low,High,0,0,S0,General Buyers,Store Pickup,Bank Transfer,0,0
2864,37,Mid-Age (35-49),Female,Clothing,Fall,Connecticut,56.0,18,12,672.0,3.9,0,0,0,0.0,0,0,0,0.2700032012805122,0.578234693877551,Low,Medium,0,0,S0,General Buyers,2-Day Shipping,Venmo,1,1
2865,58,Senior (50-70),Female,Clothing,Fall,Illinois,43.0,31,52,2236.0,3.6,0,0,0,0.0,0,0,0,0.5216734693877552,0.569686224489796,High,Medium,0,0,S0,General Buyers,Store Pickup,Venmo,0,1
2866,28,Young Adult (25-34),Female,Clothing,Fall,California,97.0,27,26,2522.0,3.7,0,0,0,0.0,0,0,0,0.3777326930772309,0.7915280612244897,Medium,High,1,0,S1,High-Value Loyal,Free Shipping,Cash,0,0
2867,54,Senior (50-70),Female,Clothing,Summer,Connecticut,75.0,19,1,75.0,3.1,0,0,0,0.0,0,0,0,0.1582040816326531,0.6184617346938776,Low,High,0,0,S0,General Buyers,Free Shipping,Cash,0,0
2868,21,Teen (18-24),Female,Footwear,Summer,Colorado,55.0,33,26,1430.0,4.9,0,0,0,0.0,0,1,1,0.510467386954782,0.7103903061224489,High,High,0,0,S0,General Buyers,Next Day Air,Cash,1,0
2869,45,Mid-Age (35-49),Female,Accessories,Winter,Colorado,49.0,42,4,196.0,2.6,0,0,0,0.0,0,0,0,0.2737262905162065,0.5920586734693878,Low,Medium,0,1,S0,General Buyers,Next Day Air,Paypal,1,1
2870,57,Senior (50-70),Female,Clothing,Summer,Georgia,58.0,16,52,3016.0,4.2,0,0,0,0.0,0,1,0,0.4778367346938775,0.594780612244898,High,Medium,0,0,S0,General Buyers,Standard,Bank Transfer,0,0
2871,47,Mid-Age (35-49),Female,Accessories,Winter,North Dakota,34.0,49,4,136.0,4.8,0,0,0,0.0,0,1,1,0.4925834333733493,0.6941479591836734,High,High,0,1,S0,General Buyers,Free Shipping,Debit Card,0,1
2872,46,Mid-Age (35-49),Female,Clothing,Summer,Idaho,43.0,40,26,1118.0,2.7,0,0,0,0.0,0,0,0,0.3773245298119247,0.5616045918367347,Medium,Medium,0,1,S0,General Buyers,2-Day Shipping,Venmo,1,1
2873,63,Senior (50-70),Female,Accessories,Fall,Connecticut,48.0,5,1,48.0,2.6,0,0,0,0.0,0,0,0,0.0324897959183673,0.3989081632653061,Low,Low,0,0,S0,General Buyers,Next Day Air,Cash,1,0
2874,44,Mid-Age (35-49),Female,Clothing,Spring,Montana,40.0,8,12,480.0,2.6,0,0,0,0.0,0,0,0,0.1047787114845938,0.3792142857142857,Low,Low,0,0,S0,General Buyers,Free Shipping,Bank Transfer,0,0
2875,36,Mid-Age (35-49),Female,Clothing,Summer,Colorado,29.0,2,1,29.0,3.1,0,0,0,0.0,0,0,0,0.0541224489795918,0.3304770408163265,Low,Low,0,0,S5,Low-Value Occasional,Standard,Debit Card,0,1
2876,24,Teen (18-24),Female,Clothing,Fall,Kentucky,81.0,14,52,4212.0,2.6,0,0,0,0.0,0,0,0,0.3375918367346939,0.5892015306122449,Medium,Medium,1,0,S0,General Buyers,Free Shipping,Debit Card,0,1
2877,65,Senior (50-70),Female,Clothing,Spring,New Mexico,84.0,5,26,2184.0,3.4,0,0,0,0.0,0,0,0,0.2190388155262104,0.6044081632653062,Low,High,1,0,S1,High-Value Loyal,2-Day Shipping,Bank Transfer,1,0
2878,32,Young Adult (25-34),Female,Clothing,Summer,New Jersey,46.0,34,12,552.0,3.6,0,0,0,0.0,0,0,0,0.3439623849539816,0.5981173469387755,Medium,Medium,0,0,S0,General Buyers,Standard,Venmo,0,1
2879,63,Senior (50-70),Female,Clothing,Summer,California,86.0,13,1,86.0,4.3,0,0,0,0.0,0,1,0,0.217469387755102,0.7079744897959183,Low,High,1,0,S1,High-Value Loyal,Next Day Air,Bank Transfer,1,0
2880,62,Senior (50-70),Female,Clothing,Winter,North Dakota,57.0,31,1,57.0,4.9,0,0,0,0.0,0,1,1,0.3756734693877551,0.708936224489796,Medium,High,0,0,S0,General Buyers,Free Shipping,Venmo,0,1
2881,19,Teen (18-24),Female,Clothing,Winter,Florida,61.0,43,4,244.0,4.8,0,0,0,0.0,0,1,1,0.4558487394957983,0.7816607142857143,Medium,High,0,1,S0,General Buyers,Store Pickup,Paypal,0,1
2882,38,Mid-Age (35-49),Female,Accessories,Winter,Texas,90.0,6,1,90.0,4.2,0,0,0,0.0,0,1,0,0.1666122448979592,0.6837602040816326,Low,High,1,0,S1,High-Value Loyal,Free Shipping,Bank Transfer,0,0
2883,59,Senior (50-70),Female,Clothing,Winter,Oklahoma,51.0,23,26,1326.0,2.6,0,0,0,0.0,0,0,0,0.2652428971588635,0.5038698979591837,Low,Medium,0,0,S0,General Buyers,Store Pickup,Credit Card,0,1
2884,22,Teen (18-24),Female,Clothing,Spring,Rhode Island,48.0,10,52,2496.0,3.2,0,0,0,0.0,0,0,0,0.3611020408163266,0.4604183673469387,Medium,Medium,0,0,S0,General Buyers,Standard,Paypal,0,1
2885,55,Senior (50-70),Female,Footwear,Summer,Arkansas,50.0,47,4,200.0,3.4,0,0,0,0.0,0,0,0,0.3683385354141656,0.6699438775510205,Medium,High,0,1,S0,General Buyers,2-Day Shipping,Credit Card,1,1
2886,29,Young Adult (25-34),Female,Accessories,Summer,Nevada,82.0,14,26,2132.0,3.5,0,0,0,0.0,0,0,0,0.282140856342537,0.647576530612245,Low,High,1,0,S1,High-Value Loyal,Next Day Air,Credit Card,1,1
2887,42,Mid-Age (35-49),Female,Accessories,Spring,Utah,33.0,29,52,1716.0,4.2,0,0,0,0.0,0,1,0,0.5574285714285714,0.5517321428571429,High,Medium,0,0,S0,General Buyers,Free Shipping,Paypal,0,1
2888,23,Teen (18-24),Female,Footwear,Winter,Kentucky,28.0,12,26,728.0,2.8,0,0,0,0.0,0,0,0,0.2138959583833533,0.3591224489795918,Low,Low,0,0,S5,Low-Value Occasional,Express,Cash,1,0
2889,70,Senior (50-70),Female,Clothing,Spring,Wisconsin,42.0,25,4,168.0,5.0,0,0,0,0.0,0,1,1,0.3616446578631452,0.6186989795918367,Medium,High,0,0,S0,General Buyers,2-Day Shipping,Debit Card,1,1
2890,64,Senior (50-70),Female,Accessories,Fall,Minnesota,43.0,21,1,43.0,3.3,0,0,0,0.0,0,0,0,0.1864489795918367,0.5006658163265306,Low,Medium,0,0,S0,General Buyers,Store Pickup,Venmo,0,1
2891,39,Mid-Age (35-49),Female,Clothing,Winter,North Dakota,55.0,23,12,660.0,3.7,0,0,0,0.0,0,0,0,0.2846154461784714,0.5873698979591837,Low,Medium,0,0,S0,General Buyers,Free Shipping,Credit Card,0,1
2892,47,Mid-Age (35-49),Female,Clothing,Winter,Ohio,73.0,10,12,876.0,2.5,0,0,0,0.0,0,0,0,0.1090236094437775,0.5277933673469388,Low,Medium,0,0,S0,General Buyers,Free Shipping,Paypal,0,1
2893,22,Teen (18-24),Female,Clothing,Spring,Nevada,39.0,47,12,468.0,3.2,0,0,0,0.0,0,0,0,0.3915542216886755,0.6098188775510205,Medium,High,0,1,S0,General Buyers,Standard,Credit Card,0,1
2894,69,Senior (50-70),Female,Accessories,Spring,Kentucky,20.0,44,4,80.0,3.1,0,0,0,0.0,0,0,0,0.3259711884753902,0.5053877551020408,Medium,Medium,0,1,S0,General Buyers,Free Shipping,Debit Card,0,1
2895,35,Mid-Age (35-49),Female,Accessories,Spring,Kentucky,32.0,41,1,32.0,3.5,0,0,0,0.0,0,0,0,0.3248979591836735,0.5665816326530613,Medium,Medium,0,1,S0,General Buyers,Standard,Venmo,0,1
2896,56,Senior (50-70),Female,Clothing,Summer,Montana,86.0,29,12,1032.0,4.6,0,0,0,0.0,0,1,1,0.3933501400560223,0.8076071428571429,Medium,High,1,0,S1,High-Value Loyal,Standard,Bank Transfer,0,0
2897,30,Young Adult (25-34),Female,Clothing,Summer,Delaware,91.0,2,4,364.0,3.3,0,0,0,0.0,0,0,0,0.084828331332533,0.6137270408163266,Low,High,1,0,S1,High-Value Loyal,Free Shipping,Venmo,0,1
2898,43,Mid-Age (35-49),Female,Outerwear,Fall,Montana,59.0,2,26,1534.0,2.5,0,0,0,0.0,0,0,0,0.1286714685874349,0.4257270408163265,Low,Low,0,0,S0,General Buyers,Free Shipping,Cash,0,0
2899,23,Teen (18-24),Female,Footwear,Summer,New Jersey,33.0,29,1,33.0,4.6,0,0,0,0.0,0,1,1,0.3394285714285714,0.5757321428571428,Medium,Medium,0,0,S0,General Buyers,Express,Credit Card,1,1
2900,50,Senior (50-70),Female,Footwear,Spring,Nebraska,64.0,22,26,1664.0,4.2,0,0,0,0.0,0,1,0,0.3871204481792717,0.6516428571428571,Medium,High,0,0,S0,General Buyers,2-Day Shipping,Bank Transfer,1,0
2901,41,Mid-Age (35-49),Female,Clothing,Winter,Maryland,67.0,23,26,1742.0,4.0,0,0,0,0.0,0,1,0,0.3772428971588635,0.6578698979591836,Medium,High,0,0,S0,General Buyers,Standard,Cash,0,0
2902,41,Mid-Age (35-49),Female,Clothing,Winter,Alabama,43.0,46,4,172.0,2.6,0,0,0,0.0,0,0,0,0.2982160864345738,0.5862168367346938,Low,Medium,0,1,S0,General Buyers,Free Shipping,Credit Card,0,1
2903,27,Young Adult (25-34),Female,Footwear,Spring,North Carolina,32.0,19,26,832.0,4.6,0,0,0,0.0,0,1,1,0.4007531012404962,0.5203367346938775,Medium,Medium,0,0,S0,General Buyers,Standard,Paypal,0,1
2904,38,Mid-Age (35-49),Female,Accessories,Spring,Delaware,39.0,24,4,156.0,3.5,0,0,0,0.0,0,0,0,0.2355222088835534,0.5104719387755101,Low,Medium,0,0,S0,General Buyers,2-Day Shipping,Credit Card,1,1
2905,41,Mid-Age (35-49),Female,Footwear,Spring,Iowa,41.0,43,12,492.0,4.0,0,0,0,0.0,0,1,0,0.4310644257703081,0.6461607142857143,Medium,High,0,1,S0,General Buyers,2-Day Shipping,Venmo,1,1
2906,58,Senior (50-70),Female,Accessories,Winter,New York,53.0,14,26,1378.0,4.8,0,0,0,0.0,0,1,1,0.386140856342537,0.5987015306122448,Medium,Medium,0,0,S0,General Buyers,Standard,Debit Card,0,1
2907,58,Senior (50-70),Female,Outerwear,Spring,Virginia,27.0,7,1,27.0,3.9,0,0,0,0.0,0,0,0,0.148734693877551,0.3952372448979592,Low,Low,0,0,S5,Low-Value Occasional,Standard,Venmo,0,1
2908,19,Teen (18-24),Female,Accessories,Summer,Maryland,82.0,50,26,2132.0,3.7,0,0,0,0.0,0,0,0,0.5185490196078432,0.84325,High,High,1,1,S1,High-Value Loyal,Next Day Air,Paypal,1,1
2909,43,Mid-Age (35-49),Female,Clothing,Winter,Texas,87.0,15,4,348.0,3.1,0,0,0,0.0,0,0,0,0.1484201680672269,0.6505535714285714,Low,High,1,0,S1,High-Value Loyal,Store Pickup,Debit Card,0,1
2910,27,Young Adult (25-34),Female,Accessories,Winter,Louisiana,78.0,40,4,312.0,3.0,0,0,0,0.0,0,0,0,0.2934813925570227,0.7327295918367347,Low,High,0,1,S0,General Buyers,Next Day Air,Credit Card,1,1
2911,32,Young Adult (25-34),Female,Accessories,Summer,Mississippi,32.0,41,12,384.0,2.9,0,0,0,0.0,0,0,0,0.3308195278111244,0.5305816326530612,Medium,Medium,0,1,S0,General Buyers,Store Pickup,Credit Card,0,1
2912,28,Young Adult (25-34),Female,Clothing,Fall,Ohio,38.0,34,4,152.0,2.9,0,0,0,0.0,0,0,0,0.2487466986794717,0.5211173469387755,Low,Medium,0,0,S0,General Buyers,Next Day Air,Venmo,1,1
2913,48,Mid-Age (35-49),Female,Footwear,Winter,Oregon,37.0,27,26,962.0,4.0,0,0,0,0.0,0,1,0,0.4017326930772308,0.5470280612244898,Medium,Medium,0,0,S0,General Buyers,Standard,Cash,0,0
2914,43,Mid-Age (35-49),Female,Outerwear,Winter,Wyoming,83.0,12,4,332.0,3.5,0,0,0,0.0,0,0,0,0.1620528211284514,0.6417474489795918,Low,High,1,0,S1,High-Value Loyal,Express,Cash,1,0
2915,45,Mid-Age (35-49),Female,Clothing,Fall,Pennsylvania,72.0,1,26,1872.0,3.8,0,0,0,0.0,0,0,0,0.2265490196078431,0.5555,Low,Medium,0,0,S0,General Buyers,Express,Debit Card,1,1
2916,26,Young Adult (25-34),Female,Clothing,Fall,Oregon,30.0,39,26,780.0,4.5,0,0,0,0.0,0,1,1,0.515202080832333,0.6076275510204081,High,High,0,1,S0,General Buyers,Express,Debit Card,1,1
2917,62,Senior (50-70),Female,Clothing,Winter,Oklahoma,66.0,13,26,1716.0,2.7,0,0,0,0.0,0,0,0,0.2120184073629452,0.5244744897959184,Low,Medium,0,0,S0,General Buyers,Express,Credit Card,1,1
2918,58,Senior (50-70),Female,Clothing,Winter,Colorado,45.0,50,1,45.0,2.9,0,0,0,0.0,0,0,0,0.3319999999999999,0.633375,Medium,High,0,1,S0,General Buyers,Store Pickup,Venmo,0,1
2919,19,Teen (18-24),Female,Accessories,Fall,New York,73.0,36,52,3796.0,4.9,0,0,0,0.0,0,1,1,0.6562857142857144,0.8044464285714286,High,High,0,0,S0,General Buyers,Free Shipping,Cash,0,0
2920,64,Senior (50-70),Female,Footwear,Winter,Minnesota,67.0,31,12,804.0,3.8,0,0,0,0.0,0,0,0,0.3415950380152061,0.6866862244897959,Medium,High,0,0,S0,General Buyers,Standard,Debit Card,0,1
2921,33,Young Adult (25-34),Female,Accessories,Spring,Texas,72.0,3,26,1872.0,4.9,0,0,0,0.0,0,1,1,0.3267939175670268,0.6317040816326531,Medium,High,0,0,S0,General Buyers,Free Shipping,Debit Card,0,1
2922,20,Teen (18-24),Female,Accessories,Fall,Wisconsin,24.0,11,26,624.0,4.6,0,0,0,0.0,0,1,1,0.3517735094037615,0.4445204081632653,Medium,Medium,0,0,S5,Low-Value Occasional,Standard,Cash,0,0
2923,45,Mid-Age (35-49),Female,Accessories,Winter,Kentucky,68.0,16,4,272.0,3.5,0,0,0,0.0,0,0,0,0.1865426170468187,0.5965306122448979,Low,Medium,0,0,S0,General Buyers,Express,Paypal,1,1
2924,28,Young Adult (25-34),Female,Clothing,Spring,Pennsylvania,70.0,12,4,280.0,4.2,0,0,0,0.0,0,1,0,0.2180528211284514,0.6268724489795918,Low,High,0,0,S0,General Buyers,2-Day Shipping,Cash,1,0
2925,47,Mid-Age (35-49),Female,Clothing,Winter,Rhode Island,64.0,37,4,256.0,3.7,0,0,0,0.0,0,0,0,0.3311140456182473,0.698173469387755,Medium,High,0,0,S0,General Buyers,Free Shipping,Debit Card,0,1
2926,54,Senior (50-70),Female,Clothing,Spring,Illinois,91.0,43,4,364.0,2.8,0,0,0,0.0,0,0,0,0.2958487394957982,0.7929107142857142,Low,High,1,1,S1,High-Value Loyal,Store Pickup,Credit Card,0,1
2927,64,Senior (50-70),Female,Accessories,Winter,Maryland,82.0,9,52,4264.0,4.8,0,0,0,0.0,0,1,1,0.4829795918367346,0.7000663265306123,High,High,1,0,S1,High-Value Loyal,2-Day Shipping,Cash,1,0
2928,45,Mid-Age (35-49),Female,Clothing,Summer,Missouri,24.0,15,26,624.0,2.7,0,0,0,0.0,0,0,0,0.2242633053221288,0.3509285714285714,Low,Low,0,0,S0,General Buyers,Express,Venmo,1,1
2929,40,Mid-Age (35-49),Female,Accessories,Spring,Alabama,80.0,17,52,4160.0,3.6,0,0,0,0.0,0,0,0,0.4359591836734694,0.6601326530612244,Medium,High,0,0,S0,General Buyers,Store Pickup,Credit Card,0,1
2930,31,Young Adult (25-34),Female,Clothing,Winter,Maine,53.0,42,26,1378.0,4.5,0,0,0,0.0,0,1,1,0.5335694277711085,0.7235586734693877,High,High,0,1,S0,General Buyers,Next Day Air,Venmo,1,1
2931,38,Mid-Age (35-49),Female,Clothing,Spring,Mississippi,50.0,14,12,600.0,4.0,0,0,0,0.0,0,1,0,0.2535134053621448,0.5375765306122449,Low,Medium,0,0,S0,General Buyers,Free Shipping,Venmo,0,1
2932,36,Mid-Age (35-49),Female,Accessories,Fall,Alabama,31.0,49,26,806.0,4.5,0,0,0,0.0,0,1,1,0.5764265706282513,0.6630229591836735,High,High,0,1,S0,General Buyers,2-Day Shipping,Credit Card,1,1
2933,65,Senior (50-70),Female,Accessories,Spring,Alaska,88.0,3,4,352.0,3.9,0,0,0,0.0,0,0,0,0.1389507803121248,0.641704081632653,Low,High,1,0,S1,High-Value Loyal,Express,Paypal,1,1
2934,27,Young Adult (25-34),Female,Accessories,Summer,Illinois,52.0,28,12,624.0,3.8,0,0,0,0.0,0,0,0,0.3232276910764305,0.6057551020408163,Medium,High,0,0,S0,General Buyers,Standard,Venmo,0,1
2935,38,Mid-Age (35-49),Female,Accessories,Fall,Idaho,22.0,41,4,88.0,4.7,0,0,0,0.0,0,1,1,0.4356038415366147,0.5948316326530613,Medium,Medium,0,1,S0,General Buyers,Next Day Air,Bank Transfer,1,0
2936,58,Senior (50-70),Female,Footwear,Spring,North Carolina,27.0,11,52,1404.0,4.6,0,0,0,0.0,0,1,1,0.4792244897959183,0.4576454081632652,High,Medium,0,0,S5,Low-Value Occasional,Standard,Venmo,0,1
2937,31,Young Adult (25-34),Female,Clothing,Spring,Washington,34.0,46,52,1768.0,3.6,0,0,0,0.0,0,0,0,0.6135102040816327,0.6068418367346939,High,High,0,1,S0,General Buyers,Express,Paypal,1,1
2938,28,Young Adult (25-34),Female,Accessories,Spring,West Virginia,39.0,15,52,2028.0,4.3,0,0,0,0.0,0,1,0,0.4797142857142856,0.5125535714285714,High,Medium,0,0,S0,General Buyers,2-Day Shipping,Credit Card,1,1
2939,28,Young Adult (25-34),Female,Accessories,Fall,Maine,53.0,15,12,636.0,3.0,0,0,0,0.0,0,0,0,0.1796358543417367,0.4958035714285714,Low,Medium,0,0,S0,General Buyers,Standard,Cash,0,0
2940,32,Young Adult (25-34),Female,Clothing,Winter,Kentucky,46.0,34,52,2392.0,4.3,0,0,0,0.0,0,1,0,0.5960408163265306,0.6401173469387754,High,High,0,0,S0,General Buyers,Express,Venmo,1,1
2941,61,Senior (50-70),Female,Accessories,Summer,Massachusetts,85.0,13,12,1020.0,4.8,0,0,0,0.0,0,1,1,0.311390956382553,0.7335994897959184,Medium,High,1,0,S1,High-Value Loyal,Next Day Air,Cash,1,0
2942,38,Mid-Age (35-49),Female,Clothing,Spring,Pennsylvania,86.0,27,12,1032.0,3.7,0,0,0,0.0,0,0,0,0.3091052420968387,0.7434030612244897,Medium,High,1,0,S1,High-Value Loyal,Free Shipping,Paypal,0,1
2943,54,Senior (50-70),Female,Clothing,Summer,Hawaii,63.0,37,52,3276.0,2.6,0,0,0,0.0,0,0,0,0.4784081632653061,0.6277984693877551,High,High,0,0,S0,General Buyers,Free Shipping,Bank Transfer,0,0
2944,29,Young Adult (25-34),Female,Clothing,Spring,Virginia,44.0,37,12,528.0,3.4,0,0,0,0.0,0,0,0,0.3463297318927571,0.5926734693877551,Medium,Medium,0,0,S0,General Buyers,Standard,Credit Card,0,1
2945,50,Senior (50-70),Female,Footwear,Summer,New York,95.0,4,4,380.0,3.9,0,0,0,0.0,0,0,0,0.1450732292917166,0.6774311224489796,Low,High,1,0,S1,High-Value Loyal,Free Shipping,Venmo,0,1
2946,32,Young Adult (25-34),Female,Accessories,Summer,Delaware,49.0,1,4,196.0,4.8,0,0,0,0.0,0,1,1,0.1987058823529411,0.514875,Low,Medium,0,0,S0,General Buyers,Free Shipping,Credit Card,0,1
2947,38,Mid-Age (35-49),Female,Clothing,Spring,Hawaii,77.0,29,4,308.0,2.8,0,0,0,0.0,0,0,0,0.2101344537815125,0.6602321428571428,Low,High,0,0,S0,General Buyers,Free Shipping,Bank Transfer,0,0
2948,52,Senior (50-70),Female,Accessories,Spring,Nebraska,63.0,50,1,63.0,4.4,0,0,0,0.0,0,1,0,0.452,0.802125,Medium,High,0,1,S0,General Buyers,Standard,Venmo,0,1
2949,61,Senior (50-70),Female,Clothing,Winter,Vermont,83.0,38,26,2158.0,3.1,0,0,0,0.0,0,0,0,0.3970796318527411,0.7504005102040816,Medium,High,1,1,S1,High-Value Loyal,Standard,Debit Card,0,1
2950,25,Young Adult (25-34),Female,Accessories,Spring,Iowa,93.0,15,1,93.0,3.8,0,0,0,0.0,0,0,0,0.1897142857142856,0.7188035714285713,Low,High,1,0,S1,High-Value Loyal,Store Pickup,Paypal,0,1
2951,22,Teen (18-24),Female,Clothing,Winter,Iowa,91.0,44,4,364.0,4.1,0,0,0,0.0,0,1,0,0.4059711884753901,0.8760127551020408,Medium,High,1,1,S1,High-Value Loyal,2-Day Shipping,Debit Card,1,1
2952,47,Mid-Age (35-49),Female,Accessories,Fall,Arkansas,99.0,14,52,5148.0,4.6,0,0,0,0.0,0,1,1,0.4975918367346938,0.787951530612245,High,High,1,0,S1,High-Value Loyal,Free Shipping,Cash,0,0
2953,50,Senior (50-70),Female,Accessories,Spring,Alabama,24.0,5,12,288.0,4.9,0,0,0,0.0,0,1,1,0.2704113645458184,0.4319081632653061,Low,Medium,0,0,S5,Low-Value Occasional,Next Day Air,Debit Card,1,1
2954,45,Mid-Age (35-49),Female,Clothing,Summer,Maryland,82.0,11,1,82.0,4.8,0,0,0,0.0,0,1,1,0.2452244897959183,0.7102704081632653,Low,High,1,0,S1,High-Value Loyal,Next Day Air,Credit Card,1,1
2955,33,Young Adult (25-34),Female,Clothing,Winter,South Dakota,28.0,15,1,28.0,3.9,0,0,0,0.0,0,0,0,0.1977142857142856,0.4404285714285714,Low,Medium,0,0,S0,General Buyers,Express,Credit Card,1,1
2956,42,Mid-Age (35-49),Female,Footwear,Winter,Vermont,67.0,46,1,67.0,2.6,0,0,0,0.0,0,0,0,0.2835102040816326,0.6912168367346939,Low,High,0,1,S0,General Buyers,Free Shipping,Credit Card,0,1
2957,52,Senior (50-70),Female,Clothing,Fall,Montana,88.0,30,12,1056.0,3.7,0,0,0,0.0,0,0,0,0.3274725890356142,0.7674591836734694,Medium,High,1,0,S1,High-Value Loyal,Standard,Venmo,0,1
2958,69,Senior (50-70),Female,Accessories,Fall,South Dakota,70.0,2,1,70.0,4.7,0,0,0,0.0,0,1,1,0.1821224489795918,0.6058520408163266,Low,High,0,0,S0,General Buyers,Standard,Cash,0,0
2959,55,Senior (50-70),Female,Clothing,Summer,Ohio,100.0,28,12,1200.0,4.5,0,0,0,0.0,0,1,1,0.3792276910764306,0.8577551020408163,Medium,High,1,0,S1,High-Value Loyal,Standard,Paypal,0,1
2960,38,Mid-Age (35-49),Female,Accessories,Summer,Texas,28.0,9,4,112.0,4.7,0,0,0,0.0,0,1,1,0.2396854741896759,0.4578163265306122,Low,Medium,0,0,S5,Low-Value Occasional,Free Shipping,Paypal,0,1
2961,57,Senior (50-70),Female,Outerwear,Spring,Indiana,48.0,47,52,2496.0,3.6,0,0,0,0.0,0,0,0,0.6196326530612246,0.6731938775510204,High,High,0,1,S0,General Buyers,Standard,Credit Card,0,1
2962,33,Young Adult (25-34),Female,Clothing,Fall,New Hampshire,43.0,21,26,1118.0,2.8,0,0,0,0.0,0,0,0,0.2689979991996798,0.4706658163265306,Low,Medium,0,0,S0,General Buyers,Free Shipping,Debit Card,0,1
2963,57,Senior (50-70),Female,Clothing,Fall,California,40.0,42,4,160.0,4.0,0,0,0,0.0,0,1,0,0.3857262905162065,0.6366836734693877,Medium,High,0,1,S0,General Buyers,Express,Credit Card,1,1
2964,52,Senior (50-70),Female,Footwear,Spring,Maine,97.0,28,52,5044.0,3.6,0,0,0,0.0,0,0,0,0.5033061224489797,0.7906301020408164,High,High,1,0,S1,High-Value Loyal,Free Shipping,Credit Card,0,1
2965,44,Mid-Age (35-49),Female,Outerwear,Fall,Ohio,25.0,13,26,650.0,3.8,0,0,0,0.0,0,0,0,0.3000184073629451,0.4110994897959183,Low,Low,0,0,S5,Low-Value Occasional,2-Day Shipping,Venmo,1,1
2966,48,Mid-Age (35-49),Female,Accessories,Summer,Delaware,45.0,25,26,1170.0,4.4,0,0,0,0.0,0,1,0,0.4214877951180472,0.5958239795918367,Medium,Medium,0,0,S0,General Buyers,Standard,Paypal,0,1
2967,52,Senior (50-70),Female,Footwear,Fall,Oklahoma,49.0,38,4,196.0,2.8,0,0,0,0.0,0,0,0,0.2652364945978391,0.5836505102040817,Low,Medium,0,1,S0,General Buyers,Store Pickup,Debit Card,0,1
2968,34,Young Adult (25-34),Female,Footwear,Summer,Indiana,36.0,40,1,36.0,3.4,0,0,0,0.0,0,0,0,0.3107755102040816,0.5729795918367347,Medium,Medium,0,1,S0,General Buyers,Free Shipping,Venmo,0,1
2969,26,Young Adult (25-34),Female,Clothing,Fall,South Carolina,48.0,25,4,192.0,4.9,0,0,0,0.0,0,1,1,0.3536446578631453,0.6389489795918367,Medium,High,0,0,S0,General Buyers,Express,Cash,1,0
2970,36,Mid-Age (35-49),Female,Accessories,Fall,Vermont,62.0,20,4,248.0,4.3,0,0,0,0.0,0,1,0,0.275032412965186,0.6386887755102041,Low,High,0,0,S0,General Buyers,Next Day Air,Cash,1,0
2971,24,Teen (18-24),Female,Accessories,Winter,Kansas,74.0,44,26,1924.0,3.4,0,0,0,0.0,0,0,0,0.4578143257302921,0.7596377551020408,High,High,0,1,S0,General Buyers,Free Shipping,Credit Card,0,1
2972,30,Young Adult (25-34),Female,Accessories,Fall,Utah,100.0,9,4,400.0,3.9,0,0,0,0.0,0,0,0,0.1756854741896758,0.7248163265306121,Low,High,1,0,S1,High-Value Loyal,Next Day Air,Paypal,1,1
2973,31,Young Adult (25-34),Female,Outerwear,Fall,New York,39.0,11,4,156.0,4.2,0,0,0,0.0,0,1,0,0.2119303721488595,0.4861454081632653,Low,Medium,0,0,S5,Low-Value Occasional,Free Shipping,Venmo,0,1
2974,25,Young Adult (25-34),Female,Footwear,Summer,Indiana,65.0,3,26,1690.0,2.7,0,0,0,0.0,0,0,0,0.1507939175670268,0.4690790816326531,Low,Medium,0,0,S0,General Buyers,Store Pickup,Bank Transfer,0,0
2975,57,Senior (50-70),Female,Footwear,Summer,Tennessee,99.0,34,52,5148.0,4.1,0,0,0,0.0,0,1,0,0.5800408163265306,0.8599923469387755,High,High,1,0,S1,High-Value Loyal,Store Pickup,Credit Card,0,1
2976,61,Senior (50-70),Female,Accessories,Winter,Georgia,68.0,48,4,272.0,4.5,0,0,0,0.0,0,1,1,0.4624609843937575,0.8197959183673469,High,High,0,1,S0,General Buyers,2-Day Shipping,Cash,1,0
2977,30,Young Adult (25-34),Female,Outerwear,Summer,Nebraska,97.0,28,26,2522.0,2.8,0,0,0,0.0,0,0,0,0.3118551420568227,0.7426301020408164,Medium,High,1,0,S1,High-Value Loyal,Express,Cash,1,0
2978,38,Mid-Age (35-49),Female,Clothing,Winter,Washington,47.0,20,1,47.0,3.4,0,0,0,0.0,0,0,0,0.1883265306122448,0.5190637755102041,Low,Medium,0,0,S0,General Buyers,Standard,Venmo,0,1
2979,53,Senior (50-70),Female,Clothing,Spring,Idaho,56.0,49,26,1456.0,3.9,0,0,0,0.0,0,0,0,0.5284265706282513,0.7363979591836735,High,High,0,1,S0,General Buyers,Free Shipping,Bank Transfer,0,0
2980,31,Young Adult (25-34),Female,Clothing,Fall,Louisiana,91.0,14,52,4732.0,2.6,0,0,0,0.0,0,0,0,0.3375918367346939,0.6329515306122449,Medium,High,1,0,S1,High-Value Loyal,Next Day Air,Paypal,1,1
2981,70,Senior (50-70),Female,Accessories,Fall,New Jersey,93.0,9,12,1116.0,4.4,0,0,0,0.0,0,1,0,0.2549011604641857,0.7241913265306122,Low,High,1,0,S1,High-Value Loyal,2-Day Shipping,Bank Transfer,1,0
2982,21,Teen (18-24),Female,Clothing,Winter,Delaware,36.0,37,1,36.0,4.9,0,0,0,0.0,0,1,1,0.4124081632653061,0.6476734693877552,Medium,High,0,0,S0,General Buyers,Standard,Venmo,0,1
2983,33,Young Adult (25-34),Female,Clothing,Summer,Wisconsin,45.0,4,52,2340.0,3.6,0,0,0,0.0,0,0,0,0.3563673469387755,0.4406811224489796,Medium,Medium,0,0,S0,General Buyers,Store Pickup,Credit Card,0,1
2984,60,Senior (50-70),Female,Clothing,Winter,West Virginia,44.0,1,4,176.0,2.8,0,0,0,0.0,0,0,0,0.0387058823529411,0.373,Low,Low,0,0,S0,General Buyers,2-Day Shipping,Credit Card,1,1
2985,45,Mid-Age (35-49),Female,Accessories,Spring,Texas,32.0,36,26,832.0,4.3,0,0,0,0.0,0,1,0,0.4808347338935573,0.5890714285714286,High,Medium,0,0,S0,General Buyers,2-Day Shipping,Debit Card,1,1
2986,46,Mid-Age (35-49),Female,Accessories,Summer,Hawaii,36.0,21,26,936.0,3.0,0,0,0,0.0,0,0,0,0.2849979991996798,0.4520408163265306,Low,Medium,0,0,S0,General Buyers,Express,Cash,1,0
2987,62,Senior (50-70),Female,Accessories,Summer,Arizona,85.0,16,12,1020.0,3.3,0,0,0,0.0,0,0,0,0.2097583033213285,0.658905612244898,Low,High,1,0,S1,High-Value Loyal,2-Day Shipping,Credit Card,1,1
2988,63,Senior (50-70),Female,Clothing,Winter,Louisiana,36.0,42,12,432.0,2.5,0,0,0,0.0,0,0,0,0.3049419767907163,0.5291836734693878,Medium,Medium,0,1,S0,General Buyers,Store Pickup,Cash,0,0
2989,69,Senior (50-70),Female,Clothing,Spring,Nevada,55.0,31,12,660.0,5.0,0,0,0,0.0,0,1,1,0.4375950380152061,0.706186224489796,Medium,High,0,0,S0,General Buyers,2-Day Shipping,Debit Card,1,1
2990,46,Mid-Age (35-49),Female,Accessories,Summer,Rhode Island,20.0,6,52,1040.0,4.3,0,0,0,0.0,0,1,0,0.4246122448979591,0.3835102040816326,Medium,Low,0,0,S5,Low-Value Occasional,2-Day Shipping,Credit Card,1,1
2991,69,Senior (50-70),Female,Clothing,Fall,Illinois,91.0,24,12,1092.0,4.2,0,0,0,0.0,0,1,0,0.3307378951580632,0.7799719387755102,Medium,High,1,0,S1,High-Value Loyal,Free Shipping,Venmo,0,1
2992,66,Senior (50-70),Female,Clothing,Summer,Utah,71.0,7,26,1846.0,3.9,0,0,0,0.0,0,0,0,0.2712837134853941,0.5877372448979591,Low,Medium,0,0,S0,General Buyers,Standard,Paypal,0,1
2993,41,Mid-Age (35-49),Female,Clothing,Spring,North Dakota,64.0,25,52,3328.0,3.9,0,0,0,0.0,0,0,0,0.5089387755102041,0.6489489795918367,High,High,0,0,S0,General Buyers,Store Pickup,Venmo,0,1
2994,32,Young Adult (25-34),Female,Outerwear,Spring,Kansas,21.0,18,26,546.0,4.2,0,0,0,0.0,0,1,0,0.3626306522609043,0.443109693877551,Medium,Medium,0,0,S0,General Buyers,Free Shipping,Cash,0,0
2995,69,Senior (50-70),Female,Clothing,Winter,Nevada,100.0,14,4,400.0,3.5,0,0,0,0.0,0,0,0,0.174297719087635,0.7263265306122448,Low,High,1,0,S1,High-Value Loyal,Store Pickup,Bank Transfer,0,0
2996,29,Young Adult (25-34),Female,Clothing,Summer,Virginia,96.0,42,26,2496.0,2.5,0,0,0,0.0,0,0,0,0.3735694277711084,0.7916836734693877,Medium,High,1,1,S1,High-Value Loyal,Standard,Debit Card,0,1
2997,70,Senior (50-70),Female,Accessories,Spring,Utah,91.0,6,4,364.0,2.9,0,0,0,0.0,0,0,0,0.0773181272509003,0.6101352040816327,Low,High,1,0,S1,High-Value Loyal,Express,Venmo,1,1
2998,41,Mid-Age (35-49),Female,Clothing,Spring,Idaho,40.0,14,4,160.0,2.7,0,0,0,0.0,0,0,0,0.110297719087635,0.4158265306122449,Low,Low,0,0,S0,General Buyers,Next Day Air,Venmo,1,1
2999,31,Young Adult (25-34),Female,Clothing,Summer,Alaska,53.0,30,4,212.0,4.7,0,0,0,0.0,0,1,1,0.3682569027611044,0.6743341836734694,Medium,High,0,0,S0,General Buyers,Express,Debit Card,1,1
3000,31,Young Adult (25-34),Female,Accessories,Winter,New Hampshire,48.0,10,12,576.0,3.8,0,0,0,0.0,0,0,0,0.2130236094437775,0.4964183673469388,Low,Medium,0,0,S0,General Buyers,Standard,Cash,0,0
3001,57,Senior (50-70),Female,Footwear,Winter,Ohio,70.0,7,52,3640.0,3.7,0,0,0,0.0,0,0,0,0.382734693877551,0.5713622448979592,Medium,Medium,0,0,S0,General Buyers,Express,Paypal,1,1
3002,29,Young Adult (25-34),Female,Outerwear,Summer,Montana,29.0,28,4,116.0,4.7,0,0,0,0.0,0,1,1,0.3560120048019208,0.5591301020408164,Medium,Medium,0,0,S0,General Buyers,Express,Credit Card,1,1
3003,70,Senior (50-70),Female,Accessories,Fall,Louisiana,29.0,19,4,116.0,3.6,0,0,0,0.0,0,0,0,0.2129099639855942,0.4472117346938776,Low,Medium,0,0,S0,General Buyers,Next Day Air,Bank Transfer,1,0
3004,51,Senior (50-70),Female,Clothing,Fall,Oregon,53.0,13,4,212.0,2.8,0,0,0,0.0,0,0,0,0.1121752701080432,0.4735994897959183,Low,Medium,0,0,S0,General Buyers,Express,Credit Card,1,1
3005,45,Mid-Age (35-49),Female,Clothing,Winter,Arizona,79.0,23,26,2054.0,3.7,0,0,0,0.0,0,0,0,0.3532428971588636,0.6923698979591837,Medium,High,0,0,S0,General Buyers,Store Pickup,Venmo,0,1
3006,18,Teen (18-24),Female,Clothing,Spring,Alaska,65.0,5,52,3380.0,3.5,0,0,0,0.0,0,0,0,0.3544897959183674,0.5272831632653061,Medium,Medium,0,0,S0,General Buyers,Express,Venmo,1,1
3007,37,Mid-Age (35-49),Female,Clothing,Summer,Utah,99.0,17,26,2574.0,3.7,0,0,0,0.0,0,0,0,0.3165082032813126,0.7492576530612245,Medium,High,1,0,S1,High-Value Loyal,Store Pickup,Venmo,0,1
3008,23,Teen (18-24),Female,Accessories,Winter,New York,60.0,31,52,3120.0,3.0,0,0,0,0.0,0,0,0,0.4736734693877551,0.6080612244897959,High,High,0,0,S0,General Buyers,Next Day Air,Venmo,1,1
3009,39,Mid-Age (35-49),Female,Footwear,Winter,New Mexico,86.0,19,52,4472.0,4.9,0,0,0,0.0,0,1,1,0.5522040816326531,0.7745867346938775,High,High,1,0,S1,High-Value Loyal,Free Shipping,Paypal,0,1
3010,62,Senior (50-70),Female,Accessories,Winter,Louisiana,73.0,8,26,1898.0,4.6,0,0,0,0.0,0,1,1,0.333406162464986,0.6435892857142856,Medium,High,0,0,S0,General Buyers,Free Shipping,Venmo,0,1
3011,70,Senior (50-70),Female,Accessories,Winter,Ohio,45.0,15,1,45.0,3.3,0,0,0,0.0,0,0,0,0.1497142857142857,0.4788035714285714,Low,Medium,0,0,S0,General Buyers,Free Shipping,Credit Card,0,1
3012,20,Teen (18-24),Female,Accessories,Summer,Nevada,70.0,18,4,280.0,3.0,0,0,0,0.0,0,0,0,0.1587875150060024,0.5854846938775511,Low,Medium,0,0,S0,General Buyers,Next Day Air,Credit Card,1,1
3013,42,Mid-Age (35-49),Female,Accessories,Fall,Idaho,65.0,16,1,65.0,3.5,0,0,0,0.0,0,0,0,0.1718367346938775,0.5834056122448981,Low,Medium,0,0,S0,General Buyers,Standard,Paypal,0,1
3014,41,Mid-Age (35-49),Female,Clothing,Summer,Arizona,55.0,13,12,660.0,4.2,0,0,0,0.0,0,1,0,0.263390956382553,0.5663494897959184,Low,Medium,0,0,S0,General Buyers,Store Pickup,Cash,0,0
3015,24,Teen (18-24),Female,Clothing,Spring,Utah,65.0,38,4,260.0,4.5,0,0,0,0.0,0,1,1,0.4012364945978391,0.7556505102040816,Medium,High,0,1,S0,General Buyers,Express,Paypal,1,1
3016,37,Mid-Age (35-49),Female,Accessories,Spring,Wyoming,21.0,27,26,546.0,2.8,0,0,0,0.0,0,0,0,0.3057326930772308,0.4050280612244897,Medium,Low,0,0,S0,General Buyers,Express,Bank Transfer,1,0
3017,30,Young Adult (25-34),Female,Clothing,Summer,Indiana,26.0,31,4,104.0,4.9,0,0,0,0.0,0,1,1,0.3903793517406964,0.573311224489796,Medium,Medium,0,0,S0,General Buyers,Store Pickup,Bank Transfer,0,0
3018,58,Senior (50-70),Female,Accessories,Summer,Wisconsin,71.0,24,26,1846.0,3.3,0,0,0,0.0,0,0,0,0.3273653461384553,0.6384719387755102,Medium,High,0,0,S0,General Buyers,Next Day Air,Cash,1,0
3019,43,Mid-Age (35-49),Female,Footwear,Summer,Texas,41.0,21,26,1066.0,3.0,0,0,0,0.0,0,0,0,0.2849979991996798,0.4739158163265305,Low,Medium,0,0,S0,General Buyers,Free Shipping,Debit Card,0,1
3020,19,Teen (18-24),Female,Outerwear,Winter,Utah,44.0,15,1,44.0,3.9,0,0,0,0.0,0,0,0,0.1977142857142856,0.5104285714285715,Low,Medium,0,0,S0,General Buyers,2-Day Shipping,Paypal,1,1
3021,23,Teen (18-24),Female,Clothing,Fall,Arkansas,81.0,48,4,324.0,2.8,0,0,0,0.0,0,0,0,0.3264609843937574,0.7746709183673469,Medium,High,1,1,S1,High-Value Loyal,Store Pickup,Venmo,0,1
3022,65,Senior (50-70),Female,Accessories,Summer,Pennsylvania,77.0,47,4,308.0,4.5,0,0,0,0.0,0,1,1,0.4563385354141657,0.8540688775510205,Medium,High,0,1,S0,General Buyers,2-Day Shipping,Cash,1,0
3023,58,Senior (50-70),Female,Footwear,Fall,Georgia,26.0,23,52,1352.0,4.0,0,0,0,0.0,0,1,0,0.5046938775510204,0.4784948979591836,High,Medium,0,0,S0,General Buyers,Free Shipping,Paypal,0,1
3024,50,Senior (50-70),Female,Accessories,Summer,Indiana,31.0,4,4,124.0,2.9,0,0,0,0.0,0,0,0,0.0650732292917166,0.3374311224489796,Low,Low,0,0,S5,Low-Value Occasional,Express,Paypal,1,1
3025,67,Senior (50-70),Female,Clothing,Spring,Idaho,82.0,47,4,328.0,4.0,0,0,0,0.0,0,1,0,0.4163385354141656,0.8459438775510204,Medium,High,1,1,S1,High-Value Loyal,Free Shipping,Credit Card,0,1
3026,40,Mid-Age (35-49),Female,Footwear,Summer,Montana,60.0,7,12,720.0,3.4,0,0,0,0.0,0,0,0,0.1626562625050019,0.5096122448979592,Low,Medium,0,0,S0,General Buyers,Store Pickup,Paypal,0,1
3027,55,Senior (50-70),Female,Clothing,Fall,Tennessee,70.0,6,1,70.0,2.5,0,0,0,0.0,0,0,0,0.0306122448979591,0.4942602040816326,Low,Medium,0,0,S0,General Buyers,Free Shipping,Credit Card,0,1
3028,52,Senior (50-70),Female,Clothing,Winter,West Virginia,26.0,47,4,104.0,2.8,0,0,0,0.0,0,0,0,0.3203385354141656,0.5289438775510205,Medium,Medium,0,1,S0,General Buyers,2-Day Shipping,Credit Card,1,1
3029,62,Senior (50-70),Female,Clothing,Summer,California,100.0,7,4,400.0,3.0,0,0,0,0.0,0,0,0,0.0914405762304922,0.6606122448979592,Low,High,1,0,S1,High-Value Loyal,Free Shipping,Paypal,0,1
3030,64,Senior (50-70),Female,Clothing,Summer,Georgia,82.0,1,4,328.0,3.1,0,0,0,0.0,0,0,0,0.0627058823529412,0.55725,Low,Medium,1,0,S0,General Buyers,Free Shipping,Debit Card,0,1
3031,43,Mid-Age (35-49),Female,Footwear,Spring,Maryland,24.0,23,52,1248.0,2.6,0,0,0,0.0,0,0,0,0.3926938775510204,0.3857448979591836,Medium,Low,0,0,S0,General Buyers,2-Day Shipping,Credit Card,1,1
3032,61,Senior (50-70),Female,Clothing,Summer,Idaho,74.0,30,12,888.0,4.9,0,0,0,0.0,0,1,1,0.4234725890356143,0.7782091836734694,Medium,High,0,0,S0,General Buyers,2-Day Shipping,Credit Card,1,1
3033,26,Young Adult (25-34),Female,Accessories,Summer,California,58.0,24,4,232.0,3.5,0,0,0,0.0,0,0,0,0.2355222088835534,0.5935969387755102,Low,Medium,0,0,S0,General Buyers,Next Day Air,Credit Card,1,1
3034,22,Teen (18-24),Female,Clothing,Spring,Alabama,56.0,9,52,2912.0,2.6,0,0,0,0.0,0,0,0,0.3069795918367347,0.4543163265306122,Medium,Medium,0,0,S0,General Buyers,Store Pickup,Paypal,0,1
3035,51,Senior (50-70),Female,Footwear,Spring,Utah,37.0,25,4,148.0,3.5,0,0,0,0.0,0,0,0,0.2416446578631452,0.5068239795918368,Low,Medium,0,0,S0,General Buyers,2-Day Shipping,Credit Card,1,1
3036,69,Senior (50-70),Female,Accessories,Spring,Kentucky,64.0,18,26,1664.0,4.5,0,0,0,0.0,0,1,1,0.3866306522609044,0.649234693877551,Medium,High,0,0,S0,General Buyers,Free Shipping,Cash,0,0
3037,50,Senior (50-70),Female,Clothing,Spring,Vermont,58.0,7,26,1508.0,4.3,0,0,0,0.0,0,1,0,0.3032837134853942,0.5548622448979592,Medium,Medium,0,0,S0,General Buyers,Next Day Air,Venmo,1,1
3038,51,Senior (50-70),Female,Accessories,Summer,Iowa,44.0,2,1,44.0,4.8,0,0,0,0.0,0,1,1,0.1901224489795918,0.4981020408163265,Low,Medium,0,0,S0,General Buyers,Next Day Air,Cash,1,0
3039,56,Senior (50-70),Female,Accessories,Summer,Georgia,39.0,36,1,39.0,4.2,0,0,0,0.0,0,1,0,0.3502857142857143,0.6136964285714285,Medium,High,0,0,S0,General Buyers,Free Shipping,Debit Card,0,1
3040,59,Senior (50-70),Female,Clothing,Spring,Alabama,48.0,31,26,1248.0,3.2,0,0,0,0.0,0,0,0,0.3622224889955983,0.567561224489796,Medium,Medium,0,0,S0,General Buyers,Next Day Air,Paypal,1,1
3041,18,Teen (18-24),Female,Accessories,Fall,Nebraska,32.0,10,26,832.0,4.1,0,0,0,0.0,0,1,0,0.3056510604241697,0.4444183673469387,Medium,Medium,0,0,S5,Low-Value Occasional,Express,Cash,1,0
3042,48,Mid-Age (35-49),Female,Accessories,Winter,Rhode Island,79.0,27,12,948.0,4.0,0,0,0,0.0,0,1,0,0.3331052420968387,0.7307780612244897,Medium,High,0,0,S0,General Buyers,Express,Paypal,1,1
3043,53,Senior (50-70),Female,Outerwear,Winter,South Dakota,27.0,14,4,108.0,2.9,0,0,0,0.0,0,0,0,0.126297719087635,0.3709515306122449,Low,Low,0,0,S0,General Buyers,Next Day Air,Paypal,1,1
3044,45,Mid-Age (35-49),Female,Accessories,Fall,Illinois,98.0,17,12,1176.0,2.6,0,0,0,0.0,0,0,0,0.1598807523009203,0.6788826530612244,Low,High,1,0,S1,High-Value Loyal,Store Pickup,Credit Card,0,1
3045,21,Teen (18-24),Female,Footwear,Winter,North Carolina,67.0,10,4,268.0,2.7,0,0,0,0.0,0,0,0,0.0858079231692677,0.5135433673469387,Low,Medium,0,0,S0,General Buyers,Free Shipping,Bank Transfer,0,0
3046,42,Mid-Age (35-49),Female,Clothing,Winter,Florida,37.0,4,26,962.0,4.6,0,0,0,0.0,0,1,1,0.3089163665466186,0.4656811224489795,Medium,Medium,0,0,S5,Low-Value Occasional,2-Day Shipping,Paypal,1,1
3047,60,Senior (50-70),Female,Footwear,Spring,Pennsylvania,49.0,25,4,196.0,3.2,0,0,0,0.0,0,0,0,0.2176446578631452,0.5413239795918368,Low,Medium,0,0,S0,General Buyers,Store Pickup,Cash,0,0
3048,21,Teen (18-24),Female,Footwear,Fall,Vermont,74.0,3,26,1924.0,4.1,0,0,0,0.0,0,1,0,0.2627939175670267,0.592454081632653,Low,Medium,0,0,S0,General Buyers,2-Day Shipping,Paypal,1,1
3049,69,Senior (50-70),Female,Accessories,Summer,Colorado,93.0,47,26,2418.0,3.9,0,0,0,0.0,0,0,0,0.5161816726690676,0.8880688775510204,High,High,1,1,S1,High-Value Loyal,Standard,Venmo,0,1
3050,40,Mid-Age (35-49),Female,Accessories,Summer,Utah,60.0,41,26,1560.0,3.0,0,0,0,0.0,0,0,0,0.4074469787915166,0.6590816326530613,Medium,High,0,1,S0,General Buyers,Next Day Air,Bank Transfer,1,0
3051,31,Young Adult (25-34),Female,Outerwear,Spring,Kentucky,76.0,28,4,304.0,3.6,0,0,0,0.0,0,0,0,0.2680120048019208,0.6987551020408163,Low,High,0,0,S0,General Buyers,Standard,Venmo,0,1
3052,44,Mid-Age (35-49),Female,Accessories,Summer,Wyoming,64.0,49,4,256.0,4.6,0,0,0,0.0,0,1,1,0.4765834333733493,0.8133979591836734,High,High,0,1,S0,General Buyers,Express,Debit Card,1,1
3053,48,Mid-Age (35-49),Female,Footwear,Spring,Maine,38.0,7,26,988.0,4.5,0,0,0,0.0,0,1,1,0.3192837134853942,0.4793622448979592,Medium,Medium,0,0,S5,Low-Value Occasional,Store Pickup,Bank Transfer,0,0
3054,32,Young Adult (25-34),Female,Footwear,Winter,Maine,91.0,22,12,1092.0,3.2,0,0,0,0.0,0,0,0,0.2384929971988795,0.7097678571428572,Low,High,1,0,S1,High-Value Loyal,Next Day Air,Bank Transfer,1,0
3055,42,Mid-Age (35-49),Female,Footwear,Summer,New Hampshire,70.0,34,12,840.0,4.9,0,0,0,0.0,0,1,1,0.4479623849539816,0.7811173469387755,Medium,High,0,0,S0,General Buyers,2-Day Shipping,Venmo,1,1
3056,27,Young Adult (25-34),Female,Footwear,Fall,Kansas,22.0,5,26,572.0,5.0,0,0,0,0.0,0,1,1,0.3470388155262105,0.4291581632653061,Medium,Medium,0,0,S5,Low-Value Occasional,Standard,Debit Card,0,1
3057,69,Senior (50-70),Female,Accessories,Spring,New Jersey,59.0,15,26,1534.0,3.8,0,0,0,0.0,0,0,0,0.3122633053221288,0.5700535714285714,Medium,Medium,0,0,S0,General Buyers,Standard,Cash,0,0
3058,67,Senior (50-70),Female,Accessories,Spring,North Carolina,22.0,26,52,1144.0,3.4,0,0,0,0.0,0,0,0,0.4750612244897959,0.4403010204081632,High,Medium,0,0,S0,General Buyers,Next Day Air,Bank Transfer,1,0
3059,41,Mid-Age (35-49),Female,Accessories,Winter,West Virginia,74.0,3,26,1924.0,3.8,0,0,0,0.0,0,0,0,0.2387939175670267,0.574454081632653,Low,Medium,0,0,S0,General Buyers,Store Pickup,Bank Transfer,0,0
3060,46,Mid-Age (35-49),Female,Clothing,Spring,Kentucky,71.0,42,4,284.0,3.2,0,0,0,0.0,0,0,0,0.3217262905162065,0.7243086734693878,Medium,High,0,1,S0,General Buyers,Express,Credit Card,1,1
3061,47,Mid-Age (35-49),Female,Outerwear,Summer,California,80.0,1,12,960.0,4.7,0,0,0,0.0,0,1,1,0.229921568627451,0.6445,Low,High,0,0,S0,General Buyers,Store Pickup,Venmo,0,1
3062,33,Young Adult (25-34),Female,Clothing,Fall,South Dakota,59.0,20,4,236.0,4.5,0,0,0,0.0,0,1,1,0.2910324129651861,0.637563775510204,Low,High,0,0,S0,General Buyers,Express,Paypal,1,1
3063,51,Senior (50-70),Female,Accessories,Fall,California,96.0,39,12,1152.0,3.3,0,0,0,0.0,0,0,0,0.3505746298519407,0.8243775510204081,Medium,High,1,1,S1,High-Value Loyal,Standard,Paypal,0,1
3064,26,Young Adult (25-34),Female,Accessories,Winter,Connecticut,43.0,24,26,1118.0,3.9,0,0,0,0.0,0,0,0,0.3753653461384553,0.5519719387755102,Medium,Medium,0,0,S0,General Buyers,Store Pickup,Credit Card,0,1
3065,22,Teen (18-24),Female,Accessories,Winter,Idaho,76.0,49,4,304.0,3.6,0,0,0,0.0,0,0,0,0.3965834333733493,0.8058979591836735,Medium,High,0,1,S0,General Buyers,Express,Bank Transfer,1,0
3066,49,Mid-Age (35-49),Female,Outerwear,Fall,North Dakota,59.0,7,26,1534.0,2.8,0,0,0,0.0,0,0,0,0.1832837134853941,0.4692372448979591,Low,Medium,0,0,S0,General Buyers,Store Pickup,Venmo,0,1
3067,58,Senior (50-70),Female,Clothing,Summer,Michigan,48.0,13,4,192.0,4.3,0,0,0,0.0,0,1,0,0.2321752701080432,0.5417244897959184,Low,Medium,0,0,S0,General Buyers,Free Shipping,Venmo,0,1
3068,70,Senior (50-70),Female,Accessories,Spring,Missouri,22.0,2,52,1144.0,3.5,0,0,0,0.0,0,0,0,0.3361224489795918,0.3238520408163265,Medium,Low,0,0,S5,Low-Value Occasional,Free Shipping,Cash,0,0
3069,32,Young Adult (25-34),Female,Footwear,Winter,California,40.0,4,52,2080.0,4.2,0,0,0,0.0,0,1,0,0.4043673469387755,0.4548061224489795,Medium,Medium,0,0,S0,General Buyers,Express,Debit Card,1,1
3070,62,Senior (50-70),Female,Clothing,Spring,Delaware,73.0,17,4,292.0,4.6,0,0,0,0.0,0,1,1,0.2806650660264105,0.6895076530612244,Low,High,0,0,S0,General Buyers,Express,Debit Card,1,1
3071,52,Senior (50-70),Female,Footwear,Fall,Alabama,26.0,43,26,676.0,2.6,0,0,0,0.0,0,0,0,0.3876918767507002,0.4965357142857143,Medium,Medium,0,1,S0,General Buyers,Free Shipping,Paypal,0,1
3072,23,Teen (18-24),Female,Clothing,Spring,New Hampshire,41.0,6,12,492.0,3.4,0,0,0,0.0,0,0,0,0.1565338135254101,0.4213852040816326,Low,Low,0,0,S0,General Buyers,Next Day Air,Paypal,1,1
3073,26,Young Adult (25-34),Female,Accessories,Spring,New York,98.0,46,4,392.0,3.1,0,0,0,0.0,0,0,0,0.3382160864345738,0.8568418367346939,Medium,High,1,1,S1,High-Value Loyal,Standard,Paypal,0,1
3074,58,Senior (50-70),Female,Clothing,Winter,Oregon,63.0,7,26,1638.0,3.6,0,0,0,0.0,0,0,0,0.2472837134853941,0.5347372448979593,Low,Medium,0,0,S0,General Buyers,Free Shipping,Debit Card,0,1
3075,26,Young Adult (25-34),Female,Footwear,Winter,Massachusetts,55.0,34,26,1430.0,4.2,0,0,0,0.0,0,1,0,0.4605898359343737,0.6734923469387755,High,High,0,0,S0,General Buyers,Next Day Air,Debit Card,1,1
3076,54,Senior (50-70),Female,Clothing,Winter,Utah,90.0,21,4,360.0,3.6,0,0,0,0.0,0,0,0,0.2251548619447779,0.7242908163265307,Low,High,1,0,S1,High-Value Loyal,Standard,Paypal,0,1
3077,66,Senior (50-70),Female,Accessories,Summer,New Hampshire,46.0,13,26,1196.0,3.6,0,0,0,0.0,0,0,0,0.2840184073629452,0.4909744897959183,Low,Medium,0,0,S0,General Buyers,Express,Venmo,1,1
3078,60,Senior (50-70),Female,Clothing,Spring,Illinois,88.0,33,26,2288.0,3.0,0,0,0,0.0,0,0,0,0.3584673869547818,0.740765306122449,Medium,High,1,0,S1,High-Value Loyal,Store Pickup,Debit Card,0,1
3079,32,Young Adult (25-34),Female,Accessories,Spring,Alaska,95.0,24,26,2470.0,2.5,0,0,0,0.0,0,0,0,0.2633653461384553,0.6954719387755102,Low,High,1,0,S1,High-Value Loyal,2-Day Shipping,Bank Transfer,1,0
3080,48,Mid-Age (35-49),Female,Accessories,Fall,Wyoming,31.0,4,1,31.0,4.0,0,0,0,0.0,0,1,0,0.1383673469387755,0.4034311224489796,Low,Low,0,0,S5,Low-Value Occasional,Store Pickup,Bank Transfer,0,0
3081,69,Senior (50-70),Female,Clothing,Spring,Colorado,42.0,5,26,1092.0,4.1,0,0,0,0.0,0,1,0,0.2750388155262104,0.462658163265306,Low,Medium,0,0,S0,General Buyers,Next Day Air,Cash,1,0
3082,64,Senior (50-70),Female,Footwear,Winter,Vermont,44.0,11,52,2288.0,4.9,0,0,0,0.0,0,1,1,0.5032244897959184,0.5500204081632654,High,Medium,0,0,S0,General Buyers,Next Day Air,Credit Card,1,1
3083,56,Senior (50-70),Female,Clothing,Spring,Utah,99.0,20,1,99.0,4.0,0,0,0,0.0,0,1,0,0.2363265306122449,0.7825637755102041,Low,High,1,0,S1,High-Value Loyal,Next Day Air,Bank Transfer,1,0
3084,22,Teen (18-24),Female,Clothing,Summer,Illinois,20.0,28,4,80.0,3.5,0,0,0,0.0,0,0,0,0.2600120048019207,0.4477551020408163,Low,Medium,0,0,S0,General Buyers,Store Pickup,Paypal,0,1
3085,46,Mid-Age (35-49),Female,Accessories,Spring,Idaho,37.0,43,12,444.0,3.2,0,0,0,0.0,0,0,0,0.3670644257703082,0.5806607142857143,Medium,Medium,0,1,S0,General Buyers,Store Pickup,Paypal,0,1
3086,24,Teen (18-24),Female,Clothing,Winter,Nevada,50.0,10,4,200.0,2.8,0,0,0,0.0,0,0,0,0.0938079231692677,0.4451683673469387,Low,Medium,0,0,S0,General Buyers,Store Pickup,Venmo,0,1
3087,47,Mid-Age (35-49),Female,Accessories,Summer,Utah,73.0,26,4,292.0,3.5,0,0,0,0.0,0,0,0,0.2477671068427371,0.6694260204081632,Low,High,0,0,S0,General Buyers,Next Day Air,Venmo,1,1
3088,62,Senior (50-70),Female,Clothing,Spring,North Carolina,84.0,29,12,1008.0,3.1,0,0,0,0.0,0,0,0,0.2733501400560224,0.7088571428571429,Low,High,1,0,S1,High-Value Loyal,Free Shipping,Bank Transfer,0,0
3089,34,Young Adult (25-34),Female,Clothing,Spring,Arkansas,64.0,35,4,256.0,3.3,0,0,0,0.0,0,0,0,0.2868691476590636,0.6639693877551021,Low,High,0,0,S0,General Buyers,Store Pickup,Bank Transfer,0,0
3090,50,Senior (50-70),Female,Footwear,Fall,North Carolina,21.0,23,26,546.0,4.6,0,0,0,0.0,0,1,1,0.4252428971588635,0.4926198979591837,Medium,Medium,0,0,S0,General Buyers,Free Shipping,Cash,0,0
3091,29,Young Adult (25-34),Female,Clothing,Summer,Texas,36.0,15,4,144.0,4.9,0,0,0,0.0,0,1,1,0.2924201680672269,0.5354285714285714,Low,Medium,0,0,S0,General Buyers,Store Pickup,Bank Transfer,0,0
3092,68,Senior (50-70),Female,Clothing,Winter,Nevada,81.0,46,1,81.0,3.4,0,0,0,0.0,0,0,0,0.3475102040816326,0.8004668367346939,Medium,High,1,1,S1,High-Value Loyal,2-Day Shipping,Credit Card,1,1
3093,52,Senior (50-70),Female,Accessories,Fall,Utah,54.0,14,26,1404.0,3.5,0,0,0,0.0,0,0,0,0.282140856342537,0.5250765306122449,Low,Medium,0,0,S0,General Buyers,Next Day Air,Bank Transfer,1,0
3094,29,Young Adult (25-34),Female,Clothing,Summer,Pennsylvania,63.0,17,4,252.0,4.8,0,0,0,0.0,0,1,1,0.2966650660264106,0.6577576530612245,Low,High,0,0,S0,General Buyers,Store Pickup,Cash,0,0
3095,22,Teen (18-24),Female,Footwear,Summer,Georgia,59.0,9,52,3068.0,2.7,0,0,0,0.0,0,0,0,0.3149795918367347,0.4734413265306122,Medium,Medium,0,0,S0,General Buyers,Store Pickup,Cash,0,0
3096,62,Senior (50-70),Female,Accessories,Fall,Minnesota,53.0,13,26,1378.0,3.4,0,0,0,0.0,0,0,0,0.2680184073629452,0.5095994897959184,Low,Medium,0,0,S0,General Buyers,Standard,Venmo,0,1
3097,69,Senior (50-70),Female,Clothing,Winter,Kansas,63.0,20,12,756.0,3.5,0,0,0,0.0,0,0,0,0.2502480992396959,0.5950637755102042,Low,Medium,0,0,S0,General Buyers,Next Day Air,Bank Transfer,1,0
3098,48,Mid-Age (35-49),Female,Footwear,Fall,Delaware,33.0,39,4,132.0,3.7,0,0,0,0.0,0,0,0,0.343358943577431,0.5727525510204081,Medium,Medium,0,1,S0,General Buyers,Free Shipping,Bank Transfer,0,0
3099,66,Senior (50-70),Female,Clothing,Summer,New Mexico,64.0,50,4,256.0,3.3,0,0,0,0.0,0,0,0,0.3787058823529411,0.7405,Medium,High,0,1,S0,General Buyers,Next Day Air,Bank Transfer,1,0
3100,42,Mid-Age (35-49),Female,Clothing,Fall,Michigan,98.0,21,26,2548.0,2.9,0,0,0,0.0,0,0,0,0.2769979991996798,0.7172908163265306,Low,High,1,0,S1,High-Value Loyal,Free Shipping,Bank Transfer,0,0
3101,50,Senior (50-70),Female,Accessories,Winter,Vermont,85.0,3,52,4420.0,3.9,0,0,0,0.0,0,0,0,0.3742448979591836,0.628579081632653,Medium,High,1,0,S1,High-Value Loyal,Express,Bank Transfer,1,0
3102,32,Young Adult (25-34),Female,Accessories,Summer,Idaho,82.0,9,26,2132.0,2.7,0,0,0,0.0,0,0,0,0.1875286114445778,0.5740663265306123,Low,Medium,1,0,S0,General Buyers,Express,Paypal,1,1
3103,51,Senior (50-70),Female,Outerwear,Summer,South Dakota,85.0,29,26,2210.0,4.3,0,0,0,0.0,0,1,0,0.4379775910364145,0.7852321428571428,Medium,High,1,0,S1,High-Value Loyal,Standard,Cash,0,0
3104,27,Young Adult (25-34),Female,Clothing,Winter,Illinois,37.0,42,52,1924.0,3.0,0,0,0,0.0,0,0,0,0.5410204081632654,0.5635586734693878,High,Medium,0,1,S0,General Buyers,2-Day Shipping,Bank Transfer,1,0
3105,43,Mid-Age (35-49),Female,Clothing,Summer,Georgia,56.0,41,26,1456.0,5.0,0,0,0,0.0,0,1,1,0.5674469787915166,0.7615816326530612,High,High,0,1,S0,General Buyers,2-Day Shipping,Debit Card,1,1
3106,48,Mid-Age (35-49),Female,Clothing,Fall,Oregon,33.0,17,12,396.0,2.7,0,0,0,0.0,0,0,0,0.1678807523009203,0.4005076530612245,Low,Low,0,0,S0,General Buyers,Express,Debit Card,1,1
3107,62,Senior (50-70),Female,Footwear,Winter,Alabama,57.0,20,1,57.0,4.7,0,0,0,0.0,0,1,1,0.2923265306122449,0.640813775510204,Low,High,0,0,S0,General Buyers,Next Day Air,Paypal,1,1
3108,65,Senior (50-70),Female,Clothing,Winter,Hawaii,31.0,18,26,806.0,4.6,0,0,0,0.0,0,1,1,0.3946306522609043,0.510859693877551,Medium,Medium,0,0,S0,General Buyers,Standard,Credit Card,0,1
3109,50,Senior (50-70),Female,Clothing,Fall,Oregon,69.0,7,12,828.0,3.2,0,0,0,0.0,0,0,0,0.146656262505002,0.5369872448979592,Low,Medium,0,0,S0,General Buyers,2-Day Shipping,Paypal,1,1
3110,60,Senior (50-70),Female,Outerwear,Winter,Illinois,92.0,47,26,2392.0,4.3,0,0,0,0.0,0,1,0,0.5481816726690676,0.9076938775510204,High,High,1,1,S1,High-Value Loyal,Free Shipping,Bank Transfer,0,0
3111,19,Teen (18-24),Female,Accessories,Fall,Texas,46.0,2,26,1196.0,4.6,0,0,0,0.0,0,1,1,0.296671468587435,0.4948520408163265,Low,Medium,0,0,S0,General Buyers,Next Day Air,Bank Transfer,1,0
3112,21,Teen (18-24),Female,Accessories,Spring,Kansas,81.0,25,4,324.0,4.9,0,0,0,0.0,0,1,1,0.3536446578631453,0.7833239795918367,Medium,High,1,0,S1,High-Value Loyal,Free Shipping,Debit Card,0,1
3113,19,Teen (18-24),Female,Clothing,Fall,Texas,97.0,26,1,97.0,3.8,0,0,0,0.0,0,0,0,0.2570612244897959,0.7924260204081632,Low,High,1,0,S1,High-Value Loyal,Express,Venmo,1,1
3114,46,Mid-Age (35-49),Female,Clothing,Summer,Nebraska,93.0,2,52,4836.0,2.6,0,0,0,0.0,0,0,0,0.2641224489795918,0.5804770408163265,Low,Medium,1,0,S0,General Buyers,Express,Debit Card,1,1
3115,21,Teen (18-24),Female,Accessories,Spring,Arkansas,56.0,45,26,1456.0,4.7,0,0,0,0.0,0,1,1,0.567936774709884,0.7639897959183674,High,High,0,1,S0,General Buyers,Store Pickup,Venmo,0,1
3116,26,Young Adult (25-34),Female,Accessories,Fall,South Dakota,53.0,9,26,1378.0,4.1,0,0,0,0.0,0,1,0,0.2995286114445777,0.5311913265306122,Low,Medium,0,0,S0,General Buyers,Free Shipping,Bank Transfer,0,0
3117,50,Senior (50-70),Female,Outerwear,Spring,Montana,66.0,1,52,3432.0,3.7,0,0,0,0.0,0,0,0,0.346,0.52325,Medium,Medium,0,0,S0,General Buyers,Store Pickup,Venmo,0,1
3118,43,Mid-Age (35-49),Female,Clothing,Fall,Florida,50.0,4,26,1300.0,3.0,0,0,0,0.0,0,0,0,0.1809163665466186,0.4265561224489795,Low,Low,0,0,S0,General Buyers,Free Shipping,Paypal,0,1
3119,61,Senior (50-70),Female,Clothing,Summer,Virginia,97.0,31,4,388.0,4.7,0,0,0,0.0,0,1,1,0.3743793517406963,0.8719362244897959,Medium,High,1,0,S1,High-Value Loyal,Standard,Debit Card,0,1
3120,63,Senior (50-70),Female,Footwear,Winter,Louisiana,79.0,21,4,316.0,4.7,0,0,0,0.0,0,1,1,0.3131548619447779,0.7421658163265307,Medium,High,0,0,S0,General Buyers,2-Day Shipping,Credit Card,1,1
3121,46,Mid-Age (35-49),Female,Clothing,Fall,Louisiana,76.0,32,26,1976.0,4.0,0,0,0,0.0,0,1,0,0.4323449379751901,0.7431632653061224,Medium,High,0,0,S0,General Buyers,Store Pickup,Debit Card,0,1
3122,63,Senior (50-70),Female,Clothing,Fall,Louisiana,38.0,16,52,1976.0,2.6,0,0,0,0.0,0,0,0,0.3498367346938775,0.411280612244898,Medium,Low,0,0,S0,General Buyers,Standard,Venmo,0,1
3123,23,Teen (18-24),Female,Clothing,Fall,Georgia,45.0,34,26,1170.0,3.0,0,0,0,0.0,0,0,0,0.3645898359343738,0.5577423469387756,Medium,Medium,0,0,S0,General Buyers,Express,Credit Card,1,1
3124,57,Senior (50-70),Female,Accessories,Fall,Iowa,77.0,40,26,2002.0,3.3,0,0,0,0.0,0,0,0,0.4253245298119247,0.7463545918367347,Medium,High,0,1,S0,General Buyers,Next Day Air,Venmo,1,1
3125,57,Senior (50-70),Female,Accessories,Summer,California,51.0,4,4,204.0,3.4,0,0,0,0.0,0,0,0,0.1050732292917166,0.4549311224489795,Low,Medium,0,0,S0,General Buyers,Standard,Cash,0,0
3126,33,Young Adult (25-34),Female,Outerwear,Spring,Oregon,26.0,3,4,104.0,4.0,0,0,0,0.0,0,1,0,0.1469507803121248,0.376454081632653,Low,Low,0,0,S5,Low-Value Occasional,Standard,Cash,0,0
3127,57,Senior (50-70),Female,Accessories,Winter,Maine,76.0,28,26,1976.0,2.6,0,0,0,0.0,0,0,0,0.2958551420568227,0.6387551020408163,Low,High,0,0,S0,General Buyers,Store Pickup,Bank Transfer,0,0
3128,55,Senior (50-70),Female,Accessories,Winter,Louisiana,94.0,43,4,376.0,3.4,0,0,0,0.0,0,0,0,0.3438487394957983,0.8420357142857143,Medium,High,1,1,S1,High-Value Loyal,Free Shipping,Credit Card,0,1
3129,65,Senior (50-70),Female,Outerwear,Fall,Arkansas,32.0,20,1,32.0,4.4,0,0,0,0.0,0,1,0,0.2683265306122449,0.5134387755102041,Low,Medium,0,0,S0,General Buyers,Standard,Cash,0,0
3130,60,Senior (50-70),Female,Footwear,Summer,Maryland,20.0,40,4,80.0,4.7,0,0,0,0.0,0,1,1,0.4294813925570228,0.5809795918367346,Medium,Medium,0,1,S0,General Buyers,Express,Venmo,1,1
3131,52,Senior (50-70),Female,Clothing,Summer,Vermont,20.0,34,4,80.0,4.5,0,0,0,0.0,0,1,1,0.3767466986794718,0.5383673469387755,Medium,Medium,0,0,S0,General Buyers,Store Pickup,Venmo,0,1
3132,34,Young Adult (25-34),Female,Outerwear,Fall,North Dakota,59.0,11,4,236.0,2.9,0,0,0,0.0,0,0,0,0.1079303721488595,0.4956454081632653,Low,Medium,0,0,S0,General Buyers,Store Pickup,Bank Transfer,0,0
3133,33,Young Adult (25-34),Female,Clothing,Summer,Michigan,97.0,26,4,388.0,4.2,0,0,0,0.0,0,1,0,0.3037671068427371,0.8164260204081633,Medium,High,1,0,S1,High-Value Loyal,Express,Cash,1,0
3134,58,Senior (50-70),Female,Clothing,Spring,Arkansas,68.0,29,26,1768.0,4.1,0,0,0,0.0,0,1,0,0.4219775910364145,0.6988571428571428,Medium,High,0,0,S0,General Buyers,Next Day Air,Cash,1,0
3135,35,Mid-Age (35-49),Female,Footwear,Spring,Kentucky,66.0,47,52,3432.0,4.4,0,0,0,0.0,0,1,0,0.6836326530612246,0.7999438775510204,High,High,0,1,S0,General Buyers,Store Pickup,Bank Transfer,0,0
3136,68,Senior (50-70),Female,Footwear,Spring,Indiana,85.0,48,26,2210.0,4.7,0,0,0,0.0,0,1,1,0.5863041216486595,0.9061709183673468,High,High,1,1,S1,High-Value Loyal,Free Shipping,Venmo,0,1
3137,58,Senior (50-70),Female,Clothing,Fall,Minnesota,32.0,29,26,832.0,3.1,0,0,0,0.0,0,0,0,0.3419775910364145,0.4813571428571428,Medium,Medium,0,0,S0,General Buyers,Next Day Air,Cash,1,0
3138,34,Young Adult (25-34),Female,Outerwear,Spring,Louisiana,44.0,14,12,528.0,2.7,0,0,0,0.0,0,0,0,0.1495134053621448,0.4333265306122449,Low,Medium,0,0,S0,General Buyers,2-Day Shipping,Bank Transfer,1,0
3139,47,Mid-Age (35-49),Female,Clothing,Fall,Kentucky,95.0,40,4,380.0,4.6,0,0,0,0.0,0,1,1,0.4214813925570227,0.9031045918367347,Medium,High,1,1,S1,High-Value Loyal,Next Day Air,Cash,1,0
3140,35,Mid-Age (35-49),Female,Accessories,Winter,Georgia,85.0,4,52,4420.0,4.4,0,0,0,0.0,0,1,0,0.4203673469387755,0.6636811224489796,Medium,High,1,0,S1,High-Value Loyal,Next Day Air,Venmo,1,1
3141,34,Young Adult (25-34),Female,Accessories,Summer,Alaska,44.0,37,52,2288.0,4.6,0,0,0,0.0,0,1,1,0.638408163265306,0.6646734693877551,High,High,0,0,S0,General Buyers,Free Shipping,Bank Transfer,0,0
3142,36,Mid-Age (35-49),Female,Accessories,Winter,Mississippi,30.0,47,26,780.0,4.9,0,0,0,0.0,0,1,1,0.5961816726690676,0.6724438775510204,High,High,0,1,S0,General Buyers,Express,Credit Card,1,1
3143,23,Teen (18-24),Female,Footwear,Winter,Kansas,21.0,1,4,84.0,4.0,0,0,0,0.0,0,1,0,0.1347058823529411,0.344375,Low,Low,0,0,S5,Low-Value Occasional,2-Day Shipping,Venmo,1,1
3144,68,Senior (50-70),Female,Clothing,Summer,Arizona,22.0,26,4,88.0,2.9,0,0,0,0.0,0,0,0,0.1997671068427371,0.4103010204081633,Low,Low,0,0,S0,General Buyers,Store Pickup,Cash,0,0
3145,23,Teen (18-24),Female,Footwear,Spring,Maine,70.0,12,4,280.0,2.6,0,0,0,0.0,0,0,0,0.0900528211284514,0.5308724489795918,Low,Medium,0,0,S0,General Buyers,Free Shipping,Debit Card,0,1
3146,57,Senior (50-70),Female,Accessories,Spring,Texas,29.0,16,26,754.0,4.6,0,0,0,0.0,0,1,1,0.3823857543017206,0.4919056122448979,Medium,Medium,0,0,S0,General Buyers,Standard,Paypal,0,1
3147,21,Teen (18-24),Female,Clothing,Winter,Virginia,83.0,19,1,83.0,4.9,0,0,0,0.0,0,1,1,0.3022040816326531,0.7614617346938776,Low,High,1,0,S1,High-Value Loyal,Free Shipping,Paypal,0,1
3148,45,Mid-Age (35-49),Female,Clothing,Winter,North Dakota,99.0,21,52,5148.0,4.3,0,0,0,0.0,0,1,0,0.5164489795918368,0.8056658163265306,High,High,1,0,S1,High-Value Loyal,Express,Credit Card,1,1
3149,37,Mid-Age (35-49),Female,Clothing,Fall,West Virginia,35.0,15,52,1820.0,4.3,0,0,0,0.0,0,1,0,0.4797142857142856,0.4950535714285714,High,Medium,0,0,S0,General Buyers,Free Shipping,Venmo,0,1
3150,18,Teen (18-24),Female,Accessories,Winter,North Carolina,40.0,9,1,40.0,4.6,0,0,0,0.0,0,1,1,0.2169795918367346,0.5043163265306122,Low,Medium,0,0,S0,General Buyers,Free Shipping,Venmo,0,1
3151,55,Senior (50-70),Female,Clothing,Spring,Georgia,25.0,7,26,650.0,2.6,0,0,0,0.0,0,0,0,0.1672837134853941,0.3084872448979592,Low,Low,0,0,S5,Low-Value Occasional,Express,Bank Transfer,1,0
3152,52,Senior (50-70),Female,Clothing,Fall,New Mexico,64.0,47,4,256.0,3.1,0,0,0,0.0,0,0,0,0.3443385354141657,0.7131938775510205,Medium,High,0,1,S0,General Buyers,2-Day Shipping,Bank Transfer,1,0
3153,49,Mid-Age (35-49),Female,Accessories,Fall,North Carolina,90.0,17,12,1080.0,3.1,0,0,0,0.0,0,0,0,0.1998807523009203,0.6738826530612245,Low,High,1,0,S1,High-Value Loyal,Store Pickup,Paypal,0,1
3154,56,Senior (50-70),Female,Clothing,Fall,Alabama,88.0,46,26,2288.0,3.1,0,0,0,0.0,0,0,0,0.4460592236894758,0.8130918367346939,Medium,High,1,1,S1,High-Value Loyal,Next Day Air,Venmo,1,1
3155,27,Young Adult (25-34),Female,Accessories,Winter,Connecticut,55.0,32,4,220.0,4.4,0,0,0,0.0,0,1,0,0.3565018007202881,0.6752882653061224,Medium,High,0,0,S0,General Buyers,Standard,Cash,0,0
3156,22,Teen (18-24),Female,Accessories,Fall,Montana,90.0,34,1,90.0,4.3,0,0,0,0.0,0,1,0,0.3460408163265306,0.8326173469387754,Medium,High,1,0,S1,High-Value Loyal,Free Shipping,Cash,0,0
3157,18,Teen (18-24),Female,Clothing,Winter,Montana,50.0,18,12,600.0,3.1,0,0,0,0.0,0,0,0,0.2060032012805122,0.503984693877551,Low,Medium,0,0,S0,General Buyers,2-Day Shipping,Cash,1,0
3158,21,Teen (18-24),Female,Accessories,Fall,Maine,34.0,5,26,884.0,3.1,0,0,0,0.0,0,0,0,0.1950388155262105,0.3676581632653061,Low,Low,0,0,S5,Low-Value Occasional,Store Pickup,Debit Card,0,1
3159,30,Young Adult (25-34),Female,Accessories,Winter,Mississippi,77.0,44,12,924.0,4.9,0,0,0,0.0,0,1,1,0.5091868747499,0.8627627551020408,High,High,0,1,S0,General Buyers,2-Day Shipping,Credit Card,1,1
3160,62,Senior (50-70),Female,Accessories,Winter,Louisiana,89.0,4,4,356.0,2.9,0,0,0,0.0,0,0,0,0.0650732292917166,0.5911811224489796,Low,Medium,1,0,S0,General Buyers,Store Pickup,Bank Transfer,0,0
3161,28,Young Adult (25-34),Female,Accessories,Fall,Nebraska,87.0,37,26,2262.0,3.8,0,0,0,0.0,0,0,0,0.4469571828731492,0.804798469387755,Medium,High,1,0,S1,High-Value Loyal,Next Day Air,Cash,1,0
3162,66,Senior (50-70),Female,Clothing,Winter,Massachusetts,77.0,43,12,924.0,4.2,0,0,0,0.0,0,1,0,0.4470644257703081,0.8156607142857143,Medium,High,0,1,S0,General Buyers,2-Day Shipping,Cash,1,0
3163,66,Senior (50-70),Female,Footwear,Winter,Wisconsin,85.0,28,4,340.0,3.9,0,0,0,0.0,0,0,0,0.2920120048019207,0.7561301020408163,Low,High,1,0,S1,High-Value Loyal,Standard,Bank Transfer,0,0
3164,49,Mid-Age (35-49),Female,Clothing,Summer,Nebraska,66.0,36,12,792.0,2.8,0,0,0,0.0,0,0,0,0.2922072829131652,0.6478214285714285,Low,High,0,0,S0,General Buyers,Express,Cash,1,0
3165,40,Mid-Age (35-49),Female,Clothing,Winter,Arizona,32.0,16,1,32.0,2.6,0,0,0,0.0,0,0,0,0.0998367346938775,0.385030612244898,Low,Low,0,0,S0,General Buyers,Standard,Credit Card,0,1
3166,49,Mid-Age (35-49),Female,Outerwear,Spring,Hawaii,92.0,38,4,368.0,3.0,0,0,0,0.0,0,0,0,0.2812364945978391,0.7837755102040816,Low,High,1,1,S1,High-Value Loyal,Store Pickup,Bank Transfer,0,0
3167,19,Teen (18-24),Female,Clothing,Winter,Georgia,80.0,37,26,2080.0,2.7,0,0,0,0.0,0,0,0,0.3589571828731492,0.708173469387755,Medium,High,0,0,S0,General Buyers,Next Day Air,Bank Transfer,1,0
3168,24,Teen (18-24),Female,Clothing,Fall,Oregon,78.0,9,26,2028.0,2.8,0,0,0,0.0,0,0,0,0.1955286114445778,0.5625663265306122,Low,Medium,0,0,S0,General Buyers,2-Day Shipping,Cash,1,0
3169,31,Young Adult (25-34),Female,Clothing,Spring,Montana,24.0,14,26,624.0,2.9,0,0,0,0.0,0,0,0,0.234140856342537,0.3578265306122449,Low,Low,0,0,S0,General Buyers,2-Day Shipping,Paypal,1,1
3170,35,Mid-Age (35-49),Female,Clothing,Fall,Georgia,59.0,3,52,3068.0,3.8,0,0,0,0.0,0,0,0,0.3662448979591836,0.5088290816326531,Medium,Medium,0,0,S0,General Buyers,Free Shipping,Venmo,0,1
3171,65,Senior (50-70),Female,Accessories,Spring,Rhode Island,41.0,10,26,1066.0,4.4,0,0,0,0.0,0,1,0,0.3296510604241697,0.5017933673469388,Medium,Medium,0,0,S0,General Buyers,Express,Credit Card,1,1
3172,68,Senior (50-70),Female,Accessories,Spring,Tennessee,26.0,26,26,676.0,3.1,0,0,0,0.0,0,0,0,0.323610244097639,0.4398010204081632,Medium,Medium,0,0,S0,General Buyers,Express,Bank Transfer,1,0
3173,57,Senior (50-70),Female,Clothing,Fall,Missouri,52.0,30,26,1352.0,3.7,0,0,0,0.0,0,0,0,0.3961000400160064,0.6099591836734695,Medium,High,0,0,S0,General Buyers,Standard,Debit Card,0,1
3174,69,Senior (50-70),Female,Clothing,Summer,Washington,46.0,32,26,1196.0,4.9,0,0,0,0.0,0,1,1,0.5043449379751901,0.6659132653061225,High,High,0,0,S0,General Buyers,Next Day Air,Paypal,1,1
3175,45,Mid-Age (35-49),Female,Clothing,Winter,Oklahoma,52.0,35,12,624.0,3.8,0,0,0,0.0,0,0,0,0.3660848339335734,0.641469387755102,Medium,High,0,0,S0,General Buyers,Store Pickup,Paypal,0,1
3176,35,Mid-Age (35-49),Female,Clothing,Fall,Connecticut,42.0,26,4,168.0,3.4,0,0,0,0.0,0,0,0,0.2397671068427371,0.5278010204081633,Low,Medium,0,0,S0,General Buyers,Store Pickup,Debit Card,0,1
3177,36,Mid-Age (35-49),Female,Footwear,Spring,Arkansas,37.0,39,12,444.0,4.6,0,0,0,0.0,0,1,1,0.4545746298519407,0.6442525510204081,Medium,High,0,1,S0,General Buyers,2-Day Shipping,Credit Card,1,1
3178,55,Senior (50-70),Female,Accessories,Fall,Missouri,52.0,31,12,624.0,3.2,0,0,0,0.0,0,0,0,0.2935950380152061,0.5850612244897959,Low,Medium,0,0,S0,General Buyers,Standard,Credit Card,0,1
3179,66,Senior (50-70),Female,Footwear,Spring,Washington,34.0,28,1,34.0,2.7,0,0,0,0.0,0,0,0,0.1813061224489796,0.4610051020408163,Low,Medium,0,0,S0,General Buyers,Free Shipping,Credit Card,0,1
3180,57,Senior (50-70),Female,Clothing,Spring,Idaho,88.0,12,26,2288.0,4.3,0,0,0,0.0,0,1,0,0.3338959583833533,0.7116224489795918,Medium,High,1,0,S1,High-Value Loyal,Free Shipping,Debit Card,0,1
3181,18,Teen (18-24),Female,Accessories,Fall,Montana,88.0,46,52,4576.0,3.8,0,0,0,0.0,0,0,0,0.6295102040816326,0.8550918367346938,High,High,1,1,S1,High-Value Loyal,Standard,Paypal,0,1
3182,31,Young Adult (25-34),Female,Outerwear,Summer,Montana,51.0,27,4,204.0,4.4,0,0,0,0.0,0,1,0,0.3258895558223289,0.6322780612244898,Medium,High,0,0,S0,General Buyers,Free Shipping,Paypal,0,1
3183,50,Senior (50-70),Female,Accessories,Fall,Georgia,97.0,4,1,97.0,3.6,0,0,0,0.0,0,0,0,0.1063673469387755,0.6681811224489795,Low,High,1,0,S1,High-Value Loyal,Free Shipping,Credit Card,0,1
3184,50,Senior (50-70),Female,Footwear,Winter,Mississippi,56.0,14,4,224.0,3.5,0,0,0,0.0,0,0,0,0.174297719087635,0.5338265306122449,Low,Medium,0,0,S0,General Buyers,Standard,Cash,0,0
3185,61,Senior (50-70),Female,Clothing,Spring,Hawaii,53.0,30,4,212.0,4.2,0,0,0,0.0,0,1,0,0.3282569027611044,0.6443341836734694,Medium,High,0,0,S0,General Buyers,2-Day Shipping,Venmo,1,1
3186,52,Senior (50-70),Female,Clothing,Fall,Ohio,71.0,6,1,71.0,4.7,0,0,0,0.0,0,1,1,0.2066122448979592,0.6306352040816326,Low,High,0,0,S0,General Buyers,Express,Paypal,1,1
3187,38,Mid-Age (35-49),Female,Accessories,Winter,Virginia,93.0,43,1,93.0,4.8,0,0,0,0.0,0,1,1,0.4411428571428571,0.9216607142857144,Medium,High,1,1,S1,High-Value Loyal,Store Pickup,Venmo,0,1
3188,67,Senior (50-70),Female,Clothing,Winter,Texas,72.0,28,52,3744.0,3.2,0,0,0,0.0,0,0,0,0.4713061224489796,0.6572551020408164,High,High,0,0,S0,General Buyers,Free Shipping,Debit Card,0,1
3189,42,Mid-Age (35-49),Female,Clothing,Winter,Vermont,59.0,39,12,708.0,3.5,0,0,0,0.0,0,0,0,0.3665746298519408,0.6745025510204081,Medium,High,0,1,S0,General Buyers,Standard,Bank Transfer,0,0
3190,25,Young Adult (25-34),Female,Footwear,Summer,Kansas,87.0,30,26,2262.0,4.2,0,0,0,0.0,0,1,0,0.4361000400160064,0.7930841836734693,Medium,High,1,0,S1,High-Value Loyal,Store Pickup,Paypal,0,1
3191,41,Mid-Age (35-49),Female,Clothing,Fall,California,78.0,5,26,2028.0,3.4,0,0,0,0.0,0,0,0,0.2190388155262104,0.5781581632653061,Low,Medium,0,0,S0,General Buyers,Free Shipping,Credit Card,0,1
3192,62,Senior (50-70),Female,Clothing,Winter,Mississippi,68.0,42,4,272.0,4.7,0,0,0,0.0,0,1,1,0.4417262905162065,0.8011836734693878,Medium,High,0,1,S0,General Buyers,Store Pickup,Credit Card,0,1
3193,19,Teen (18-24),Female,Clothing,Fall,Iowa,76.0,20,26,1976.0,3.0,0,0,0,0.0,0,0,0,0.278875550220088,0.621938775510204,Low,High,0,0,S0,General Buyers,Free Shipping,Cash,0,0
3194,63,Senior (50-70),Female,Accessories,Winter,Virginia,99.0,35,26,2574.0,4.0,0,0,0,0.0,0,1,0,0.4507122849139656,0.859094387755102,Medium,High,1,0,S1,High-Value Loyal,Express,Credit Card,1,1
3195,43,Mid-Age (35-49),Female,Footwear,Summer,Maryland,52.0,10,26,1352.0,4.6,0,0,0,0.0,0,1,1,0.3456510604241696,0.5619183673469388,Medium,Medium,0,0,S0,General Buyers,Standard,Credit Card,0,1
3196,68,Senior (50-70),Female,Accessories,Spring,Missouri,58.0,36,4,232.0,4.9,0,0,0,0.0,0,1,1,0.4209915966386555,0.7388214285714286,Medium,High,0,0,S0,General Buyers,Next Day Air,Credit Card,1,1
3197,24,Teen (18-24),Female,Accessories,Winter,Wisconsin,59.0,21,26,1534.0,2.8,0,0,0,0.0,0,0,0,0.2689979991996798,0.5406658163265307,Low,Medium,0,0,S0,General Buyers,Express,Debit Card,1,1
3198,27,Young Adult (25-34),Female,Clothing,Spring,Maine,71.0,29,4,284.0,3.2,0,0,0,0.0,0,0,0,0.2421344537815126,0.6579821428571428,Low,High,0,0,S0,General Buyers,Free Shipping,Credit Card,0,1
3199,61,Senior (50-70),Female,Accessories,Winter,Pennsylvania,94.0,39,52,4888.0,2.8,0,0,0,0.0,0,0,0,0.5066530612244898,0.7856275510204082,High,High,1,1,S1,High-Value Loyal,Free Shipping,Debit Card,0,1
3200,59,Senior (50-70),Female,Accessories,Winter,Maine,40.0,16,12,480.0,4.2,0,0,0,0.0,0,1,0,0.2817583033213285,0.516030612244898,Low,Medium,0,0,S0,General Buyers,Express,Paypal,1,1
3201,67,Senior (50-70),Female,Clothing,Spring,Missouri,24.0,32,12,288.0,4.8,0,0,0,0.0,0,1,1,0.4277174869947979,0.5636632653061224,Medium,Medium,0,0,S0,General Buyers,Free Shipping,Credit Card,0,1
3202,46,Mid-Age (35-49),Female,Clothing,Fall,Vermont,38.0,34,12,456.0,2.8,0,0,0,0.0,0,0,0,0.2799623849539815,0.5151173469387755,Low,Medium,0,0,S0,General Buyers,2-Day Shipping,Cash,1,0
3203,65,Senior (50-70),Female,Accessories,Fall,Wisconsin,37.0,38,1,37.0,4.5,0,0,0,0.0,0,1,1,0.3865306122448979,0.6331505102040816,Medium,High,0,1,S0,General Buyers,Standard,Venmo,0,1
3204,63,Senior (50-70),Female,Outerwear,Spring,New Jersey,29.0,14,1,29.0,4.1,0,0,0,0.0,0,1,0,0.2075918367346938,0.4517015306122449,Low,Medium,0,0,S0,General Buyers,Express,Venmo,1,1
3205,57,Senior (50-70),Female,Outerwear,Fall,New Mexico,92.0,23,26,2392.0,4.3,0,0,0,0.0,0,1,0,0.4012428971588635,0.7852448979591836,Medium,High,1,0,S1,High-Value Loyal,Free Shipping,Debit Card,0,1
3206,40,Mid-Age (35-49),Female,Clothing,Fall,Colorado,24.0,50,4,96.0,4.4,0,0,0,0.0,0,1,0,0.4667058823529412,0.6315000000000001,High,High,0,1,S0,General Buyers,2-Day Shipping,Bank Transfer,1,0
3207,36,Mid-Age (35-49),Female,Footwear,Winter,California,52.0,49,12,624.0,3.0,0,0,0,0.0,0,0,0,0.3877991196478592,0.6648979591836734,Medium,High,0,1,S0,General Buyers,Free Shipping,Paypal,0,1
3208,67,Senior (50-70),Female,Clothing,Summer,Arizona,29.0,14,1,29.0,2.7,0,0,0,0.0,0,0,0,0.0955918367346938,0.3677015306122449,Low,Low,0,0,S0,General Buyers,Next Day Air,Paypal,1,1
3209,61,Senior (50-70),Female,Accessories,Winter,Indiana,30.0,42,52,1560.0,3.3,0,0,0,0.0,0,0,0,0.5650204081632653,0.5509336734693878,High,Medium,0,1,S0,General Buyers,2-Day Shipping,Paypal,1,1
3210,64,Senior (50-70),Female,Footwear,Fall,Arkansas,31.0,39,1,31.0,4.3,0,0,0,0.0,0,1,0,0.3766530612244897,0.6000025510204081,Medium,High,0,1,S0,General Buyers,Standard,Debit Card,0,1
3211,30,Young Adult (25-34),Female,Clothing,Summer,Nevada,67.0,43,26,1742.0,2.9,0,0,0,0.0,0,0,0,0.4116918767507002,0.6939107142857143,Medium,High,0,1,S0,General Buyers,Express,Venmo,1,1
3212,53,Senior (50-70),Female,Clothing,Winter,Rhode Island,65.0,12,12,780.0,4.9,0,0,0,0.0,0,1,1,0.3132685074029612,0.6469974489795919,Medium,High,0,0,S0,General Buyers,Standard,Cash,0,0
3213,27,Young Adult (25-34),Female,Footwear,Winter,Wyoming,22.0,21,52,1144.0,3.6,0,0,0,0.0,0,0,0,0.4604489795918368,0.4267908163265306,High,Low,0,0,S0,General Buyers,2-Day Shipping,Debit Card,1,1
3214,27,Young Adult (25-34),Female,Accessories,Winter,Texas,56.0,33,12,672.0,3.3,0,0,0,0.0,0,0,0,0.3138399359743897,0.618765306122449,Medium,High,0,0,S0,General Buyers,Standard,Credit Card,0,1
3215,53,Senior (50-70),Female,Clothing,Spring,Washington,78.0,6,1,78.0,3.1,0,0,0,0.0,0,0,0,0.0786122448979592,0.5652602040816327,Low,Medium,0,0,S0,General Buyers,Free Shipping,Debit Card,0,1
3216,34,Young Adult (25-34),Female,Outerwear,Summer,Rhode Island,90.0,10,4,360.0,2.7,0,0,0,0.0,0,0,0,0.0858079231692677,0.6141683673469387,Low,High,1,0,S1,High-Value Loyal,Free Shipping,Paypal,0,1
3217,39,Mid-Age (35-49),Female,Clothing,Winter,Illinois,85.0,18,52,4420.0,3.4,0,0,0,0.0,0,0,0,0.4260816326530612,0.675109693877551,Medium,High,1,0,S1,High-Value Loyal,Next Day Air,Cash,1,0
3218,44,Mid-Age (35-49),Female,Accessories,Fall,Oregon,58.0,46,52,3016.0,3.4,0,0,0,0.0,0,0,0,0.5975102040816326,0.6998418367346939,High,High,0,1,S0,General Buyers,Express,Venmo,1,1
3219,37,Mid-Age (35-49),Female,Clothing,Fall,Florida,34.0,49,12,408.0,3.9,0,0,0,0.0,0,0,0,0.4597991196478591,0.6401479591836734,High,High,0,1,S0,General Buyers,Express,Paypal,1,1
3220,57,Senior (50-70),Female,Outerwear,Summer,Kansas,40.0,39,52,2080.0,3.5,0,0,0,0.0,0,0,0,0.5626530612244898,0.5913775510204082,High,Medium,0,1,S0,General Buyers,2-Day Shipping,Credit Card,1,1
3221,38,Mid-Age (35-49),Female,Accessories,Fall,North Dakota,29.0,16,12,348.0,4.1,0,0,0,0.0,0,1,0,0.2737583033213285,0.4619056122448979,Low,Medium,0,0,S0,General Buyers,Free Shipping,Cash,0,0
3222,21,Teen (18-24),Female,Clothing,Winter,New Hampshire,76.0,28,1,76.0,3.2,0,0,0,0.0,0,0,0,0.2213061224489796,0.6747551020408163,Low,High,0,0,S0,General Buyers,Standard,Cash,0,0
3223,45,Mid-Age (35-49),Female,Accessories,Fall,Texas,84.0,22,4,336.0,4.6,0,0,0,0.0,0,1,1,0.3112773109243697,0.7631428571428571,Medium,High,1,0,S1,High-Value Loyal,Store Pickup,Paypal,0,1
3224,68,Senior (50-70),Female,Clothing,Spring,Montana,65.0,36,26,1690.0,3.9,0,0,0,0.0,0,0,0,0.4488347338935574,0.7094464285714285,Medium,High,0,0,S0,General Buyers,Standard,Venmo,0,1
3225,37,Mid-Age (35-49),Female,Clothing,Winter,Delaware,80.0,18,12,960.0,2.7,0,0,0,0.0,0,0,0,0.1740032012805122,0.611234693877551,Low,High,0,0,S0,General Buyers,Free Shipping,Paypal,0,1
3226,53,Senior (50-70),Female,Clothing,Fall,New Hampshire,98.0,31,52,5096.0,3.0,0,0,0,0.0,0,0,0,0.4736734693877551,0.774311224489796,High,High,1,0,S1,High-Value Loyal,Store Pickup,Credit Card,0,1
3227,57,Senior (50-70),Female,Footwear,Spring,Minnesota,71.0,38,26,1846.0,3.3,0,0,0,0.0,0,0,0,0.413079631852741,0.7099005102040816,Medium,High,0,1,S0,General Buyers,Next Day Air,Bank Transfer,1,0
3228,28,Young Adult (25-34),Female,Accessories,Fall,Alaska,69.0,42,4,276.0,2.7,0,0,0,0.0,0,0,0,0.2817262905162065,0.6855586734693878,Low,High,0,1,S0,General Buyers,Free Shipping,Debit Card,0,1
3229,37,Mid-Age (35-49),Female,Accessories,Spring,Connecticut,95.0,27,1,95.0,4.6,0,0,0,0.0,0,1,1,0.3271836734693877,0.8367780612244898,Medium,High,1,0,S1,High-Value Loyal,2-Day Shipping,Paypal,1,1
3230,54,Senior (50-70),Female,Clothing,Fall,Connecticut,67.0,24,12,804.0,2.7,0,0,0,0.0,0,0,0,0.2107378951580632,0.5849719387755102,Low,Medium,0,0,S0,General Buyers,Express,Cash,1,0
3231,49,Mid-Age (35-49),Female,Footwear,Summer,Kansas,49.0,38,1,49.0,2.5,0,0,0,0.0,0,0,0,0.2265306122448979,0.5656505102040816,Low,Medium,0,1,S0,General Buyers,Next Day Air,Debit Card,1,1
3232,62,Senior (50-70),Female,Footwear,Winter,Nevada,97.0,9,1,97.0,4.4,0,0,0,0.0,0,1,0,0.2009795918367347,0.7416913265306122,Low,High,1,0,S1,High-Value Loyal,Free Shipping,Credit Card,0,1
3233,45,Mid-Age (35-49),Female,Clothing,Spring,Massachusetts,34.0,19,12,408.0,4.0,0,0,0,0.0,0,1,0,0.284125650260104,0.4930867346938775,Low,Medium,0,0,S0,General Buyers,Next Day Air,Bank Transfer,1,0
3234,45,Mid-Age (35-49),Female,Accessories,Fall,Indiana,74.0,11,26,1924.0,3.8,0,0,0,0.0,0,0,0,0.2877735094037614,0.6152704081632653,Low,High,0,0,S0,General Buyers,Express,Debit Card,1,1
3235,49,Mid-Age (35-49),Female,Accessories,Winter,Washington,96.0,16,4,384.0,2.5,0,0,0,0.0,0,0,0,0.1065426170468187,0.6590306122448979,Low,High,1,0,S1,High-Value Loyal,2-Day Shipping,Debit Card,1,1
3236,27,Young Adult (25-34),Female,Accessories,Summer,Kansas,68.0,18,12,816.0,4.0,0,0,0,0.0,0,1,0,0.2780032012805122,0.636734693877551,Low,High,0,0,S0,General Buyers,Free Shipping,Venmo,0,1
3237,63,Senior (50-70),Female,Accessories,Fall,South Carolina,84.0,8,12,1008.0,4.1,0,0,0,0.0,0,1,0,0.2247787114845938,0.6617142857142856,Low,High,1,0,S1,High-Value Loyal,Next Day Air,Cash,1,0
3238,61,Senior (50-70),Female,Clothing,Summer,Vermont,57.0,4,52,2964.0,2.8,0,0,0,0.0,0,0,0,0.2923673469387755,0.4451811224489795,Low,Medium,0,0,S0,General Buyers,Express,Cash,1,0
3239,25,Young Adult (25-34),Female,Footwear,Fall,Wyoming,84.0,37,4,336.0,3.4,0,0,0,0.0,0,0,0,0.3071140456182473,0.7676734693877552,Medium,High,1,0,S1,High-Value Loyal,2-Day Shipping,Cash,1,0
3240,33,Young Adult (25-34),Female,Accessories,Fall,Colorado,32.0,30,12,384.0,2.7,0,0,0,0.0,0,0,0,0.2474725890356142,0.4624591836734694,Low,Medium,0,0,S0,General Buyers,2-Day Shipping,Cash,1,0
3241,56,Senior (50-70),Female,Footwear,Fall,West Virginia,37.0,37,12,444.0,3.8,0,0,0,0.0,0,0,0,0.3783297318927571,0.5860484693877551,Medium,Medium,0,0,S0,General Buyers,2-Day Shipping,Bank Transfer,1,0
3242,50,Senior (50-70),Female,Accessories,Summer,Connecticut,58.0,30,4,232.0,4.4,0,0,0,0.0,0,1,0,0.3442569027611044,0.6782091836734694,Medium,High,0,0,S0,General Buyers,Store Pickup,Paypal,0,1
3243,45,Mid-Age (35-49),Female,Clothing,Fall,Oregon,74.0,17,52,3848.0,2.8,0,0,0,0.0,0,0,0,0.3719591836734693,0.5858826530612244,Medium,Medium,0,0,S0,General Buyers,Express,Venmo,1,1
3244,45,Mid-Age (35-49),Female,Clothing,Summer,Idaho,99.0,11,4,396.0,5.0,0,0,0,0.0,0,1,1,0.2759303721488595,0.7966454081632653,Low,High,1,0,S1,High-Value Loyal,Store Pickup,Bank Transfer,0,0
3245,65,Senior (50-70),Female,Clothing,Fall,Arkansas,81.0,42,1,81.0,4.7,0,0,0,0.0,0,1,1,0.4270204081632653,0.8580586734693877,Medium,High,1,1,S1,High-Value Loyal,Express,Credit Card,1,1
3246,63,Senior (50-70),Female,Clothing,Fall,Kansas,76.0,20,52,3952.0,3.2,0,0,0,0.0,0,0,0,0.4223265306122449,0.6339387755102041,Medium,High,0,0,S0,General Buyers,Next Day Air,Cash,1,0
3247,70,Senior (50-70),Female,Footwear,Summer,Michigan,98.0,37,12,1176.0,2.9,0,0,0,0.0,0,0,0,0.3063297318927571,0.7989234693877552,Medium,High,1,0,S1,High-Value Loyal,Store Pickup,Cash,0,0
3248,53,Senior (50-70),Female,Accessories,Summer,Arkansas,91.0,12,26,2366.0,3.7,0,0,0,0.0,0,0,0,0.2858959583833533,0.688747448979592,Low,High,1,0,S1,High-Value Loyal,Express,Paypal,1,1
3249,22,Teen (18-24),Female,Clothing,Summer,Pennsylvania,79.0,41,4,316.0,4.2,0,0,0,0.0,0,1,0,0.3956038415366146,0.8142066326530611,Medium,High,0,1,S0,General Buyers,Free Shipping,Bank Transfer,0,0
3250,26,Young Adult (25-34),Female,Accessories,Summer,Virginia,83.0,32,4,332.0,3.4,0,0,0,0.0,0,0,0,0.2765018007202881,0.7377882653061225,Low,High,1,0,S1,High-Value Loyal,Express,Credit Card,1,1
3251,23,Teen (18-24),Female,Outerwear,Spring,Minnesota,90.0,15,52,4680.0,2.9,0,0,0,0.0,0,0,0,0.3677142857142856,0.6516785714285714,Medium,High,1,0,S1,High-Value Loyal,2-Day Shipping,Venmo,1,1
3252,25,Young Adult (25-34),Female,Outerwear,Winter,Nevada,20.0,39,4,80.0,3.7,0,0,0,0.0,0,0,0,0.343358943577431,0.5158775510204081,Medium,Medium,0,1,S0,General Buyers,Standard,Venmo,0,1
3253,69,Senior (50-70),Female,Footwear,Spring,Montana,21.0,48,26,546.0,2.7,0,0,0,0.0,0,0,0,0.4263041216486594,0.506170918367347,Medium,Medium,0,1,S0,General Buyers,Store Pickup,Credit Card,0,1
3254,36,Mid-Age (35-49),Female,Accessories,Fall,Nebraska,60.0,8,26,1560.0,3.2,0,0,0,0.0,0,0,0,0.221406162464986,0.5027142857142857,Low,Medium,0,0,S0,General Buyers,2-Day Shipping,Venmo,1,1
3255,21,Teen (18-24),Female,Clothing,Winter,Indiana,31.0,11,4,124.0,4.9,0,0,0,0.0,0,1,1,0.2679303721488596,0.4931454081632653,Low,Medium,0,0,S5,Low-Value Occasional,Store Pickup,Bank Transfer,0,0
3256,57,Senior (50-70),Female,Clothing,Fall,New Jersey,40.0,36,12,480.0,2.8,0,0,0,0.0,0,0,0,0.2922072829131652,0.5340714285714285,Low,Medium,0,0,S0,General Buyers,Next Day Air,Bank Transfer,1,0
3257,60,Senior (50-70),Female,Accessories,Winter,Wisconsin,26.0,50,4,104.0,4.7,0,0,0,0.0,0,1,1,0.4907058823529412,0.65825,High,High,0,1,S0,General Buyers,Free Shipping,Venmo,0,1
3258,44,Mid-Age (35-49),Female,Clothing,Fall,Minnesota,98.0,39,4,392.0,3.3,0,0,0,0.0,0,0,0,0.3113589435774309,0.8331275510204081,Medium,High,1,1,S1,High-Value Loyal,Express,Venmo,1,1
3259,31,Young Adult (25-34),Female,Footwear,Spring,New Jersey,51.0,11,26,1326.0,4.3,0,0,0,0.0,0,1,0,0.3277735094037615,0.5446454081632653,Medium,Medium,0,0,S0,General Buyers,Express,Credit Card,1,1
3260,57,Senior (50-70),Female,Accessories,Fall,Oklahoma,95.0,5,4,380.0,3.7,0,0,0,0.0,0,0,0,0.1351956782713085,0.6705331632653062,Low,High,1,0,S1,High-Value Loyal,2-Day Shipping,Debit Card,1,1
3261,39,Mid-Age (35-49),Female,Accessories,Summer,Wisconsin,36.0,7,1,36.0,4.5,0,0,0,0.0,0,1,1,0.196734693877551,0.4706122448979591,Low,Medium,0,0,S5,Low-Value Occasional,2-Day Shipping,Credit Card,1,1
3262,48,Mid-Age (35-49),Female,Accessories,Winter,Rhode Island,52.0,50,52,2704.0,3.4,0,0,0,0.0,0,0,0,0.622,0.6940000000000001,High,High,0,1,S0,General Buyers,Store Pickup,Debit Card,0,1
3263,42,Mid-Age (35-49),Female,Clothing,Spring,Indiana,35.0,21,4,140.0,2.7,0,0,0,0.0,0,0,0,0.1531548619447779,0.4296658163265306,Low,Medium,0,0,S0,General Buyers,Standard,Cash,0,0
3264,56,Senior (50-70),Female,Clothing,Fall,Vermont,68.0,31,26,1768.0,4.4,0,0,0,0.0,0,1,0,0.4582224889955982,0.7270612244897959,High,High,0,0,S0,General Buyers,Express,Debit Card,1,1
3265,28,Young Adult (25-34),Female,Clothing,Winter,Maine,50.0,39,26,1300.0,4.0,0,0,0,0.0,0,1,0,0.4752020808323329,0.6651275510204081,High,High,0,1,S0,General Buyers,Express,Cash,1,0
3266,40,Mid-Age (35-49),Female,Accessories,Winter,Alabama,100.0,28,26,2600.0,3.2,0,0,0,0.0,0,0,0,0.3438551420568227,0.7797551020408163,Medium,High,1,0,S1,High-Value Loyal,Express,Credit Card,1,1
3267,49,Mid-Age (35-49),Female,Outerwear,Winter,Alabama,74.0,33,52,3848.0,4.2,0,0,0,0.0,0,1,0,0.5819183673469388,0.751515306122449,High,High,0,0,S0,General Buyers,Next Day Air,Bank Transfer,1,0
3268,37,Mid-Age (35-49),Female,Clothing,Winter,Idaho,45.0,42,4,180.0,3.0,0,0,0,0.0,0,0,0,0.3057262905162065,0.5985586734693877,Medium,Medium,0,1,S0,General Buyers,Store Pickup,Credit Card,0,1
3269,22,Teen (18-24),Female,Clothing,Fall,Arkansas,97.0,5,4,388.0,2.8,0,0,0,0.0,0,0,0,0.0631956782713085,0.6252831632653062,Low,High,1,0,S1,High-Value Loyal,Free Shipping,Bank Transfer,0,0
3270,27,Young Adult (25-34),Female,Clothing,Winter,Ohio,60.0,25,12,720.0,4.9,0,0,0,0.0,0,1,1,0.3928603441376551,0.6914489795918367,Medium,High,0,0,S0,General Buyers,Express,Cash,1,0
3271,59,Senior (50-70),Female,Clothing,Winter,Illinois,25.0,48,1,25.0,4.7,0,0,0,0.0,0,1,1,0.4637551020408163,0.6436709183673469,High,High,0,1,S0,General Buyers,Express,Paypal,1,1
3272,35,Mid-Age (35-49),Female,Clothing,Spring,Nevada,55.0,30,52,2860.0,4.4,0,0,0,0.0,0,1,0,0.5795510204081633,0.6650841836734693,High,High,0,0,S0,General Buyers,Standard,Credit Card,0,1
3273,58,Senior (50-70),Female,Footwear,Winter,Texas,99.0,34,4,396.0,3.1,0,0,0,0.0,0,0,0,0.2647466986794717,0.7999923469387755,Low,High,1,0,S1,High-Value Loyal,Next Day Air,Paypal,1,1
3274,58,Senior (50-70),Female,Accessories,Summer,Nevada,45.0,34,4,180.0,2.6,0,0,0,0.0,0,0,0,0.2247466986794717,0.5337423469387755,Low,Medium,0,0,S0,General Buyers,Free Shipping,Paypal,0,1
3275,46,Mid-Age (35-49),Female,Clothing,Spring,Oklahoma,20.0,14,26,520.0,3.9,0,0,0,0.0,0,0,0,0.3141408563425369,0.4003265306122449,Medium,Low,0,0,S0,General Buyers,Store Pickup,Cash,0,0
3276,43,Mid-Age (35-49),Female,Clothing,Summer,Alabama,88.0,2,52,4576.0,2.6,0,0,0,0.0,0,0,0,0.2641224489795918,0.5586020408163266,Low,Medium,1,0,S0,General Buyers,2-Day Shipping,Debit Card,1,1
3277,39,Mid-Age (35-49),Female,Accessories,Summer,South Dakota,99.0,41,4,396.0,4.0,0,0,0,0.0,0,1,0,0.3796038415366146,0.8897066326530613,Medium,High,1,1,S1,High-Value Loyal,Store Pickup,Paypal,0,1
3278,59,Senior (50-70),Female,Clothing,Spring,Texas,86.0,3,12,1032.0,4.9,0,0,0,0.0,0,1,1,0.2581664665866347,0.692954081632653,Low,High,1,0,S1,High-Value Loyal,Store Pickup,Credit Card,0,1
3279,59,Senior (50-70),Female,Clothing,Summer,Montana,70.0,18,52,3640.0,3.3,0,0,0,0.0,0,0,0,0.4180816326530612,0.6034846938775511,Medium,High,0,0,S0,General Buyers,2-Day Shipping,Bank Transfer,1,0
3280,59,Senior (50-70),Female,Accessories,Fall,Wyoming,50.0,1,26,1300.0,3.0,0,0,0,0.0,0,0,0,0.1625490196078431,0.41125,Low,Low,0,0,S0,General Buyers,Express,Debit Card,1,1
3281,45,Mid-Age (35-49),Female,Accessories,Winter,New York,57.0,5,12,684.0,2.7,0,0,0,0.0,0,0,0,0.0944113645458183,0.4442831632653061,Low,Medium,0,0,S0,General Buyers,Next Day Air,Paypal,1,1
3282,27,Young Adult (25-34),Female,Clothing,Winter,Oregon,69.0,41,1,69.0,3.1,0,0,0,0.0,0,0,0,0.2928979591836734,0.7044566326530612,Low,High,0,1,S0,General Buyers,Free Shipping,Bank Transfer,0,0
3283,24,Teen (18-24),Female,Clothing,Fall,California,94.0,5,12,1128.0,4.8,0,0,0,0.0,0,1,1,0.2624113645458183,0.7321581632653061,Low,High,1,0,S1,High-Value Loyal,Next Day Air,Credit Card,1,1
3284,47,Mid-Age (35-49),Female,Outerwear,Spring,North Carolina,24.0,10,4,96.0,2.9,0,0,0,0.0,0,0,0,0.1018079231692677,0.3374183673469388,Low,Low,0,0,S5,Low-Value Occasional,Express,Debit Card,1,1
3285,70,Senior (50-70),Female,Accessories,Spring,Kentucky,79.0,20,1,79.0,4.5,0,0,0,0.0,0,1,1,0.2763265306122449,0.7250637755102041,Low,High,0,0,S0,General Buyers,2-Day Shipping,Venmo,1,1
3286,58,Senior (50-70),Female,Accessories,Fall,Hawaii,31.0,11,52,1612.0,4.6,0,0,0,0.0,0,1,1,0.4792244897959183,0.4751454081632653,High,Medium,0,0,S5,Low-Value Occasional,Free Shipping,Cash,0,0
3287,45,Mid-Age (35-49),Female,Outerwear,Winter,Illinois,67.0,4,26,1742.0,5.0,0,0,0,0.0,0,1,1,0.3409163665466186,0.6209311224489796,Medium,High,0,0,S0,General Buyers,Express,Venmo,1,1
3288,24,Teen (18-24),Female,Clothing,Spring,West Virginia,63.0,38,52,3276.0,4.3,0,0,0,0.0,0,1,0,0.6205306122448979,0.7349005102040816,High,High,0,1,S0,General Buyers,2-Day Shipping,Credit Card,1,1
3289,67,Senior (50-70),Female,Accessories,Spring,South Carolina,61.0,19,26,1586.0,4.9,0,0,0,0.0,0,1,1,0.4247531012404962,0.6652117346938776,Medium,High,0,0,S0,General Buyers,Next Day Air,Credit Card,1,1
3290,31,Young Adult (25-34),Female,Accessories,Summer,Montana,50.0,16,4,200.0,4.0,0,0,0,0.0,0,1,0,0.2265426170468187,0.5477806122448979,Low,Medium,0,0,S0,General Buyers,2-Day Shipping,Venmo,1,1
3291,52,Senior (50-70),Female,Outerwear,Spring,North Dakota,82.0,2,12,984.0,3.1,0,0,0,0.0,0,0,0,0.1080440176070428,0.5623520408163265,Low,Medium,1,0,S0,General Buyers,Free Shipping,Paypal,0,1
3292,29,Young Adult (25-34),Female,Accessories,Fall,New Mexico,51.0,11,12,612.0,2.6,0,0,0,0.0,0,0,0,0.1231460584233693,0.4426454081632653,Low,Medium,0,0,S0,General Buyers,2-Day Shipping,Cash,1,0
3293,62,Senior (50-70),Female,Accessories,Spring,Missouri,23.0,18,26,598.0,4.9,0,0,0,0.0,0,1,1,0.4186306522609044,0.493859693877551,Medium,Medium,0,0,S0,General Buyers,Standard,Bank Transfer,0,0
3294,19,Teen (18-24),Female,Outerwear,Spring,West Virginia,91.0,47,26,2366.0,3.5,0,0,0,0.0,0,0,0,0.4841816726690676,0.8553188775510203,High,High,1,1,S1,High-Value Loyal,2-Day Shipping,Credit Card,1,1
3295,62,Senior (50-70),Female,Clothing,Spring,South Carolina,60.0,15,26,1560.0,4.5,0,0,0,0.0,0,1,1,0.3682633053221288,0.6164285714285714,Medium,High,0,0,S0,General Buyers,Store Pickup,Bank Transfer,0,0
3296,70,Senior (50-70),Female,Clothing,Summer,West Virginia,34.0,15,52,1768.0,2.8,0,0,0,0.0,0,0,0,0.3597142857142856,0.4006785714285714,Medium,Low,0,0,S0,General Buyers,Next Day Air,Cash,1,0
3297,20,Teen (18-24),Female,Clothing,Spring,Alaska,23.0,47,4,92.0,4.2,0,0,0,0.0,0,1,0,0.4323385354141656,0.5998188775510204,Medium,High,0,1,S0,General Buyers,Next Day Air,Venmo,1,1
3298,67,Senior (50-70),Female,Accessories,Fall,West Virginia,82.0,47,12,984.0,4.1,0,0,0,0.0,0,1,0,0.4635542216886754,0.8519438775510204,High,High,1,1,S1,High-Value Loyal,Free Shipping,Paypal,0,1
3299,65,Senior (50-70),Female,Outerwear,Fall,New Mexico,73.0,6,4,292.0,3.5,0,0,0,0.0,0,0,0,0.1253181272509003,0.5673852040816327,Low,Medium,0,0,S0,General Buyers,Express,Bank Transfer,1,0
3300,45,Mid-Age (35-49),Female,Clothing,Spring,South Dakota,32.0,18,12,384.0,4.0,0,0,0,0.0,0,1,0,0.2780032012805122,0.479234693877551,Low,Medium,0,0,S0,General Buyers,2-Day Shipping,Venmo,1,1
3301,26,Young Adult (25-34),Female,Accessories,Spring,Oklahoma,80.0,40,26,2080.0,4.0,0,0,0,0.0,0,1,0,0.4813245298119247,0.8014795918367347,High,High,0,1,S0,General Buyers,Express,Bank Transfer,1,0
3302,36,Mid-Age (35-49),Female,Clothing,Summer,Oklahoma,58.0,31,26,1508.0,2.5,0,0,0,0.0,0,0,0,0.3062224889955982,0.5693112244897959,Medium,Medium,0,0,S0,General Buyers,Free Shipping,Credit Card,0,1
3303,36,Mid-Age (35-49),Female,Clothing,Winter,Alabama,82.0,31,26,2132.0,4.2,0,0,0,0.0,0,1,0,0.4422224889955982,0.776311224489796,Medium,High,1,0,S1,High-Value Loyal,Standard,Venmo,0,1
3304,20,Teen (18-24),Female,Accessories,Summer,Mississippi,60.0,4,26,1560.0,3.4,0,0,0,0.0,0,0,0,0.2129163665466186,0.4943061224489796,Low,Medium,0,0,S0,General Buyers,Next Day Air,Credit Card,1,1
3305,30,Young Adult (25-34),Female,Accessories,Fall,Mississippi,79.0,36,4,316.0,4.8,0,0,0,0.0,0,1,1,0.4129915966386555,0.8246964285714286,Medium,High,0,0,S0,General Buyers,Next Day Air,Bank Transfer,1,0
3306,34,Young Adult (25-34),Female,Clothing,Summer,Nebraska,41.0,31,26,1066.0,4.9,0,0,0,0.0,0,1,1,0.4982224889955983,0.6389362244897959,High,High,0,0,S0,General Buyers,Standard,Paypal,0,1
3307,63,Senior (50-70),Female,Outerwear,Summer,Colorado,39.0,6,26,1014.0,3.6,0,0,0,0.0,0,0,0,0.2411612645058023,0.4246352040816326,Low,Low,0,0,S5,Low-Value Occasional,Store Pickup,Venmo,0,1
3308,18,Teen (18-24),Female,Accessories,Winter,Pennsylvania,36.0,1,12,432.0,4.0,0,0,0,0.0,0,1,0,0.1739215686274509,0.41,Low,Low,0,0,S5,Low-Value Occasional,Store Pickup,Cash,0,0
3309,55,Senior (50-70),Female,Clothing,Fall,Utah,70.0,29,12,840.0,2.6,0,0,0,0.0,0,0,0,0.2333501400560224,0.6176071428571428,Low,High,0,0,S0,General Buyers,Express,Cash,1,0
3310,48,Mid-Age (35-49),Female,Accessories,Summer,Massachusetts,47.0,19,12,564.0,3.1,0,0,0,0.0,0,0,0,0.212125650260104,0.4959617346938776,Low,Medium,0,0,S0,General Buyers,Store Pickup,Paypal,0,1
3311,45,Mid-Age (35-49),Female,Outerwear,Winter,Iowa,27.0,12,26,702.0,3.6,0,0,0,0.0,0,0,0,0.2778959583833533,0.4027474489795918,Low,Low,0,0,S5,Low-Value Occasional,Free Shipping,Paypal,0,1
3312,29,Young Adult (25-34),Female,Accessories,Summer,Florida,52.0,18,1,52.0,4.0,0,0,0,0.0,0,1,0,0.2240816326530612,0.566734693877551,Low,Medium,0,0,S0,General Buyers,Express,Bank Transfer,1,0
3313,55,Senior (50-70),Female,Footwear,Summer,Louisiana,75.0,45,4,300.0,3.9,0,0,0,0.0,0,0,0,0.396093637454982,0.7991147959183673,Medium,High,0,1,S0,General Buyers,Next Day Air,Cash,1,0
3314,55,Senior (50-70),Female,Accessories,Fall,Kansas,30.0,45,12,360.0,3.9,0,0,0,0.0,0,0,0,0.4353093237294918,0.6022397959183673,Medium,High,0,1,S0,General Buyers,Express,Credit Card,1,1
3315,55,Senior (50-70),Female,Clothing,Spring,Kansas,94.0,8,4,376.0,3.3,0,0,0,0.0,0,0,0,0.121563025210084,0.6574642857142857,Low,High,1,0,S1,High-Value Loyal,Standard,Credit Card,0,1
3316,48,Mid-Age (35-49),Female,Accessories,Summer,Kentucky,68.0,4,4,272.0,2.9,0,0,0,0.0,0,0,0,0.0650732292917166,0.4993061224489796,Low,Medium,0,0,S0,General Buyers,Standard,Paypal,0,1
3317,42,Mid-Age (35-49),Female,Clothing,Summer,New Mexico,45.0,5,26,1170.0,3.1,0,0,0,0.0,0,0,0,0.1950388155262105,0.4157831632653062,Low,Low,0,0,S0,General Buyers,Free Shipping,Debit Card,0,1
3318,21,Teen (18-24),Female,Accessories,Summer,North Carolina,67.0,30,4,268.0,4.7,0,0,0,0.0,0,1,1,0.3682569027611044,0.7355841836734694,Medium,High,0,0,S0,General Buyers,Standard,Cash,0,0
3319,45,Mid-Age (35-49),Female,Outerwear,Summer,North Dakota,46.0,15,12,552.0,3.9,0,0,0,0.0,0,0,0,0.2516358543417367,0.5191785714285714,Low,Medium,0,0,S0,General Buyers,Free Shipping,Paypal,0,1
3320,23,Teen (18-24),Female,Clothing,Summer,North Dakota,31.0,17,4,124.0,4.3,0,0,0,0.0,0,1,0,0.2566650660264105,0.4877576530612245,Low,Medium,0,0,S0,General Buyers,Next Day Air,Credit Card,1,1
3321,66,Senior (50-70),Female,Clothing,Fall,Illinois,44.0,45,4,176.0,4.2,0,0,0,0.0,0,1,0,0.420093637454982,0.6814897959183673,Medium,High,0,1,S0,General Buyers,2-Day Shipping,Cash,1,0
3322,32,Young Adult (25-34),Female,Outerwear,Winter,Maine,100.0,3,1,100.0,4.3,0,0,0,0.0,0,1,0,0.1562448979591836,0.718204081632653,Low,High,1,0,S1,High-Value Loyal,Next Day Air,Venmo,1,1
3323,52,Senior (50-70),Female,Clothing,Winter,Indiana,92.0,43,52,4784.0,4.6,0,0,0,0.0,0,1,1,0.675142857142857,0.9052857142857142,High,High,1,1,S1,High-Value Loyal,Next Day Air,Paypal,1,1
3324,54,Senior (50-70),Female,Accessories,Winter,North Dakota,78.0,4,12,936.0,3.8,0,0,0,0.0,0,0,0,0.1762889155662264,0.5970561224489795,Low,Medium,0,0,S0,General Buyers,Free Shipping,Credit Card,0,1
3325,37,Mid-Age (35-49),Female,Clothing,Fall,Missouri,32.0,41,52,1664.0,3.3,0,0,0,0.0,0,0,0,0.5588979591836735,0.5545816326530613,High,Medium,0,1,S0,General Buyers,Standard,Venmo,0,1
3326,29,Young Adult (25-34),Female,Footwear,Fall,Alaska,97.0,16,12,1164.0,3.7,0,0,0,0.0,0,0,0,0.2417583033213285,0.735405612244898,Low,High,1,0,S1,High-Value Loyal,2-Day Shipping,Venmo,1,1
3327,47,Mid-Age (35-49),Female,Accessories,Summer,North Dakota,95.0,10,1,95.0,4.3,0,0,0,0.0,0,1,0,0.1991020408163265,0.7320433673469388,Low,High,1,0,S1,High-Value Loyal,Standard,Debit Card,0,1
3328,47,Mid-Age (35-49),Female,Clothing,Spring,Connecticut,64.0,2,4,256.0,4.1,0,0,0,0.0,0,1,0,0.1488283313325329,0.5436020408163266,Low,Medium,0,0,S0,General Buyers,Express,Debit Card,1,1
3329,42,Mid-Age (35-49),Female,Footwear,Spring,Wisconsin,35.0,11,26,910.0,3.2,0,0,0,0.0,0,0,0,0.2397735094037615,0.4086454081632653,Low,Low,0,0,S5,Low-Value Occasional,Free Shipping,Cash,0,0
3330,34,Young Adult (25-34),Female,Accessories,Winter,New Jersey,54.0,1,26,1404.0,3.8,0,0,0,0.0,0,0,0,0.2265490196078431,0.47675,Low,Medium,0,0,S0,General Buyers,Express,Debit Card,1,1
3331,38,Mid-Age (35-49),Female,Footwear,Spring,Missouri,96.0,41,4,384.0,3.2,0,0,0,0.0,0,0,0,0.3156038415366147,0.8285816326530613,Medium,High,1,1,S1,High-Value Loyal,2-Day Shipping,Bank Transfer,1,0
3332,55,Senior (50-70),Female,Accessories,Summer,California,58.0,39,4,232.0,3.5,0,0,0,0.0,0,0,0,0.327358943577431,0.6701275510204081,Medium,High,0,1,S0,General Buyers,Free Shipping,Paypal,0,1
3333,27,Young Adult (25-34),Female,Clothing,Summer,Washington,23.0,1,26,598.0,3.1,0,0,0,0.0,0,0,0,0.1705490196078431,0.299125,Low,Low,0,0,S5,Low-Value Occasional,2-Day Shipping,Paypal,1,1
3334,55,Senior (50-70),Female,Clothing,Spring,Minnesota,35.0,3,12,420.0,4.2,0,0,0,0.0,0,1,0,0.2021664665866346,0.4278290816326531,Low,Medium,0,0,S5,Low-Value Occasional,Express,Paypal,1,1
3335,66,Senior (50-70),Female,Clothing,Summer,California,23.0,21,1,23.0,3.4,0,0,0,0.0,0,0,0,0.1944489795918367,0.4191658163265306,Low,Low,0,0,S0,General Buyers,Free Shipping,Credit Card,0,1
3336,44,Mid-Age (35-49),Female,Accessories,Winter,Texas,94.0,48,4,376.0,3.5,0,0,0,0.0,0,0,0,0.3824609843937575,0.8735459183673469,Medium,High,1,1,S1,High-Value Loyal,Express,Bank Transfer,1,0
3337,39,Mid-Age (35-49),Female,Clothing,Fall,Montana,45.0,24,1,45.0,4.0,0,0,0,0.0,0,1,0,0.2608163265306122,0.5667219387755102,Low,Medium,0,0,S0,General Buyers,Free Shipping,Debit Card,0,1
3338,23,Teen (18-24),Female,Outerwear,Winter,Arizona,23.0,45,26,598.0,4.4,0,0,0,0.0,0,1,0,0.543936774709884,0.6016147959183673,High,High,0,1,S0,General Buyers,2-Day Shipping,Bank Transfer,1,0
3339,29,Young Adult (25-34),Female,Clothing,Winter,Minnesota,94.0,46,12,1128.0,2.9,0,0,0,0.0,0,0,0,0.3614317727090836,0.8273418367346939,Medium,High,1,1,S1,High-Value Loyal,2-Day Shipping,Credit Card,1,1
3340,20,Teen (18-24),Female,Accessories,Fall,Nebraska,99.0,35,26,2574.0,3.6,0,0,0,0.0,0,0,0,0.4187122849139656,0.835094387755102,Medium,High,1,0,S1,High-Value Loyal,Store Pickup,Cash,0,0
3341,42,Mid-Age (35-49),Female,Clothing,Fall,Virginia,36.0,47,26,936.0,4.4,0,0,0,0.0,0,1,0,0.5561816726690676,0.6686938775510204,High,High,0,1,S0,General Buyers,Free Shipping,Credit Card,0,1
3342,55,Senior (50-70),Female,Outerwear,Summer,Connecticut,50.0,35,12,600.0,4.5,0,0,0,0.0,0,1,1,0.4220848339335734,0.674719387755102,Medium,High,0,0,S0,General Buyers,Standard,Credit Card,0,1
3343,66,Senior (50-70),Female,Outerwear,Spring,New Jersey,81.0,45,52,4212.0,3.8,0,0,0,0.0,0,0,0,0.6233877551020408,0.8193647959183673,High,High,1,1,S1,High-Value Loyal,Free Shipping,Credit Card,0,1
3344,24,Teen (18-24),Female,Clothing,Winter,Kentucky,31.0,6,26,806.0,3.6,0,0,0,0.0,0,0,0,0.2411612645058023,0.3896352040816326,Low,Low,0,0,S5,Low-Value Occasional,2-Day Shipping,Cash,1,0
3345,62,Senior (50-70),Female,Accessories,Fall,Washington,48.0,20,1,48.0,4.3,0,0,0,0.0,0,1,0,0.2603265306122448,0.5774387755102041,Low,Medium,0,0,S0,General Buyers,Free Shipping,Cash,0,0
3346,28,Young Adult (25-34),Female,Accessories,Summer,Florida,91.0,3,26,2366.0,4.0,0,0,0,0.0,0,1,0,0.2547939175670268,0.6608290816326531,Low,High,1,0,S1,High-Value Loyal,2-Day Shipping,Venmo,1,1
3347,30,Young Adult (25-34),Female,Clothing,Summer,Oklahoma,99.0,30,4,396.0,3.4,0,0,0,0.0,0,0,0,0.2642569027611044,0.7975841836734694,Low,High,1,0,S1,High-Value Loyal,Express,Venmo,1,1
3348,22,Teen (18-24),Female,Footwear,Summer,Iowa,70.0,28,26,1820.0,4.4,0,0,0,0.0,0,1,0,0.4398551420568227,0.7205051020408163,Medium,High,0,0,S0,General Buyers,Standard,Paypal,0,1
3349,28,Young Adult (25-34),Female,Clothing,Winter,New Hampshire,74.0,15,4,296.0,2.8,0,0,0,0.0,0,0,0,0.1244201680672268,0.5756785714285715,Low,Medium,0,0,S0,General Buyers,Standard,Cash,0,0
3350,35,Mid-Age (35-49),Female,Accessories,Fall,Georgia,79.0,29,4,316.0,2.8,0,0,0,0.0,0,0,0,0.2101344537815125,0.6689821428571429,Low,High,0,0,S0,General Buyers,Store Pickup,Paypal,0,1
3351,45,Mid-Age (35-49),Female,Accessories,Fall,Mississippi,33.0,15,26,858.0,4.9,0,0,0,0.0,0,1,1,0.4002633053221289,0.5223035714285714,Medium,Medium,0,0,S0,General Buyers,2-Day Shipping,Cash,1,0
3352,43,Mid-Age (35-49),Female,Clothing,Spring,New Hampshire,49.0,18,26,1274.0,4.2,0,0,0,0.0,0,1,0,0.3626306522609043,0.565609693877551,Medium,Medium,0,0,S0,General Buyers,2-Day Shipping,Bank Transfer,1,0
3353,55,Senior (50-70),Female,Accessories,Summer,Washington,96.0,7,26,2496.0,2.9,0,0,0,0.0,0,0,0,0.1912837134853941,0.6371122448979591,Low,High,1,0,S1,High-Value Loyal,Next Day Air,Bank Transfer,1,0
3354,31,Young Adult (25-34),Female,Clothing,Fall,Ohio,66.0,19,4,264.0,4.6,0,0,0,0.0,0,1,1,0.2929099639855942,0.6690867346938775,Low,High,0,0,S0,General Buyers,Free Shipping,Credit Card,0,1
3355,42,Mid-Age (35-49),Female,Clothing,Fall,Maryland,45.0,15,52,2340.0,2.8,0,0,0,0.0,0,0,0,0.3597142857142856,0.4488035714285714,Medium,Medium,0,0,S0,General Buyers,Next Day Air,Paypal,1,1
3356,40,Mid-Age (35-49),Female,Clothing,Spring,Delaware,28.0,3,26,728.0,2.6,0,0,0,0.0,0,0,0,0.1427939175670268,0.301204081632653,Low,Low,0,0,S5,Low-Value Occasional,Store Pickup,Bank Transfer,0,0
3357,39,Mid-Age (35-49),Female,Clothing,Summer,Tennessee,48.0,13,26,1248.0,3.5,0,0,0,0.0,0,0,0,0.2760184073629452,0.4937244897959184,Low,Medium,0,0,S0,General Buyers,Store Pickup,Paypal,0,1
3358,41,Mid-Age (35-49),Female,Clothing,Winter,Arkansas,67.0,37,12,804.0,3.5,0,0,0,0.0,0,0,0,0.3543297318927571,0.6992984693877551,Medium,High,0,0,S0,General Buyers,Free Shipping,Credit Card,0,1
3359,56,Senior (50-70),Female,Clothing,Fall,Tennessee,59.0,26,1,59.0,3.4,0,0,0,0.0,0,0,0,0.2250612244897959,0.6021760204081633,Low,High,0,0,S0,General Buyers,2-Day Shipping,Cash,1,0
3360,43,Mid-Age (35-49),Female,Accessories,Fall,New Hampshire,74.0,29,12,888.0,3.9,0,0,0,0.0,0,0,0,0.3373501400560224,0.7131071428571428,Medium,High,0,0,S0,General Buyers,Next Day Air,Debit Card,1,1
3361,22,Teen (18-24),Female,Outerwear,Spring,Minnesota,81.0,47,4,324.0,3.3,0,0,0,0.0,0,0,0,0.3603385354141656,0.7995688775510205,Medium,High,1,1,S1,High-Value Loyal,2-Day Shipping,Cash,1,0
3362,47,Mid-Age (35-49),Female,Footwear,Spring,Florida,26.0,47,26,676.0,4.1,0,0,0,0.0,0,1,0,0.5321816726690676,0.6069438775510204,High,High,0,1,S0,General Buyers,Free Shipping,Credit Card,0,1
3363,50,Senior (50-70),Female,Accessories,Summer,Tennessee,61.0,48,26,1586.0,3.0,0,0,0,0.0,0,0,0,0.4503041216486594,0.6991709183673469,Medium,High,0,1,S0,General Buyers,Next Day Air,Venmo,1,1
3364,58,Senior (50-70),Female,Clothing,Winter,California,23.0,46,26,598.0,3.0,0,0,0,0.0,0,0,0,0.4380592236894758,0.5227168367346939,Medium,Medium,0,1,S0,General Buyers,Next Day Air,Bank Transfer,1,0
3365,50,Senior (50-70),Female,Accessories,Fall,Oregon,33.0,7,12,396.0,3.2,0,0,0,0.0,0,0,0,0.146656262505002,0.3794872448979591,Low,Low,0,0,S5,Low-Value Occasional,Standard,Credit Card,0,1
3366,43,Mid-Age (35-49),Female,Clothing,Fall,Tennessee,58.0,45,4,232.0,3.9,0,0,0,0.0,0,0,0,0.396093637454982,0.7247397959183673,Medium,High,0,1,S0,General Buyers,Express,Credit Card,1,1
3367,38,Mid-Age (35-49),Female,Accessories,Spring,North Carolina,65.0,47,4,260.0,3.6,0,0,0,0.0,0,0,0,0.3843385354141657,0.7475688775510205,Medium,High,0,1,S0,General Buyers,2-Day Shipping,Debit Card,1,1
3368,44,Mid-Age (35-49),Female,Clothing,Summer,Tennessee,48.0,6,26,1248.0,3.1,0,0,0,0.0,0,0,0,0.2011612645058023,0.4340102040816326,Low,Medium,0,0,S0,General Buyers,Store Pickup,Venmo,0,1
3369,30,Young Adult (25-34),Female,Footwear,Spring,Nebraska,25.0,29,4,100.0,4.8,0,0,0,0.0,0,1,1,0.3701344537815125,0.5527321428571429,Medium,Medium,0,0,S0,General Buyers,Express,Bank Transfer,1,0
3370,47,Mid-Age (35-49),Female,Clothing,Winter,Maine,51.0,42,12,612.0,3.8,0,0,0,0.0,0,0,0,0.4089419767907163,0.6728086734693878,Medium,High,0,1,S0,General Buyers,2-Day Shipping,Cash,1,0
3371,30,Young Adult (25-34),Female,Accessories,Summer,Illinois,31.0,46,26,806.0,2.8,0,0,0,0.0,0,0,0,0.4220592236894757,0.5457168367346938,Medium,Medium,0,1,S0,General Buyers,Store Pickup,Cash,0,0
3372,49,Mid-Age (35-49),Female,Clothing,Winter,Colorado,99.0,28,1,99.0,4.0,0,0,0,0.0,0,1,0,0.2853061224489795,0.8233801020408164,Low,High,1,0,S1,High-Value Loyal,Next Day Air,Paypal,1,1
3373,56,Senior (50-70),Female,Clothing,Winter,Pennsylvania,25.0,14,4,100.0,4.6,0,0,0,0.0,0,1,1,0.262297719087635,0.4642015306122449,Low,Medium,0,0,S0,General Buyers,Free Shipping,Credit Card,0,1
3374,70,Senior (50-70),Female,Footwear,Spring,Minnesota,52.0,12,4,208.0,3.5,0,0,0,0.0,0,0,0,0.1620528211284514,0.5061224489795919,Low,Medium,0,0,S0,General Buyers,Store Pickup,Debit Card,0,1
3375,22,Teen (18-24),Female,Clothing,Spring,Nevada,47.0,41,1,47.0,3.7,0,0,0,0.0,0,0,0,0.3408979591836735,0.6442066326530613,Medium,High,0,1,S0,General Buyers,2-Day Shipping,Debit Card,1,1
3376,51,Senior (50-70),Female,Footwear,Fall,Connecticut,98.0,8,1,98.0,4.9,0,0,0,0.0,0,1,1,0.2348571428571429,0.7709642857142857,Low,High,1,0,S1,High-Value Loyal,Express,Credit Card,1,1
3377,22,Teen (18-24),Female,Accessories,Winter,Ohio,46.0,24,4,184.0,4.1,0,0,0,0.0,0,1,0,0.2835222088835534,0.5770969387755102,Low,Medium,0,0,S0,General Buyers,Store Pickup,Cash,0,0
3378,37,Mid-Age (35-49),Female,Clothing,Winter,Kentucky,32.0,18,26,832.0,4.6,0,0,0,0.0,0,1,1,0.3946306522609043,0.515234693877551,Medium,Medium,0,0,S0,General Buyers,Next Day Air,Paypal,1,1
3379,49,Mid-Age (35-49),Female,Clothing,Fall,Minnesota,75.0,6,4,300.0,4.5,0,0,0,0.0,0,1,1,0.2053181272509003,0.6361352040816326,Low,High,0,0,S0,General Buyers,Next Day Air,Cash,1,0
3380,61,Senior (50-70),Female,Accessories,Summer,Tennessee,51.0,40,52,2652.0,5.0,0,0,0,0.0,0,1,1,0.6887755102040816,0.7346045918367347,High,High,0,1,S0,General Buyers,Store Pickup,Cash,0,0
3381,41,Mid-Age (35-49),Female,Clothing,Summer,North Dakota,52.0,6,4,208.0,3.8,0,0,0,0.0,0,0,0,0.1493181272509003,0.4935102040816326,Low,Medium,0,0,S0,General Buyers,Standard,Paypal,0,1
3382,57,Senior (50-70),Female,Accessories,Winter,Minnesota,66.0,27,4,264.0,4.7,0,0,0,0.0,0,1,1,0.3498895558223289,0.7159030612244898,Medium,High,0,0,S0,General Buyers,Standard,Credit Card,0,1
3383,34,Young Adult (25-34),Female,Clothing,Spring,Nebraska,35.0,2,52,1820.0,2.8,0,0,0,0.0,0,0,0,0.2801224489795918,0.3387270408163265,Low,Low,0,0,S5,Low-Value Occasional,Express,Bank Transfer,1,0
3384,27,Young Adult (25-34),Female,Outerwear,Fall,Delaware,43.0,39,26,1118.0,2.6,0,0,0,0.0,0,0,0,0.3632020808323329,0.5505025510204081,Medium,Medium,0,1,S0,General Buyers,Next Day Air,Venmo,1,1
3385,39,Mid-Age (35-49),Female,Clothing,Summer,Minnesota,24.0,9,4,96.0,3.8,0,0,0,0.0,0,0,0,0.1676854741896758,0.3863163265306122,Low,Low,0,0,S5,Low-Value Occasional,Free Shipping,Venmo,0,1
3386,62,Senior (50-70),Female,Accessories,Winter,Rhode Island,83.0,16,4,332.0,2.8,0,0,0,0.0,0,0,0,0.1305426170468187,0.6201556122448979,Low,High,1,0,S1,High-Value Loyal,Standard,Credit Card,0,1
3387,34,Young Adult (25-34),Female,Clothing,Fall,Michigan,62.0,36,4,248.0,2.6,0,0,0,0.0,0,0,0,0.2369915966386554,0.6183214285714286,Low,High,0,0,S0,General Buyers,2-Day Shipping,Cash,1,0
3388,53,Senior (50-70),Female,Clothing,Spring,New Jersey,78.0,2,26,2028.0,3.4,0,0,0,0.0,0,0,0,0.2006714685874349,0.5628520408163266,Low,Medium,0,0,S0,General Buyers,2-Day Shipping,Credit Card,1,1
3389,35,Mid-Age (35-49),Female,Clothing,Spring,South Dakota,61.0,21,52,3172.0,4.5,0,0,0,0.0,0,1,1,0.5324489795918368,0.6514158163265306,High,High,0,0,S0,General Buyers,Store Pickup,Credit Card,0,1
3390,38,Mid-Age (35-49),Female,Clothing,Fall,North Carolina,57.0,39,1,57.0,3.8,0,0,0,0.0,0,0,0,0.3366530612244898,0.6837525510204081,Medium,High,0,1,S0,General Buyers,Free Shipping,Venmo,0,1
3391,32,Young Adult (25-34),Female,Clothing,Summer,Oregon,70.0,38,1,70.0,3.0,0,0,0,0.0,0,0,0,0.2665306122448979,0.6875255102040816,Low,High,0,1,S0,General Buyers,Next Day Air,Paypal,1,1
3392,47,Mid-Age (35-49),Female,Clothing,Fall,Montana,57.0,6,4,228.0,3.7,0,0,0,0.0,0,0,0,0.1413181272509003,0.5093852040816327,Low,Medium,0,0,S0,General Buyers,2-Day Shipping,Debit Card,1,1
3393,53,Senior (50-70),Female,Accessories,Winter,New Jersey,74.0,6,26,1924.0,4.4,0,0,0,0.0,0,1,0,0.3051612645058023,0.6257602040816327,Medium,High,0,0,S0,General Buyers,Free Shipping,Venmo,0,1
3394,60,Senior (50-70),Female,Clothing,Fall,Arizona,90.0,50,12,1080.0,3.1,0,0,0,0.0,0,0,0,0.401921568627451,0.8422499999999999,Medium,High,1,1,S1,High-Value Loyal,Next Day Air,Debit Card,1,1
3395,31,Young Adult (25-34),Female,Footwear,Spring,Vermont,98.0,9,1,98.0,4.2,0,0,0,0.0,0,1,0,0.1849795918367347,0.7340663265306122,Low,High,1,0,S1,High-Value Loyal,Store Pickup,Paypal,0,1
3396,44,Mid-Age (35-49),Female,Clothing,Winter,Colorado,43.0,15,4,172.0,3.1,0,0,0,0.0,0,0,0,0.1484201680672269,0.4580535714285714,Low,Medium,0,0,S0,General Buyers,Free Shipping,Debit Card,0,1
3397,29,Young Adult (25-34),Female,Clothing,Winter,Tennessee,37.0,5,4,148.0,5.0,0,0,0,0.0,0,1,1,0.2391956782713085,0.4947831632653061,Low,Medium,0,0,S5,Low-Value Occasional,Next Day Air,Paypal,1,1
3398,19,Teen (18-24),Female,Clothing,Summer,New Jersey,38.0,13,26,988.0,2.7,0,0,0,0.0,0,0,0,0.2120184073629452,0.4019744897959184,Low,Low,0,0,S5,Low-Value Occasional,Standard,Bank Transfer,0,0
3399,54,Senior (50-70),Female,Clothing,Winter,Montana,60.0,44,26,1560.0,3.8,0,0,0,0.0,0,0,0,0.4898143257302921,0.7223877551020408,High,High,0,1,S0,General Buyers,Standard,Cash,0,0
3400,40,Mid-Age (35-49),Female,Clothing,Winter,Montana,55.0,36,1,55.0,3.3,0,0,0,0.0,0,0,0,0.2782857142857142,0.6296964285714286,Low,High,0,0,S0,General Buyers,Standard,Debit Card,0,1
3401,39,Mid-Age (35-49),Female,Accessories,Fall,Nevada,51.0,18,26,1326.0,4.8,0,0,0,0.0,0,1,1,0.4106306522609043,0.610359693877551,Medium,High,0,0,S0,General Buyers,Free Shipping,Venmo,0,1
3402,44,Mid-Age (35-49),Female,Accessories,Winter,Nevada,71.0,39,52,3692.0,3.4,0,0,0,0.0,0,0,0,0.5546530612244898,0.7210025510204081,High,High,0,1,S0,General Buyers,Standard,Credit Card,0,1
3403,22,Teen (18-24),Female,Clothing,Spring,Louisiana,61.0,11,4,244.0,4.4,0,0,0,0.0,0,1,0,0.2279303721488595,0.5943954081632653,Low,Medium,0,0,S0,General Buyers,2-Day Shipping,Paypal,1,1
3404,30,Young Adult (25-34),Female,Footwear,Summer,Illinois,65.0,1,26,1690.0,3.9,0,0,0,0.0,0,0,0,0.2345490196078431,0.530875,Low,Medium,0,0,S0,General Buyers,Standard,Cash,0,0
3405,69,Senior (50-70),Female,Accessories,Fall,South Carolina,34.0,34,1,34.0,3.9,0,0,0,0.0,0,0,0,0.3140408163265306,0.5636173469387755,Medium,Medium,0,0,S0,General Buyers,2-Day Shipping,Credit Card,1,1
3406,28,Young Adult (25-34),Female,Clothing,Summer,Washington,87.0,47,26,2262.0,4.2,0,0,0,0.0,0,1,0,0.5401816726690676,0.8798188775510204,High,High,1,1,S1,High-Value Loyal,Store Pickup,Bank Transfer,0,0
3407,57,Senior (50-70),Female,Clothing,Spring,Nebraska,79.0,24,4,316.0,4.0,0,0,0,0.0,0,1,0,0.2755222088835534,0.7154719387755102,Low,High,0,0,S0,General Buyers,Store Pickup,Venmo,0,1
3408,46,Mid-Age (35-49),Female,Clothing,Spring,Alabama,46.0,20,4,184.0,2.6,0,0,0,0.0,0,0,0,0.139032412965186,0.466688775510204,Low,Medium,0,0,S0,General Buyers,Store Pickup,Cash,0,0
3409,48,Mid-Age (35-49),Female,Clothing,Summer,Montana,72.0,11,1,72.0,4.4,0,0,0,0.0,0,1,0,0.2132244897959184,0.6425204081632653,Low,High,0,0,S0,General Buyers,Standard,Bank Transfer,0,0
3410,24,Teen (18-24),Female,Clothing,Summer,Minnesota,93.0,3,4,372.0,3.2,0,0,0,0.0,0,0,0,0.0829507803121248,0.6215790816326531,Low,High,1,0,S1,High-Value Loyal,Next Day Air,Credit Card,1,1
3411,50,Senior (50-70),Female,Footwear,Summer,Ohio,76.0,38,26,1976.0,4.3,0,0,0,0.0,0,1,0,0.493079631852741,0.7917755102040815,High,High,0,1,S0,General Buyers,Free Shipping,Bank Transfer,0,0
3412,29,Young Adult (25-34),Female,Footwear,Winter,New York,56.0,45,52,2912.0,4.9,0,0,0,0.0,0,1,1,0.7113877551020409,0.7759897959183674,High,High,0,1,S0,General Buyers,2-Day Shipping,Cash,1,0
3413,61,Senior (50-70),Female,Footwear,Fall,Indiana,83.0,31,4,332.0,3.8,0,0,0,0.0,0,0,0,0.3023793517406963,0.7566862244897958,Low,High,1,0,S1,High-Value Loyal,Store Pickup,Venmo,0,1
3414,34,Young Adult (25-34),Female,Accessories,Winter,Delaware,90.0,16,26,2340.0,2.5,0,0,0,0.0,0,0,0,0.2143857543017207,0.6327806122448979,Low,High,1,0,S1,High-Value Loyal,Express,Paypal,1,1
3415,27,Young Adult (25-34),Female,Footwear,Spring,Connecticut,94.0,3,4,376.0,4.9,0,0,0,0.0,0,1,1,0.2189507803121249,0.7279540816326531,Low,High,1,0,S1,High-Value Loyal,Next Day Air,Bank Transfer,1,0
3416,38,Mid-Age (35-49),Female,Clothing,Fall,New York,68.0,15,1,68.0,3.0,0,0,0,0.0,0,0,0,0.1257142857142857,0.5614285714285714,Low,Medium,0,0,S0,General Buyers,2-Day Shipping,Bank Transfer,1,0
3417,25,Young Adult (25-34),Female,Footwear,Spring,Alabama,53.0,11,4,212.0,3.2,0,0,0,0.0,0,0,0,0.1319303721488595,0.4873954081632653,Low,Medium,0,0,S0,General Buyers,Store Pickup,Bank Transfer,0,0
3418,54,Senior (50-70),Female,Outerwear,Summer,Massachusetts,35.0,22,26,910.0,2.9,0,0,0,0.0,0,0,0,0.2831204481792717,0.4467678571428571,Low,Medium,0,0,S0,General Buyers,2-Day Shipping,Debit Card,1,1
3419,53,Senior (50-70),Female,Outerwear,Summer,South Carolina,30.0,35,1,30.0,2.8,0,0,0,0.0,0,0,0,0.2321632653061224,0.485219387755102,Low,Medium,0,0,S0,General Buyers,Free Shipping,Debit Card,0,1
3420,23,Teen (18-24),Female,Accessories,Winter,West Virginia,26.0,5,26,676.0,3.1,0,0,0,0.0,0,0,0,0.1950388155262105,0.3326581632653062,Low,Low,0,0,S5,Low-Value Occasional,Store Pickup,Venmo,0,1
3421,19,Teen (18-24),Female,Accessories,Winter,Kentucky,60.0,35,26,1560.0,3.4,0,0,0,0.0,0,0,0,0.4027122849139656,0.6524693877551021,Medium,High,0,0,S0,General Buyers,Express,Paypal,1,1
3422,57,Senior (50-70),Female,Footwear,Summer,New Jersey,30.0,27,52,1560.0,2.9,0,0,0,0.0,0,0,0,0.4411836734693877,0.4504030612244898,Medium,Medium,0,0,S0,General Buyers,Free Shipping,Paypal,0,1
3423,19,Teen (18-24),Female,Outerwear,Winter,New York,91.0,9,12,1092.0,3.2,0,0,0,0.0,0,0,0,0.1589011604641857,0.6434413265306123,Low,High,1,0,S1,High-Value Loyal,Next Day Air,Venmo,1,1
3424,33,Young Adult (25-34),Female,Footwear,Spring,Massachusetts,71.0,21,26,1846.0,3.8,0,0,0,0.0,0,0,0,0.3489979991996798,0.6531658163265305,Medium,High,0,0,S0,General Buyers,Next Day Air,Paypal,1,1
3425,33,Young Adult (25-34),Female,Accessories,Summer,Florida,64.0,23,12,768.0,3.6,0,0,0,0.0,0,0,0,0.2766154461784714,0.6207448979591836,Low,High,0,0,S0,General Buyers,2-Day Shipping,Credit Card,1,1
3426,38,Mid-Age (35-49),Female,Accessories,Summer,Michigan,54.0,3,26,1404.0,4.3,0,0,0,0.0,0,1,0,0.2787939175670267,0.5169540816326531,Low,Medium,0,0,S0,General Buyers,Next Day Air,Debit Card,1,1
3427,47,Mid-Age (35-49),Female,Clothing,Fall,Oregon,35.0,31,1,35.0,4.8,0,0,0,0.0,0,1,1,0.3676734693877551,0.6066862244897959,Medium,High,0,0,S0,General Buyers,2-Day Shipping,Credit Card,1,1
3428,39,Mid-Age (35-49),Female,Clothing,Winter,Michigan,38.0,44,1,38.0,2.5,0,0,0,0.0,0,0,0,0.2632653061224489,0.5481377551020408,Low,Medium,0,1,S0,General Buyers,Store Pickup,Cash,0,0
3429,32,Young Adult (25-34),Female,Accessories,Fall,Washington,69.0,20,12,828.0,2.5,0,0,0,0.0,0,0,0,0.1702480992396958,0.5613137755102041,Low,Medium,0,0,S0,General Buyers,Next Day Air,Venmo,1,1
3430,27,Young Adult (25-34),Female,Clothing,Winter,Alaska,96.0,34,52,4992.0,4.6,0,0,0,0.0,0,1,1,0.6200408163265305,0.8768673469387754,High,High,1,0,S1,High-Value Loyal,Express,Debit Card,1,1
3431,67,Senior (50-70),Female,Clothing,Winter,Montana,73.0,17,4,292.0,4.2,0,0,0,0.0,0,1,0,0.2486650660264105,0.6655076530612244,Low,High,0,0,S0,General Buyers,Next Day Air,Bank Transfer,1,0
3432,46,Mid-Age (35-49),Female,Accessories,Summer,New Mexico,49.0,20,1,49.0,4.2,0,0,0,0.0,0,1,0,0.2523265306122449,0.5758137755102041,Low,Medium,0,0,S0,General Buyers,Express,Venmo,1,1
3433,36,Mid-Age (35-49),Female,Footwear,Summer,Connecticut,44.0,46,4,176.0,4.8,0,0,0,0.0,0,1,1,0.4742160864345738,0.7225918367346938,High,High,0,1,S0,General Buyers,2-Day Shipping,Paypal,1,1
3434,62,Senior (50-70),Female,Clothing,Spring,Alaska,93.0,28,1,93.0,4.5,0,0,0,0.0,0,1,1,0.3253061224489796,0.8271301020408163,Medium,High,1,0,S1,High-Value Loyal,Free Shipping,Paypal,0,1
3435,31,Young Adult (25-34),Female,Clothing,Summer,Ohio,72.0,6,26,1872.0,3.3,0,0,0,0.0,0,0,0,0.2171612645058023,0.5510102040816327,Low,Medium,0,0,S0,General Buyers,2-Day Shipping,Venmo,1,1
3436,68,Senior (50-70),Female,Clothing,Summer,Montana,91.0,50,26,2366.0,2.7,0,0,0,0.0,0,0,0,0.4385490196078431,0.8226249999999999,Medium,High,1,1,S1,High-Value Loyal,2-Day Shipping,Debit Card,1,1
3437,57,Senior (50-70),Female,Accessories,Winter,Nebraska,83.0,41,12,996.0,2.8,0,0,0,0.0,0,0,0,0.3228195278111244,0.7477066326530613,Medium,High,1,1,S1,High-Value Loyal,2-Day Shipping,Bank Transfer,1,0
3438,22,Teen (18-24),Female,Outerwear,Winter,Oklahoma,62.0,50,1,62.0,3.5,0,0,0,0.0,0,0,0,0.38,0.7437499999999999,Medium,High,0,1,S0,General Buyers,2-Day Shipping,Paypal,1,1
3439,26,Young Adult (25-34),Female,Clothing,Fall,Kentucky,71.0,33,12,852.0,3.0,0,0,0,0.0,0,0,0,0.2898399359743897,0.666390306122449,Low,High,0,0,S0,General Buyers,Store Pickup,Credit Card,0,1
3440,43,Mid-Age (35-49),Female,Accessories,Summer,Idaho,93.0,25,4,372.0,4.5,0,0,0,0.0,0,1,1,0.3216446578631453,0.8118239795918367,Medium,High,1,0,S1,High-Value Loyal,Express,Venmo,1,1
3441,45,Mid-Age (35-49),Female,Accessories,Fall,Maryland,63.0,2,52,3276.0,4.3,0,0,0,0.0,0,1,0,0.4001224489795918,0.5512270408163266,Medium,Medium,0,0,S0,General Buyers,2-Day Shipping,Paypal,1,1
3442,64,Senior (50-70),Female,Clothing,Fall,Tennessee,96.0,15,1,96.0,4.1,0,0,0,0.0,0,1,0,0.2137142857142857,0.7499285714285714,Low,High,1,0,S1,High-Value Loyal,Standard,Credit Card,0,1
3443,28,Young Adult (25-34),Female,Clothing,Spring,Michigan,78.0,12,52,4056.0,4.3,0,0,0,0.0,0,1,0,0.4613469387755102,0.6678724489795919,High,High,0,0,S0,General Buyers,Next Day Air,Paypal,1,1
3444,47,Mid-Age (35-49),Female,Clothing,Summer,Tennessee,24.0,28,26,624.0,5.0,0,0,0,0.0,0,1,1,0.4878551420568227,0.5552551020408163,High,Medium,0,0,S0,General Buyers,Free Shipping,Cash,0,0
3445,53,Senior (50-70),Female,Clothing,Summer,Rhode Island,63.0,12,26,1638.0,3.8,0,0,0,0.0,0,0,0,0.2938959583833533,0.5722474489795918,Low,Medium,0,0,S0,General Buyers,2-Day Shipping,Bank Transfer,1,0
3446,42,Mid-Age (35-49),Female,Accessories,Fall,Florida,58.0,3,1,58.0,4.9,0,0,0,0.0,0,1,1,0.2042448979591837,0.5704540816326531,Low,Medium,0,0,S0,General Buyers,Standard,Debit Card,0,1
3447,51,Senior (50-70),Female,Footwear,Spring,Louisiana,55.0,20,52,2860.0,5.0,0,0,0,0.0,0,1,1,0.5663265306122449,0.6500637755102041,High,High,0,0,S0,General Buyers,2-Day Shipping,Cash,1,0
3448,62,Senior (50-70),Female,Footwear,Fall,Arkansas,58.0,3,26,1508.0,4.3,0,0,0,0.0,0,1,0,0.2787939175670267,0.5344540816326531,Low,Medium,0,0,S0,General Buyers,Express,Bank Transfer,1,0
3449,18,Teen (18-24),Female,Outerwear,Winter,Kentucky,28.0,32,26,728.0,4.1,0,0,0,0.0,0,1,0,0.44034493797519,0.5391632653061225,Medium,Medium,0,0,S0,General Buyers,Express,Bank Transfer,1,0
3450,48,Mid-Age (35-49),Female,Clothing,Spring,Kansas,37.0,35,12,444.0,4.5,0,0,0,0.0,0,1,1,0.4220848339335734,0.6178443877551021,Medium,High,0,0,S0,General Buyers,Standard,Cash,0,0
3451,20,Teen (18-24),Female,Clothing,Spring,Vermont,78.0,31,12,936.0,3.6,0,0,0,0.0,0,0,0,0.3255950380152061,0.722811224489796,Medium,High,0,0,S0,General Buyers,Store Pickup,Paypal,0,1
3452,32,Young Adult (25-34),Female,Clothing,Fall,Nevada,73.0,13,1,73.0,3.0,0,0,0,0.0,0,0,0,0.113469387755102,0.5730994897959183,Low,Medium,0,0,S0,General Buyers,Free Shipping,Credit Card,0,1
3453,26,Young Adult (25-34),Female,Outerwear,Spring,Oklahoma,20.0,3,26,520.0,3.7,0,0,0,0.0,0,0,0,0.2307939175670268,0.3322040816326531,Low,Low,0,0,S5,Low-Value Occasional,Next Day Air,Venmo,1,1
3454,31,Young Adult (25-34),Female,Clothing,Winter,Alabama,60.0,48,26,1560.0,4.3,0,0,0,0.0,0,1,0,0.5543041216486594,0.7727959183673468,High,High,0,1,S0,General Buyers,Standard,Venmo,0,1
3455,55,Senior (50-70),Female,Accessories,Fall,Louisiana,71.0,15,26,1846.0,4.6,0,0,0,0.0,0,1,1,0.3762633053221288,0.6705535714285714,Medium,High,0,0,S0,General Buyers,Store Pickup,Paypal,0,1
3456,49,Mid-Age (35-49),Female,Clothing,Fall,Ohio,89.0,13,1,89.0,4.7,0,0,0,0.0,0,1,1,0.249469387755102,0.7450994897959183,Low,High,1,0,S1,High-Value Loyal,Standard,Venmo,0,1
3457,42,Mid-Age (35-49),Female,Clothing,Fall,Texas,53.0,21,12,636.0,4.6,0,0,0,0.0,0,1,1,0.3443705482192877,0.6224158163265305,Medium,High,0,0,S0,General Buyers,Express,Venmo,1,1
3458,64,Senior (50-70),Female,Accessories,Summer,Maryland,87.0,29,26,2262.0,3.0,0,0,0,0.0,0,0,0,0.3339775910364145,0.7159821428571429,Medium,High,1,0,S1,High-Value Loyal,Express,Cash,1,0
3459,68,Senior (50-70),Female,Accessories,Spring,West Virginia,37.0,24,4,148.0,3.4,0,0,0,0.0,0,0,0,0.2275222088835534,0.4957219387755102,Low,Medium,0,0,S0,General Buyers,Standard,Venmo,0,1
3460,68,Senior (50-70),Female,Clothing,Fall,Ohio,37.0,21,1,37.0,3.8,0,0,0,0.0,0,0,0,0.2264489795918367,0.5044158163265305,Low,Medium,0,0,S0,General Buyers,Express,Paypal,1,1
3461,41,Mid-Age (35-49),Female,Accessories,Spring,Indiana,78.0,5,26,2028.0,3.1,0,0,0,0.0,0,0,0,0.1950388155262105,0.5601581632653061,Low,Medium,0,0,S0,General Buyers,Express,Bank Transfer,1,0
3462,51,Senior (50-70),Female,Footwear,Spring,Wyoming,23.0,47,4,92.0,4.4,0,0,0,0.0,0,1,0,0.4483385354141657,0.6118188775510204,Medium,High,0,1,S0,General Buyers,Standard,Cash,0,0
3463,44,Mid-Age (35-49),Female,Clothing,Spring,Michigan,73.0,34,4,292.0,4.5,0,0,0,0.0,0,1,1,0.3767466986794718,0.7702423469387755,Medium,High,0,0,S0,General Buyers,Standard,Credit Card,0,1
3464,27,Young Adult (25-34),Female,Accessories,Fall,Maine,27.0,45,26,702.0,2.8,0,0,0,0.0,0,0,0,0.4159367747098839,0.5231147959183673,Medium,Medium,0,1,S0,General Buyers,2-Day Shipping,Paypal,1,1
3465,36,Mid-Age (35-49),Female,Outerwear,Winter,Utah,59.0,12,1,59.0,2.7,0,0,0,0.0,0,0,0,0.0833469387755102,0.4887474489795919,Low,Medium,0,0,S0,General Buyers,Next Day Air,Paypal,1,1
3466,19,Teen (18-24),Female,Accessories,Spring,Iowa,53.0,31,52,2756.0,3.4,0,0,0,0.0,0,0,0,0.505673469387755,0.601436224489796,High,High,0,0,S0,General Buyers,Standard,Debit Card,0,1
3467,49,Mid-Age (35-49),Female,Clothing,Summer,Maryland,42.0,43,1,42.0,4.6,0,0,0,0.0,0,1,1,0.4251428571428571,0.6865357142857142,Medium,High,0,1,S0,General Buyers,Standard,Bank Transfer,0,0
3468,18,Teen (18-24),Female,Accessories,Fall,Texas,45.0,5,1,45.0,5.0,0,0,0,0.0,0,1,1,0.2244897959183673,0.5297831632653062,Low,Medium,0,0,S0,General Buyers,Next Day Air,Credit Card,1,1
3469,36,Mid-Age (35-49),Female,Accessories,Winter,Ohio,89.0,36,4,356.0,3.5,0,0,0,0.0,0,0,0,0.3089915966386555,0.7904464285714285,Medium,High,1,0,S1,High-Value Loyal,Standard,Debit Card,0,1
3470,36,Mid-Age (35-49),Female,Clothing,Fall,North Dakota,85.0,12,1,85.0,3.3,0,0,0,0.0,0,0,0,0.1313469387755101,0.6384974489795918,Low,High,1,0,S1,High-Value Loyal,Store Pickup,Cash,0,0
3471,19,Teen (18-24),Female,Outerwear,Summer,West Virginia,69.0,31,26,1794.0,4.5,0,0,0,0.0,0,1,1,0.4662224889955982,0.737436224489796,High,High,0,0,S0,General Buyers,Free Shipping,Cash,0,0
3472,43,Mid-Age (35-49),Female,Footwear,Spring,North Carolina,66.0,31,26,1716.0,3.1,0,0,0,0.0,0,0,0,0.3542224889955983,0.6403112244897959,Medium,High,0,0,S0,General Buyers,Store Pickup,Cash,0,0
3473,31,Young Adult (25-34),Female,Clothing,Summer,Georgia,42.0,15,52,2184.0,4.0,0,0,0,0.0,0,1,0,0.4557142857142857,0.5076785714285714,Medium,Medium,0,0,S0,General Buyers,Free Shipping,Debit Card,0,1
3474,63,Senior (50-70),Female,Clothing,Spring,Kansas,40.0,11,52,2080.0,2.5,0,0,0,0.0,0,0,0,0.3112244897959184,0.3885204081632653,Medium,Low,0,0,S0,General Buyers,Express,Cash,1,0
3475,41,Mid-Age (35-49),Female,Clothing,Winter,Maine,82.0,18,12,984.0,4.4,0,0,0,0.0,0,1,0,0.3100032012805122,0.721984693877551,Medium,High,1,0,S1,High-Value Loyal,Store Pickup,Venmo,0,1
3476,48,Mid-Age (35-49),Female,Footwear,Spring,South Carolina,88.0,9,4,352.0,4.4,0,0,0,0.0,0,1,0,0.2156854741896758,0.7023163265306122,Low,High,1,0,S1,High-Value Loyal,Express,Cash,1,0
3477,68,Senior (50-70),Female,Footwear,Summer,South Carolina,99.0,11,52,5148.0,3.2,0,0,0,0.0,0,0,0,0.3672244897959184,0.6886454081632654,Medium,High,1,0,S1,High-Value Loyal,Free Shipping,Cash,0,0
3478,53,Senior (50-70),Female,Accessories,Spring,Kentucky,85.0,38,26,2210.0,3.8,0,0,0,0.0,0,0,0,0.453079631852741,0.8011505102040816,Medium,High,1,1,S1,High-Value Loyal,Store Pickup,Debit Card,0,1
3479,36,Mid-Age (35-49),Female,Accessories,Fall,Arizona,57.0,42,4,228.0,4.6,0,0,0,0.0,0,1,1,0.4337262905162065,0.7470586734693877,Medium,High,0,1,S0,General Buyers,Store Pickup,Paypal,0,1
3480,46,Mid-Age (35-49),Female,Clothing,Summer,New York,56.0,41,12,672.0,4.9,0,0,0,0.0,0,1,1,0.4908195278111245,0.7555816326530612,High,High,0,1,S0,General Buyers,Standard,Cash,0,0
3481,21,Teen (18-24),Female,Footwear,Winter,New Hampshire,79.0,45,12,948.0,3.5,0,0,0,0.0,0,0,0,0.4033093237294918,0.7926147959183674,Medium,High,0,1,S0,General Buyers,Free Shipping,Paypal,0,1
3482,52,Senior (50-70),Female,Clothing,Summer,Ohio,67.0,41,26,1742.0,3.4,0,0,0,0.0,0,0,0,0.4394469787915166,0.7137066326530612,Medium,High,0,1,S0,General Buyers,Store Pickup,Debit Card,0,1
3483,66,Senior (50-70),Female,Accessories,Winter,Hawaii,61.0,35,52,3172.0,3.9,0,0,0,0.0,0,0,0,0.5701632653061224,0.6868443877551019,High,High,0,0,S0,General Buyers,Next Day Air,Debit Card,1,1
3484,19,Teen (18-24),Female,Clothing,Winter,Texas,37.0,21,4,148.0,3.9,0,0,0,0.0,0,0,0,0.2491548619447779,0.5104158163265305,Low,Medium,0,0,S0,General Buyers,Express,Credit Card,1,1
3485,44,Mid-Age (35-49),Female,Clothing,Fall,Illinois,75.0,13,26,1950.0,4.2,0,0,0,0.0,0,1,0,0.3320184073629452,0.6538494897959183,Medium,High,0,0,S0,General Buyers,Free Shipping,Credit Card,0,1
3486,50,Senior (50-70),Female,Clothing,Winter,Massachusetts,21.0,23,26,546.0,3.4,0,0,0,0.0,0,0,0,0.3292428971588635,0.4206198979591837,Medium,Low,0,0,S0,General Buyers,Standard,Debit Card,0,1
3487,51,Senior (50-70),Female,Clothing,Winter,North Carolina,89.0,6,52,4628.0,4.9,0,0,0,0.0,0,1,1,0.4726122448979592,0.7213852040816326,High,High,1,0,S1,High-Value Loyal,Standard,Paypal,0,1
3488,25,Young Adult (25-34),Female,Footwear,Fall,West Virginia,24.0,39,1,24.0,2.9,0,0,0,0.0,0,0,0,0.2646530612244898,0.4853775510204081,Low,Medium,0,1,S0,General Buyers,Store Pickup,Bank Transfer,0,0
3489,62,Senior (50-70),Female,Clothing,Spring,Delaware,27.0,7,4,108.0,4.9,0,0,0,0.0,0,1,1,0.2434405762304922,0.4552372448979592,Low,Medium,0,0,S5,Low-Value Occasional,Store Pickup,Cash,0,0
3490,48,Mid-Age (35-49),Female,Clothing,Summer,Idaho,26.0,32,4,104.0,4.6,0,0,0,0.0,0,1,1,0.3725018007202881,0.5604132653061225,Medium,Medium,0,0,S0,General Buyers,2-Day Shipping,Paypal,1,1
3491,62,Senior (50-70),Female,Footwear,Spring,Oregon,82.0,43,4,328.0,3.6,0,0,0,0.0,0,0,0,0.3598487394957983,0.8015357142857142,Medium,High,1,1,S1,High-Value Loyal,Store Pickup,Credit Card,0,1
3492,22,Teen (18-24),Female,Clothing,Winter,Maine,28.0,15,12,336.0,4.3,0,0,0,0.0,0,1,0,0.2836358543417366,0.4644285714285714,Low,Medium,0,0,S0,General Buyers,Express,Cash,1,0
3493,48,Mid-Age (35-49),Female,Accessories,Fall,South Dakota,65.0,48,1,65.0,4.6,0,0,0,0.0,0,1,1,0.4557551020408162,0.812670918367347,Medium,High,0,1,S0,General Buyers,Standard,Bank Transfer,0,0
3494,48,Mid-Age (35-49),Female,Clothing,Winter,New Mexico,82.0,35,52,4264.0,4.7,0,0,0,0.0,0,1,1,0.6341632653061224,0.826719387755102,High,High,1,0,S1,High-Value Loyal,Store Pickup,Credit Card,0,1
3495,62,Senior (50-70),Female,Accessories,Winter,Washington,38.0,41,4,152.0,3.5,0,0,0,0.0,0,0,0,0.3396038415366146,0.5928316326530612,Medium,Medium,0,1,S0,General Buyers,Free Shipping,Paypal,0,1
3496,24,Teen (18-24),Female,Clothing,Spring,Georgia,33.0,14,52,1716.0,2.8,0,0,0,0.0,0,0,0,0.3535918367346938,0.3912015306122449,Medium,Low,0,0,S0,General Buyers,Free Shipping,Cash,0,0
3497,39,Mid-Age (35-49),Female,Footwear,Summer,Idaho,38.0,22,12,456.0,4.0,0,0,0,0.0,0,1,0,0.3024929971988795,0.5258928571428572,Low,Medium,0,0,S0,General Buyers,Free Shipping,Paypal,0,1
3498,35,Mid-Age (35-49),Female,Accessories,Spring,Colorado,48.0,16,4,192.0,4.3,0,0,0,0.0,0,1,0,0.2505426170468187,0.5570306122448979,Low,Medium,0,0,S0,General Buyers,Store Pickup,Venmo,0,1
3499,47,Mid-Age (35-49),Female,Footwear,Summer,Kentucky,35.0,2,26,910.0,3.8,0,0,0,0.0,0,0,0,0.2326714685874349,0.3987270408163265,Low,Low,0,0,S5,Low-Value Occasional,Standard,Bank Transfer,0,0
3500,22,Teen (18-24),Female,Clothing,Fall,New Jersey,29.0,13,4,116.0,3.0,0,0,0,0.0,0,0,0,0.1281752701080432,0.3805994897959184,Low,Low,0,0,S5,Low-Value Occasional,Next Day Air,Paypal,1,1
3501,38,Mid-Age (35-49),Female,Clothing,Fall,Oregon,48.0,38,26,1248.0,4.6,0,0,0,0.0,0,1,1,0.5170796318527411,0.6872755102040816,High,High,0,1,S0,General Buyers,Next Day Air,Debit Card,1,1
3502,53,Senior (50-70),Female,Footwear,Fall,Nebraska,87.0,43,52,4524.0,4.8,0,0,0,0.0,0,1,1,0.6911428571428571,0.8954107142857143,High,High,1,1,S1,High-Value Loyal,Standard,Bank Transfer,0,0
3503,31,Young Adult (25-34),Female,Accessories,Fall,Massachusetts,62.0,26,4,248.0,4.7,0,0,0,0.0,0,1,1,0.3437671068427371,0.6933010204081632,Medium,High,0,0,S0,General Buyers,Next Day Air,Bank Transfer,1,0
3504,31,Young Adult (25-34),Female,Clothing,Spring,Nebraska,96.0,39,52,4992.0,3.9,0,0,0,0.0,0,0,0,0.5946530612244898,0.860377551020408,High,High,1,1,S1,High-Value Loyal,Free Shipping,Cash,0,0
3505,65,Senior (50-70),Female,Accessories,Fall,Hawaii,41.0,50,12,492.0,4.0,0,0,0,0.0,0,1,0,0.4739215686274509,0.6818749999999999,High,High,0,1,S0,General Buyers,Next Day Air,Venmo,1,1
3506,48,Mid-Age (35-49),Female,Accessories,Winter,Indiana,42.0,40,4,168.0,3.7,0,0,0,0.0,0,0,0,0.3494813925570228,0.6172295918367348,Medium,High,0,1,S0,General Buyers,2-Day Shipping,Bank Transfer,1,0
3507,18,Teen (18-24),Female,Clothing,Winter,Illinois,57.0,12,26,1482.0,3.7,0,0,0,0.0,0,0,0,0.2858959583833533,0.5399974489795918,Low,Medium,0,0,S0,General Buyers,2-Day Shipping,Cash,1,0
3508,46,Mid-Age (35-49),Female,Accessories,Spring,Colorado,65.0,33,4,260.0,4.2,0,0,0,0.0,0,1,0,0.3466242496998799,0.7121403061224489,Medium,High,0,0,S0,General Buyers,Store Pickup,Credit Card,0,1
3509,52,Senior (50-70),Female,Clothing,Fall,Pennsylvania,54.0,49,52,2808.0,4.7,0,0,0,0.0,0,1,1,0.7198775510204082,0.7756479591836735,High,High,0,1,S0,General Buyers,Standard,Bank Transfer,0,0
3510,50,Senior (50-70),Female,Clothing,Winter,Ohio,22.0,43,26,572.0,4.3,0,0,0,0.0,0,1,0,0.5236918767507003,0.5810357142857143,High,Medium,0,1,S0,General Buyers,Next Day Air,Venmo,1,1
3511,49,Mid-Age (35-49),Female,Footwear,Fall,Pennsylvania,96.0,14,12,1152.0,4.9,0,0,0,0.0,0,1,1,0.3255134053621449,0.792826530612245,Medium,High,1,0,S1,High-Value Loyal,2-Day Shipping,Venmo,1,1
3512,69,Senior (50-70),Female,Accessories,Summer,Mississippi,81.0,21,4,324.0,3.9,0,0,0,0.0,0,0,0,0.2491548619447779,0.7029158163265306,Low,High,1,0,S1,High-Value Loyal,2-Day Shipping,Credit Card,1,1
3513,36,Mid-Age (35-49),Female,Clothing,Fall,Kentucky,46.0,31,4,184.0,3.4,0,0,0,0.0,0,0,0,0.2703793517406962,0.5708112244897959,Low,Medium,0,0,S0,General Buyers,Free Shipping,Debit Card,0,1
3514,30,Young Adult (25-34),Female,Clothing,Spring,Alaska,74.0,29,26,1924.0,4.2,0,0,0,0.0,0,1,0,0.4299775910364145,0.7311071428571428,Medium,High,0,0,S0,General Buyers,Store Pickup,Credit Card,0,1
3515,25,Young Adult (25-34),Female,Footwear,Winter,Georgia,50.0,32,12,600.0,4.7,0,0,0,0.0,0,1,1,0.4197174869947979,0.6714132653061224,Medium,High,0,0,S0,General Buyers,Express,Cash,1,0
3516,19,Teen (18-24),Female,Clothing,Winter,South Dakota,80.0,16,26,2080.0,4.0,0,0,0,0.0,0,1,0,0.3343857543017207,0.6790306122448979,Medium,High,0,0,S0,General Buyers,Next Day Air,Debit Card,1,1
3517,34,Young Adult (25-34),Female,Footwear,Summer,South Carolina,56.0,38,26,1456.0,4.0,0,0,0,0.0,0,1,0,0.469079631852741,0.6862755102040816,High,High,0,1,S0,General Buyers,Free Shipping,Paypal,0,1
3518,29,Young Adult (25-34),Female,Clothing,Winter,Tennessee,69.0,34,4,276.0,3.1,0,0,0,0.0,0,0,0,0.2647466986794717,0.6687423469387755,Low,High,0,0,S0,General Buyers,Next Day Air,Debit Card,1,1
3519,50,Senior (50-70),Female,Clothing,Spring,Colorado,97.0,30,4,388.0,4.2,0,0,0,0.0,0,1,0,0.3282569027611044,0.8368341836734693,Medium,High,1,0,S1,High-Value Loyal,Standard,Paypal,0,1
3520,31,Young Adult (25-34),Female,Clothing,Winter,Wisconsin,66.0,14,26,1716.0,3.7,0,0,0,0.0,0,0,0,0.298140856342537,0.5895765306122449,Low,Medium,0,0,S0,General Buyers,Next Day Air,Bank Transfer,1,0
3521,41,Mid-Age (35-49),Female,Accessories,Spring,Georgia,70.0,33,12,840.0,3.1,0,0,0,0.0,0,0,0,0.2978399359743897,0.668015306122449,Low,High,0,0,S0,General Buyers,Express,Bank Transfer,1,0
3522,52,Senior (50-70),Female,Footwear,Winter,Maryland,50.0,35,52,2600.0,3.7,0,0,0,0.0,0,0,0,0.5541632653061225,0.626719387755102,High,High,0,0,S0,General Buyers,Store Pickup,Venmo,0,1
3523,27,Young Adult (25-34),Female,Clothing,Spring,New Jersey,85.0,13,4,340.0,3.2,0,0,0,0.0,0,0,0,0.1441752701080432,0.6375994897959184,Low,High,1,0,S1,High-Value Loyal,Store Pickup,Cash,0,0
3524,49,Mid-Age (35-49),Female,Accessories,Summer,Nevada,59.0,30,26,1534.0,2.8,0,0,0,0.0,0,0,0,0.3241000400160063,0.5865841836734694,Medium,Medium,0,0,S0,General Buyers,Standard,Cash,0,0
3525,69,Senior (50-70),Female,Clothing,Summer,Michigan,74.0,30,12,888.0,2.9,0,0,0,0.0,0,0,0,0.2634725890356142,0.6582091836734694,Low,High,0,0,S0,General Buyers,Free Shipping,Credit Card,0,1
3526,45,Mid-Age (35-49),Female,Accessories,Winter,Wyoming,38.0,47,1,38.0,3.5,0,0,0,0.0,0,0,0,0.3616326530612245,0.6234438775510205,Medium,High,0,1,S0,General Buyers,Standard,Bank Transfer,0,0
3527,20,Teen (18-24),Female,Clothing,Spring,Massachusetts,99.0,1,4,396.0,3.8,0,0,0,0.0,0,0,0,0.1187058823529411,0.673625,Low,High,1,0,S1,High-Value Loyal,Express,Paypal,1,1
3528,25,Young Adult (25-34),Female,Clothing,Spring,Washington,97.0,1,52,5044.0,4.7,0,0,0,0.0,0,1,1,0.426,0.718875,Medium,High,1,0,S1,High-Value Loyal,Free Shipping,Cash,0,0
3529,38,Mid-Age (35-49),Female,Accessories,Summer,Maine,67.0,33,1,67.0,4.5,0,0,0,0.0,0,1,1,0.3559183673469388,0.738890306122449,Medium,High,0,0,S0,General Buyers,Free Shipping,Paypal,0,1
3530,55,Senior (50-70),Female,Clothing,Winter,Montana,20.0,43,52,1040.0,3.9,0,0,0,0.0,0,0,0,0.6191428571428571,0.5482857142857143,High,Medium,0,1,S0,General Buyers,Next Day Air,Bank Transfer,1,0
3531,62,Senior (50-70),Female,Accessories,Spring,Oklahoma,45.0,37,52,2340.0,3.4,0,0,0,0.0,0,0,0,0.542408163265306,0.5970484693877551,High,Medium,0,0,S0,General Buyers,Express,Paypal,1,1
3532,54,Senior (50-70),Female,Footwear,Winter,North Dakota,52.0,23,4,208.0,4.6,0,0,0,0.0,0,1,1,0.3173997599039616,0.6282448979591836,Medium,High,0,0,S0,General Buyers,2-Day Shipping,Cash,1,0
3533,61,Senior (50-70),Female,Clothing,Fall,Connecticut,68.0,12,1,68.0,4.6,0,0,0,0.0,0,1,1,0.2353469387755102,0.6421224489795918,Low,High,0,0,S0,General Buyers,Standard,Credit Card,0,1
3534,50,Senior (50-70),Female,Footwear,Fall,Texas,98.0,30,26,2548.0,4.7,0,0,0,0.0,0,1,1,0.4761000400160064,0.8712091836734693,High,High,1,0,S1,High-Value Loyal,Standard,Venmo,0,1
3535,65,Senior (50-70),Female,Footwear,Fall,Delaware,83.0,7,52,4316.0,3.2,0,0,0,0.0,0,0,0,0.342734693877551,0.5982372448979592,Medium,Medium,1,0,S0,General Buyers,Express,Cash,1,0
3536,68,Senior (50-70),Female,Clothing,Summer,Mississippi,51.0,20,12,612.0,5.0,0,0,0,0.0,0,1,1,0.3702480992396958,0.632563775510204,Medium,High,0,0,S0,General Buyers,Express,Debit Card,1,1
3537,55,Senior (50-70),Female,Accessories,Spring,Minnesota,21.0,10,12,252.0,4.5,0,0,0,0.0,0,1,1,0.2690236094437775,0.4202933673469388,Low,Low,0,0,S5,Low-Value Occasional,Express,Venmo,1,1
3538,57,Senior (50-70),Female,Accessories,Spring,Georgia,92.0,40,4,368.0,3.5,0,0,0,0.0,0,0,0,0.3334813925570228,0.8239795918367347,Medium,High,1,1,S1,High-Value Loyal,Standard,Credit Card,0,1
3539,56,Senior (50-70),Female,Footwear,Spring,Iowa,63.0,21,12,756.0,4.5,0,0,0,0.0,0,1,1,0.3363705482192877,0.6601658163265306,Medium,High,0,0,S0,General Buyers,Store Pickup,Venmo,0,1
3540,29,Young Adult (25-34),Female,Accessories,Spring,New York,56.0,17,26,1456.0,3.2,0,0,0,0.0,0,0,0,0.2765082032813125,0.5311326530612245,Low,Medium,0,0,S0,General Buyers,Express,Credit Card,1,1
3541,24,Teen (18-24),Female,Clothing,Spring,Nevada,95.0,5,52,4940.0,4.6,0,0,0,0.0,0,1,1,0.4424897959183673,0.7245331632653061,Medium,High,1,0,S1,High-Value Loyal,Free Shipping,Bank Transfer,0,0
3542,59,Senior (50-70),Female,Clothing,Winter,Virginia,66.0,22,1,66.0,4.0,0,0,0,0.0,0,1,0,0.2485714285714285,0.6483928571428571,Low,High,0,0,S0,General Buyers,Next Day Air,Paypal,1,1
3543,62,Senior (50-70),Female,Outerwear,Spring,Idaho,28.0,5,52,1456.0,4.2,0,0,0,0.0,0,1,0,0.4104897959183674,0.4074081632653061,Medium,Low,0,0,S5,Low-Value Occasional,Express,Venmo,1,1
3544,58,Senior (50-70),Female,Accessories,Winter,Colorado,83.0,18,4,332.0,4.1,0,0,0,0.0,0,1,0,0.2467875150060023,0.7083596938775509,Low,High,1,0,S1,High-Value Loyal,Standard,Paypal,0,1
3545,64,Senior (50-70),Female,Clothing,Fall,Wisconsin,55.0,42,4,220.0,3.6,0,0,0,0.0,0,0,0,0.3537262905162065,0.6783086734693877,Medium,High,0,1,S0,General Buyers,2-Day Shipping,Cash,1,0
3546,48,Mid-Age (35-49),Female,Footwear,Spring,Connecticut,28.0,22,1,28.0,3.7,0,0,0,0.0,0,0,0,0.2245714285714286,0.4641428571428571,Low,Medium,0,0,S0,General Buyers,2-Day Shipping,Debit Card,1,1
3547,60,Senior (50-70),Female,Accessories,Summer,Kansas,79.0,37,26,2054.0,3.6,0,0,0,0.0,0,0,0,0.4309571828731492,0.7577984693877551,Medium,High,0,0,S0,General Buyers,Free Shipping,Bank Transfer,0,0
3548,52,Senior (50-70),Female,Accessories,Summer,Pennsylvania,31.0,23,1,31.0,3.8,0,0,0,0.0,0,0,0,0.2386938775510204,0.4883698979591836,Low,Medium,0,0,S0,General Buyers,Standard,Credit Card,0,1
3549,63,Senior (50-70),Female,Clothing,Fall,Utah,37.0,47,26,962.0,3.0,0,0,0,0.0,0,0,0,0.4441816726690676,0.5890688775510204,Medium,Medium,0,1,S0,General Buyers,Standard,Debit Card,0,1
3550,44,Mid-Age (35-49),Female,Clothing,Summer,Oregon,34.0,11,26,884.0,3.4,0,0,0,0.0,0,0,0,0.2557735094037615,0.4162704081632652,Low,Low,0,0,S5,Low-Value Occasional,2-Day Shipping,Bank Transfer,1,0
3551,63,Senior (50-70),Female,Footwear,Winter,West Virginia,74.0,32,52,3848.0,4.8,0,0,0,0.0,0,1,1,0.6237959183673469,0.7824132653061224,High,High,0,0,S0,General Buyers,Standard,Cash,0,0
3552,66,Senior (50-70),Female,Accessories,Spring,Montana,31.0,20,52,1612.0,2.6,0,0,0,0.0,0,0,0,0.3743265306122449,0.4010637755102041,Medium,Low,0,0,S0,General Buyers,Store Pickup,Venmo,0,1
3553,22,Teen (18-24),Female,Accessories,Winter,Kentucky,66.0,3,4,264.0,2.9,0,0,0,0.0,0,0,0,0.0589507803121248,0.4854540816326531,Low,Medium,0,0,S0,General Buyers,Next Day Air,Paypal,1,1
3554,62,Senior (50-70),Female,Footwear,Spring,Minnesota,99.0,32,52,5148.0,4.9,0,0,0,0.0,0,1,1,0.6317959183673469,0.8977882653061225,High,High,1,0,S1,High-Value Loyal,Free Shipping,Bank Transfer,0,0
3555,39,Mid-Age (35-49),Female,Clothing,Spring,Louisiana,55.0,5,26,1430.0,5.0,0,0,0,0.0,0,1,1,0.3470388155262105,0.5735331632653061,Medium,Medium,0,0,S0,General Buyers,Free Shipping,Credit Card,0,1
3556,25,Young Adult (25-34),Female,Clothing,Spring,Delaware,23.0,45,4,92.0,4.6,0,0,0,0.0,0,1,1,0.452093637454982,0.6136147959183673,Medium,High,0,1,S0,General Buyers,Next Day Air,Cash,1,0
3557,70,Senior (50-70),Female,Clothing,Fall,Arizona,88.0,43,26,2288.0,4.2,0,0,0,0.0,0,1,0,0.5156918767507003,0.8637857142857143,High,High,1,1,S1,High-Value Loyal,Express,Cash,1,0
3558,52,Senior (50-70),Female,Outerwear,Summer,Nevada,26.0,1,4,104.0,4.9,0,0,0,0.0,0,1,1,0.2067058823529412,0.42025,Low,Low,0,0,S5,Low-Value Occasional,Next Day Air,Paypal,1,1
3559,68,Senior (50-70),Female,Accessories,Summer,Alaska,94.0,9,4,376.0,4.8,0,0,0,0.0,0,1,1,0.2476854741896758,0.7525663265306123,Low,High,1,0,S1,High-Value Loyal,Standard,Venmo,0,1
3560,18,Teen (18-24),Female,Clothing,Fall,Utah,25.0,13,4,100.0,3.0,0,0,0,0.0,0,0,0,0.1281752701080432,0.3630994897959183,Low,Low,0,0,S5,Low-Value Occasional,Next Day Air,Venmo,1,1
3561,18,Teen (18-24),Female,Clothing,Fall,Kansas,96.0,5,1,96.0,3.5,0,0,0,0.0,0,0,0,0.1044897959183673,0.6629081632653062,Low,High,1,0,S1,High-Value Loyal,Express,Credit Card,1,1
3562,63,Senior (50-70),Female,Footwear,Spring,North Carolina,29.0,39,26,754.0,3.4,0,0,0,0.0,0,0,0,0.4272020808323329,0.5372525510204081,Medium,Medium,0,1,S0,General Buyers,Standard,Credit Card,0,1
3563,47,Mid-Age (35-49),Female,Footwear,Winter,Maryland,36.0,7,52,1872.0,3.4,0,0,0,0.0,0,0,0,0.358734693877551,0.4046122448979591,Medium,Low,0,0,S5,Low-Value Occasional,Free Shipping,Bank Transfer,0,0
3564,43,Mid-Age (35-49),Female,Clothing,Summer,Maine,90.0,8,4,360.0,4.9,0,0,0,0.0,0,1,1,0.249563025210084,0.7359642857142857,Low,High,1,0,S1,High-Value Loyal,Standard,Credit Card,0,1
3565,60,Senior (50-70),Female,Accessories,Summer,Illinois,38.0,40,1,38.0,4.4,0,0,0,0.0,0,1,0,0.3907755102040816,0.6417295918367346,Medium,High,0,1,S0,General Buyers,Free Shipping,Venmo,0,1
3566,49,Mid-Age (35-49),Female,Accessories,Spring,Pennsylvania,52.0,35,12,624.0,4.2,0,0,0,0.0,0,1,0,0.3980848339335734,0.665469387755102,Medium,High,0,0,S0,General Buyers,Store Pickup,Paypal,0,1
3567,28,Young Adult (25-34),Female,Clothing,Spring,Alaska,88.0,14,12,1056.0,3.1,0,0,0,0.0,0,0,0,0.1815134053621448,0.6498265306122449,Low,High,1,0,S1,High-Value Loyal,Next Day Air,Venmo,1,1
3568,32,Young Adult (25-34),Female,Accessories,Summer,New Mexico,56.0,26,12,672.0,4.0,0,0,0,0.0,0,1,0,0.3269827931172469,0.6250510204081633,Medium,High,0,0,S0,General Buyers,Next Day Air,Credit Card,1,1
3569,29,Young Adult (25-34),Female,Footwear,Spring,Arkansas,71.0,14,4,284.0,4.8,0,0,0,0.0,0,1,1,0.278297719087635,0.677451530612245,Low,High,0,0,S0,General Buyers,Next Day Air,Paypal,1,1
3570,35,Mid-Age (35-49),Female,Footwear,Fall,Alaska,94.0,9,26,2444.0,3.3,0,0,0,0.0,0,0,0,0.2355286114445778,0.6625663265306123,Low,High,1,0,S1,High-Value Loyal,Express,Bank Transfer,1,0
3571,23,Teen (18-24),Female,Clothing,Winter,Louisiana,97.0,32,1,97.0,4.7,0,0,0,0.0,0,1,1,0.365795918367347,0.8770382653061225,Medium,High,1,0,S1,High-Value Loyal,Standard,Debit Card,0,1
3572,70,Senior (50-70),Female,Clothing,Summer,North Dakota,27.0,15,4,108.0,3.2,0,0,0,0.0,0,0,0,0.1564201680672269,0.3940535714285714,Low,Low,0,0,S0,General Buyers,Standard,Bank Transfer,0,0
3573,23,Teen (18-24),Female,Clothing,Spring,Rhode Island,28.0,25,12,336.0,5.0,0,0,0,0.0,0,1,1,0.400860344137655,0.5574489795918367,Medium,Medium,0,0,S0,General Buyers,Standard,Credit Card,0,1
3574,43,Mid-Age (35-49),Female,Clothing,Fall,Connecticut,67.0,27,12,804.0,4.9,0,0,0,0.0,0,1,1,0.4051052420968388,0.7322780612244898,Medium,High,0,0,S0,General Buyers,Free Shipping,Paypal,0,1
3575,29,Young Adult (25-34),Female,Clothing,Fall,New York,70.0,39,4,280.0,4.9,0,0,0,0.0,0,1,1,0.439358943577431,0.8066275510204082,Medium,High,0,1,S0,General Buyers,Express,Bank Transfer,1,0
3576,61,Senior (50-70),Female,Outerwear,Fall,Kentucky,95.0,49,26,2470.0,3.7,0,0,0,0.0,0,0,0,0.5124265706282514,0.8950229591836736,High,High,1,1,S1,High-Value Loyal,Express,Venmo,1,1
3577,29,Young Adult (25-34),Female,Footwear,Spring,Maine,24.0,12,26,624.0,3.0,0,0,0,0.0,0,0,0,0.2298959583833533,0.3536224489795918,Low,Low,0,0,S5,Low-Value Occasional,Express,Venmo,1,1
3578,66,Senior (50-70),Female,Accessories,Winter,Missouri,35.0,13,52,1820.0,2.6,0,0,0,0.0,0,0,0,0.331469387755102,0.3828494897959184,Medium,Low,0,0,S5,Low-Value Occasional,Standard,Bank Transfer,0,0
3579,46,Mid-Age (35-49),Female,Footwear,Winter,Georgia,22.0,22,4,88.0,2.6,0,0,0,0.0,0,0,0,0.1512773109243697,0.3718928571428571,Low,Low,0,0,S0,General Buyers,Standard,Bank Transfer,0,0
3580,34,Young Adult (25-34),Female,Accessories,Fall,Arizona,66.0,19,4,264.0,4.8,0,0,0,0.0,0,1,1,0.3089099639855942,0.6810867346938775,Medium,High,0,0,S0,General Buyers,Standard,Credit Card,0,1
3581,51,Senior (50-70),Female,Clothing,Summer,New Hampshire,83.0,3,26,2158.0,3.2,0,0,0,0.0,0,0,0,0.1907939175670268,0.577829081632653,Low,Medium,1,0,S0,General Buyers,2-Day Shipping,Cash,1,0
3582,26,Young Adult (25-34),Female,Clothing,Fall,Georgia,95.0,50,52,4940.0,4.9,0,0,0,0.0,0,1,1,0.7420000000000001,0.972125,High,High,1,1,S1,High-Value Loyal,Next Day Air,Credit Card,1,1
3583,23,Teen (18-24),Female,Clothing,Summer,California,41.0,15,1,41.0,3.4,0,0,0,0.0,0,0,0,0.1577142857142857,0.4673035714285714,Low,Medium,0,0,S0,General Buyers,2-Day Shipping,Paypal,1,1
3584,52,Senior (50-70),Female,Clothing,Summer,Arizona,77.0,44,4,308.0,2.7,0,0,0,0.0,0,0,0,0.2939711884753901,0.7307627551020408,Low,High,0,1,S0,General Buyers,Store Pickup,Credit Card,0,1
3585,39,Mid-Age (35-49),Female,Footwear,Fall,Florida,52.0,48,12,624.0,4.8,0,0,0,0.0,0,1,1,0.5256766706682672,0.767795918367347,High,High,0,1,S0,General Buyers,Express,Debit Card,1,1
3586,39,Mid-Age (35-49),Female,Accessories,Winter,New York,41.0,4,26,1066.0,4.1,0,0,0,0.0,0,1,0,0.2689163665466186,0.4531811224489795,Low,Medium,0,0,S0,General Buyers,Standard,Venmo,0,1
3587,33,Young Adult (25-34),Female,Clothing,Winter,Idaho,28.0,12,26,728.0,4.6,0,0,0,0.0,0,1,1,0.3578959583833533,0.4671224489795917,Medium,Medium,0,0,S5,Low-Value Occasional,Store Pickup,Paypal,0,1
3588,33,Young Adult (25-34),Female,Clothing,Summer,Virginia,90.0,33,1,90.0,4.4,0,0,0,0.0,0,1,0,0.3479183673469388,0.833515306122449,Medium,High,1,0,S1,High-Value Loyal,Standard,Debit Card,0,1
3589,23,Teen (18-24),Female,Accessories,Spring,Michigan,55.0,40,1,55.0,3.5,0,0,0,0.0,0,0,0,0.3187755102040816,0.6621045918367348,Medium,High,0,1,S0,General Buyers,2-Day Shipping,Cash,1,0
3590,31,Young Adult (25-34),Female,Accessories,Spring,New Hampshire,73.0,38,4,292.0,4.8,0,0,0,0.0,0,1,1,0.4252364945978391,0.8086505102040816,Medium,High,0,1,S0,General Buyers,Next Day Air,Cash,1,0
3591,27,Young Adult (25-34),Female,Clothing,Fall,South Dakota,87.0,19,4,348.0,2.9,0,0,0,0.0,0,0,0,0.1569099639855942,0.6589617346938775,Low,High,1,0,S1,High-Value Loyal,2-Day Shipping,Venmo,1,1
3592,48,Mid-Age (35-49),Female,Outerwear,Winter,South Dakota,89.0,38,4,356.0,3.2,0,0,0,0.0,0,0,0,0.2972364945978391,0.7826505102040817,Low,High,1,1,S1,High-Value Loyal,2-Day Shipping,Bank Transfer,1,0
3593,61,Senior (50-70),Female,Footwear,Spring,New Jersey,82.0,18,26,2132.0,4.4,0,0,0,0.0,0,1,0,0.3786306522609043,0.721984693877551,Medium,High,1,0,S1,High-Value Loyal,2-Day Shipping,Venmo,1,1
3594,63,Senior (50-70),Female,Footwear,Spring,Wyoming,80.0,24,12,960.0,4.6,0,0,0,0.0,0,1,1,0.3627378951580632,0.7558469387755101,Medium,High,0,0,S0,General Buyers,Next Day Air,Paypal,1,1
3595,19,Teen (18-24),Female,Accessories,Summer,Alabama,87.0,29,4,348.0,2.6,0,0,0,0.0,0,0,0,0.1941344537815126,0.6919821428571429,Low,High,1,0,S1,High-Value Loyal,2-Day Shipping,Venmo,1,1
3596,21,Teen (18-24),Female,Clothing,Spring,South Dakota,41.0,14,1,41.0,3.1,0,0,0,0.0,0,0,0,0.1275918367346938,0.4442015306122449,Low,Medium,0,0,S0,General Buyers,Store Pickup,Paypal,0,1
3597,28,Young Adult (25-34),Female,Clothing,Spring,South Carolina,83.0,44,26,2158.0,4.3,0,0,0,0.0,0,1,0,0.5298143257302921,0.8530127551020408,High,High,1,1,S1,High-Value Loyal,Standard,Cash,0,0
3598,29,Young Adult (25-34),Female,Accessories,Summer,New Mexico,71.0,18,4,284.0,3.1,0,0,0,0.0,0,0,0,0.1667875150060024,0.595859693877551,Low,Medium,0,0,S0,General Buyers,Standard,Bank Transfer,0,0
3599,23,Teen (18-24),Female,Clothing,Spring,Connecticut,76.0,19,26,1976.0,4.6,0,0,0,0.0,0,1,1,0.4007531012404962,0.7128367346938775,Medium,High,0,0,S0,General Buyers,Store Pickup,Bank Transfer,0,0
3600,37,Mid-Age (35-49),Female,Accessories,Spring,Kansas,34.0,4,52,1768.0,4.6,0,0,0,0.0,0,1,1,0.4363673469387755,0.4525561224489796,Medium,Medium,0,0,S5,Low-Value Occasional,Express,Cash,1,0
3601,67,Senior (50-70),Female,Clothing,Spring,South Carolina,81.0,25,26,2106.0,2.7,0,0,0,0.0,0,0,0,0.2854877951180472,0.6513239795918367,Low,High,1,0,S1,High-Value Loyal,Free Shipping,Cash,0,0
3602,34,Young Adult (25-34),Female,Clothing,Summer,North Carolina,47.0,3,12,564.0,3.0,0,0,0,0.0,0,0,0,0.1061664665866346,0.408329081632653,Low,Low,0,0,S0,General Buyers,Next Day Air,Paypal,1,1
3603,58,Senior (50-70),Female,Clothing,Summer,Wyoming,36.0,40,4,144.0,3.3,0,0,0,0.0,0,0,0,0.3174813925570228,0.5669795918367347,Medium,Medium,0,1,S0,General Buyers,Store Pickup,Debit Card,0,1
3604,45,Mid-Age (35-49),Female,Clothing,Spring,Louisiana,51.0,5,52,2652.0,2.7,0,0,0,0.0,0,0,0,0.2904897959183674,0.4180331632653061,Low,Low,0,0,S0,General Buyers,Free Shipping,Cash,0,0
3605,63,Senior (50-70),Female,Clothing,Fall,Louisiana,86.0,17,1,86.0,3.3,0,0,0,0.0,0,0,0,0.1619591836734693,0.6683826530612245,Low,High,1,0,S1,High-Value Loyal,Standard,Debit Card,0,1
3606,68,Senior (50-70),Female,Clothing,Fall,Alabama,41.0,36,4,164.0,4.3,0,0,0,0.0,0,1,0,0.3729915966386554,0.6284464285714285,Medium,High,0,0,S0,General Buyers,Store Pickup,Bank Transfer,0,0
3607,41,Mid-Age (35-49),Female,Footwear,Fall,Minnesota,90.0,41,1,90.0,4.8,0,0,0,0.0,0,1,1,0.4288979591836734,0.8983316326530612,Medium,High,1,1,S1,High-Value Loyal,Express,Venmo,1,1
3608,50,Senior (50-70),Female,Accessories,Fall,New Mexico,93.0,20,26,2418.0,3.3,0,0,0,0.0,0,0,0,0.302875550220088,0.714313775510204,Medium,High,1,0,S1,High-Value Loyal,Standard,Venmo,0,1
3609,24,Teen (18-24),Female,Accessories,Fall,Tennessee,56.0,2,4,224.0,4.3,0,0,0,0.0,0,1,0,0.164828331332533,0.5206020408163266,Low,Medium,0,0,S0,General Buyers,Next Day Air,Cash,1,0
3610,21,Teen (18-24),Female,Clothing,Summer,New Mexico,39.0,31,12,468.0,3.0,0,0,0,0.0,0,0,0,0.2775950380152061,0.5161862244897959,Low,Medium,0,0,S0,General Buyers,2-Day Shipping,Debit Card,1,1
3611,18,Teen (18-24),Female,Outerwear,Fall,Texas,86.0,23,26,2236.0,4.8,0,0,0,0.0,0,1,1,0.4412428971588635,0.7889948979591836,Medium,High,1,0,S1,High-Value Loyal,2-Day Shipping,Bank Transfer,1,0
3612,63,Senior (50-70),Female,Clothing,Spring,Washington,82.0,30,1,82.0,2.9,0,0,0,0.0,0,0,0,0.2095510204081632,0.6932091836734694,Low,High,1,0,S1,High-Value Loyal,Standard,Credit Card,0,1
3613,47,Mid-Age (35-49),Female,Footwear,Summer,Michigan,29.0,26,4,116.0,3.6,0,0,0,0.0,0,0,0,0.2557671068427371,0.4829260204081633,Low,Medium,0,0,S0,General Buyers,Standard,Cash,0,0
3614,58,Senior (50-70),Female,Accessories,Fall,Minnesota,27.0,40,1,27.0,3.5,0,0,0,0.0,0,0,0,0.3187755102040816,0.5396045918367347,Medium,Medium,0,1,S0,General Buyers,Store Pickup,Venmo,0,1
3615,46,Mid-Age (35-49),Female,Accessories,Spring,Delaware,25.0,19,1,25.0,4.7,0,0,0,0.0,0,1,1,0.2862040816326531,0.4957117346938775,Low,Medium,0,0,S0,General Buyers,2-Day Shipping,Bank Transfer,1,0
3616,35,Mid-Age (35-49),Female,Clothing,Winter,California,31.0,4,12,372.0,4.4,0,0,0,0.0,0,1,0,0.2242889155662265,0.4274311224489796,Low,Medium,0,0,S5,Low-Value Occasional,Free Shipping,Credit Card,0,1
3617,42,Mid-Age (35-49),Female,Clothing,Winter,Wisconsin,23.0,33,26,598.0,3.3,0,0,0,0.0,0,0,0,0.3824673869547819,0.474390306122449,Medium,Medium,0,0,S0,General Buyers,Store Pickup,Debit Card,0,1
3618,48,Mid-Age (35-49),Female,Accessories,Fall,Kentucky,47.0,29,12,564.0,4.3,0,0,0,0.0,0,1,0,0.3693501400560224,0.6189821428571428,Medium,High,0,0,S0,General Buyers,Express,Debit Card,1,1
3619,28,Young Adult (25-34),Female,Accessories,Fall,Nevada,67.0,47,26,1742.0,4.0,0,0,0,0.0,0,1,0,0.5241816726690676,0.7803188775510204,High,High,0,1,S0,General Buyers,2-Day Shipping,Paypal,1,1
3620,44,Mid-Age (35-49),Female,Accessories,Winter,North Carolina,75.0,50,52,3900.0,4.9,0,0,0,0.0,0,1,1,0.7420000000000001,0.884625,High,High,0,1,S0,General Buyers,2-Day Shipping,Venmo,1,1
3621,60,Senior (50-70),Female,Footwear,Summer,Louisiana,82.0,28,26,2132.0,2.9,0,0,0,0.0,0,0,0,0.3198551420568227,0.6830051020408163,Medium,High,1,0,S1,High-Value Loyal,Express,Credit Card,1,1
3622,38,Mid-Age (35-49),Female,Footwear,Summer,New Jersey,32.0,5,26,832.0,4.0,0,0,0,0.0,0,1,0,0.2670388155262104,0.4129081632653061,Low,Low,0,0,S5,Low-Value Occasional,2-Day Shipping,Cash,1,0
3623,46,Mid-Age (35-49),Female,Clothing,Fall,Wisconsin,41.0,12,1,41.0,4.3,0,0,0,0.0,0,1,0,0.2113469387755102,0.5059974489795919,Low,Medium,0,0,S0,General Buyers,Store Pickup,Credit Card,0,1
3624,39,Mid-Age (35-49),Female,Accessories,Winter,Arkansas,89.0,4,52,4628.0,2.7,0,0,0,0.0,0,0,0,0.2843673469387755,0.5791811224489796,Low,Medium,1,0,S0,General Buyers,2-Day Shipping,Paypal,1,1
3625,22,Teen (18-24),Female,Accessories,Fall,Texas,82.0,22,26,2132.0,5.0,0,0,0,0.0,0,1,1,0.4511204481792717,0.7783928571428572,Medium,High,1,0,S1,High-Value Loyal,Store Pickup,Bank Transfer,0,0
3626,44,Mid-Age (35-49),Female,Accessories,Winter,Illinois,99.0,32,52,5148.0,4.4,0,0,0,0.0,0,1,0,0.5917959183673469,0.8677882653061225,High,High,1,0,S1,High-Value Loyal,Express,Paypal,1,1
3627,69,Senior (50-70),Female,Clothing,Fall,Mississippi,98.0,32,4,392.0,3.5,0,0,0,0.0,0,0,0,0.2845018007202881,0.8094132653061226,Low,High,1,0,S1,High-Value Loyal,Express,Venmo,1,1
3628,39,Mid-Age (35-49),Female,Accessories,Winter,Delaware,54.0,48,4,216.0,3.3,0,0,0,0.0,0,0,0,0.3664609843937574,0.686545918367347,Medium,High,0,1,S0,General Buyers,Next Day Air,Cash,1,0
3629,53,Senior (50-70),Female,Clothing,Summer,Georgia,88.0,35,12,1056.0,3.8,0,0,0,0.0,0,0,0,0.3660848339335734,0.798969387755102,Medium,High,1,0,S1,High-Value Loyal,Free Shipping,Credit Card,0,1
3630,52,Senior (50-70),Female,Clothing,Summer,Kansas,43.0,44,26,1118.0,4.5,0,0,0,0.0,0,1,1,0.5458143257302921,0.6900127551020409,High,High,0,1,S0,General Buyers,Standard,Debit Card,0,1
3631,65,Senior (50-70),Female,Accessories,Winter,Oklahoma,73.0,29,52,3796.0,4.8,0,0,0,0.0,0,1,1,0.6054285714285714,0.7627321428571429,High,High,0,0,S0,General Buyers,Store Pickup,Cash,0,0
3632,48,Mid-Age (35-49),Female,Accessories,Fall,New Jersey,50.0,26,12,600.0,2.9,0,0,0,0.0,0,0,0,0.2389827931172469,0.5328010204081632,Low,Medium,0,0,S0,General Buyers,Store Pickup,Credit Card,0,1
3633,27,Young Adult (25-34),Female,Footwear,Spring,Utah,73.0,3,4,292.0,3.2,0,0,0,0.0,0,0,0,0.0829507803121248,0.534079081632653,Low,Medium,0,0,S0,General Buyers,Express,Debit Card,1,1
3634,39,Mid-Age (35-49),Female,Accessories,Spring,Montana,51.0,1,26,1326.0,2.8,0,0,0,0.0,0,0,0,0.1465490196078431,0.403625,Low,Low,0,0,S0,General Buyers,Free Shipping,Bank Transfer,0,0
3635,59,Senior (50-70),Female,Clothing,Winter,Ohio,22.0,17,1,22.0,3.3,0,0,0,0.0,0,0,0,0.1619591836734693,0.3883826530612245,Low,Low,0,0,S0,General Buyers,Standard,Paypal,0,1
3636,52,Senior (50-70),Female,Footwear,Fall,Colorado,32.0,17,26,832.0,3.3,0,0,0,0.0,0,0,0,0.2845082032813125,0.4321326530612244,Low,Medium,0,0,S0,General Buyers,Free Shipping,Credit Card,0,1
3637,50,Senior (50-70),Female,Footwear,Summer,California,38.0,36,52,1976.0,4.2,0,0,0,0.0,0,1,0,0.6002857142857143,0.6093214285714286,High,High,0,0,S0,General Buyers,2-Day Shipping,Cash,1,0
3638,32,Young Adult (25-34),Female,Footwear,Winter,Utah,66.0,32,26,1716.0,3.6,0,0,0,0.0,0,0,0,0.4003449379751901,0.6754132653061224,Medium,High,0,0,S0,General Buyers,Express,Credit Card,1,1
3639,40,Mid-Age (35-49),Female,Accessories,Spring,Kansas,20.0,50,26,520.0,4.6,0,0,0,0.0,0,1,1,0.5905490196078431,0.626,High,High,0,1,S0,General Buyers,Express,Paypal,1,1
3640,26,Young Adult (25-34),Female,Outerwear,Summer,Illinois,44.0,39,1,44.0,3.6,0,0,0,0.0,0,0,0,0.3206530612244898,0.6148775510204081,Medium,High,0,1,S0,General Buyers,2-Day Shipping,Venmo,1,1
3641,47,Mid-Age (35-49),Female,Accessories,Spring,Minnesota,31.0,17,12,372.0,4.0,0,0,0,0.0,0,1,0,0.2718807523009203,0.4697576530612245,Low,Medium,0,0,S0,General Buyers,Next Day Air,Paypal,1,1
3642,51,Senior (50-70),Female,Outerwear,Fall,New York,45.0,39,4,180.0,2.7,0,0,0,0.0,0,0,0,0.2633589435774309,0.5652525510204082,Low,Medium,0,1,S0,General Buyers,Free Shipping,Bank Transfer,0,0
3643,47,Mid-Age (35-49),Female,Clothing,Summer,Arizona,71.0,5,1,71.0,4.4,0,0,0,0.0,0,1,0,0.1764897959183673,0.607533163265306,Low,High,0,0,S0,General Buyers,Store Pickup,Paypal,0,1
3644,53,Senior (50-70),Female,Accessories,Fall,Tennessee,96.0,47,1,96.0,3.2,0,0,0,0.0,0,0,0,0.3376326530612245,0.8591938775510204,Medium,High,1,1,S1,High-Value Loyal,Standard,Debit Card,0,1
3645,35,Mid-Age (35-49),Female,Clothing,Winter,Arkansas,32.0,18,52,1664.0,2.6,0,0,0,0.0,0,0,0,0.3620816326530612,0.395234693877551,Medium,Low,0,0,S0,General Buyers,Next Day Air,Venmo,1,1
3646,38,Mid-Age (35-49),Female,Accessories,Summer,Colorado,90.0,31,4,360.0,3.4,0,0,0,0.0,0,0,0,0.2703793517406962,0.7633112244897959,Low,High,1,0,S1,High-Value Loyal,Free Shipping,Credit Card,0,1
3647,69,Senior (50-70),Female,Accessories,Spring,Nevada,68.0,39,26,1768.0,5.0,0,0,0,0.0,0,1,1,0.5552020808323329,0.8038775510204081,High,High,0,1,S0,General Buyers,2-Day Shipping,Debit Card,1,1
3648,47,Mid-Age (35-49),Female,Clothing,Winter,Kansas,45.0,12,52,2340.0,2.9,0,0,0,0.0,0,0,0,0.3493469387755102,0.4394974489795918,Medium,Medium,0,0,S0,General Buyers,Store Pickup,Bank Transfer,0,0
3649,31,Young Adult (25-34),Female,Clothing,Winter,New York,67.0,45,26,1742.0,5.0,0,0,0,0.0,0,1,1,0.591936774709884,0.8301147959183673,High,High,0,1,S0,General Buyers,Free Shipping,Cash,0,0
3650,68,Senior (50-70),Female,Clothing,Fall,Minnesota,57.0,33,26,1482.0,4.4,0,0,0,0.0,0,1,0,0.4704673869547819,0.6891403061224489,High,High,0,0,S0,General Buyers,Standard,Credit Card,0,1
3651,51,Senior (50-70),Female,Clothing,Summer,Ohio,60.0,3,1,60.0,3.5,0,0,0,0.0,0,0,0,0.0922448979591836,0.495204081632653,Low,Medium,0,0,S0,General Buyers,2-Day Shipping,Paypal,1,1
3652,20,Teen (18-24),Female,Accessories,Spring,Arizona,32.0,5,4,128.0,3.8,0,0,0,0.0,0,0,0,0.1431956782713085,0.4009081632653061,Low,Low,0,0,S5,Low-Value Occasional,Express,Venmo,1,1
3653,27,Young Adult (25-34),Female,Accessories,Fall,Kentucky,29.0,23,12,348.0,3.8,0,0,0,0.0,0,0,0,0.2926154461784713,0.4796198979591837,Low,Medium,0,0,S0,General Buyers,Store Pickup,Debit Card,0,1
3654,67,Senior (50-70),Female,Outerwear,Spring,Minnesota,20.0,39,26,520.0,3.9,0,0,0,0.0,0,0,0,0.4672020808323329,0.5278775510204081,High,Medium,0,1,S0,General Buyers,Next Day Air,Credit Card,1,1
3655,21,Teen (18-24),Female,Accessories,Winter,Arkansas,98.0,10,1,98.0,3.3,0,0,0,0.0,0,0,0,0.1191020408163265,0.6851683673469389,Low,High,1,0,S1,High-Value Loyal,Next Day Air,Credit Card,1,1
3656,20,Teen (18-24),Female,Clothing,Fall,Wyoming,27.0,4,26,702.0,2.9,0,0,0,0.0,0,0,0,0.1729163665466186,0.3199311224489796,Low,Low,0,0,S5,Low-Value Occasional,Next Day Air,Credit Card,1,1
3657,35,Mid-Age (35-49),Female,Outerwear,Spring,North Dakota,67.0,18,12,804.0,3.7,0,0,0,0.0,0,0,0,0.2540032012805122,0.6143596938775511,Low,High,0,0,S0,General Buyers,2-Day Shipping,Credit Card,1,1
3658,58,Senior (50-70),Female,Footwear,Winter,Alabama,82.0,1,4,328.0,3.7,0,0,0,0.0,0,0,0,0.1107058823529412,0.59325,Low,Medium,1,0,S0,General Buyers,Express,Debit Card,1,1
3659,28,Young Adult (25-34),Female,Clothing,Fall,Mississippi,72.0,18,26,1872.0,4.6,0,0,0,0.0,0,1,1,0.3946306522609043,0.690234693877551,Medium,High,0,0,S0,General Buyers,Standard,Paypal,0,1
3660,27,Young Adult (25-34),Female,Footwear,Fall,Illinois,77.0,46,1,77.0,4.9,0,0,0,0.0,0,1,1,0.4675102040816327,0.8729668367346939,High,High,0,1,S0,General Buyers,Store Pickup,Bank Transfer,0,0
3661,19,Teen (18-24),Female,Footwear,Winter,Arkansas,74.0,13,26,1924.0,3.1,0,0,0,0.0,0,0,0,0.2440184073629452,0.5834744897959183,Low,Medium,0,0,S0,General Buyers,2-Day Shipping,Bank Transfer,1,0
3662,63,Senior (50-70),Female,Footwear,Winter,Kansas,39.0,5,26,1014.0,3.5,0,0,0,0.0,0,0,0,0.2270388155262105,0.4135331632653061,Low,Low,0,0,S5,Low-Value Occasional,Next Day Air,Credit Card,1,1
3663,69,Senior (50-70),Female,Clothing,Spring,Rhode Island,80.0,11,52,4160.0,4.9,0,0,0,0.0,0,1,1,0.5032244897959184,0.7075204081632652,High,High,0,0,S0,General Buyers,Next Day Air,Debit Card,1,1
3664,65,Senior (50-70),Female,Accessories,Summer,Florida,59.0,49,52,3068.0,4.4,0,0,0,0.0,0,1,0,0.6958775510204082,0.7795229591836734,High,High,0,1,S0,General Buyers,Express,Credit Card,1,1
3665,63,Senior (50-70),Female,Outerwear,Fall,Missouri,68.0,1,26,1768.0,4.4,0,0,0,0.0,0,1,0,0.2745490196078431,0.574,Low,Medium,0,0,S0,General Buyers,Store Pickup,Debit Card,0,1
3666,28,Young Adult (25-34),Female,Clothing,Fall,North Carolina,77.0,11,4,308.0,3.4,0,0,0,0.0,0,0,0,0.1479303721488595,0.6043954081632653,Low,High,0,0,S0,General Buyers,Next Day Air,Credit Card,1,1
3667,67,Senior (50-70),Female,Accessories,Winter,Alabama,50.0,47,4,200.0,3.0,0,0,0,0.0,0,0,0,0.3363385354141657,0.6459438775510205,Medium,High,0,1,S0,General Buyers,2-Day Shipping,Cash,1,0
3668,51,Senior (50-70),Female,Clothing,Fall,Washington,45.0,20,12,540.0,2.6,0,0,0,0.0,0,0,0,0.1782480992396958,0.4623137755102041,Low,Medium,0,0,S0,General Buyers,Next Day Air,Venmo,1,1
3669,59,Senior (50-70),Female,Clothing,Summer,Michigan,71.0,18,1,71.0,3.2,0,0,0,0.0,0,0,0,0.1600816326530612,0.601859693877551,Low,High,0,0,S0,General Buyers,Store Pickup,Venmo,0,1
3670,25,Young Adult (25-34),Female,Clothing,Fall,Washington,52.0,43,4,208.0,4.6,0,0,0,0.0,0,1,1,0.4398487394957983,0.7302857142857143,Medium,High,0,1,S0,General Buyers,Store Pickup,Paypal,0,1
3671,31,Young Adult (25-34),Female,Footwear,Winter,Vermont,50.0,4,4,200.0,3.8,0,0,0,0.0,0,0,0,0.1370732292917166,0.4745561224489795,Low,Medium,0,0,S0,General Buyers,Free Shipping,Paypal,0,1
3672,62,Senior (50-70),Female,Accessories,Summer,Illinois,66.0,20,4,264.0,4.8,0,0,0,0.0,0,1,1,0.315032412965186,0.6861887755102041,Medium,High,0,0,S0,General Buyers,2-Day Shipping,Venmo,1,1
3673,51,Senior (50-70),Female,Footwear,Fall,New York,81.0,7,12,972.0,4.5,0,0,0,0.0,0,1,1,0.250656262505002,0.6674872448979591,Low,High,1,0,S1,High-Value Loyal,Free Shipping,Paypal,0,1
3674,32,Young Adult (25-34),Female,Clothing,Summer,Rhode Island,28.0,31,26,728.0,4.2,0,0,0,0.0,0,1,0,0.4422224889955982,0.5400612244897959,Medium,Medium,0,0,S0,General Buyers,2-Day Shipping,Bank Transfer,1,0
3675,35,Mid-Age (35-49),Female,Accessories,Winter,Washington,65.0,41,26,1690.0,2.7,0,0,0,0.0,0,0,0,0.3834469787915166,0.6629566326530613,Medium,High,0,1,S0,General Buyers,2-Day Shipping,Venmo,1,1
3676,70,Senior (50-70),Female,Accessories,Winter,Virginia,80.0,3,12,960.0,4.5,0,0,0,0.0,0,1,1,0.2261664665866347,0.642704081632653,Low,High,0,0,S0,General Buyers,Express,Bank Transfer,1,0
3677,19,Teen (18-24),Female,Accessories,Spring,Wisconsin,94.0,16,12,1128.0,4.9,0,0,0,0.0,0,1,1,0.3377583033213286,0.794280612244898,Medium,High,1,0,S1,High-Value Loyal,Free Shipping,Paypal,0,1
3678,32,Young Adult (25-34),Female,Accessories,Fall,Michigan,30.0,43,1,30.0,2.8,0,0,0,0.0,0,0,0,0.2811428571428571,0.5260357142857143,Low,Medium,0,1,S0,General Buyers,Standard,Cash,0,0
3679,56,Senior (50-70),Female,Clothing,Fall,Texas,45.0,29,26,1170.0,3.5,0,0,0,0.0,0,0,0,0.3739775910364145,0.5622321428571428,Medium,Medium,0,0,S0,General Buyers,Standard,Bank Transfer,0,0
3680,53,Senior (50-70),Female,Outerwear,Summer,Idaho,91.0,5,26,2366.0,2.5,0,0,0,0.0,0,0,0,0.1470388155262104,0.5810331632653061,Low,Medium,1,0,S0,General Buyers,Store Pickup,Cash,0,0
3681,22,Teen (18-24),Female,Accessories,Winter,Iowa,36.0,30,4,144.0,2.9,0,0,0,0.0,0,0,0,0.2242569027611044,0.4919591836734694,Low,Medium,0,0,S0,General Buyers,Standard,Debit Card,0,1
3682,26,Young Adult (25-34),Female,Accessories,Fall,Connecticut,73.0,33,12,876.0,4.2,0,0,0,0.0,0,1,0,0.3858399359743897,0.747140306122449,Medium,High,0,0,S0,General Buyers,Next Day Air,Debit Card,1,1
3683,42,Mid-Age (35-49),Female,Clothing,Fall,Wyoming,60.0,46,26,1560.0,4.6,0,0,0,0.0,0,1,1,0.5660592236894757,0.7805918367346939,High,High,0,1,S0,General Buyers,Store Pickup,Venmo,0,1
3684,30,Young Adult (25-34),Female,Clothing,Winter,Mississippi,77.0,17,26,2002.0,3.0,0,0,0,0.0,0,0,0,0.2605082032813125,0.6110076530612245,Low,High,0,0,S0,General Buyers,Free Shipping,Venmo,0,1
3685,29,Young Adult (25-34),Female,Clothing,Spring,Pennsylvania,86.0,47,26,2236.0,4.4,0,0,0,0.0,0,1,0,0.5561816726690676,0.8874438775510204,High,High,1,1,S1,High-Value Loyal,Free Shipping,Credit Card,0,1
3686,47,Mid-Age (35-49),Female,Clothing,Summer,Tennessee,42.0,17,26,1092.0,2.6,0,0,0,0.0,0,0,0,0.2285082032813125,0.4338826530612245,Low,Medium,0,0,S0,General Buyers,Standard,Cash,0,0
3687,59,Senior (50-70),Female,Footwear,Spring,Louisiana,70.0,17,26,1820.0,4.8,0,0,0,0.0,0,1,1,0.4045082032813125,0.6883826530612245,Medium,High,0,0,S0,General Buyers,Free Shipping,Cash,0,0
3688,34,Young Adult (25-34),Female,Clothing,Summer,Arkansas,44.0,28,4,176.0,2.9,0,0,0,0.0,0,0,0,0.2120120048019207,0.5167551020408163,Low,Medium,0,0,S0,General Buyers,Next Day Air,Bank Transfer,1,0
3689,52,Senior (50-70),Female,Accessories,Spring,West Virginia,91.0,8,12,1092.0,3.0,0,0,0,0.0,0,0,0,0.1367787114845938,0.6263392857142858,Low,High,1,0,S1,High-Value Loyal,Next Day Air,Cash,1,0
3690,47,Mid-Age (35-49),Female,Accessories,Fall,South Carolina,30.0,8,4,120.0,4.5,0,0,0,0.0,0,1,1,0.217563025210084,0.4494642857142857,Low,Medium,0,0,S5,Low-Value Occasional,Standard,Bank Transfer,0,0
3691,24,Teen (18-24),Female,Clothing,Fall,Kansas,23.0,4,26,598.0,3.7,0,0,0,0.0,0,0,0,0.2369163665466186,0.3504311224489796,Low,Low,0,0,S5,Low-Value Occasional,Store Pickup,Bank Transfer,0,0
3692,63,Senior (50-70),Female,Footwear,Summer,Michigan,21.0,24,52,1092.0,4.8,0,0,0,0.0,0,1,1,0.5748163265306123,0.5097219387755102,High,Medium,0,0,S0,General Buyers,Next Day Air,Paypal,1,1
3693,59,Senior (50-70),Female,Outerwear,Spring,Alabama,34.0,29,26,884.0,4.8,0,0,0,0.0,0,1,1,0.4779775910364145,0.5921071428571428,High,Medium,0,0,S0,General Buyers,Free Shipping,Cash,0,0
3694,66,Senior (50-70),Female,Clothing,Summer,South Dakota,46.0,10,52,2392.0,4.7,0,0,0,0.0,0,1,1,0.4811020408163265,0.5416683673469388,High,Medium,0,0,S0,General Buyers,2-Day Shipping,Venmo,1,1
3695,45,Mid-Age (35-49),Female,Clothing,Winter,Rhode Island,41.0,11,26,1066.0,2.6,0,0,0,0.0,0,0,0,0.1917735094037615,0.3988954081632653,Low,Low,0,0,S0,General Buyers,Express,Paypal,1,1
3696,38,Mid-Age (35-49),Female,Clothing,Fall,Florida,33.0,18,26,858.0,4.6,0,0,0,0.0,0,1,1,0.3946306522609043,0.519609693877551,Medium,Medium,0,0,S0,General Buyers,Standard,Bank Transfer,0,0
3697,63,Senior (50-70),Female,Clothing,Fall,Connecticut,48.0,26,1,48.0,3.4,0,0,0,0.0,0,0,0,0.2250612244897959,0.5540510204081632,Low,Medium,0,0,S0,General Buyers,Next Day Air,Bank Transfer,1,0
3698,55,Senior (50-70),Female,Clothing,Winter,Pennsylvania,66.0,39,52,3432.0,3.0,0,0,0,0.0,0,0,0,0.5226530612244898,0.6751275510204082,High,High,0,1,S0,General Buyers,Standard,Cash,0,0
3699,25,Young Adult (25-34),Female,Clothing,Spring,California,54.0,4,1,54.0,4.0,0,0,0,0.0,0,1,0,0.1383673469387755,0.5040561224489796,Low,Medium,0,0,S0,General Buyers,2-Day Shipping,Venmo,1,1
3700,51,Senior (50-70),Female,Accessories,Fall,Oklahoma,55.0,24,52,2860.0,2.6,0,0,0,0.0,0,0,0,0.3988163265306123,0.5264719387755101,Medium,Medium,0,0,S0,General Buyers,Store Pickup,Bank Transfer,0,0
3701,28,Young Adult (25-34),Female,Accessories,Summer,North Dakota,84.0,2,4,336.0,3.4,0,0,0,0.0,0,0,0,0.092828331332533,0.5891020408163266,Low,Medium,1,0,S0,General Buyers,Store Pickup,Bank Transfer,0,0
3702,46,Mid-Age (35-49),Female,Footwear,Spring,New Mexico,66.0,36,1,66.0,4.5,0,0,0,0.0,0,1,1,0.3742857142857143,0.7498214285714285,Medium,High,0,0,S0,General Buyers,Store Pickup,Cash,0,0
3703,58,Senior (50-70),Female,Footwear,Spring,South Carolina,65.0,36,52,3380.0,2.7,0,0,0,0.0,0,0,0,0.4802857142857143,0.6374464285714285,High,High,0,0,S0,General Buyers,Store Pickup,Venmo,0,1
3704,30,Young Adult (25-34),Female,Footwear,Fall,Michigan,83.0,23,4,332.0,2.9,0,0,0,0.0,0,0,0,0.1813997599039616,0.6618698979591837,Low,High,1,0,S1,High-Value Loyal,Standard,Paypal,0,1
3705,68,Senior (50-70),Female,Accessories,Winter,Missouri,61.0,36,4,244.0,4.0,0,0,0,0.0,0,1,0,0.3489915966386554,0.6979464285714285,Medium,High,0,0,S0,General Buyers,Store Pickup,Credit Card,0,1
3706,28,Young Adult (25-34),Female,Clothing,Summer,Colorado,65.0,2,1,65.0,3.2,0,0,0,0.0,0,0,0,0.0621224489795918,0.4939770408163265,Low,Medium,0,0,S0,General Buyers,Free Shipping,Debit Card,0,1
3707,26,Young Adult (25-34),Female,Footwear,Spring,Kansas,55.0,17,26,1430.0,4.0,0,0,0,0.0,0,1,0,0.3405082032813125,0.5747576530612245,Medium,Medium,0,0,S0,General Buyers,Store Pickup,Cash,0,0
3708,35,Mid-Age (35-49),Female,Accessories,Fall,Illinois,79.0,19,52,4108.0,3.4,0,0,0,0.0,0,0,0,0.432204081632653,0.6539617346938775,Medium,High,0,0,S0,General Buyers,2-Day Shipping,Venmo,1,1
3709,40,Mid-Age (35-49),Female,Clothing,Fall,South Carolina,96.0,41,12,1152.0,4.9,0,0,0,0.0,0,1,1,0.4908195278111245,0.9305816326530612,High,High,1,1,S1,High-Value Loyal,Express,Paypal,1,1
3710,31,Young Adult (25-34),Female,Clothing,Fall,Utah,43.0,27,4,172.0,3.6,0,0,0,0.0,0,0,0,0.261889555822329,0.5492780612244899,Low,Medium,0,0,S0,General Buyers,Free Shipping,Paypal,0,1
3711,60,Senior (50-70),Female,Accessories,Summer,Hawaii,40.0,32,26,1040.0,3.6,0,0,0,0.0,0,0,0,0.4003449379751901,0.5616632653061224,Medium,Medium,0,0,S0,General Buyers,2-Day Shipping,Bank Transfer,1,0
3712,69,Senior (50-70),Female,Accessories,Fall,Texas,62.0,33,1,62.0,3.2,0,0,0,0.0,0,0,0,0.2519183673469388,0.6390153061224491,Low,High,0,0,S0,General Buyers,Free Shipping,Cash,0,0
3713,51,Senior (50-70),Female,Clothing,Spring,Oregon,72.0,24,4,288.0,3.7,0,0,0,0.0,0,0,0,0.2515222088835535,0.6668469387755103,Low,High,0,0,S0,General Buyers,2-Day Shipping,Paypal,1,1
3714,49,Mid-Age (35-49),Female,Footwear,Spring,Arizona,87.0,31,4,348.0,2.6,0,0,0,0.0,0,0,0,0.2063793517406963,0.7021862244897958,Low,High,1,0,S1,High-Value Loyal,Express,Debit Card,1,1
3715,18,Teen (18-24),Female,Accessories,Winter,New York,31.0,35,52,1612.0,3.9,0,0,0,0.0,0,0,0,0.5701632653061224,0.5555943877551021,High,Medium,0,0,S0,General Buyers,Express,Credit Card,1,1
3716,63,Senior (50-70),Female,Accessories,Fall,Nebraska,34.0,2,12,408.0,3.4,0,0,0,0.0,0,0,0,0.1320440176070428,0.3703520408163265,Low,Low,0,0,S5,Low-Value Occasional,Free Shipping,Bank Transfer,0,0
3717,57,Senior (50-70),Female,Clothing,Fall,Vermont,53.0,42,4,212.0,3.4,0,0,0,0.0,0,0,0,0.3377262905162065,0.6575586734693878,Medium,High,0,1,S0,General Buyers,Next Day Air,Debit Card,1,1
3718,45,Mid-Age (35-49),Female,Clothing,Summer,Maryland,85.0,47,4,340.0,4.2,0,0,0,0.0,0,1,0,0.4323385354141656,0.8710688775510204,Medium,High,1,1,S1,High-Value Loyal,Express,Bank Transfer,1,0
3719,36,Mid-Age (35-49),Female,Clothing,Fall,Tennessee,50.0,44,26,1300.0,2.9,0,0,0,0.0,0,0,0,0.4178143257302921,0.6246377551020408,Medium,High,0,1,S0,General Buyers,Standard,Bank Transfer,0,0
3720,20,Teen (18-24),Female,Clothing,Summer,Pennsylvania,91.0,8,4,364.0,4.1,0,0,0,0.0,0,1,0,0.185563025210084,0.6923392857142857,Low,High,1,0,S1,High-Value Loyal,Free Shipping,Bank Transfer,0,0
3721,21,Teen (18-24),Female,Accessories,Fall,South Carolina,56.0,13,4,224.0,3.6,0,0,0,0.0,0,0,0,0.1761752701080432,0.5347244897959184,Low,Medium,0,0,S0,General Buyers,Free Shipping,Credit Card,0,1
3722,62,Senior (50-70),Female,Outerwear,Fall,Connecticut,60.0,10,1,60.0,4.0,0,0,0,0.0,0,1,0,0.1751020408163265,0.5609183673469388,Low,Medium,0,0,S0,General Buyers,Next Day Air,Cash,1,0
3723,23,Teen (18-24),Female,Outerwear,Fall,Kentucky,34.0,1,26,884.0,4.0,0,0,0,0.0,0,1,0,0.2425490196078431,0.40125,Low,Low,0,0,S5,Low-Value Occasional,Standard,Credit Card,0,1
3724,26,Young Adult (25-34),Female,Footwear,Spring,Rhode Island,30.0,1,12,360.0,3.6,0,0,0,0.0,0,0,0,0.141921568627451,0.35975,Low,Low,0,0,S5,Low-Value Occasional,Free Shipping,Debit Card,0,1
3725,30,Young Adult (25-34),Female,Accessories,Winter,Colorado,71.0,18,1,71.0,3.1,0,0,0,0.0,0,0,0,0.1520816326530612,0.595859693877551,Low,Medium,0,0,S0,General Buyers,Express,Bank Transfer,1,0
3726,18,Teen (18-24),Female,Clothing,Winter,Oklahoma,100.0,2,1,100.0,4.4,0,0,0,0.0,0,1,0,0.1581224489795918,0.7191020408163266,Low,High,1,0,S1,High-Value Loyal,Next Day Air,Paypal,1,1
3727,47,Mid-Age (35-49),Female,Accessories,Fall,Idaho,85.0,36,4,340.0,4.3,0,0,0,0.0,0,1,0,0.3729915966386554,0.8209464285714285,Medium,High,1,0,S1,High-Value Loyal,Next Day Air,Debit Card,1,1
3728,41,Mid-Age (35-49),Female,Clothing,Summer,Maine,83.0,17,26,2158.0,3.5,0,0,0,0.0,0,0,0,0.3005082032813125,0.6672576530612244,Low,High,1,0,S1,High-Value Loyal,Next Day Air,Debit Card,1,1
3729,62,Senior (50-70),Female,Outerwear,Winter,Vermont,31.0,1,1,31.0,3.0,0,0,0,0.0,0,0,0,0.04,0.328125,Low,Low,0,0,S5,Low-Value Occasional,Standard,Debit Card,0,1
3730,28,Young Adult (25-34),Female,Footwear,Spring,Rhode Island,82.0,50,4,328.0,4.7,0,0,0,0.0,0,1,1,0.4907058823529412,0.90325,High,High,1,1,S1,High-Value Loyal,2-Day Shipping,Cash,1,0
3731,46,Mid-Age (35-49),Female,Clothing,Summer,Florida,79.0,3,26,2054.0,2.5,0,0,0,0.0,0,0,0,0.1347939175670268,0.5183290816326531,Low,Medium,0,0,S0,General Buyers,2-Day Shipping,Credit Card,1,1
3732,54,Senior (50-70),Female,Accessories,Spring,West Virginia,62.0,45,4,248.0,3.1,0,0,0,0.0,0,0,0,0.332093637454982,0.6942397959183674,Medium,High,0,1,S0,General Buyers,2-Day Shipping,Paypal,1,1
3733,36,Mid-Age (35-49),Female,Footwear,Spring,Indiana,92.0,28,1,92.0,3.3,0,0,0,0.0,0,0,0,0.2293061224489795,0.7507551020408163,Low,High,1,0,S1,High-Value Loyal,Free Shipping,Paypal,0,1
3734,25,Young Adult (25-34),Female,Clothing,Fall,Illinois,58.0,6,4,232.0,4.7,0,0,0,0.0,0,1,1,0.2213181272509004,0.5737602040816326,Low,Medium,0,0,S0,General Buyers,Next Day Air,Debit Card,1,1
3735,38,Mid-Age (35-49),Female,Clothing,Spring,California,88.0,33,4,352.0,3.4,0,0,0,0.0,0,0,0,0.2826242496998799,0.764765306122449,Low,High,1,0,S1,High-Value Loyal,Next Day Air,Debit Card,1,1
3736,38,Mid-Age (35-49),Female,Footwear,Spring,Massachusetts,44.0,29,1,44.0,3.1,0,0,0,0.0,0,0,0,0.2194285714285714,0.5338571428571428,Low,Medium,0,0,S0,General Buyers,2-Day Shipping,Paypal,1,1
3737,42,Mid-Age (35-49),Female,Clothing,Spring,Idaho,56.0,2,4,224.0,4.6,0,0,0,0.0,0,1,1,0.188828331332533,0.5386020408163266,Low,Medium,0,0,S0,General Buyers,Store Pickup,Paypal,0,1
3738,19,Teen (18-24),Female,Accessories,Winter,Kentucky,23.0,43,26,598.0,4.9,0,0,0,0.0,0,1,1,0.5716918767507003,0.6214107142857143,High,High,0,1,S0,General Buyers,Free Shipping,Paypal,0,1
3739,34,Young Adult (25-34),Female,Clothing,Spring,Delaware,45.0,48,26,1170.0,2.7,0,0,0,0.0,0,0,0,0.4263041216486594,0.6111709183673469,Medium,High,0,1,S0,General Buyers,Free Shipping,Cash,0,0
3740,38,Mid-Age (35-49),Female,Accessories,Fall,Idaho,31.0,43,52,1612.0,4.2,0,0,0,0.0,0,1,0,0.6431428571428571,0.6144107142857143,High,High,0,1,S0,General Buyers,Free Shipping,Credit Card,0,1
3741,42,Mid-Age (35-49),Female,Clothing,Summer,Virginia,96.0,26,26,2496.0,2.6,0,0,0,0.0,0,0,0,0.2836102440976391,0.7160510204081633,Low,High,1,0,S1,High-Value Loyal,Store Pickup,Debit Card,0,1
3742,58,Senior (50-70),Female,Clothing,Spring,Arizona,96.0,26,26,2496.0,3.2,0,0,0,0.0,0,0,0,0.331610244097639,0.7520510204081633,Medium,High,1,0,S1,High-Value Loyal,2-Day Shipping,Debit Card,1,1
3743,56,Senior (50-70),Female,Clothing,Fall,Maryland,80.0,50,26,2080.0,4.4,0,0,0,0.0,0,1,0,0.5745490196078431,0.8765,High,High,0,1,S0,General Buyers,Standard,Credit Card,0,1
3744,62,Senior (50-70),Female,Clothing,Fall,Idaho,28.0,36,4,112.0,3.6,0,0,0,0.0,0,0,0,0.3169915966386555,0.5295714285714286,Medium,Medium,0,0,S0,General Buyers,Free Shipping,Debit Card,0,1
3745,24,Teen (18-24),Female,Clothing,Summer,New Jersey,51.0,26,26,1326.0,2.7,0,0,0,0.0,0,0,0,0.2916102440976391,0.5251760204081632,Low,Medium,0,0,S0,General Buyers,Next Day Air,Bank Transfer,1,0
3746,60,Senior (50-70),Female,Clothing,Spring,Washington,41.0,2,12,492.0,4.3,0,0,0,0.0,0,1,0,0.2040440176070428,0.4549770408163265,Low,Medium,0,0,S0,General Buyers,Express,Debit Card,1,1
3747,53,Senior (50-70),Female,Outerwear,Summer,Idaho,99.0,49,12,1188.0,2.6,0,0,0,0.0,0,0,0,0.3557991196478591,0.8465229591836735,Medium,High,1,1,S1,High-Value Loyal,Next Day Air,Paypal,1,1
3748,26,Young Adult (25-34),Female,Clothing,Spring,Rhode Island,53.0,32,26,1378.0,4.3,0,0,0,0.0,0,1,0,0.45634493797519,0.6605382653061224,Medium,High,0,0,S0,General Buyers,Store Pickup,Bank Transfer,0,0
3749,34,Young Adult (25-34),Female,Accessories,Fall,Delaware,25.0,3,1,25.0,3.9,0,0,0,0.0,0,0,0,0.1242448979591836,0.366079081632653,Low,Low,0,0,S5,Low-Value Occasional,2-Day Shipping,Venmo,1,1
3750,24,Teen (18-24),Female,Clothing,Winter,Alaska,95.0,38,4,380.0,2.9,0,0,0,0.0,0,0,0,0.2732364945978391,0.7909005102040816,Low,High,1,1,S1,High-Value Loyal,2-Day Shipping,Venmo,1,1
3751,42,Mid-Age (35-49),Female,Clothing,Fall,Arizona,88.0,5,12,1056.0,3.1,0,0,0,0.0,0,0,0,0.1264113645458183,0.6039081632653062,Low,High,1,0,S1,High-Value Loyal,Free Shipping,Paypal,0,1
3752,36,Mid-Age (35-49),Female,Accessories,Fall,Alabama,97.0,8,4,388.0,4.2,0,0,0,0.0,0,1,0,0.193563025210084,0.7245892857142856,Low,High,1,0,S1,High-Value Loyal,Free Shipping,Credit Card,0,1
3753,24,Teen (18-24),Female,Outerwear,Winter,Washington,81.0,43,52,4212.0,4.1,0,0,0,0.0,0,1,0,0.6351428571428571,0.8271607142857142,High,High,1,1,S1,High-Value Loyal,2-Day Shipping,Venmo,1,1
3754,39,Mid-Age (35-49),Female,Accessories,Winter,Louisiana,26.0,22,26,676.0,4.2,0,0,0,0.0,0,1,0,0.3871204481792717,0.4853928571428572,Medium,Medium,0,0,S0,General Buyers,Next Day Air,Bank Transfer,1,0
3755,46,Mid-Age (35-49),Female,Footwear,Summer,Nebraska,41.0,10,4,164.0,4.4,0,0,0,0.0,0,1,0,0.2218079231692677,0.5017933673469388,Low,Medium,0,0,S0,General Buyers,Express,Cash,1,0
3756,64,Senior (50-70),Female,Clothing,Fall,Pennsylvania,93.0,26,12,1116.0,3.4,0,0,0,0.0,0,0,0,0.2789827931172469,0.7509260204081633,Low,High,1,0,S1,High-Value Loyal,Free Shipping,Credit Card,0,1
3757,64,Senior (50-70),Female,Clothing,Spring,South Carolina,69.0,42,26,1794.0,4.8,0,0,0,0.0,0,1,1,0.5575694277711085,0.8115586734693878,High,High,0,1,S0,General Buyers,Express,Debit Card,1,1
3758,61,Senior (50-70),Female,Clothing,Fall,California,44.0,33,52,2288.0,4.5,0,0,0,0.0,0,1,1,0.6059183673469388,0.6382653061224489,High,High,0,0,S0,General Buyers,2-Day Shipping,Cash,1,0
3759,61,Senior (50-70),Female,Footwear,Spring,Indiana,54.0,23,4,216.0,2.7,0,0,0,0.0,0,0,0,0.1653997599039616,0.5229948979591836,Low,Medium,0,0,S0,General Buyers,Store Pickup,Bank Transfer,0,0
3760,44,Mid-Age (35-49),Female,Footwear,Spring,Missouri,61.0,30,4,244.0,3.5,0,0,0,0.0,0,0,0,0.2722569027611045,0.6373341836734694,Low,High,0,0,S0,General Buyers,Store Pickup,Venmo,0,1
3761,65,Senior (50-70),Female,Clothing,Fall,Connecticut,80.0,36,52,4160.0,3.1,0,0,0,0.0,0,0,0,0.5122857142857143,0.7270714285714286,High,High,0,0,S0,General Buyers,Next Day Air,Paypal,1,1
3762,60,Senior (50-70),Female,Accessories,Summer,Nevada,30.0,3,4,120.0,2.8,0,0,0,0.0,0,0,0,0.0509507803121248,0.321954081632653,Low,Low,0,0,S5,Low-Value Occasional,Next Day Air,Venmo,1,1
3763,65,Senior (50-70),Female,Clothing,Fall,New York,94.0,13,1,94.0,2.9,0,0,0,0.0,0,0,0,0.105469387755102,0.6589744897959184,Low,High,1,0,S1,High-Value Loyal,Store Pickup,Paypal,0,1
3764,27,Young Adult (25-34),Female,Clothing,Winter,Oklahoma,24.0,38,4,96.0,4.5,0,0,0,0.0,0,1,1,0.4012364945978391,0.5762755102040816,Medium,Medium,0,1,S0,General Buyers,Standard,Cash,0,0
3765,36,Mid-Age (35-49),Female,Clothing,Fall,South Dakota,21.0,19,12,252.0,3.5,0,0,0,0.0,0,0,0,0.244125650260104,0.4062117346938775,Low,Low,0,0,S0,General Buyers,Next Day Air,Venmo,1,1
3766,22,Teen (18-24),Female,Accessories,Summer,Missouri,52.0,14,26,1352.0,4.3,0,0,0,0.0,0,1,0,0.346140856342537,0.5643265306122449,Medium,Medium,0,0,S0,General Buyers,Standard,Bank Transfer,0,0
3767,62,Senior (50-70),Female,Accessories,Fall,Texas,59.0,43,1,59.0,4.9,0,0,0,0.0,0,1,1,0.4491428571428572,0.7789107142857142,Medium,High,0,1,S0,General Buyers,Next Day Air,Debit Card,1,1
3768,59,Senior (50-70),Female,Clothing,Summer,New York,51.0,10,26,1326.0,3.1,0,0,0,0.0,0,0,0,0.2256510604241696,0.4675433673469388,Low,Medium,0,0,S0,General Buyers,Free Shipping,Bank Transfer,0,0
3769,50,Senior (50-70),Female,Clothing,Winter,Vermont,35.0,34,4,140.0,4.0,0,0,0,0.0,0,1,0,0.3367466986794717,0.5739923469387754,Medium,Medium,0,0,S0,General Buyers,Free Shipping,Bank Transfer,0,0
3770,51,Senior (50-70),Female,Accessories,Summer,Arizona,87.0,31,1,87.0,3.6,0,0,0,0.0,0,0,0,0.2716734693877551,0.7621862244897959,Low,High,1,0,S1,High-Value Loyal,Standard,Venmo,0,1
3771,23,Teen (18-24),Female,Clothing,Summer,Montana,42.0,34,52,2184.0,4.0,0,0,0,0.0,0,1,0,0.5720408163265306,0.6046173469387754,High,High,0,0,S0,General Buyers,Store Pickup,Bank Transfer,0,0
3772,21,Teen (18-24),Female,Clothing,Winter,Oklahoma,86.0,28,26,2236.0,2.6,0,0,0,0.0,0,0,0,0.2958551420568227,0.6825051020408163,Low,High,1,0,S1,High-Value Loyal,Express,Venmo,1,1
3773,44,Mid-Age (35-49),Female,Clothing,Fall,New Hampshire,26.0,35,1,26.0,3.1,0,0,0,0.0,0,0,0,0.2561632653061224,0.485719387755102,Low,Medium,0,0,S0,General Buyers,Next Day Air,Cash,1,0
3774,25,Young Adult (25-34),Female,Clothing,Summer,Wisconsin,60.0,41,4,240.0,3.5,0,0,0,0.0,0,0,0,0.3396038415366146,0.6890816326530613,Medium,High,0,1,S0,General Buyers,Store Pickup,Cash,0,0
3775,57,Senior (50-70),Female,Accessories,Winter,Alaska,83.0,48,26,2158.0,3.9,0,0,0,0.0,0,0,0,0.5223041216486595,0.8494209183673468,High,High,1,1,S1,High-Value Loyal,Standard,Paypal,0,1
3776,41,Mid-Age (35-49),Female,Accessories,Spring,South Dakota,63.0,45,4,252.0,2.7,0,0,0,0.0,0,0,0,0.300093637454982,0.6746147959183674,Low,High,0,1,S0,General Buyers,2-Day Shipping,Cash,1,0
3777,19,Teen (18-24),Female,Footwear,Spring,Alaska,25.0,10,26,650.0,4.1,0,0,0,0.0,0,1,0,0.3056510604241697,0.4137933673469387,Medium,Low,0,0,S5,Low-Value Occasional,Standard,Credit Card,0,1
3778,43,Mid-Age (35-49),Female,Clothing,Fall,Utah,65.0,9,52,3380.0,4.3,0,0,0,0.0,0,1,0,0.4429795918367346,0.5956913265306122,Medium,Medium,0,0,S0,General Buyers,Express,Cash,1,0
3779,25,Young Adult (25-34),Female,Footwear,Fall,South Dakota,60.0,30,1,60.0,2.9,0,0,0,0.0,0,0,0,0.2095510204081632,0.5969591836734693,Low,Medium,0,0,S0,General Buyers,Free Shipping,Debit Card,0,1
3780,60,Senior (50-70),Female,Clothing,Spring,California,75.0,45,1,75.0,4.0,0,0,0,0.0,0,1,0,0.3893877551020408,0.8051147959183673,Medium,High,0,1,S0,General Buyers,Express,Paypal,1,1
3781,54,Senior (50-70),Female,Footwear,Fall,Mississippi,57.0,41,4,228.0,4.1,0,0,0,0.0,0,1,0,0.3876038415366146,0.7119566326530612,Medium,High,0,1,S0,General Buyers,Free Shipping,Venmo,0,1
3782,52,Senior (50-70),Female,Footwear,Winter,Tennessee,99.0,40,26,2574.0,3.7,0,0,0,0.0,0,0,0,0.4573245298119248,0.8666045918367347,Medium,High,1,1,S1,High-Value Loyal,Standard,Paypal,0,1
3783,40,Mid-Age (35-49),Female,Outerwear,Spring,Alabama,45.0,42,26,1170.0,2.8,0,0,0,0.0,0,0,0,0.3975694277711084,0.5865586734693877,Medium,Medium,0,1,S0,General Buyers,Free Shipping,Paypal,0,1
3784,39,Mid-Age (35-49),Female,Accessories,Summer,Maine,66.0,17,26,1716.0,3.2,0,0,0,0.0,0,0,0,0.2765082032813125,0.5748826530612245,Low,Medium,0,0,S0,General Buyers,Free Shipping,Debit Card,0,1
3785,54,Senior (50-70),Female,Clothing,Winter,Virginia,53.0,4,1,53.0,4.5,0,0,0,0.0,0,1,1,0.1783673469387755,0.5296811224489796,Low,Medium,0,0,S0,General Buyers,Next Day Air,Venmo,1,1
3786,64,Senior (50-70),Female,Clothing,Winter,New Hampshire,94.0,6,12,1128.0,3.8,0,0,0,0.0,0,0,0,0.1885338135254101,0.6772602040816326,Low,High,1,0,S1,High-Value Loyal,Standard,Cash,0,0
3787,31,Young Adult (25-34),Female,Footwear,Fall,Tennessee,47.0,22,52,2444.0,3.6,0,0,0,0.0,0,0,0,0.4665714285714286,0.5412678571428571,High,Medium,0,0,S0,General Buyers,2-Day Shipping,Venmo,1,1
3788,37,Mid-Age (35-49),Female,Clothing,Fall,New York,80.0,46,4,320.0,3.6,0,0,0,0.0,0,0,0,0.3782160864345738,0.8080918367346939,Medium,High,0,1,S0,General Buyers,2-Day Shipping,Paypal,1,1
3789,43,Mid-Age (35-49),Female,Accessories,Spring,Kansas,65.0,27,12,780.0,3.2,0,0,0,0.0,0,0,0,0.2691052420968387,0.6215280612244898,Low,High,0,0,S0,General Buyers,Next Day Air,Debit Card,1,1
3790,56,Senior (50-70),Female,Clothing,Summer,North Dakota,75.0,18,4,300.0,3.8,0,0,0,0.0,0,0,0,0.2227875150060023,0.6553596938775509,Low,High,0,0,S0,General Buyers,Express,Bank Transfer,1,0
3791,27,Young Adult (25-34),Female,Accessories,Summer,Alaska,45.0,31,52,2340.0,4.4,0,0,0,0.0,0,1,0,0.5856734693877551,0.626436224489796,High,High,0,0,S0,General Buyers,Standard,Credit Card,0,1
3792,40,Mid-Age (35-49),Female,Accessories,Spring,Texas,51.0,1,52,2652.0,3.7,0,0,0,0.0,0,0,0,0.346,0.457625,Medium,Medium,0,0,S0,General Buyers,Store Pickup,Venmo,0,1
3793,43,Mid-Age (35-49),Female,Accessories,Summer,Massachusetts,58.0,2,26,1508.0,2.6,0,0,0,0.0,0,0,0,0.1366714685874349,0.4273520408163265,Low,Low,0,0,S0,General Buyers,Express,Paypal,1,1
3794,62,Senior (50-70),Female,Accessories,Fall,Delaware,20.0,46,1,20.0,4.0,0,0,0,0.0,0,1,0,0.3955102040816326,0.5695918367346938,Medium,Medium,0,1,S0,General Buyers,Standard,Bank Transfer,0,0
3795,44,Mid-Age (35-49),Female,Accessories,Summer,South Dakota,82.0,27,52,4264.0,3.6,0,0,0,0.0,0,0,0,0.4971836734693878,0.7199030612244899,High,High,1,0,S1,High-Value Loyal,2-Day Shipping,Venmo,1,1
3796,45,Mid-Age (35-49),Female,Accessories,Spring,Arkansas,92.0,3,52,4784.0,2.5,0,0,0,0.0,0,0,0,0.2622448979591836,0.5752040816326531,Low,Medium,1,0,S0,General Buyers,Express,Cash,1,0
3797,40,Mid-Age (35-49),Female,Clothing,Fall,Utah,81.0,47,4,324.0,3.2,0,0,0,0.0,0,0,0,0.3523385354141657,0.7935688775510205,Medium,High,1,1,S1,High-Value Loyal,Free Shipping,Bank Transfer,0,0
3798,68,Senior (50-70),Female,Accessories,Summer,California,44.0,20,4,176.0,2.5,0,0,0,0.0,0,0,0,0.131032412965186,0.451938775510204,Low,Medium,0,0,S0,General Buyers,Next Day Air,Cash,1,0
3799,63,Senior (50-70),Female,Accessories,Winter,Rhode Island,72.0,23,1,72.0,3.2,0,0,0,0.0,0,0,0,0.1906938775510204,0.6317448979591838,Low,High,0,0,S0,General Buyers,Next Day Air,Credit Card,1,1
3800,60,Senior (50-70),Female,Outerwear,Winter,Oklahoma,26.0,13,12,312.0,2.6,0,0,0,0.0,0,0,0,0.135390956382553,0.3434744897959184,Low,Low,0,0,S5,Low-Value Occasional,Store Pickup,Credit Card,0,1
3801,19,Teen (18-24),Female,Clothing,Fall,Vermont,26.0,12,26,676.0,4.8,0,0,0,0.0,0,1,1,0.3738959583833533,0.4703724489795918,Medium,Medium,0,0,S5,Low-Value Occasional,Next Day Air,Venmo,1,1
3802,26,Young Adult (25-34),Female,Clothing,Spring,Kentucky,84.0,36,26,2184.0,5.0,0,0,0,0.0,0,1,1,0.5368347338935574,0.8585714285714285,High,High,1,0,S1,High-Value Loyal,Store Pickup,Paypal,0,1
3803,70,Senior (50-70),Female,Accessories,Spring,Illinois,72.0,1,12,864.0,3.2,0,0,0,0.0,0,0,0,0.109921568627451,0.5195,Low,Medium,0,0,S0,General Buyers,2-Day Shipping,Bank Transfer,1,0
3804,48,Mid-Age (35-49),Female,Accessories,Spring,Connecticut,55.0,14,52,2860.0,3.6,0,0,0,0.0,0,0,0,0.4175918367346939,0.5354515306122449,Medium,Medium,0,0,S0,General Buyers,Standard,Debit Card,0,1
3805,37,Mid-Age (35-49),Female,Accessories,Fall,Florida,77.0,45,1,77.0,2.7,0,0,0,0.0,0,0,0,0.2853877551020408,0.7358647959183673,Low,High,0,1,S0,General Buyers,2-Day Shipping,Cash,1,0
3806,48,Mid-Age (35-49),Female,Accessories,Fall,New Jersey,57.0,31,4,228.0,3.1,0,0,0,0.0,0,0,0,0.2463793517406963,0.600936224489796,Low,High,0,0,S0,General Buyers,Standard,Credit Card,0,1
3807,18,Teen (18-24),Female,Footwear,Spring,Missouri,71.0,41,52,3692.0,3.0,0,0,0,0.0,0,0,0,0.5348979591836734,0.7072066326530613,High,High,0,1,S0,General Buyers,Standard,Paypal,0,1
3808,38,Mid-Age (35-49),Female,Clothing,Spring,Michigan,39.0,36,1,39.0,2.9,0,0,0,0.0,0,0,0,0.2462857142857142,0.5356964285714285,Low,Medium,0,0,S0,General Buyers,Next Day Air,Paypal,1,1
3809,33,Young Adult (25-34),Female,Clothing,Winter,Washington,28.0,6,26,728.0,4.7,0,0,0,0.0,0,1,1,0.3291612645058023,0.4425102040816326,Medium,Medium,0,0,S5,Low-Value Occasional,Express,Debit Card,1,1
3810,57,Senior (50-70),Female,Footwear,Winter,New York,33.0,28,1,33.0,3.7,0,0,0,0.0,0,0,0,0.2613061224489796,0.5166301020408164,Low,Medium,0,0,S0,General Buyers,Standard,Credit Card,0,1
3811,46,Mid-Age (35-49),Female,Clothing,Fall,Wisconsin,79.0,29,12,948.0,3.9,0,0,0,0.0,0,0,0,0.3373501400560224,0.7349821428571428,Medium,High,0,0,S0,General Buyers,Free Shipping,Venmo,0,1
3812,46,Mid-Age (35-49),Female,Accessories,Winter,Idaho,30.0,14,12,360.0,4.0,0,0,0,0.0,0,1,0,0.2535134053621448,0.4500765306122448,Low,Medium,0,0,S0,General Buyers,Standard,Cash,0,0
3813,50,Senior (50-70),Female,Clothing,Spring,Michigan,75.0,7,4,300.0,2.8,0,0,0,0.0,0,0,0,0.0754405762304921,0.5392372448979592,Low,Medium,0,0,S0,General Buyers,Next Day Air,Bank Transfer,1,0
3814,61,Senior (50-70),Female,Clothing,Summer,Georgia,89.0,31,26,2314.0,4.1,0,0,0,0.0,0,1,0,0.4342224889955982,0.8009362244897958,Medium,High,1,0,S1,High-Value Loyal,Express,Venmo,1,1
3815,45,Mid-Age (35-49),Female,Clothing,Winter,Michigan,95.0,26,4,380.0,4.2,0,0,0,0.0,0,1,0,0.3037671068427371,0.8076760204081632,Medium,High,1,0,S1,High-Value Loyal,Free Shipping,Bank Transfer,0,0
3816,32,Young Adult (25-34),Female,Accessories,Fall,Maine,44.0,12,26,1144.0,4.3,0,0,0,0.0,0,1,0,0.3338959583833533,0.5191224489795918,Medium,Medium,0,0,S0,General Buyers,Express,Venmo,1,1
3817,29,Young Adult (25-34),Female,Outerwear,Summer,Maryland,86.0,45,26,2236.0,4.3,0,0,0,0.0,0,1,0,0.535936774709884,0.8712397959183673,High,High,1,1,S1,High-Value Loyal,Store Pickup,Credit Card,0,1
3818,66,Senior (50-70),Female,Accessories,Fall,Missouri,91.0,40,1,91.0,2.6,0,0,0,0.0,0,0,0,0.2467755102040816,0.7656045918367347,Low,High,1,1,S1,High-Value Loyal,Express,Paypal,1,1
3819,70,Senior (50-70),Female,Footwear,Winter,Oregon,41.0,42,12,492.0,3.8,0,0,0,0.0,0,0,0,0.4089419767907163,0.6290586734693877,Medium,High,0,1,S0,General Buyers,Free Shipping,Cash,0,0
3820,36,Mid-Age (35-49),Female,Clothing,Spring,Arkansas,99.0,45,4,396.0,2.9,0,0,0,0.0,0,0,0,0.316093637454982,0.8441147959183674,Medium,High,1,1,S1,High-Value Loyal,Express,Cash,1,0
3821,34,Young Adult (25-34),Female,Accessories,Winter,New Hampshire,65.0,34,4,260.0,5.0,0,0,0,0.0,0,1,1,0.4167466986794718,0.7652423469387756,Medium,High,0,0,S0,General Buyers,Standard,Debit Card,0,1
3822,20,Teen (18-24),Female,Footwear,Summer,Oregon,48.0,34,4,192.0,4.6,0,0,0,0.0,0,1,1,0.3847466986794717,0.6668673469387755,Medium,High,0,0,S0,General Buyers,Free Shipping,Credit Card,0,1
3823,70,Senior (50-70),Female,Accessories,Spring,Kansas,41.0,17,4,164.0,3.2,0,0,0,0.0,0,0,0,0.1686650660264105,0.4655076530612245,Low,Medium,0,0,S0,General Buyers,Free Shipping,Paypal,0,1
3824,50,Senior (50-70),Female,Clothing,Summer,California,42.0,27,52,2184.0,3.0,0,0,0,0.0,0,0,0,0.4491836734693878,0.5089030612244898,Medium,Medium,0,0,S0,General Buyers,Standard,Bank Transfer,0,0
3825,54,Senior (50-70),Female,Clothing,Summer,Georgia,26.0,31,4,104.0,4.0,0,0,0,0.0,0,1,0,0.3183793517406963,0.5193112244897959,Medium,Medium,0,0,S0,General Buyers,Free Shipping,Credit Card,0,1
3826,49,Mid-Age (35-49),Female,Clothing,Fall,Hawaii,35.0,47,26,910.0,4.1,0,0,0,0.0,0,1,0,0.5321816726690676,0.6463188775510204,High,High,0,1,S0,General Buyers,Express,Debit Card,1,1
3827,50,Senior (50-70),Female,Outerwear,Summer,Montana,31.0,25,1,31.0,4.0,0,0,0,0.0,0,1,0,0.266938775510204,0.5105739795918367,Low,Medium,0,0,S0,General Buyers,Express,Bank Transfer,1,0
3828,62,Senior (50-70),Female,Accessories,Summer,Montana,73.0,47,26,1898.0,4.1,0,0,0,0.0,0,1,0,0.5321816726690676,0.8125688775510204,High,High,0,1,S0,General Buyers,Standard,Cash,0,0
3829,42,Mid-Age (35-49),Female,Clothing,Spring,Mississippi,82.0,8,52,4264.0,3.4,0,0,0,0.0,0,0,0,0.3648571428571429,0.6109642857142857,Medium,High,1,0,S1,High-Value Loyal,Free Shipping,Cash,0,0
3830,69,Senior (50-70),Female,Clothing,Spring,Washington,32.0,32,26,832.0,2.9,0,0,0,0.0,0,0,0,0.34434493797519,0.4846632653061224,Medium,Medium,0,0,S0,General Buyers,Free Shipping,Debit Card,0,1
3831,22,Teen (18-24),Female,Accessories,Summer,Pennsylvania,27.0,33,4,108.0,3.0,0,0,0,0.0,0,0,0,0.2506242496998799,0.473890306122449,Low,Medium,0,0,S0,General Buyers,2-Day Shipping,Bank Transfer,1,0
3832,36,Mid-Age (35-49),Female,Accessories,Spring,Nevada,86.0,16,4,344.0,4.0,0,0,0,0.0,0,1,0,0.2265426170468187,0.7052806122448979,Low,High,1,0,S1,High-Value Loyal,Next Day Air,Debit Card,1,1
3833,64,Senior (50-70),Female,Footwear,Winter,Kansas,38.0,27,52,1976.0,4.8,0,0,0,0.0,0,1,1,0.5931836734693878,0.5994030612244898,High,High,0,0,S0,General Buyers,2-Day Shipping,Cash,1,0
3834,44,Mid-Age (35-49),Female,Outerwear,Summer,Arizona,93.0,17,4,372.0,4.6,0,0,0,0.0,0,1,1,0.2806650660264105,0.7770076530612244,Low,High,1,0,S1,High-Value Loyal,Free Shipping,Paypal,0,1
3835,43,Mid-Age (35-49),Female,Clothing,Winter,Tennessee,59.0,17,4,236.0,4.1,0,0,0,0.0,0,1,0,0.2406650660264105,0.5982576530612245,Low,Medium,0,0,S0,General Buyers,2-Day Shipping,Cash,1,0
3836,58,Senior (50-70),Female,Footwear,Winter,Pennsylvania,58.0,28,26,1508.0,2.6,0,0,0,0.0,0,0,0,0.2958551420568227,0.5600051020408163,Low,Medium,0,0,S0,General Buyers,Express,Paypal,1,1
3837,62,Senior (50-70),Female,Clothing,Spring,Alaska,84.0,38,26,2184.0,2.5,0,0,0,0.0,0,0,0,0.349079631852741,0.7187755102040816,Medium,High,1,1,S1,High-Value Loyal,Free Shipping,Paypal,0,1
3838,45,Mid-Age (35-49),Female,Clothing,Spring,New Mexico,100.0,33,26,2600.0,4.8,0,0,0,0.0,0,1,1,0.5024673869547819,0.9012653061224488,High,High,1,0,S1,High-Value Loyal,Free Shipping,Bank Transfer,0,0
3839,47,Mid-Age (35-49),Female,Clothing,Summer,Rhode Island,25.0,24,4,100.0,4.2,0,0,0,0.0,0,1,0,0.2915222088835534,0.4912219387755102,Low,Medium,0,0,S0,General Buyers,Express,Venmo,1,1
3840,66,Senior (50-70),Female,Footwear,Spring,Connecticut,29.0,14,4,116.0,3.9,0,0,0,0.0,0,0,0,0.206297719087635,0.4397015306122449,Low,Medium,0,0,S0,General Buyers,Free Shipping,Venmo,0,1
3841,30,Young Adult (25-34),Female,Clothing,Spring,Idaho,42.0,5,26,1092.0,3.7,0,0,0,0.0,0,0,0,0.2430388155262105,0.4386581632653061,Low,Medium,0,0,S0,General Buyers,Express,Venmo,1,1
3842,68,Senior (50-70),Female,Clothing,Fall,Mississippi,57.0,8,12,684.0,4.2,0,0,0,0.0,0,1,0,0.2327787114845938,0.5495892857142857,Low,Medium,0,0,S0,General Buyers,2-Day Shipping,Bank Transfer,1,0
3843,35,Mid-Age (35-49),Female,Outerwear,Winter,Colorado,84.0,42,12,1008.0,4.2,0,0,0,0.0,0,1,0,0.4409419767907163,0.8411836734693877,Medium,High,1,1,S1,High-Value Loyal,Next Day Air,Debit Card,1,1
3844,64,Senior (50-70),Female,Accessories,Winter,Georgia,71.0,48,4,284.0,4.0,0,0,0,0.0,0,1,0,0.4224609843937574,0.8029209183673468,Medium,High,0,1,S0,General Buyers,Free Shipping,Venmo,0,1
3845,30,Young Adult (25-34),Female,Clothing,Fall,Montana,87.0,40,4,348.0,5.0,0,0,0,0.0,0,1,1,0.4534813925570228,0.8921045918367346,Medium,High,1,1,S1,High-Value Loyal,Next Day Air,Venmo,1,1
3846,58,Senior (50-70),Female,Clothing,Winter,California,52.0,46,1,52.0,4.9,0,0,0,0.0,0,1,1,0.4675102040816327,0.7635918367346939,High,High,0,1,S0,General Buyers,Standard,Venmo,0,1
3847,57,Senior (50-70),Female,Clothing,Summer,Pennsylvania,58.0,40,4,232.0,4.0,0,0,0,0.0,0,1,0,0.3734813925570228,0.7052295918367346,Medium,High,0,1,S0,General Buyers,Express,Paypal,1,1
3848,60,Senior (50-70),Female,Clothing,Fall,Delaware,34.0,31,26,884.0,3.2,0,0,0,0.0,0,0,0,0.3622224889955983,0.5063112244897959,Medium,Medium,0,0,S0,General Buyers,2-Day Shipping,Paypal,1,1
3849,22,Teen (18-24),Female,Accessories,Winter,New Hampshire,60.0,39,4,240.0,3.0,0,0,0,0.0,0,0,0,0.2873589435774309,0.6488775510204081,Low,High,0,1,S0,General Buyers,Next Day Air,Cash,1,0
3850,46,Mid-Age (35-49),Female,Clothing,Winter,Florida,68.0,36,26,1768.0,2.6,0,0,0,0.0,0,0,0,0.3448347338935574,0.6445714285714286,Medium,High,0,0,S0,General Buyers,Express,Paypal,1,1
3851,27,Young Adult (25-34),Female,Accessories,Summer,Mississippi,74.0,25,4,296.0,4.4,0,0,0,0.0,0,1,0,0.3136446578631452,0.7226989795918367,Medium,High,0,0,S0,General Buyers,2-Day Shipping,Debit Card,1,1
3852,50,Senior (50-70),Female,Accessories,Summer,Montana,83.0,24,1,83.0,3.9,0,0,0,0.0,0,0,0,0.2528163265306122,0.7269719387755101,Low,High,1,0,S1,High-Value Loyal,Free Shipping,Debit Card,0,1
3853,65,Senior (50-70),Female,Accessories,Fall,Mississippi,79.0,19,52,4108.0,4.0,0,0,0,0.0,0,1,0,0.480204081632653,0.6899617346938774,High,High,0,0,S0,General Buyers,2-Day Shipping,Paypal,1,1
3854,61,Senior (50-70),Female,Accessories,Fall,Tennessee,76.0,49,26,1976.0,4.0,0,0,0,0.0,0,1,0,0.5364265706282513,0.8298979591836734,High,High,0,1,S0,General Buyers,Store Pickup,Debit Card,0,1
3855,57,Senior (50-70),Female,Clothing,Spring,Florida,20.0,4,1,20.0,4.2,0,0,0,0.0,0,1,0,0.1543673469387755,0.3673061224489796,Low,Low,0,0,S5,Low-Value Occasional,Free Shipping,Venmo,0,1
3856,40,Mid-Age (35-49),Female,Clothing,Summer,Illinois,61.0,36,4,244.0,4.4,0,0,0,0.0,0,1,0,0.3809915966386554,0.7219464285714285,Medium,High,0,0,S0,General Buyers,Next Day Air,Cash,1,0
3857,39,Mid-Age (35-49),Female,Footwear,Summer,Virginia,78.0,8,4,312.0,2.5,0,0,0,0.0,0,0,0,0.057563025210084,0.5394642857142857,Low,Medium,0,0,S0,General Buyers,Free Shipping,Debit Card,0,1
3858,42,Mid-Age (35-49),Female,Accessories,Summer,Texas,21.0,29,4,84.0,3.1,0,0,0,0.0,0,0,0,0.2341344537815126,0.4332321428571428,Low,Medium,0,0,S0,General Buyers,Store Pickup,Credit Card,0,1
3859,30,Young Adult (25-34),Female,Clothing,Winter,Missouri,77.0,26,4,308.0,3.5,0,0,0,0.0,0,0,0,0.2477671068427371,0.6869260204081633,Low,High,0,0,S0,General Buyers,Store Pickup,Credit Card,0,1
3860,65,Senior (50-70),Female,Clothing,Fall,Mississippi,88.0,47,26,2288.0,3.0,0,0,0,0.0,0,0,0,0.4441816726690676,0.8121938775510205,Medium,High,1,1,S1,High-Value Loyal,2-Day Shipping,Bank Transfer,1,0
3861,57,Senior (50-70),Female,Accessories,Summer,Pennsylvania,64.0,44,1,64.0,4.4,0,0,0,0.0,0,1,0,0.415265306122449,0.7758877551020408,Medium,High,0,1,S0,General Buyers,Next Day Air,Cash,1,0
3862,64,Senior (50-70),Female,Outerwear,Spring,Wyoming,57.0,49,12,684.0,4.9,0,0,0,0.0,0,1,1,0.5397991196478592,0.8007729591836735,High,High,0,1,S0,General Buyers,Standard,Credit Card,0,1
3863,56,Senior (50-70),Female,Clothing,Winter,Idaho,49.0,9,12,588.0,2.8,0,0,0,0.0,0,0,0,0.1269011604641856,0.4356913265306122,Low,Medium,0,0,S0,General Buyers,Next Day Air,Venmo,1,1
3864,40,Mid-Age (35-49),Female,Accessories,Summer,New Hampshire,35.0,28,26,910.0,3.3,0,0,0,0.0,0,0,0,0.3518551420568227,0.5013801020408163,Medium,Medium,0,0,S0,General Buyers,Free Shipping,Cash,0,0
3865,55,Senior (50-70),Female,Clothing,Winter,Wyoming,99.0,1,26,2574.0,4.9,0,0,0,0.0,0,1,1,0.3145490196078432,0.7396250000000001,Medium,High,1,0,S1,High-Value Loyal,Express,Debit Card,1,1
3866,25,Young Adult (25-34),Female,Clothing,Spring,Nebraska,42.0,28,4,168.0,4.2,0,0,0,0.0,0,1,0,0.3160120048019207,0.5860051020408164,Medium,Medium,0,0,S0,General Buyers,Store Pickup,Cash,0,0
3867,58,Senior (50-70),Female,Accessories,Winter,Alaska,32.0,33,26,832.0,3.3,0,0,0,0.0,0,0,0,0.3824673869547819,0.513765306122449,Medium,Medium,0,0,S0,General Buyers,2-Day Shipping,Credit Card,1,1
3868,46,Mid-Age (35-49),Female,Outerwear,Summer,Maryland,21.0,28,12,252.0,2.7,0,0,0,0.0,0,0,0,0.2352276910764305,0.4041301020408163,Low,Low,0,0,S0,General Buyers,Standard,Credit Card,0,1
3869,18,Teen (18-24),Female,Clothing,Winter,Maryland,29.0,9,1,29.0,3.3,0,0,0,0.0,0,0,0,0.1129795918367346,0.3781913265306122,Low,Low,0,0,S5,Low-Value Occasional,2-Day Shipping,Cash,1,0
3870,26,Young Adult (25-34),Female,Outerwear,Spring,Arizona,64.0,28,1,64.0,3.8,0,0,0,0.0,0,0,0,0.2693061224489795,0.6582551020408163,Low,High,0,0,S0,General Buyers,Free Shipping,Bank Transfer,0,0
3871,61,Senior (50-70),Female,Footwear,Fall,Ohio,46.0,19,4,184.0,3.2,0,0,0,0.0,0,0,0,0.1809099639855942,0.4975867346938776,Low,Medium,0,0,S0,General Buyers,Next Day Air,Cash,1,0
3872,55,Senior (50-70),Female,Clothing,Fall,Minnesota,97.0,20,4,388.0,4.1,0,0,0,0.0,0,1,0,0.259032412965186,0.779813775510204,Low,High,1,0,S1,High-Value Loyal,2-Day Shipping,Bank Transfer,1,0
3873,41,Mid-Age (35-49),Female,Outerwear,Spring,New Hampshire,94.0,3,12,1128.0,4.3,0,0,0,0.0,0,1,0,0.2101664665866346,0.691954081632653,Low,High,1,0,S1,High-Value Loyal,Standard,Cash,0,0
3874,42,Mid-Age (35-49),Female,Footwear,Summer,Louisiana,43.0,22,52,2236.0,4.0,0,0,0,0.0,0,1,0,0.4985714285714285,0.5477678571428571,High,Medium,0,0,S0,General Buyers,Standard,Credit Card,0,1
3875,70,Senior (50-70),Female,Clothing,Summer,Nevada,54.0,33,26,1404.0,3.9,0,0,0,0.0,0,0,0,0.4304673869547818,0.646015306122449,Medium,High,0,0,S0,General Buyers,2-Day Shipping,Credit Card,1,1
3876,63,Senior (50-70),Female,Accessories,Winter,New Hampshire,51.0,21,1,51.0,3.3,0,0,0,0.0,0,0,0,0.1864489795918367,0.5356658163265307,Low,Medium,0,0,S0,General Buyers,2-Day Shipping,Credit Card,1,1
3877,60,Senior (50-70),Female,Footwear,Fall,Wisconsin,85.0,7,1,85.0,2.6,0,0,0,0.0,0,0,0,0.044734693877551,0.5709872448979592,Low,Medium,1,0,S0,General Buyers,2-Day Shipping,Cash,1,0
3878,28,Young Adult (25-34),Female,Clothing,Spring,Nevada,96.0,46,12,1152.0,4.2,0,0,0,0.0,0,1,0,0.4654317727090836,0.914091836734694,High,High,1,1,S1,High-Value Loyal,Next Day Air,Debit Card,1,1
3879,60,Senior (50-70),Female,Accessories,Summer,South Carolina,42.0,24,1,42.0,3.4,0,0,0,0.0,0,0,0,0.2128163265306122,0.5175969387755103,Low,Medium,0,0,S0,General Buyers,2-Day Shipping,Credit Card,1,1
3880,26,Young Adult (25-34),Female,Clothing,Winter,Florida,63.0,6,4,252.0,4.1,0,0,0,0.0,0,1,0,0.1733181272509003,0.5596352040816326,Low,Medium,0,0,S0,General Buyers,Free Shipping,Debit Card,0,1
3881,42,Mid-Age (35-49),Female,Clothing,Winter,Massachusetts,20.0,40,12,240.0,3.9,0,0,0,0.0,0,0,0,0.4046970788315326,0.5329795918367347,Medium,Medium,0,1,S0,General Buyers,Free Shipping,Paypal,0,1
3882,56,Senior (50-70),Female,Accessories,Spring,Georgia,25.0,17,52,1300.0,2.8,0,0,0,0.0,0,0,0,0.3719591836734693,0.3715076530612244,Medium,Low,0,0,S0,General Buyers,2-Day Shipping,Debit Card,1,1
3883,35,Mid-Age (35-49),Female,Clothing,Fall,North Dakota,95.0,24,26,2470.0,2.6,0,0,0,0.0,0,0,0,0.2713653461384553,0.7014719387755102,Low,High,1,0,S1,High-Value Loyal,Free Shipping,Cash,0,0
3884,34,Young Adult (25-34),Female,Accessories,Fall,North Dakota,38.0,22,26,988.0,4.0,0,0,0,0.0,0,1,0,0.3711204481792717,0.5258928571428572,Medium,Medium,0,0,S0,General Buyers,Next Day Air,Cash,1,0
3885,47,Mid-Age (35-49),Female,Footwear,Fall,Maryland,29.0,3,52,1508.0,4.9,0,0,0,0.0,0,1,1,0.4542448979591837,0.4435790816326531,Medium,Medium,0,0,S5,Low-Value Occasional,Express,Paypal,1,1
3886,49,Mid-Age (35-49),Female,Clothing,Winter,New Mexico,64.0,39,4,256.0,3.2,0,0,0,0.0,0,0,0,0.303358943577431,0.6783775510204082,Medium,High,0,1,S0,General Buyers,Free Shipping,Cash,0,0
3887,37,Mid-Age (35-49),Female,Accessories,Summer,Iowa,92.0,40,4,368.0,3.9,0,0,0,0.0,0,0,0,0.3654813925570228,0.8479795918367347,Medium,High,1,1,S1,High-Value Loyal,Express,Debit Card,1,1
3888,40,Mid-Age (35-49),Female,Clothing,Spring,Kansas,34.0,1,4,136.0,2.7,0,0,0,0.0,0,0,0,0.0307058823529411,0.32325,Low,Low,0,0,S5,Low-Value Occasional,Express,Credit Card,1,1
3889,45,Mid-Age (35-49),Female,Footwear,Spring,Virginia,69.0,14,26,1794.0,3.4,0,0,0,0.0,0,0,0,0.274140856342537,0.584701530612245,Low,Medium,0,0,S0,General Buyers,Standard,Venmo,0,1
3890,57,Senior (50-70),Female,Clothing,Spring,Alaska,65.0,49,1,65.0,3.5,0,0,0,0.0,0,0,0,0.3738775510204081,0.7517729591836735,Medium,High,0,1,S0,General Buyers,Express,Bank Transfer,1,0
3891,35,Mid-Age (35-49),Female,Clothing,Winter,Nebraska,81.0,33,1,81.0,2.6,0,0,0,0.0,0,0,0,0.2039183673469387,0.6861403061224489,Low,High,1,0,S1,High-Value Loyal,Standard,Debit Card,0,1
3892,36,Mid-Age (35-49),Female,Clothing,Winter,Colorado,30.0,6,4,120.0,4.7,0,0,0,0.0,0,1,1,0.2213181272509004,0.4512602040816326,Low,Medium,0,0,S5,Low-Value Occasional,Free Shipping,Bank Transfer,0,0
3893,35,Mid-Age (35-49),Female,Accessories,Summer,Michigan,86.0,5,26,2236.0,3.5,0,0,0,0.0,0,0,0,0.2270388155262105,0.619158163265306,Low,High,1,0,S1,High-Value Loyal,Standard,Paypal,0,1
3894,21,Teen (18-24),Female,Accessories,Fall,Massachusetts,64.0,29,26,1664.0,3.3,0,0,0,0.0,0,0,0,0.3579775910364145,0.633357142857143,Medium,High,0,0,S0,General Buyers,Store Pickup,Bank Transfer,0,0
3895,66,Senior (50-70),Female,Clothing,Spring,Connecticut,78.0,44,4,312.0,3.9,0,0,0,0.0,0,0,0,0.3899711884753901,0.8071377551020408,Medium,High,0,1,S0,General Buyers,2-Day Shipping,Credit Card,1,1
3896,40,Mid-Age (35-49),Female,Clothing,Summer,Virginia,28.0,32,52,1456.0,4.2,0,0,0,0.0,0,1,0,0.5757959183673469,0.5451632653061225,High,Medium,0,0,S0,General Buyers,2-Day Shipping,Venmo,1,1
3897,52,Senior (50-70),Female,Accessories,Spring,Iowa,49.0,41,26,1274.0,4.5,0,0,0,0.0,0,1,1,0.5274469787915166,0.7009566326530612,High,High,0,1,S0,General Buyers,Store Pickup,Bank Transfer,0,0
3898,46,Mid-Age (35-49),Female,Accessories,Spring,New Jersey,33.0,24,4,132.0,2.9,0,0,0,0.0,0,0,0,0.1875222088835534,0.4482219387755102,Low,Medium,0,0,S0,General Buyers,Standard,Venmo,0,1
3899,44,Mid-Age (35-49),Female,Footwear,Summer,Minnesota,77.0,24,52,4004.0,3.8,0,0,0,0.0,0,0,0,0.4948163265306122,0.6947219387755101,High,High,0,0,S0,General Buyers,Express,Venmo,1,1
3900,52,Senior (50-70),Female,Accessories,Spring,California,81.0,33,4,324.0,3.1,0,0,0,0.0,0,0,0,0.2586242496998799,0.7161403061224489,Low,High,1,0,S1,High-Value Loyal,Store Pickup,Venmo,0,1
